435897
291256
102273
-102280
-291261
-435900
-514176
-514173
-435891
-291248
-102265
102287
291266
435902
514176
514171
435887
291242
102258
-102294
-291273
-435907
-514178
-514169
-435882
-291235
-102250
102302
291279
435911
514179
514167
435877
291228
102242
-102310
-291286
-435915
-514180
-514165
-435872
-291221
-102234
102318
291292
435919
514181
514163
435868
291215
102227
-102324
-291297
-435922
-514182
-514161
-435863
-291208
-102219
102332
291304
435927
514183
514159
435858
291201
102211
-102340
-291311
-435932
-514186
-514159
-435855
-291196
-102204
102348
291318
435937
514188
514158
435851
291190
102197
-102354
-291323
-435940
-514188
-514155
-435846
-291183
-102190
102361
291329
435944
514190
514154
435842
291177
102182
-102369
-291335
-435948
-514191
-514152
-435838
-291171
-102175
102376
291341
435952
514193
514152
435835
291165
102168
-102383
-291347
-435956
-514194
-514150
-435831
-291160
-102162
102390
291353
435960
514195
514148
435826
291153
102154
-102398
-291360
-435965
-514197
-514147
-435822
-291146
-102146
102406
291367
435970
514200
514147
435819
291141
102139
-102413
-291374
-435975
-514202
-514146
-435815
-291135
-102131
102421
291381
435980
514204
514145
435811
291128
102123
-102429
-291387
-435984
-514206
-514144
-435807
-291122
-102116
102436
291393
435988
514207
514142
435803
291116
102109
-102443
-291399
-435992
-514209
-514141
-435799
-291110
-102102
102450
291405
435996
514210
514139
435794
291103
102094
-102458
-291412
-436000
-514211
-514137
-435790
-291097
-102086
102466
291419
436005
514213
514136
435785
291089
102077
-102475
-291426
-436010
-514215
-514135
-435782
-291084
-102071
102482
291433
436015
514217
514134
435778
291078
102063
-102490
-291439
-436019
-514219
-514133
-435774
-291072
-102056
102497
291445
436023
514219
514130
435768
291064
102048
-102504
-291451
-436027
-514221
-514129
-435765
-291059
-102041
102512
291458
436032
514223
514128
435761
291052
102033
-102519
-291464
-436036
-514224
-514126
-435756
-291046
-102026
102527
291471
436041
514227
514126
435753
291040
102018
-102536
-291479
-436047
-514230
-514125
-435748
-291032
-102008
102546
291488
436053
514232
514123
435743
291024
101999
-102554
-291494
-436056
-514232
-514120
-435737
-291017
-101992
102561
291499
436059
514232
514117
435732
291010
101984
-102568
-291505
-436063
-514233
-514115
-435727
-291003
-101976
102576
291512
436067
514234
514113
435722
290996
101968
-102584
-291519
-436072
-514236
-514112
-435718
-290989
-101959
102594
291528
436079
514240
514112
435715
290983
101952
-102601
-291534
-436083
-514242
-514111
-435711
-290977
-101944
102609
291541
436088
514244
514110
435707
290971
101937
-102617
-291548
-436093
-514246
-514109
-435703
-290964
-101928
102626
291555
436097
514247
514107
435698
290957
101920
-102633
-291561
-436101
-514248
-514104
-435692
-290950
-101912
102641
291567
436105
514249
514102
435687
290942
101904
-102648
-291573
-436108
-514249
-514100
-435683
-290936
-101896
102656
291580
436113
514251
514098
435678
290929
101888
-102664
-291586
-436117
-514252
-514096
-435673
-290922
-101881
102671
291592
436121
514253
514094
435668
290915
101873
-102679
-291598
-436124
-514253
-514091
-435663
-290908
-101865
102686
291604
436128
514254
514089
435658
290901
101857
-102694
-291611
-436132
-514256
-514088
-435654
-290895
-101849
102703
291619
436138
514258
514087
435650
290888
101841
-102711
-291626
-436143
-514261
-514086
-435646
-290882
-101834
102718
291632
436147
514262
514084
435641
290875
101826
-102726
-291638
-436151
-514263
-514083
-435638
-290870
-101820
102732
291644
436155
514265
514082
435634
290864
101812
-102740
-291651
-436160
-514267
-514081
-435630
-290858
-101805
102747
291657
436165
514270
514081
435627
290853
101798
-102755
-291664
-436170
-514272
-514080
-435623
-290846
-101790
102763
291671
436174
514273
514078
435619
290840
101783
-102770
-291677
-436178
-514275
-514077
-435615
-290834
-101776
102777
291683
436182
514275
514074
435609
290826
101767
-102785
-291689
-436186
-514277
-514073
-435605
-290820
-101760
102792
291695
436190
514278
514071
435601
290814
101752
-102801
-291703
-436196
-514281
-514071
-435597
-290807
-101744
102809
291710
436200
514282
514069
435592
290800
101736
-102817
-291717
-436205
-514284
-514067
-435587
-290793
-101728
102824
291722
436208
514284
514064
435582
290786
101720
-102832
-291729
-436212
-514285
-514062
-435577
-290779
-101712
102840
291736
436217
514287
514061
435573
290772
101704
-102848
-291742
-436221
-514288
-514059
-435568
-290765
-101696
102856
291748
436224
514288
514056
435563
290758
101688
-102864
-291755
-436229
-514290
-514054
-435557
-290750
-101678
102873
291763
436234
514292
514052
435552
290742
101669
-102882
-291770
-436238
-514292
-514049
-435546
-290734
-101661
102889
291776
436242
514293
514047
435542
290728
101653
-102897
-291782
-436246
-514294
-514045
-435536
-290720
-101644
102906
291790
436251
514296
514044
435532
290714
101637
-102914
-291797
-436256
-514299
-514044
-435530
-290709
-101630
102921
291803
436261
514301
514043
435526
290703
101623
-102929
-291810
-436266
-514304
-514043
-435523
-290698
-101616
102936
291817
436271
514306
514042
435519
290691
101608
-102944
-291824
-436276
-514308
-514041
-435515
-290685
-101601
102951
291830
436280
514309
514039
435510
290679
101594
-102958
-291836
-436284
-514311
-514038
-435507
-290673
-101586
102966
291842
436288
514312
514036
435502
290666
101578
-102974
-291849
-436293
-514314
-514035
-435498
-290660
-101571
102981
291855
436296
514315
514033
435493
290653
101563
-102989
-291862
-436301
-514317
-514032
-435490
-290648
-101557
102996
291869
436307
514320
514032
435487
290642
101549
-103004
-291875
-436310
-514320
-514029
-435481
-290634
-101541
103011
291881
436314
514322
514028
435477
290628
101533
-103019
-291888
-436319
-514324
-514027
-435473
-290622
-101526
103027
291895
436325
514328
514028
435471
290617
101519
-103035
-291903
-436331
-514331
-514028
-435468
-290611
-101511
103043
291910
436336
514333
514026
435463
290604
101502
-103052
-291917
-436340
-514334
-514025
-435459
-290598
-101496
103058
291923
436345
514337
514025
435456
290593
101489
-103066
-291930
-436349
-514338
-514022
-435451
-290586
-101481
103074
291936
436353
514339
514021
435447
290580
101474
-103080
-291941
-436357
-514340
-514019
-435443
-290574
-101467
103087
291947
436360
514341
514017
435438
290567
101460
-103094
-291953
-436364
-514342
-514015
-435433
-290560
-101452
103102
291959
436367
514342
514012
435428
290554
101445
-103108
-291964
-436371
-514344
-514012
-435425
-290548
-101437
103117
291972
436377
514346
514010
435420
290541
101429
-103125
-291979
-436381
-514348
-514009
-435416
-290534
-101421
103133
291986
436386
514350
514008
435412
290528
101413
-103141
-291993
-436391
-514352
-514007
-435408
-290521
-101405
103149
292000
436396
514354
514006
435404
290515
101397
-103157
-292006
-436400
-514355
-514003
-435398
-290507
-101389
103165
292013
436404
514356
514001
435394
290501
101382
-103172
-292018
-436407
-514356
-513999
-435389
-290495
-101375
103179
292024
436411
514357
513996
435384
290488
101367
-103186
-292030
-436415
-514359
-513996
-435381
-290482
-101360
103194
292037
436420
514361
513995
435377
290476
101352
-103202
-292044
-436425
-514364
-513994
-435373
-290470
-101345
103209
292050
436429
514365
513993
435369
290464
101338
-103216
-292056
-436433
-514366
-513991
-435365
-290457
-101330
103224
292063
436438
514368
513990
435361
290452
101324
-103230
-292068
-436441
-514369
-513988
-435356
-290445
-101316
103238
292075
436445
514370
513986
435352
290439
101309
-103245
-292081
-436450
-514373
-513986
-435349
-290433
-101301
103253
292088
436454
514373
513983
435343
290426
101294
-103260
-292093
-436457
-514374
-513981
-435339
-290419
-101285
103269
292101
436462
514375
513979
435333
290411
101276
-103277
-292107
-436466
-514376
-513976
-435328
-290404
-101268
103285
292113
436470
514377
513974
435323
290397
101260
-103293
-292120
-436474
-514378
-513972
-435318
-290390
-101253
103299
292125
436477
514379
513970
435314
290384
101245
-103307
-292132
-436482
-514380
-513968
-435308
-290376
-101236
103316
292139
436486
514382
513967
435304
290370
101229
-103323
-292145
-436490
-514383
-513965
-435300
-290364
-101222
103330
292151
436494
514384
513963
435295
290357
101214
-103338
-292157
-436497
-514384
-513960
-435289
-290349
-101206
103345
292163
436501
514385
513958
435285
290343
101199
-103352
-292169
-436505
-514387
-513957
-435281
-290337
-101191
103360
292176
436510
514388
513955
435276
290330
101183
-103368
-292182
-436514
-514390
-513954
-435273
-290324
-101176
103375
292188
436518
514391
513952
435268
290318
101169
-103382
-292194
-436522
-514393
-513951
-435264
-290312
-101162
103390
292201
436527
514395
513950
435260
290305
101154
-103398
-292208
-436532
-514397
-513949
-435256
-290299
-101146
103406
292215
436536
514398
513947
435251
290292
101138
-103413
-292220
-436539
-514398
-513944
-435246
-290285
-101131
103420
292226
436543
514400
513943
435242
290279
101123
-103428
-292233
-436548
-514402
-513942
-435238
-290273
-101116
103435
292239
436552
514403
513940
435234
290266
101107
-103444
-292247
-436557
-514405
-513938
-435228
-290258
-101098
103453
292254
436562
514407
513937
435224
290251
101090
-103462
-292262
-436567
-514408
-513935
-435219
-290244
-101082
103469
292267
436570
514409
513933
435214
290237
101074
-103476
-292273
-436573
-514409
-513930
-435209
-290231
-101067
103483
292279
436578
514411
513929
435205
290225
101060
-103490
-292285
-436582
-514412
-513927
-435201
-290219
-101053
103497
292291
436586
514414
513926
435197
290213
101046
-103504
-292297
-436590
-514415
-513925
-435193
-290206
-101038
103512
292303
436593
514415
513921
435187
290199
101030
-103520
-292309
-436597
-514416
-513919
-435182
-290192
-101022
103528
292316
436601
514417
513917
435177
290185
101014
-103535
-292322
-436605
-514418
-513915
-435172
-290177
-101005
103544
292329
436609
514419
513913
435167
290170
100997
-103552
-292336
-436614
-514421
-513911
-435162
-290163
-100989
103560
292343
436619
514423
513910
435158
290156
100980
-103569
-292351
-436624
-514425
-513908
-435153
-290149
-100972
103577
292357
436628
514426
513906
435148
290142
100964
-103584
-292362
-436630
-514425
-513903
-435143
-290136
-100958
103590
292368
436635
514428
513903
435140
290130
100950
-103599
-292376
-436641
-514430
-513901
-435134
-290122
-100940
103609
292384
436646
514432
513900
435130
290115
100932
-103617
-292391
-436650
-514433
-513897
-435124
-290107
-100923
103625
292397
436654
514434
513895
435119
290100
100915
-103633
-292404
-436658
-514435
-513893
-435114
-290093
-100907
103641
292411
436663
514437
513892
435110
290086
100899
-103649
-292417
-436667
-514438
-513889
-435105
-290080
-100892
103656
292423
436671
514439
513888
435101
290073
100884
-103664
-292430
-436675
-514440
-513886
-435096
-290066
-100876
103672
292436
436679
514441
513883
435091
290059
100868
-103679
-292442
-436683
-514442
-513881
-435086
-290052
-100860
103687
292448
436686
514442
513879
435081
290045
100853
-103694
-292454
-436690
-514443
-513876
-435076
-290039
-100845
103702
292461
436695
514445
513875
435071
290031
100836
-103710
-292467
-436698
-514445
-513872
-435066
-290024
-100828
103718
292473
436702
514446
513870
435061
290017
100820
-103726
-292480
-436706
-514447
-513868
-435056
-290010
-100812
103733
292486
436710
514448
513865
435050
290002
100803
-103742
-292494
-436716
-514451
-513865
-435047
-289996
-100795
103751
292501
436720
514452
513863
435042
289989
100788
-103758
-292507
-436724
-514453
-513861
-435037
-289982
-100779
103766
292514
436729
514455
513859
435032
289975
100771
-103774
-292520
-436733
-514456
-513857
-435027
-289968
-100763
103782
292527
436737
514457
513855
435023
289962
100756
-103789
-292533
-436741
-514458
-513853
-435018
-289955
-100748
103797
292539
436744
514458
513850
435012
289947
100740
-103804
-292545
-436748
-514459
-513848
-435008
-289941
-100733
103811
292551
436752
514461
513847
435004
289935
100725
-103819
-292558
-436757
-514463
-513846
-435000
-289929
-100718
103826
292564
436761
514465
513845
434997
289924
100712
-103833
-292570
-436765
-514466
-513843
-434991
-289915
-100702
103842
292577
436770
514468
513842
434988
289910
100695
-103850
-292584
-436775
-514470
-513841
-434984
-289904
-100688
103857
292591
436780
514472
513840
434980
289897
100680
-103865
-292598
-436785
-514475
-513840
-434977
-289892
-100673
103873
292605
436790
514477
513839
434973
289886
100666
-103880
-292611
-436794
-514479
-513838
-434969
-289879
-100657
103889
292619
436800
514481
513836
434964
289872
100649
-103897
-292625
-436803
-514481
-513834
-434959
-289865
-100642
103903
292630
436806
514482
513832
434955
289859
100635
-103910
-292636
-436810
-514483
-513830
-434951
-289854
-100629
103916
292641
436814
514485
513830
434948
289849
100623
-103922
-292646
-436817
-514486
-513829
-434945
-289844
-100616
103930
292653
436822
514488
513827
434940
289837
100609
-103936
-292658
-436825
-514489
-513826
-434937
-289832
-100602
103944
292665
436830
514491
513825
434933
289826
100595
-103951
-292671
-436834
-514492
-513823
-434928
-289819
-100587
103958
292676
436837
514493
513821
434924
289813
100580
-103966
-292684
-436843
-514496
-513821
-434921
-289807
-100572
103974
292691
436848
514498
513820
434917
289801
100565
-103982
-292698
-436853
-514500
-513819
-434913
-289795
-100558
103989
292704
436857
514502
513818
434909
289788
100549
-103998
-292712
-436863
-514505
-513817
-434905
-289782
-100542
104005
292718
436867
514507
513817
434902
289777
100535
-104012
-292724
-436871
-514508
-513815
-434897
-289770
-100528
104019
292730
436875
514509
513813
434893
289764
100520
-104027
-292736
-436879
-514510
-513811
-434888
-289756
-100511
104036
292744
436884
514512
513809
434883
289749
100503
-104044
-292751
-436889
-514514
-513809
-434880
-289744
-100497
104050
292757
436894
514517
513808
434876
289737
100488
-104059
-292764
-436898
-514518
-513806
-434871
-289731
-100481
104066
292770
436902
514519
513804
434867
289725
100474
-104073
-292776
-436906
-514521
-513804
-434864
-289720
-100468
104080
292782
436911
514523
513803
434860
289713
100460
-104088
-292789
-436915
-514524
-513801
-434856
-289707
-100452
104096
292796
436920
514526
513799
434851
289700
100444
-104103
-292801
-436923
-514526
-513797
-434846
-289693
-100437
104110
292807
436927
514528
513796
434843
289688
100430
-104117
-292813
-436930
-514528
-513793
-434837
-289681
-100423
104124
292819
436934
514529
513791
434832
289674
100415
-104132
-292825
-436938
-514530
-513789
-434828
-289668
-100408
104138
292830
436941
514531
513787
434823
289661
100400
-104146
-292837
-436945
-514532
-513786
-434820
-289656
-100394
104153
292843
436950
514535
513785
434816
289649
100385
-104162
-292851
-436956
-514537
-513784
-434811
-289641
-100376
104171
292859
436961
514539
513782
434806
289634
100367
-104180
-292866
-436965
-514540
-513780
-434801
-289627
-100359
104188
292873
436970
514542
513779
434797
289620
100351
-104196
-292880
-436975
-514544
-513778
-434793
-289614
-100343
104204
292887
436980
514546
513776
434788
289607
100335
-104212
-292894
-436985
-514548
-513775
-434784
-289600
-100327
104220
292901
436990
514550
513774
434780
289593
100318
-104229
-292908
-436994
-514551
-513772
-434775
-289587
-100311
104237
292916
437000
514554
513771
434771
289580
100303
-104244
-292921
-437003
-514555
-513770
-434767
-289574
-100296
104252
292928
437008
514557
513769
434763
289568
100289
-104259
-292934
-437012
-514558
-513767
-434759
-289562
-100281
104267
292941
437017
514561
513767
434755
289555
100273
-104275
-292948
-437022
-514563
-513766
-434752
-289550
-100267
104281
292953
437025
514563
513763
434747
289544
100260
-104288
-292959
-437030
-514566
-513763
-434744
-289539
-100254
104294
292964
437033
514567
513762
434740
289532
100245
-104303
-292972
-437038
-514568
-513759
-434734
-289524
-100236
104312
292979
437042
514569
513757
434729
289517
100228
-104320
-292986
-437047
-514571
-513755
-434724
-289509
-100219
104329
292994
437052
514573
513754
434720
289503
100211
-104337
-293001
-437058
-514576
-513753
-434716
-289496
-100203
104345
293007
437061
514576
513750
434710
289489
100195
-104353
-293014
-437065
-514577
-513748
-434705
-289482
-100187
104360
293019
437069
514578
513747
434701
289475
100179
-104368
-293026
-437073
-514579
-513744
-434695
-289468
-100171
104376
293032
437076
514579
513741
434690
289461
100164
-104383
-293038
-437081
-514581
-513741
-434687
-289456
-100157
104390
293045
437086
514584
513740
434684
289450
100150
-104397
-293051
-437090
-514585
-513739
-434680
-289444
-100142
104406
293059
437096
514589
513739
434676
289437
100134
-104414
-293066
-437101
-514590
-513737
-434672
-289431
-100127
104421
293072
437105
514592
513736
434667
289424
100118
-104430
-293079
-437109
-514593
-513734
-434663
-289418
-100111
104437
293086
437115
514596
513734
434660
289412
100104
-104444
-293092
-437119
-514598
-513733
-434656
-289406
-100096
104452
293099
437124
514600
513732
434652
289400
100089
-104460
-293106
-437129
-514602
-513731
-434648
-289394
-100082
104467
293112
437133
514603
513729
434644
289388
100075
-104474
-293118
-437137
-514605
-513728
-434640
-289381
-100066
104483
293125
437141
514606
513726
434635
289374
100058
-104491
-293132
-437146
-514607
-513723
-434629
-289366
-100049
104500
293140
437151
514609
513722
434625
289360
100042
-104507
-293145
-437154
-514610
-513720
-434620
-289353
-100034
104514
293151
437158
514611
513719
434617
289348
100028
-104521
-293157
-437162
-514613
-513718
-434613
-289342
-100021
104527
293162
437165
514613
513715
434608
289335
100013
-104535
-293168
-437168
-514613
-513712
-434602
-289328
-100006
104542
293174
437173
514616
513712
434600
289323
99999
-104549
-293180
-437177
-514617
-513710
-434595
-289316
-99991
104557
293187
437182
514619
513709
434591
289310
99984
-104564
-293193
-437186
-514620
-513707
-434587
-289304
-99977
104571
293198
437188
514620
513705
434582
289297
99969
-104579
-293205
-437193
-514622
-513704
-434579
-289292
-99963
104585
293211
437198
514625
513704
434575
289285
99954
-104594
-293218
-437202
-514625
-513700
-434568
-289277
-99945
104603
293226
437207
514627
513699
434564
289270
99937
-104611
-293233
-437212
-514629
-513698
-434560
-289264
-99930
104618
293239
437216
514631
513697
434556
289258
99922
-104626
-293246
-437221
-514633
-513696
-434553
-289252
-99915
104633
293252
437225
514634
513694
434548
289246
99908
-104640
-293257
-437228
-514634
-513691
-434543
-289239
-99901
104647
293263
437232
514636
513691
434540
289234
99894
-104654
-293269
-437237
-514639
-513691
-434537
-289228
-99886
104662
293277
437242
514641
513689
434532
289221
99878
-104670
-293283
-437246
-514642
-513688
-434529
-289216
-99872
104677
293290
437251
514644
513686
434524
289209
99864
-104684
-293295
-437254
-514644
-513684
-434519
-289202
-99856
104692
293302
437259
514647
513684
434516
289196
99848
-104701
-293310
-437265
-514650
-513684
-434513
-289191
-99842
104708
293317
437271
514654
513684
434510
289185
99834
-104716
-293324
-437276
-514656
-513683
-434506
-289179
-99826
104724
293331
437281
514658
513682
434502
289172
99818
-104732
-293338
-437285
-514659
-513680
-434497
-289165
-99810
104740
293344
437289
514659
513677
434491
289157
99801
-104749
-293352
-437294
-514662
-513676
-434487
-289151
-99794
104756
293358
437298
514663
513675
434484
289146
99787
-104763
-293364
-437303
-514666
-513675
-434480
-289139
-99779
104771
293371
437307
514667
513672
434475
289132
99771
-104779
-293378
-437312
-514669
-513671
-434471
-289126
-99764
104786
293383
437315
514669
513669
434466
289119
99756
-104794
-293390
-437319
-514670
-513666
-434461
-289113
-99749
104801
293395
437322
514670
513664
434456
289106
99741
-104808
-293401
-437326
-514671
-513662
-434451
-289099
-99734
104815
293407
437330
514672
513659
434446
289092
99726
-104823
-293413
-437333
-514673
-513658
-434442
-289086
-99719
104830
293419
437337
514674
513656
434438
289080
99712
-104837
-293425
-437341
-514676
-513655
-434434
-289073
-99703
104845
293432
437346
514677
513652
434428
289066
99696
-104852
-293438
-437350
-514679
-513652
-434425
-289061
-99689
104860
293445
437355
514681
513651
434421
289054
99680
-104869
-293452
-437359
-514682
-513648
-434416
-289047
-99673
104876
293458
437364
514684
513647
434411
289040
99665
-104884
-293465
-437368
-514685
-513646
-434408
-289035
-99658
104891
293471
437372
514687
513644
434403
289028
99650
-104899
-293478
-437377
-514689
-513643
-434398
-289020
-99641
104908
293486
437383
514691
513642
434395
289015
99634
-104915
-293492
-437387
-514693
-513641
-434391
-289008
-99626
104923
293499
437392
514695
513640
434387
289002
99618
-104932
-293506
-437396
-514696
-513638
-434382
-288995
-99611
104938
293511
437399
514697
513636
434378
288989
99604
-104945
-293517
-437403
-514698
-513634
-434373
-288982
-99596
104953
293524
437408
514700
513632
434368
288975
99587
-104962
-293531
-437412
-514701
-513630
-434363
-288968
-99580
104968
293536
437415
514701
513628
434359
288962
99572
-104976
-293543
-437420
-514703
-513626
-434354
-288955
-99565
104983
293548
437423
514704
513625
434351
288950
99559
-104989
-293553
-437426
-514704
-513623
-434347
-288944
-99552
104996
293559
437430
514705
513620
434340
288935
99542
-105005
-293566
-437434
-514706
-513618
-434336
-288929
-99535
105012
293572
437438
514707
513616
434331
288922
99527
-105020
-293579
-437443
-514709
-513615
-434327
-288916
-99519
105029
293587
437448
514711
513613
434322
288908
99510
-105037
-293593
-437452
-514712
-513611
-434317
-288901
-99502
105045
293600
437456
514713
513609
434312
288894
99494
-105053
-293606
-437460
-514714
-513607
-434307
-288888
-99488
105059
293611
437463
514715
513605
434303
288882
99480
-105067
-293618
-437468
-514717
-513604
-434299
-288875
-99472
105075
293625
437473
514719
513603
434295
288869
99465
-105082
-293631
-437477
-514720
-513601
-434290
-288862
-99457
105090
293637
437481
514722
513600
434286
288855
99448
-105099
-293645
-437486
-514723
-513598
-434281
-288848
-99441
105106
293651
437490
514724
513596
434277
288842
99433
-105114
-293658
-437494
-514725
-513593
-434270
-288833
-99423
105123
293665
437499
514727
513592
434266
288827
99416
-105130
-293671
-437503
-514728
-513590
-434262
-288821
-99409
105138
293678
437508
514731
513590
434258
288814
99400
-105147
-293686
-437513
-514732
-513587
-434252
-288806
-99391
105156
293693
437518
514734
513586
434248
288799
99383
-105164
-293700
-437522
-514735
-513584
-434244
-288793
-99376
105171
293706
437526
514736
513582
434239
288786
99368
-105178
-293711
-437529
-514737
-513580
-434234
-288779
-99360
105186
293718
437534
514739
513579
434230
288773
99352
-105194
-293725
-437539
-514741
-513577
-434225
-288766
-99344
105202
293732
437543
514741
513574
434219
288757
99334
-105211
-293739
-437547
-514742
-513572
-434214
-288750
-99327
105218
293745
437551
514744
513571
434211
288745
99320
-105226
-293752
-437556
-514746
-513570
-434206
-288738
-99311
105235
293759
437561
514747
513567
434200
288730
99303
-105242
-293765
-437564
-514747
-513564
-434195
-288723
-99295
105250
293771
437568
514749
513563
434191
288717
99288
-105257
-293777
-437572
-514750
-513561
-434186
-288710
-99280
105265
293784
437577
514752
513560
434182
288704
99273
-105272
-293790
-437581
-514754
-513559
-434179
-288698
-99265
105280
293797
437586
514756
513558
434175
288692
99258
-105287
-293803
-437590
-514757
-513556
-434170
-288685
-99250
105295
293810
437595
514759
513555
434166
288679
99243
-105302
-293816
-437599
-514761
-513554
-434162
-288673
-99235
105310
293823
437603
514762
513552
434158
288666
99227
-105318
-293830
-437608
-514764
-513551
-434154
-288660
-99220
105326
293837
437613
514766
513550
434150
288654
99212
-105334
-293844
-437618
-514768
-513549
-434146
-288648
-99205
105341
293849
437621
514769
513547
434141
288641
99197
-105349
-293856
-437626
-514771
-513546
-434137
-288634
-99189
105357
293864
437632
514774
513545
434133
288628
99181
-105366
-293871
-437637
-514776
-513544
-434129
-288621
-99173
105374
293879
437643
514779
513544
434125
288614
99164
-105383
-293886
-437647
-514780
-513542
-434121
-288608
-99157
105390
293892
437651
514781
513539
434115
288600
99148
-105399
-293899
-437655
-514782
-513537
-434110
-288593
-99140
105406
293905
437659
514782
513534
434104
288585
99131
-105415
-293912
-437663
-514784
-513533
-434100
-288579
-99124
105422
293918
437667
514785
513531
434095
288572
99116
-105430
-293925
-437672
-514787
-513529
-434091
-288565
-99108
105438
293932
437677
514789
513528
434086
288558
99099
-105447
-293939
-437681
-514790
-513526
-434082
-288552
-99092
105454
293945
437685
514791
513524
434077
288546
99085
-105460
-293950
-437688
-514792
-513522
-434073
-288539
-99077
105468
293957
437693
514793
513520
434068
288532
99069
-105476
-293963
-437697
-514795
-513519
-434064
-288526
-99062
105483
293969
437701
514796
513517
434059
288519
99055
-105490
-293975
-437705
-514797
-513515
-434054
-288512
-99046
105499
293982
437708
514797
513512
434049
288505
99038
-105507
-293989
-437714
-514800
-513512
-434045
-288498
-99030
105515
293996
437719
514802
513510
434040
288491
99022
-105523
-294003
-437723
-514803
-513508
-434036
-288485
-99014
105531
294010
437728
514805
513507
434032
288478
99006
-105539
-294017
-437733
-514807
-513506
-434027
-288471
-98998
105547
294023
437736
514807
513503
434022
288464
98989
-105556
-294031
-437742
-514810
-513502
-434018
-288458
-98982
105563
294037
437746
514811
513500
434013
288451
98974
-105571
-294044
-437751
-514813
-513499
-434009
-288444
-98966
105579
294051
437756
514815
513498
434005
288438
98958
-105587
-294058
-437761
-514818
-513498
-434001
-288431
-98949
105597
294066
437766
514820
513496
433996
288424
98941
-105605
-294073
-437771
-514822
-513495
-433992
-288417
-98933
105613
294081
437777
514825
513494
433988
288411
98925
-105622
-294088
-437782
-514827
-513493
-433984
-288404
-98917
105630
294095
437786
514828
513491
433979
288397
98909
-105637
-294101
-437790
-514829
-513489
-433974
-288390
-98901
105645
294107
437794
514830
513487
433969
288383
98892
-105654
-294115
-437799
-514832
-513485
-433964
-288376
-98885
105661
294121
437803
514833
513483
433960
288369
98876
-105670
-294129
-437809
-514836
-513483
-433956
-288363
-98869
105678
294136
437814
514838
513482
433952
288356
98860
-105686
-294142
-437817
-514838
-513479
-433946
-288348
-98852
105694
294149
437822
514840
513477
433941
288341
98843
-105703
-294157
-437828
-514843
-513477
-433938
-288335
-98835
105712
294165
437834
514846
513476
433934
288329
98828
-105719
-294171
-437838
-514847
-513475
-433930
-288322
-98820
105727
294178
437842
514848
513473
433925
288316
98813
-105734
-294184
-437846
-514850
-513472
-433922
-288310
-98805
105742
294191
437852
514853
513471
433917
288303
98797
-105750
-294198
-437856
-514854
-513469
-433912
-288296
-98789
105758
294204
437860
514855
513468
433909
288291
98783
-105764
-294209
-437863
-514856
-513466
-433905
-288285
-98776
105771
294215
437867
514857
513464
433900
288278
98768
-105779
-294222
-437872
-514859
-513463
-433896
-288272
-98760
105787
294229
437877
514861
513461
433891
288264
98751
-105796
-294236
-437881
-514862
-513459
-433886
-288257
-98743
105804
294243
437886
514865
513460
433884
288253
98737
-105810
-294249
-437890
-514866
-513457
-433878
-288245
-98729
105818
294255
437894
514867
513455
433874
288239
98722
-105825
-294261
-437898
-514869
-513455
-433871
-288234
-98715
105832
294267
437902
514870
513453
433867
288228
98708
-105839
-294273
-437906
-514871
-513451
-433862
-288221
-98700
105847
294279
437909
514871
513448
433857
288214
98693
-105853
-294284
-437913
-514873
-513447
-433853
-288208
-98685
105862
294292
437918
514874
513445
433848
288201
98677
-105870
-294298
-437922
-514876
-513444
-433844
-288194
-98669
105878
294305
437926
514877
513442
433839
288187
98661
-105886
-294312
-437932
-514880
-513441
-433835
-288181
-98653
105894
294319
437937
514882
513440
433831
288175
98646
-105901
-294325
-437941
-514883
-513439
-433827
-288168
-98638
105909
294332
437945
514885
513437
433823
288162
98631
-105916
-294338
-437949
-514886
-513435
-433817
-288154
-98622
105925
294346
437955
514888
513434
433813
288148
98615
-105932
-294352
-437959
-514890
-513433
-433809
-288141
-98606
105941
294360
437965
514893
513433
433806
288135
98598
-105950
-294368
-437970
-514895
-513431
-433801
-288128
-98589
105959
294376
437976
514898
513431
433797
288121
98581
-105967
-294383
-437981
-514900
-513429
-433793
-288115
-98574
105974
294388
437984
514900
513427
433788
288109
98567
-105981
-294394
-437988
-514902
-513426
-433784
-288102
-98559
105989
294401
437993
514904
513424
433780
288096
98552
-105996
-294407
-437997
-514905
-513423
-433776
-288090
-98544
106004
294414
438002
514907
513422
433772
288084
98537
-106011
-294420
-438005
-514907
-513418
-433765
-288075
-98527
106021
294428
438010
514908
513416
433760
288067
98518
-106030
-294435
-438015
-514911
-513415
-433756
-288061
-98511
106037
294441
438019
514912
513413
433751
288054
98503
-106045
-294448
-438024
-514914
-513413
-433748
-288048
-98495
106053
294455
438029
514916
513411
433743
288041
98487
-106061
-294462
-438034
-514918
-513410
-433739
-288035
-98480
106068
294468
438038
514920
513409
433735
288028
98471
-106077
-294476
-438043
-514921
-513407
-433731
-288022
-98464
106084
294482
438047
514923
513406
433726
288015
98456
-106092
-294488
-438051
-514924
-513404
-433722
-288009
-98449
106099
294494
438055
514926
513403
433718
288003
98442
-106106
-294500
-438059
-514927
-513401
-433713
-287996
-98434
106114
294507
438064
514929
513400
433710
287990
98426
-106122
-294514
-438069
-514931
-513399
-433706
-287985
-98420
106129
294520
438073
514933
513398
433702
287978
98412
-106137
-294527
-438078
-514935
-513397
-433698
-287972
-98404
106145
294534
438083
514937
513396
433695
287967
98398
-106151
-294540
-438087
-514939
-513395
-433691
-287961
-98391
106158
294546
438091
514940
513393
433686
287954
98383
-106166
-294552
-438095
-514941
-513392
-433682
-287948
-98376
106173
294558
438099
514943
513390
433678
287941
98367
-106182
-294566
-438105
-514946
-513390
-433674
-287935
-98360
106190
294573
438110
514948
513389
433670
287929
98353
-106197
-294579
-438114
-514950
-513388
-433667
-287924
-98346
106204
294585
438118
514951
513386
433662
287917
98339
-106211
-294591
-438122
-514952
-513384
-433658
-287910
-98330
106220
294599
438127
514954
513383
433653
287903
98322
-106228
-294606
-438132
-514956
-513382
-433649
-287897
-98315
106235
294612
438136
514957
513380
433645
287891
98308
-106242
-294617
-438139
-514958
-513379
-433642
-287886
-98301
106249
294624
438144
514960
513378
433638
287880
98294
-106256
-294630
-438149
-514963
-513378
-433635
-287874
-98287
106264
294637
438154
514965
513377
433631
287868
98279
-106272
-294644
-438159
-514967
-513375
-433626
-287861
-98271
106280
294650
438162
514967
513373
433622
287855
98264
-106287
-294657
-438167
-514970
-513373
-433619
-287849
-98256
106296
294665
438173
514973
513372
433614
287842
98248
-106304
-294672
-438178
-514975
-513371
-433610
-287835
-98240
106312
294678
438182
514976
513369
433605
287828
98232
-106319
-294684
-438185
-514976
-513366
-433600
-287822
-98225
106326
294690
438189
514977
513364
433595
287815
98217
-106334
-294696
-438193
-514979
-513363
-433591
-287808
-98209
106342
294703
438198
514980
513361
433587
287802
98202
-106349
-294709
-438202
-514982
-513360
-433583
-287796
-98194
106357
294716
438207
514984
513358
433578
287789
98186
-106365
-294722
-438210
-514984
-513356
-433573
-287782
-98178
106372
294728
438214
514986
513355
433569
287776
98171
-106380
-294735
-438219
-514988
-513354
-433566
-287770
-98164
106387
294742
438225
514991
513354
433562
287764
98156
-106395
-294749
-438229
-514992
-513352
-433558
-287758
-98149
106403
294755
438233
514994
513351
433554
287751
98141
-106411
-294762
-438238
-514995
-513348
-433548
-287744
-98133
106418
294768
438242
514997
513348
433546
287739
98126
-106426
-294775
-438247
-514999
-513346
-433540
-287731
-98117
106435
294783
438253
515002
513346
433537
287725
98109
-106443
-294790
-438258
-515004
-513345
-433533
-287719
-98102
106451
294798
438264
515007
513344
433529
287712
98093
-106459
-294804
-438267
-515008
-513343
-433525
-287706
-98086
106466
294810
438271
515009
513341
433520
287699
98078
-106474
-294817
-438276
-515011
-513339
-433515
-287692
-98070
106482
294823
438279
515011
513336
433510
287685
98062
-106490
-294830
-438284
-515012
-513333
-433503
-287676
-98052
106499
294837
438288
515013
513331
433498
287669
98045
-106506
-294842
-438291
-515013
-513329
-433494
-287663
-98037
106514
294849
438295
515014
513326
433488
287655
98029
-106521
-294854
-438298
-515014
-513323
-433483
-287648
-98021
106529
294860
438301
515014
513321
433478
287641
98013
-106536
-294866
-438305
-515015
-513318
-433472
-287633
-98005
106544
294872
438308
515015
513315
433466
287626
97997
-106552
-294879
-438313
-515017
-513313
-433461
-287618
-97987
106561
294886
438317
515018
513311
433457
287612
97981
-106567
-294891
-438320
-515018
-513309
-433452
-287606
-97974
106574
294897
438324
515020
513308
433449
287600
97967
-106581
-294903
-438328
-515021
-513306
-433444
-287594
-97960
106588
294908
438331
515021
513303
433439
287587
97952
-106595
-294913
-438333
-515020
-513299
-433433
-287580
-97945
106602
294919
438337
515022
513299
433430
287574
97938
-106609
-294926
-438342
-515024
-513298
-433426
-287568
-97930
106617
294932
438346
515025
513296
433421
287561
97923
-106624
-294938
-438350
-515026
-513294
-433417
-287555
-97915
106632
294945
438355
515029
513294
433414
287550
97908
-106639
-294951
-438359
-515030
-513292
-433409
-287542
-97899
106648
294959
438364
515032
513290
433404
287535
97891
-106656
-294965
-438368
-515033
-513288
-433399
-287528
-97883
106664
294972
438373
515035
513287
433394
287520
97874
-106673
-294980
-438378
-515037
-513285
-433390
-287514
-97867
106680
294986
438382
515038
513283
433385
287507
97859
-106688
-294992
-438386
-515039
-513281
-433380
-287500
-97851
106696
294999
438391
515041
513280
433376
287494
97843
-106704
-295006
-438396
-515043
-513279
-433372
-287488
-97836
106711
295012
438399
515043
513276
433367
287481
97828
-106719
-295018
-438403
-515045
-513275
-433363
-287474
-97820
106727
295026
438409
515047
513274
433358
287467
97811
-106736
-295033
-438413
-515048
-513271
-433353
-287460
-97803
106744
295039
438417
515049
513269
433348
287453
97795
-106752
-295046
-438422
-515051
-513267
-433342
-287445
-97786
106760
295052
438425
515051
513264
433337
287437
97777
-106769
-295060
-438431
-515054
-513264
-433333
-287430
-97769
106777
295067
438435
515055
513262
433328
287424
97761
-106785
-295074
-438440
-515057
-513260
-433323
-287416
-97752
106794
295081
438445
515059
513259
433319
287409
97744
-106802
-295088
-438450
-515061
-513258
-433315
-287403
-97736
106811
295096
438455
515063
513256
433310
287396
97728
-106819
-295103
-438460
-515065
-513255
-433306
-287390
-97721
106826
295109
438464
515066
513253
433301
287383
97713
-106833
-295115
-438468
-515067
-513251
-433296
-287375
-97703
106843
295123
438473
515069
513250
433292
287369
97696
-106850
-295129
-438477
-515070
-513248
-433288
-287363
-97689
106857
295135
438481
515071
513245
433282
287355
97680
-106866
-295142
-438485
-515072
-513244
-433278
-287349
-97673
106873
295148
438489
515073
513241
433272
287341
97665
-106880
-295153
-438491
-515072
-513237
-433266
-287333
-97656
106888
295159
438494
515072
513234
433260
287326
97649
-106895
-295165
-438498
-515073
-513233
-433257
-287321
-97642
106902
295171
438503
515076
513232
433253
287314
97634
-106910
-295178
-438508
-515078
-513232
-433250
-287309
-97627
106918
295185
438512
515079
513229
433244
287301
97618
-106926
-295191
-438516
-515080
-513227
-433240
-287295
-97612
106932
295196
438519
515081
513226
433236
287289
97605
-106939
-295202
-438523
-515082
-513224
-433232
-287283
-97597
106947
295209
438528
515085
513224
433228
287277
97590
-106954
-295215
-438532
-515085
-513221
-433223
-287270
-97582
106962
295222
438537
515088
513221
433220
287264
97575
-106969
-295228
-438541
-515089
-513219
-433215
-287257
-97567
106977
295235
438545
515090
513216
433209
287249
97557
-106987
-295243
-438550
-515091
-513214
-433204
-287242
-97549
106995
295249
438554
515093
513213
433200
287235
97541
-107003
-295256
-438559
-515094
-513210
-433194
-287227
-97532
107011
295263
438563
515095
513208
433189
287220
97524
-107019
-295269
-438567
-515096
-513206
-433184
-287213
-97516
107027
295276
438571
515097
513203
433178
287205
97507
-107036
-295283
-438576
-515099
-513202
-433174
-287198
-97498
107045
295291
438582
515102
513201
433169
287191
97490
-107053
-295298
-438586
-515103
-513199
-433165
-287185
-97483
107060
295304
438590
515104
513198
433161
287179
97476
-107067
-295310
-438594
-515105
-513195
-433155
-287171
-97467
107075
295316
438597
515105
513192
433150
287164
97459
-107083
-295323
-438602
-515107
-513191
-433145
-287156
-97450
107092
295330
438606
515108
513189
433141
287150
97443
-107099
-295336
-438611
-515111
-513189
-433138
-287145
-97436
107107
295344
438617
515113
513187
433132
287136
97426
-107116
-295351
-438621
-515114
-513185
-433127
-287129
-97418
107125
295359
438627
515117
513184
433123
287122
97409
-107134
-295366
-438631
-515118
-513182
-433118
-287115
-97401
107142
295373
438636
515120
513181
433114
287108
97392
-107151
-295381
-438642
-515123
-513181
-433111
-287103
-97386
107157
295386
438645
515124
513179
433107
287098
97380
-107163
-295392
-438649
-515126
-513179
-433104
-287092
-97373
107170
295398
438654
515128
513177
433099
287085
97364
-107180
-295406
-438659
-515130
-513176
-433095
-287079
-97357
107187
295413
438664
515132
513175
433091
287072
97349
-107195
-295419
-438668
-515133
-513173
-433086
-287065
-97340
107204
295427
438674
515136
513172
433082
287058
97332
-107212
-295434
-438679
-515138
-513171
-433078
-287052
-97325
107220
295441
438684
515140
513170
433074
287045
97316
-107229
-295449
-438689
-515142
-513168
-433069
-287038
-97308
107237
295456
438694
515144
513167
433064
287030
97298
-107247
-295464
-438699
-515145
-513164
-433058
-287022
-97289
107256
295472
438704
515147
513163
433054
287016
97282
-107263
-295478
-438709
-515150
-513163
-433051
-287010
-97274
107271
295485
438714
515152
513162
433047
287004
97267
-107278
-295491
-438718
-515154
-513161
-433044
-286999
-97261
107285
295497
438722
515155
513160
433040
286993
97253
-107293
-295504
-438727
-515157
-513158
-433035
-286986
-97245
107300
295510
438730
515157
513155
433029
286978
97237
-107308
-295516
-438734
-515158
-513153
-433024
-286971
-97229
107316
295522
438737
515158
513150
433019
286964
97221
-107323
-295528
-438741
-515159
-513148
-433014
-286957
-97213
107331
295535
438746
515161
513146
433009
286949
97204
-107340
-295542
-438750
-515162
-513144
-433004
-286942
-97195
107349
295550
438756
515164
513142
432999
286935
97187
-107357
-295557
-438761
-515167
-513142
-432995
-286928
-97179
107365
295564
438765
515168
513140
432991
286922
97171
-107373
-295571
-438770
-515170
-513139
-432987
-286916
-97164
107381
295578
438776
515173
513139
432984
286910
97156
-107389
-295585
-438780
-515175
-513138
-432980
-286904
-97149
107396
295591
438784
515176
513136
432975
286897
97141
-107404
-295598
-438789
-515178
-513135
-432971
-286891
-97134
107411
295604
438793
515179
513133
432966
286884
97126
-107419
-295610
-438797
-515180
-513131
-432962
-286878
-97119
107426
295616
438801
515182
513130
432958
286872
97112
-107433
-295622
-438805
-515183
-513128
-432953
-286864
-97103
107442
295629
438809
515184
513126
432948
286857
97094
-107451
-295637
-438815
-515187
-513125
-432944
-286851
-97087
107458
295643
438819
515188
513124
432941
286846
97081
-107464
-295648
-438822
-515189
-513122
-432936
-286839
-97073
107472
295655
438827
515191
513121
432932
286832
97064
-107481
-295663
-438832
-515192
-513118
-432926
-286824
-97055
107490
295670
438837
515194
513116
432920
286815
97045
-107499
-295677
-438841
-515195
-513114
-432915
-286808
-97037
107507
295684
438845
515195
513111
432909
286800
97028
-107516
-295691
-438850
-515197
-513109
-432904
-286793
-97020
107524
295698
438855
515199
513108
432900
286786
97011
-107533
-295706
-438860
-515201
-513107
-432896
-286780
-97004
107540
295712
438864
515202
513104
432890
286772
96995
-107548
-295718
-438867
-515202
-513102
-432886
-286766
-96988
107555
295724
438871
515204
513101
432882
286760
96981
-107563
-295731
-438876
-515206
-513100
-432878
-286754
-96974
107570
295737
438881
515208
513099
432874
286748
96966
-107578
-295744
-438885
-515209
-513097
-432870
-286742
-96959
107585
295750
438890
515212
513097
432867
286736
96952
-107592
-295756
-438893
-515212
-513094
-432862
-286730
-96945
107599
295762
438897
515214
513093
432858
286723
96937
-107607
-295769
-438902
-515215
-513091
-432853
-286716
-96929
107615
295776
438907
515218
513091
432850
286711
96922
-107623
-295783
-438912
-515220
-513090
-432845
-286703
-96913
107632
295790
438917
515222
513088
432840
286696
96904
-107641
-295798
-438922
-515223
-513086
-432835
-286688
-96895
107650
295806
438928
515226
513085
432831
286682
96887
-107658
-295813
-438933
-515229
-513085
-432828
-286676
-96880
107666
295821
438939
515232
513085
432824
286669
96871
-107674
-295827
-438942
-515232
-513081
-432818
-286661
-96863
107682
295833
438946
515233
513079
432813
286655
96855
-107690
-295840
-438950
-515233
-513076
-432807
-286647
-96847
107698
295846
438954
515235
513075
432803
286640
96838
-107706
-295853
-438958
-515235
-513071
-432796
-286632
-96830
107713
295858
438961
515235
513068
432791
286625
96822
-107721
-295864
-438964
-515235
-513066
-432786
-286618
-96815
107728
295870
438968
515237
513065
432783
286613
96808
-107735
-295876
-438972
-515238
-513063
-432778
-286606
-96801
107742
295882
438976
515239
513061
432774
286600
96793
-107750
-295889
-438981
-515241
-513059
-432768
-286592
-96784
107758
295895
438984
515241
513057
432764
286586
96777
-107766
-295902
-438989
-515244
-513057
-432761
-286580
-96769
107774
295909
438994
515245
513054
432754
286571
96760
-107782
-295915
-438997
-515245
-513051
-432749
-286564
-96752
107790
295922
439002
515247
513049
432744
286557
96743
-107799
-295929
-439007
-515249
-513048
-432740
-286550
-96735
107807
295936
439011
515250
513046
432735
286543
96727
-107815
-295943
-439016
-515252
-513045
-432731
-286537
-96719
107823
295950
439021
515254
513044
432726
286529
96710
-107832
-295958
-439026
-515256
-513042
-432721
-286522
-96702
107840
295964
439030
515257
513040
432717
286516
96695
-107848
-295972
-439036
-515260
-513040
-432714
-286511
-96688
107855
295978
439040
515262
513039
432710
286504
96680
-107863
-295985
-439045
-515264
-513038
-432706
-286498
-96673
107870
295991
439049
515265
513036
432701
286491
96665
-107878
-295997
-439053
-515266
-513034
-432696
-286484
-96657
107886
296004
439057
515267
513032
432692
286478
96650
-107893
-296010
-439061
-515269
-513031
-432688
-286471
-96641
107902
296018
439067
515272
513030
432684
286465
96633
-107910
-296025
-439072
-515274
-513029
-432679
-286457
-96624
107919
296032
439076
515274
513026
432673
286449
96616
-107926
-296037
-439079
-515275
-513024
-432669
-286443
-96609
107933
296043
439083
515275
513021
432663
286435
96600
-107942
-296051
-439088
-515277
-513019
-432658
-286428
-96592
107950
296057
439092
515279
513018
432654
286422
96584
-107958
-296064
-439097
-515281
-513017
-432650
-286415
-96576
107966
296071
439101
515281
513014
432644
286408
96568
-107973
-296076
-439104
-515282
-513012
-432640
-286402
-96561
107980
296082
439108
515283
513011
432637
286397
96555
-107986
-296088
-439113
-515286
-513010
-432632
-286390
-96547
107994
296094
439116
515286
513008
432628
286384
96540
-108001
-296100
-439120
-515288
-513007
-432625
-286379
-96534
108008
296106
439125
515290
513006
432621
286373
96527
-108015
-296112
-439128
-515290
-513004
-432617
-286367
-96520
108021
296117
439131
515291
513002
432612
286360
96512
-108029
-296123
-439135
-515292
-513000
-432607
-286353
-96504
108037
296130
439140
515294
512998
432602
286346
96496
-108045
-296137
-439145
-515296
-512997
-432599
-286341
-96490
108051
296142
439148
515297
512996
432595
286335
96483
-108058
-296148
-439152
-515298
-512994
-432591
-286330
-96477
108064
296153
439155
515299
512992
432586
286323
96469
-108072
-296159
-439159
-515300
-512991
-432583
-286317
-96462
108079
296166
439164
515302
512989
432578
286310
96454
-108087
-296172
-439167
-515303
-512988
-432574
-286304
-96446
108095
296179
439172
515305
512987
432570
286298
96439
-108102
-296185
-439176
-515306
-512985
-432566
-286292
-96432
108109
296191
439180
515308
512984
432562
286286
96425
-108116
-296197
-439184
-515309
-512982
-432557
-286278
-96416
108125
296205
439190
515312
512981
432553
286272
96408
-108133
-296211
-439194
-515313
-512979
-432548
-286265
-96400
108141
296218
439198
515314
512977
432543
286258
96392
-108149
-296225
-439203
-515316
-512976
-432539
-286251
-96384
108157
296232
439207
515316
512973
432533
286243
96375
-108165
-296238
-439211
-515318
-512971
-432529
-286237
-96368
108172
296244
439215
515319
512970
432525
286231
96361
-108179
-296250
-439219
-515320
-512967
-432519
-286223
-96352
108188
296257
439223
515321
512965
432514
286217
96345
-108195
-296263
-439227
-515322
-512963
-432509
-286209
-96336
108204
296271
439233
515325
512962
432505
286202
96327
-108213
-296278
-439237
-515326
-512960
-432500
-286195
-96319
108221
296285
439242
515327
512957
432494
286186
96309
-108231
-296293
-439247
-515329
-512956
-432490
-286181
-96303
108237
296299
439251
515331
512956
432487
286175
96295
-108245
-296306
-439256
-515333
-512954
-432482
-286168
-96287
108253
296313
439261
515335
512953
432478
286162
96280
-108260
-296318
-439264
-515336
-512952
-432475
-286157
-96274
108266
296324
439269
515339
512952
432472
286152
96267
-108274
-296331
-439274
-515341
-512951
-432468
-286145
-96259
108282
296338
439279
515343
512950
432464
286139
96251
-108290
-296345
-439283
-515344
-512947
-432458
-286131
-96242
108299
296352
439288
515346
512946
432454
286124
96234
-108307
-296359
-439293
-515348
-512945
-432450
-286118
-96227
108314
296365
439297
515349
512943
432446
286112
96220
-108321
-296371
-439301
-515350
-512941
-432440
-286104
-96210
108331
296379
439306
515351
512938
432434
286096
96202
-108338
-296385
-439309
-515352
-512936
-432430
-286089
-96193
108347
296392
439314
515354
512935
432426
286083
96186
-108355
-296400
-439320
-515357
-512935
-432422
-286077
-96179
108362
296405
439323
515357
512932
432417
286070
96171
-108369
-296411
-439327
-515358
-512930
-432412
-286063
-96163
108377
296418
439331
515360
512929
432409
286058
96157
-108384
-296424
-439336
-515362
-512928
-432405
-286051
-96148
108392
296430
439339
515362
512925
432400
286045
96142
-108398
-296436
-439343
-515364
-512925
-432397
-286040
-96135
108406
296443
439349
515367
512924
432393
286033
96127
-108414
-296450
-439353
-515368
-512922
-432388
-286026
-96119
108422
296456
439357
515370
512922
432385
286021
96113
-108428
-296462
-439362
-515372
-512921
-432381
-286015
-96105
108436
296468
439365
515372
512917
432375
286007
96097
-108443
-296474
-439369
-515373
-512915
-432370
-286000
-96089
108451
296480
439372
515373
512913
432365
285993
96081
-108459
-296486
-439376
-515374
-512910
-432359
-285985
-96072
108468
296494
439381
515376
512908
432354
285977
96063
-108476
-296501
-439386
-515378
-512907
-432350
-285971
-96056
108483
296506
439389
515378
512905
432346
285966
96049
-108491
-296514
-439395
-515381
-512904
-432341
-285958
-96040
108500
296521
439399
515382
512902
432337
285952
96033
-108506
-296526
-439402
-515383
-512901
-432333
-285946
-96026
108514
296533
439407
515385
512900
432329
285940
96018
-108522
-296540
-439412
-515387
-512898
-432325
-285933
-96010
108530
296546
439416
515388
512896
432320
285926
96002
-108537
-296552
-439420
-515389
-512894
-432315
-285919
-95994
108545
296559
439424
515390
512892
432310
285912
95986
-108553
-296566
-439429
-515392
-512890
-432304
-285904
-95977
108562
296573
439433
515393
512888
432300
285898
95970
-108569
-296579
-439437
-515394
-512886
-432295
-285890
-95961
108577
296585
439441
515395
512884
432291
285885
95955
-108583
-296590
-439444
-515396
-512883
-432288
-285880
-95949
108589
296595
439447
515396
512880
432282
285873
95942
-108596
-296601
-439451
-515398
-512879
-432279
-285867
-95934
108604
296608
439456
515400
512878
432274
285860
95926
-108612
-296615
-439460
-515401
-512876
-432270
-285854
-95919
108619
296621
439464
515402
512874
432265
285847
95912
-108625
-296625
-439466
-515401
-512871
-432260
-285841
-95905
108632
296631
439470
515403
512870
432256
285834
95896
-108641
-296638
-439474
-515404
-512867
-432250
-285827
-95889
108648
296644
439478
515405
512865
432245
285820
95881
-108655
-296650
-439482
-515406
-512864
-432242
-285814
-95873
108664
296657
439487
515408
512862
432237
285807
95865
-108671
-296663
-439490
-515408
-512859
-432231
-285799
-95857
108679
296669
439494
515409
512857
432226
285792
95848
-108688
-296677
-439499
-515411
-512855
-432221
-285785
-95840
108696
296684
439504
515412
512853
432216
285777
95831
-108705
-296691
-439508
-515413
-512851
-432211
-285770
-95823
108712
296696
439510
515412
512847
432204
285762
95815
-108719
-296702
-439514
-515413
-512844
-432199
-285755
-95807
108727
296708
439518
515415
512844
432196
285750
95800
-108734
-296715
-439523
-515417
-512843
-432192
-285743
-95792
108742
296721
439527
515418
512841
432188
285737
95785
-108750
-296729
-439533
-515422
-512841
-432184
-285730
-95776
108759
296736
439538
515423
512839
432179
285723
95768
-108767
-296743
-439542
-515424
-512837
-432174
-285716
-95760
108775
296750
439547
515426
512835
432169
285709
95751
-108784
-296757
-439551
-515427
-512833
-432164
-285702
-95744
108791
296763
439555
515428
512831
432160
285696
95736
-108799
-296770
-439560
-515431
-512831
-432156
-285689
-95728
108807
296777
439565
515432
512828
432150
285681
95719
-108816
-296784
-439569
-515433
-512827
-432147
-285676
-95713
108822
296790
439574
515436
512827
432144
285671
95706
-108829
-296796
-439578
-515437
-512825
-432140
-285665
-95700
108835
296800
439580
515437
512823
432136
285659
95693
-108842
-296807
-439585
-515440
-512823
-432132
-285652
-95684
108851
296814
439589
515440
512819
432125
285643
95674
-108860
-296821
-439593
-515441
-512817
-432121
-285638
-95668
108866
296826
439597
515443
512816
432117
285632
95661
-108873
-296832
-439601
-515444
-512815
-432114
-285627
-95655
108880
296839
439606
515447
512815
432111
285621
95648
-108887
-296845
-439610
-515448
-512813
-432106
-285614
-95639
108896
296853
439616
515451
512813
432103
285608
95632
-108904
-296860
-439621
-515453
-512811
-432098
-285601
-95623
108912
296866
439624
515453
512808
432092
285593
95615
-108920
-296872
-439628
-515454
-512806
-432087
-285586
-95607
108927
296878
439632
515455
512804
432082
285579
95599
-108935
-296885
-439636
-515456
-512802
-432078
-285573
-95592
108942
296891
439640
515457
512800
432073
285566
95584
-108950
-296897
-439644
-515459
-512799
-432069
-285560
-95577
108957
296903
439648
515460
512797
432065
285555
95571
-108963
-296908
-439652
-515462
-512797
-432062
-285549
-95564
108970
296914
439655
515462
512794
432057
285543
95557
-108977
-296920
-439659
-515464
-512793
-432053
-285536
-95549
108985
296927
439664
515466
512792
432049
285530
95541
-108993
-296934
-439669
-515468
-512791
-432045
-285524
-95534
109000
296940
439673
515469
512789
432041
285518
95527
-109007
-296946
-439677
-515471
-512788
-432037
-285512
-95520
109014
296952
439682
515473
512787
432033
285505
95511
-109023
-296959
-439686
-515474
-512785
-432028
-285498
-95503
109031
296966
439690
515475
512783
432024
285493
95498
-109036
-296971
-439694
-515477
-512782
-432020
-285486
-95489
109045
296978
439699
515479
512781
432016
285480
95482
-109052
-296984
-439703
-515480
-512780
-432013
-285475
-95476
109059
296990
439707
515482
512779
432009
285469
95469
-109065
-296995
-439710
-515483
-512777
-432005
-285463
-95462
109073
297002
439715
515485
512776
432001
285457
95455
-109079
-297007
-439718
-515485
-512774
-431997
-285451
-95448
109086
297013
439722
515487
512773
431993
285446
95442
-109093
-297019
-439726
-515489
-512772
-431989
-285439
-95433
109101
297026
439731
515490
512770
431985
285433
95426
-109109
-297033
-439736
-515493
-512770
-431982
-285428
-95419
109117
297040
439741
515495
512769
431978
285422
95412
-109124
-297046
-439745
-515497
-512768
-431974
-285415
-95404
109132
297053
439750
515498
512766
431969
285408
95396
-109139
-297059
-439754
-515500
-512765
-431965
-285402
-95389
109147
297066
439759
515502
512764
431961
285395
95380
-109156
-297074
-439765
-515504
-512762
-431956
-285387
-95370
109166
297082
439770
515506
512760
431950
285380
95363
-109173
-297088
-439773
-515506
-512758
-431946
-285374
-95356
109180
297094
439777
515508
512757
431942
285368
95348
-109188
-297101
-439782
-515510
-512755
-431937
-285360
-95340
109195
297106
439785
515510
512753
431933
285354
95332
-109203
-297113
-439790
-515512
-512751
-431928
-285347
-95325
109210
297118
439793
515512
512748
431922
285340
95317
-109217
-297124
-439796
-515512
-512745
-431917
-285333
-95309
109225
297130
439799
515512
512742
431911
285325
95301
-109232
-297136
-439803
-515514
-512741
-431907
-285319
-95293
109241
297144
439809
515516
512740
431903
285312
95285
-109249
-297151
-439814
-515518
-512739
-431899
-285306
-95277
109257
297157
439817
515519
512737
431895
285300
95270
-109264
-297163
-439822
-515521
-512736
-431891
-285294
-95263
109271
297170
439827
515523
512735
431887
285287
95254
-109280
-297177
-439831
-515524
-512733
-431883
-285282
-95249
109285
297181
439834
515525
512731
431878
285275
95241
-109293
-297188
-439838
-515526
-512729
-431873
-285268
-95233
109301
297195
439843
515528
512728
431869
285261
95225
-109309
-297201
-439847
-515529
-512726
-431864
-285254
-95216
109318
297209
439852
515531
512724
431859
285246
95207
-109327
-297217
-439858
-515534
-512724
-431855
-285240
-95199
109335
297224
439863
515536
512722
431850
285233
95191
-109343
-297230
-439866
-515536
-512720
-431846
-285227
-95184
109350
297237
439871
515538
512719
431842
285220
95176
-109358
-297243
-439875
-515539
-512716
-431836
-285212
-95167
109366
297249
439878
515539
512713
431831
285205
95159
-109374
-297255
-439882
-515540
-512711
-431825
-285197
-95150
109383
297263
439887
515542
512710
431822
285192
95144
-109389
-297269
-439892
-515544
-512709
-431818
-285186
-95136
109397
297275
439895
515545
512707
431813
285179
95129
-109404
-297281
-439899
-515546
-512705
-431808
-285172
-95121
109412
297288
439904
515548
512703
431803
285164
95111
-109422
-297296
-439909
-515549
-512701
-431798
-285157
-95103
109430
297303
439914
515551
512700
431794
285151
95095
-109438
-297310
-439919
-515553
-512698
-431789
-285143
-95086
109447
297318
439925
515556
512698
431785
285136
95078
-109455
-297325
-439929
-515557
-512696
-431781
-285131
-95072
109461
297330
439932
515558
512694
431776
285124
95064
-109468
-297335
-439935
-515558
-512691
-431771
-285117
-95056
109476
297341
439938
515558
512688
431765
285109
95048
-109484
-297348
-439943
-515560
-512687
-431761
-285103
-95040
109492
297355
439948
515562
512686
431757
285096
95032
-109500
-297362
-439953
-515564
-512684
-431752
-285089
-95024
109508
297368
439956
515564
512682
431748
285083
95017
-109515
-297374
-439960
-515566
-512681
-431744
-285077
-95009
109523
297381
439965
515568
512679
431739
285070
95001
-109531
-297388
-439970
-515569
-512677
-431734
-285062
-94992
109540
297395
439974
515570
512675
431729
285055
94984
-109547
-297401
-439978
-515571
-512672
-431723
-285047
-94975
109556
297408
439982
515572
512671
431719
285042
94969
-109562
-297413
-439985
-515573
-512669
-431715
-285036
-94962
109569
297419
439989
515574
512667
431710
285029
94954
-109577
-297425
-439993
-515575
-512665
-431705
-285021
-94945
109586
297433
439998
515576
512662
431699
285013
94936
-109594
-297439
-440002
-515578
-512661
-431695
-285007
-94928
109603
297447
440007
515579
512658
431689
284999
94920
-109610
-297452
-440009
-515578
-512654
-431683
-284991
-94912
109617
297457
440012
515578
512651
431677
284984
94904
-109625
-297464
-440016
-515579
-512649
-431672
-284976
-94895
109633
297470
440020
515580
512647
431667
284969
94887
-109641
-297477
-440024
-515581
-512644
-431661
-284961
-94878
109650
297484
440029
515582
512642
431656
284954
94870
-109658
-297491
-440033
-515584
-512641
-431652
-284947
-94861
109666
297498
440038
515585
512638
431646
284939
94853
-109674
-297504
-440041
-515585
-512636
-431642
-284933
-94845
109682
297511
440046
515587
512634
431636
284925
94836
-109691
-297518
-440050
-515588
-512632
-431631
-284918
-94828
109699
297525
440055
515590
512630
431626
284910
94819
-109708
-297532
-440059
-515591
-512628
-431621
-284903
-94811
109715
297538
440063
515592
512626
431616
284896
94803
-109723
-297544
-440067
-515593
-512624
-431612
-284891
-94797
109729
297550
440071
515594
512622
431607
284884
94789
-109737
-297556
-440075
-515596
-512621
-431603
-284877
-94780
109746
297564
440080
515597
512618
431597
284868
94770
-109756
-297572
-440085
-515599
-512617
-431593
-284862
-94763
109763
297578
440089
515600
512615
431588
284855
94755
-109770
-297584
-440093
-515601
-512613
-431583
-284848
-94747
109778
297591
440098
515603
512611
431578
284841
94739
-109786
-297597
-440101
-515603
-512608
-431573
-284834
-94731
109794
297603
440105
515604
512606
431568
284827
94723
-109802
-297610
-440109
-515605
-512604
-431563
-284820
-94715
109809
297616
440113
515606
512602
431558
284813
94708
-109816
-297621
-440116
-515606
-512599
-431553
-284807
-94701
109823
297627
440120
515608
512599
431550
284801
94694
-109830
-297633
-440124
-515609
-512596
-431545
-284794
-94685
109839
297640
440128
515610
512594
431540
284787
94678
-109846
-297646
-440132
-515611
-512593
-431536
-284781
-94670
109854
297654
440138
515615
512593
431533
284775
94662
-109862
-297661
-440143
-515617
-512592
-431529
-284769
-94655
109870
297668
440148
515619
512591
431525
284762
94646
-109879
-297675
-440152
-515620
-512588
-431519
-284754
-94638
109886
297681
440156
515621
512587
431515
284748
94630
-109894
-297688
-440161
-515623
-512585
-431510
-284741
-94622
109903
297696
440167
515626
512585
431507
284735
94614
-109911
-297703
-440172
-515629
-512585
-431504
-284730
-94608
109917
297708
440176
515630
512583
431500
284724
94601
-109924
-297715
-440181
-515633
-512583
-431496
-284718
-94593
109933
297722
440185
515634
512582
431493
284712
94586
-109940
-297729
-440190
-515636
-512580
-431488
-284705
-94578
109948
297735
440194
515637
512578
431483
284698
94570
-109956
-297742
-440199
-515639
-512577
-431479
-284691
-94561
109965
297750
440204
515641
512575
431474
284684
94553
-109973
-297757
-440209
-515643
-512574
-431469
-284676
-94544
109982
297764
440214
515644
512572
431464
284669
94535
-109991
-297771
-440218
-515645
-512569
-431459
-284662
-94528
109997
297776
440221
515646
512567
431454
284655
94520
-110005
-297783
-440225
-515646
-512564
-431448
-284648
-94512
110013
297789
440229
515647
512562
431443
284640
94503
-110021
-297796
-440233
-515648
-512560
-431438
-284633
-94495
110029
297802
440237
515650
512559
431434
284627
94488
-110037
-297809
-440242
-515651
-512556
-431429
-284620
-94480
110044
297815
440246
515653
512555
431425
284614
94473
-110051
-297821
-440250
-515654
-512554
-431421
-284607
-94464
110060
297829
440255
515656
512552
431416
284600
94456
-110068
-297835
-440259
-515657
-512550
-431412
-284595
-94450
110074
297840
440262
515658
512549
431408
284588
94442
-110082
-297847
-440267
-515660
-512548
-431404
-284582
-94435
110089
297853
440271
515661
512546
431400
284576
94428
-110096
-297859
-440275
-515663
-512545
-431396
-284570
-94420
110104
297866
440280
515664
512543
431391
284563
94412
-110112
-297872
-440284
-515666
-512542
-431387
-284557
-94405
110119
297878
440288
515667
512540
431382
284550
94397
-110127
-297885
-440292
-515668
-512537
-431376
-284542
-94389
110135
297891
440296
515669
512535
431372
284535
94380
-110144
-297899
-440301
-515671
-512534
-431367
-284528
-94371
110153
297907
440307
515673
512532
431362
284520
94362
-110162
-297914
-440311
-515674
-512530
-431357
-284513
-94354
110170
297921
440316
515676
512528
431352
284506
94346
-110178
-297928
-440320
-515677
-512526
-431347
-284499
-94338
110186
297934
440324
515678
512524
431342
284491
94329
-110194
-297941
-440329
-515680
-512523
-431338
-284485
-94321
110203
297949
440335
515683
512523
431335
284479
94313
-110211
-297956
-440340
-515685
-512521
-431330
-284472
-94306
110218
297962
440343
515686
512519
431325
284465
94298
-110225
-297967
-440346
-515686
-512516
-431319
-284457
-94289
110234
297975
440351
515687
512514
431314
284450
94281
-110242
-297981
-440355
-515688
-512512
-431310
-284444
-94274
110249
297987
440359
515690
512511
431306
284438
94267
-110256
-297993
-440363
-515691
-512509
-431301
-284431
-94258
110265
298001
440368
515693
512508
431297
284424
94250
-110273
-298008
-440373
-515695
-512506
-431292
-284417
-94241
110282
298016
440379
515697
512505
431288
284410
94233
-110290
-298022
-440383
-515699
-512503
-431283
-284403
-94225
110298
298029
440387
515700
512502
431279
284397
94218
-110305
-298035
-440392
-515702
-512501
-431275
-284391
-94211
110312
298041
440396
515704
512499
431270
284384
94202
-110321
-298049
-440401
-515705
-512497
-431265
-284377
-94194
110329
298056
440406
515707
512496
431261
284370
94186
-110337
-298062
-440409
-515707
-512493
-431255
-284362
-94177
110345
298068
440412
515707
512490
431250
284355
94170
-110352
-298074
-440416
-515708
-512488
-431245
-284349
-94163
110359
298080
440420
515710
512487
431242
284343
94155
-110367
-298087
-440426
-515713
-512487
-431239
-284338
-94148
110375
298095
440432
515717
512487
431235
284331
94140
-110383
-298101
-440435
-515716
-512484
-431230
-284325
-94133
110390
298107
440439
515718
512483
431226
284318
94125
-110398
-298114
-440444
-515720
-512481
-431221
-284311
-94117
110406
298120
440448
515721
512480
431217
284305
94110
-110413
-298126
-440452
-515722
-512477
-431211
-284297
-94101
110422
298134
440457
515724
512476
431207
284290
94092
-110430
-298140
-440461
-515725
-512474
-431202
-284283
-94085
110437
298146
440464
515725
512471
431197
284277
94077
-110445
-298152
-440468
-515726
-512469
-431192
-284270
-94070
110452
298158
440472
515728
512468
431189
284265
94064
-110458
-298163
-440475
-515728
-512466
-431185
-284259
-94057
110465
298169
440479
515730
512465
431181
284253
94049
-110473
-298176
-440484
-515732
-512463
-431176
-284246
-94041
110481
298183
440488
515732
512460
431170
284237
94032
-110489
-298189
-440492
-515734
-512459
-431166
-284231
-94024
110497
298196
440497
515736
512458
431162
284225
94016
-110506
-298204
-440502
-515737
-512455
-431156
-284216
-94007
110514
298210
440506
515738
512453
431151
284209
93999
-110522
-298217
-440510
-515739
-512451
-431146
-284202
-93991
110530
298223
440514
515740
512449
431141
284195
93983
-110538
-298230
-440519
-515742
-512447
-431136
-284188
-93974
110546
298237
440523
515743
512445
431131
284181
93967
-110553
-298242
-440526
-515743
-512442
-431126
-284174
-93958
110562
298250
440532
515746
512442
431122
284167
93950
-110570
-298257
-440537
-515748
-512440
-431117
-284160
-93942
110578
298263
440540
515748
512437
431112
284153
93934
-110586
-298270
-440544
-515749
-512435
-431107
-284146
-93926
110594
298276
440548
515750
512433
431102
284139
93918
-110601
-298282
-440552
-515751
-512431
-431097
-284131
-93908
110611
298291
440558
515754
512430
431093
284125
93901
-110619
-298298
-440563
-515756
-512429
-431088
-284118
-93893
110627
298304
440567
515757
512427
431084
284112
93886
-110634
-298311
-440572
-515760
-512427
-431081
-284106
-93878
110642
298317
440576
515761
512425
431076
284099
93871
-110649
-298323
-440580
-515762
-512423
-431072
-284093
-93863
110657
298330
440585
515764
512422
431067
284086
93855
-110665
-298337
-440589
-515765
-512420
-431063
-284080
-93848
110672
298343
440593
515766
512418
431058
284073
93840
-110680
-298350
-440598
-515768
-512416
-431053
-284065
-93831
110688
298356
440601
515768
512413
431047
284057
93822
-110697
-298363
-440606
-515770
-512412
-431043
-284051
-93814
110705
298370
440611
515772
512411
431039
284044
93806
-110713
-298377
-440616
-515774
-512409
-431034
-284037
-93798
110721
298384
440620
515775
512407
431029
284030
93790
-110729
-298390
-440623
-515775
-512404
-431024
-284024
-93783
110735
298395
440626
515775
512401
431018
284016
93775
-110743
-298401
-440630
-515776
-512399
-431013
-284009
-93767
110751
298408
440634
515777
512397
431008
284002
93758
-110760
-298415
-440639
-515779
-512395
-431003
-283994
-93749
110768
298422
440643
515780
512393
430998
283987
93741
-110776
-298428
-440647
-515781
-512391
-430993
-283980
-93733
110784
298435
440651
515782
512389
430989
283974
93726
-110791
-298441
-440655
-515783
-512387
-430984
-283968
-93720
110796
298445
440658
515784
512386
430981
283962
93712
-110805
-298453
-440664
-515787
-512385
-430977
-283955
-93704
110813
298460
440669
515789
512384
430973
283950
93697
-110820
-298466
-440673
-515791
-512383
-430969
-283943
-93688
110830
298475
440679
515793
512382
430965
283936
93680
-110838
-298481
-440683
-515794
-512380
-430959
-283928
-93671
110847
298489
440688
515796
512378
430954
283920
93662
-110856
-298497
-440694
-515799
-512377
-430949
-283913
-93653
110865
298505
440700
515802
512377
430946
283907
93645
-110874
-298514
-440707
-515806
-512377
-430943
-283901
-93637
110882
298520
440711
515807
512375
430938
283894
93630
-110889
-298526
-440714
-515807
-512372
-430932
-283886
-93621
110897
298532
440718
515808
512370
430928
283880
93613
-110905
-298539
-440723
-515810
-512369
-430924
-283874
-93606
110912
298545
440727
515811
512367
430919
283867
93598
-110920
-298551
-440730
-515812
-512365
-430914
-283860
-93591
110927
298557
440734
515813
512363
430910
283854
93583
-110935
-298564
-440739
-515815
-512362
-430906
-283847
-93575
110943
298571
440744
515817
512360
430900
283839
93566
-110952
-298578
-440748
-515818
-512358
-430896
-283833
-93559
110959
298584
440752
515819
512357
430892
283827
93551
-110967
-298591
-440757
-515821
-512355
-430887
-283820
-93543
110975
298598
440761
515822
512353
430882
283812
93534
-110983
-298604
-440765
-515822
-512349
-430875
-283804
-93526
110991
298610
440768
515823
512348
430872
283799
93519
-110998
-298616
-440772
-515824
-512346
-430867
-283792
-93512
111005
298622
440776
515826
512345
430864
283787
93505
-111012
-298629
-440781
-515828
-512344
-430859
-283779
-93496
111021
298636
440786
515830
512343
430855
283773
93489
-111028
-298642
-440790
-515831
-512341
-430851
-283767
-93482
111035
298648
440794
515833
512340
430847
283761
93474
-111043
-298655
-440799
-515835
-512339
-430843
-283754
-93466
111052
298663
440805
515837
512337
430838
283747
93458
-111060
-298669
-440809
-515839
-512336
-430834
-283741
-93450
111068
298677
440814
515841
512335
430830
283734
93442
-111076
-298683
-440818
-515842
-512333
-430825
-283727
-93434
111083
298689
440822
515843
512331
430820
283720
93426
-111092
-298697
-440828
-515846
-512330
-430816
-283714
-93418
111100
298704
440832
515847
512328
430811
283707
93410
-111108
-298710
-440836
-515849
-512328
-430809
-283702
-93404
111114
298716
440841
515851
512327
430805
283696
93397
-111121
-298722
-440845
-515853
-512326
-430801
-283690
-93389
111129
298729
440849
515853
512323
430796
283683
93382
-111136
-298735
-440854
-515856
-512323
-430792
-283677
-93374
111144
298742
440859
515858
512322
430789
283671
93367
-111151
-298748
-440863
-515860
-512321
-430785
-283665
-93359
111160
298756
440869
515863
512321
430781
283658
93351
-111168
-298763
-440873
-515864
-512318
-430776
-283651
-93343
111176
298770
440878
515866
512317
430772
283645
93335
-111185
-298778
-440884
-515869
-512317
-430768
-283638
-93326
111194
298785
440888
515869
512313
430761
283629
93317
-111202
-298791
-440892
-515870
-512311
-430757
-283623
-93310
111209
298797
440896
515872
512310
430753
283618
93304
-111215
-298803
-440900
-515874
-512310
-430751
-283613
-93297
111223
298810
440905
515876
512309
430747
283607
93290
-111230
-298816
-440909
-515877
-512307
-430742
-283600
-93282
111238
298823
440914
515879
512305
430737
283593
93274
-111246
-298829
-440918
-515881
-512305
-430734
-283587
-93266
111254
298837
440924
515884
512304
430730
283580
93258
-111262
-298844
-440929
-515886
-512303
-430726
-283574
-93250
111271
298852
440935
515889
512303
430722
283567
93241
-111280
-298859
-440939
-515889
-512299
-430715
-283558
-93232
111288
298865
440942
515889
512295
430708
283549
93222
-111298
-298873
-440947
-515890
-512293
-430703
-283542
-93214
111305
298879
440951
515892
512292
430700
283537
93208
-111312
-298885
-440955
-515893
-512290
-430695
-283530
-93200
111319
298891
440959
515894
512288
430690
283523
93192
-111327
-298897
-440963
-515896
-512287
-430687
-283518
-93185
111335
298905
440969
515899
512287
430683
283511
93177
-111343
-298912
-440974
-515901
-512286
-430679
-283505
-93169
111351
298919
440979
515903
512285
430676
283500
93163
-111358
-298925
-440983
-515905
-512284
-430672
-283494
-93156
111364
298930
440986
515906
512283
430669
283489
93150
-111370
-298935
-440990
-515907
-512281
-430664
-283482
-93142
111378
298942
440994
515908
512279
430660
283476
93135
-111385
-298948
-440998
-515910
-512278
-430656
-283470
-93128
111392
298954
441002
515911
512277
430652
283464
93120
-111400
-298961
-441007
-515913
-512276
-430649
-283459
-93114
111407
298967
441011
515915
512275
430645
283452
93106
-111415
-298974
-441016
-515917
-512273
-430640
-283445
-93098
111422
298979
441019
515917
512271
430635
283439
93091
-111429
-298985
-441022
-515917
-512268
-430630
-283432
-93083
111437
298991
441026
515918
512266
430625
283425
93076
-111444
-298997
-441030
-515920
-512265
-430622
-283420
-93069
111451
299004
441036
515923
512265
430618
283413
93060
-111460
-299011
-441040
-515924
-512263
-430613
-283406
-93052
111468
299018
441044
515925
512260
430607
283398
93044
-111476
-299024
-441048
-515926
-512258
-430603
-283392
-93036
111484
299031
441053
515928
512257
430598
283384
93027
-111493
-299039
-441058
-515929
-512254
-430592
-283376
-93018
111501
299045
441061
515929
512251
430587
283369
93010
-111509
-299051
-441065
-515930
-512249
-430582
-283362
-93002
111517
299058
441070
515932
512248
430578
283356
92995
-111524
-299064
-441074
-515934
-512247
-430574
-283350
-92988
111530
299069
441077
515934
512244
430569
283343
92981
-111537
-299074
-441080
-515935
-512242
-430564
-283336
-92972
111546
299082
441085
515936
512240
430559
283329
92964
-111554
-299089
-441090
-515938
-512239
-430555
-283322
-92956
111562
299095
441093
515938
512236
430549
283314
92947
-111570
-299101
-441097
-515939
-512233
-430544
-283308
-92940
111577
299108
441102
515941
512232
430540
283302
92933
-111584
-299114
-441106
-515943
-512231
-430536
-283295
-92924
111594
299122
441111
515944
512229
430531
283288
92916
-111601
-299128
-441115
-515945
-512227
-430526
-283280
-92907
111610
299136
441120
515947
512225
430521
283274
92900
-111617
-299141
-441123
-515948
-512224
-430517
-283268
-92893
111624
299147
441127
515949
512222
430513
283261
92885
-111632
-299154
-441132
-515951
-512220
-430508
-283254
-92877
111640
299161
441137
515953
512219
430504
283248
92870
-111647
-299166
-441140
-515954
-512218
-430501
-283243
-92864
111653
299172
441144
515955
512216
430496
283236
92855
-111662
-299179
-441148
-515956
-512214
-430491
-283229
-92848
111669
299185
441153
515958
512213
430487
283223
92840
-111677
-299192
-441158
-515961
-512213
-430484
-283217
-92833
111684
299198
441162
515962
512211
430479
283210
92825
-111692
-299205
-441166
-515963
-512209
-430475
-283204
-92818
111699
299211
441170
515964
512207
430470
283198
92811
-111706
-299216
-441173
-515965
-512205
-430466
-283192
-92804
111713
299223
441178
515967
512204
430462
283185
92795
-111722
-299230
-441183
-515969
-512203
-430457
-283178
-92787
111730
299237
441188
515971
512201
430453
283172
92780
-111737
-299243
-441192
-515973
-512201
-430450
-283166
-92773
111744
299249
441195
515973
512198
430444
283158
92764
-111753
-299256
-441200
-515975
-512196
-430440
-283152
-92757
111760
299262
441204
515976
512194
430435
283145
92749
-111767
-299268
-441207
-515976
-512192
-430430
-283139
-92742
111774
299273
441210
515977
512190
430426
283133
92735
-111781
-299280
-441216
-515980
-512190
-430423
-283127
-92727
111790
299288
441221
515982
512188
430417
283119
92718
-111798
-299294
-441225
-515983
-512186
-430413
-283112
-92710
111806
299301
441229
515984
512184
430408
283106
92703
-111813
-299307
-441234
-515986
-512183
-430404
-283100
-92696
111820
299313
441238
515988
512183
430402
283095
92689
-111828
-299320
-441243
-515991
-512183
-430399
-283090
-92683
111835
299327
441248
515993
512182
430395
283084
92676
-111842
-299332
-441252
-515994
-512180
-430390
-283077
-92667
111851
299340
441257
515996
512178
430385
283069
92658
-111860
-299348
-441262
-515998
-512177
-430381
-283063
-92651
111867
299354
441266
515999
512175
430376
283056
92643
-111875
-299360
-441270
-516000
-512173
-430372
-283050
-92635
111883
299367
441275
516002
512172
430367
283042
92626
-111892
-299375
-441280
-516004
-512170
-430362
-283035
-92618
111900
299382
441285
516006
512169
430358
283028
92609
-111909
-299389
-441290
-516008
-512167
-430353
-283021
-92601
111917
299396
441294
516009
512165
430348
283014
92593
-111924
-299402
-441298
-516010
-512163
-430343
-283007
-92585
111932
299408
441301
516010
512160
430338
283000
92577
-111940
-299415
-441306
-516012
-512159
-430334
-282994
-92570
111947
299421
441310
516013
512157
430329
282987
92562
-111955
-299428
-441315
-516015
-512156
-430325
-282980
-92554
111963
299434
441319
516016
512154
430320
282973
92546
-111970
-299440
-441322
-516017
-512152
-430316
-282967
-92538
111979
299448
441328
516020
512152
430312
282961
92531
-111986
-299454
-441332
-516021
-512150
-430308
-282954
-92523
111994
299461
441338
516024
512149
430304
282948
92516
-112001
-299467
-441341
-516024
-512146
-430298
-282941
-92508
112009
299473
441345
516026
512146
430295
282935
92501
-112016
-299479
-441349
-516027
-512144
-430290
-282928
-92492
112025
299487
441355
516030
512143
430286
282921
92484
-112033
-299494
-441360
-516032
-512142
-430282
-282915
-92476
112042
299502
441365
516034
512141
430278
282909
92469
-112049
-299508
-441369
-516035
-512139
-430273
-282901
-92460
112057
299514
441373
516036
512137
430269
282896
92454
-112064
-299521
-441378
-516039
-512137
-430266
-282890
-92446
112072
299528
441383
516041
512135
430261
282883
92438
-112080
-299535
-441388
-516043
-512134
-430257
-282876
-92429
112089
299542
441392
516044
512132
430252
282870
92423
-112095
-299547
-441396
-516045
-512130
-430247
-282863
-92415
112103
299554
441400
516046
512128
430242
282855
92406
-112111
-299560
-441403
-516046
-512125
-430237
-282849
-92399
112118
299566
441407
516048
512124
430233
282843
92392
-112125
-299572
-441411
-516049
-512122
-430229
-282836
-92384
112133
299579
441417
516052
512122
430226
282831
92377
-112141
-299586
-441422
-516055
-512122
-430222
-282824
-92369
112149
299593
441426
516055
512119
430217
282817
92361
-112157
-299600
-441431
-516057
-512117
-430211
-282809
-92352
112165
299606
441434
516057
512115
430207
282803
92345
-112172
-299611
-441437
-516057
-512112
-430202
-282797
-92338
112178
299616
441440
516058
512110
430197
282790
92331
-112185
-299622
-441444
-516059
-512108
-430192
-282783
-92322
112194
299629
441448
516060
512106
430187
282776
92314
-112202
-299636
-441453
-516062
-512104
-430182
-282769
-92306
112210
299643
441458
516064
512103
430178
282762
92298
-112218
-299650
-441463
-516066
-512102
-430175
-282757
-92291
112225
299656
441467
516068
512101
430170
282749
92282
-112234
-299664
-441472
-516069
-512099
-430165
-282742
-92274
112242
299670
441476
516071
512098
430162
282737
92267
-112250
-299678
-441482
-516074
-512097
-430158
-282730
-92259
112258
299685
441487
516076
512096
430153
282723
92250
-112267
-299692
-441491
-516076
-512093
-430147
-282715
-92242
112274
299698
441495
516078
512092
430144
282709
92234
-112283
-299706
-441501
-516080
-512090
-430138
-282701
-92225
112291
299712
441504
516081
512088
430134
282695
92218
-112299
-299719
-441509
-516083
-512087
-430130
-282689
-92211
112305
299724
441512
516084
512086
430127
282684
92205
-112312
-299730
-441517
-516086
-512085
-430123
-282678
-92198
112319
299736
441521
516087
512083
430118
282671
92189
-112328
-299744
-441526
-516089
-512081
-430113
-282663
-92180
112336
299750
441529
516089
512078
430107
282656
92173
-112343
-299755
-441532
-516089
-512076
-430103
-282650
-92166
112350
299762
441537
516092
512075
430099
282644
92158
-112358
-299769
-441542
-516093
-512073
-430094
-282637
-92150
112366
299775
441545
516094
512071
430089
282630
92143
-112373
-299781
-441550
-516096
-512070
-430085
-282623
-92134
112382
299789
441556
516099
512070
430082
282618
92127
-112389
-299795
-441560
-516100
-512068
-430078
-282612
-92120
112396
299801
441564
516102
512067
430074
282605
92112
-112404
-299808
-441568
-516103
-512065
-430069
-282599
-92105
112411
299813
441571
516103
512063
430065
282593
92098
-112418
-299819
-441575
-516105
-512062
-430061
-282586
-92090
112426
299826
441580
516106
512059
430055
282579
92082
-112434
-299832
-441583
-516107
-512057
-430050
-282572
-92074
112442
299839
441588
516109
512056
430046
282565
92066
-112450
-299846
-441593
-516110
-512054
-430041
-282558
-92058
112457
299852
441596
516111
512052
430037
282552
92050
-112465
-299858
-441600
-516112
-512050
-430032
-282545
-92043
112472
299864
441604
516113
512048
430028
282539
92036
-112479
-299870
-441608
-516115
-512047
-430024
-282533
-92028
112487
299877
441613
516117
512046
430020
282527
92021
-112494
-299883
-441617
-516118
-512044
-430016
-282521
-92014
112501
299889
441621
516120
512043
430012
282515
92007
-112508
-299895
-441625
-516121
-512042
-430008
-282508
-91999
112516
299902
441630
516123
512040
430003
282501
91990
-112525
-299909
-441635
-516125
-512039
-429999
-282495
-91983
112533
299917
441641
516128
512038
429995
282488
91974
-112542
-299924
-441645
-516129
-512036
-429990
-282481
-91967
112549
299930
441649
516130
512034
429985
282474
91958
-112557
-299936
-441652
-516130
-512031
-429979
-282466
-91950
112565
299942
441656
516131
512029
429974
282459
91942
-112573
-299949
-441660
-516132
-512026
-429968
-282451
-91933
112581
299956
441664
516132
512023
429963
282444
91925
-112589
-299962
-441668
-516134
-512023
-429960
-282439
-91919
112595
299967
441672
516135
512021
429955
282432
91911
-112603
-299974
-441676
-516136
-512019
-429951
-282426
-91904
112610
299980
441680
516138
512018
429947
282420
91897
-112617
-299986
-441685
-516140
-512017
-429943
-282414
-91889
112625
299993
441689
516141
512015
429939
282407
91881
-112633
-299999
-441693
-516143
-512014
-429934
-282400
-91873
112641
300006
441698
516144
512012
429930
282394
91866
-112648
-300012
-441702
-516146
-512011
-429926
-282388
-91859
112655
300018
441706
516147
512009
429921
282381
91851
-112663
-300025
-441710
-516148
-512007
-429917
-282375
-91843
112671
300032
441715
516151
512007
429914
282370
91837
-112678
-300038
-441720
-516153
-512006
-429910
-282363
-91829
112686
300045
441725
516155
512005
429906
282357
91821
-112694
-300052
-441730
-516158
-512005
-429903
-282351
-91814
112701
300058
441734
516159
512003
429898
282345
91807
-112708
-300064
-441737
-516159
-512000
-429893
-282338
-91799
112715
300069
441740
516160
511998
429888
282331
91791
-112724
-300077
-441746
-516162
-511996
-429883
-282323
-91782
112732
300084
441750
516163
511994
429878
282316
91773
-112741
-300091
-441755
-516165
-511992
-429873
-282309
-91765
112749
300098
441759
516166
511990
429868
282301
91756
-112758
-300106
-441765
-516169
-511990
-429864
-282295
-91748
112767
300114
441771
516171
511988
429859
282287
91739
-112775
-300120
-441774
-516171
-511985
-429853
-282279
-91731
112783
300126
441777
516171
511982
429848
282273
91724
-112789
-300131
-441781
-516173
-511981
-429844
-282266
-91716
112797
300138
441785
516174
511979
429839
282259
91708
-112805
-300144
-441789
-516175
-511977
-429835
-282254
-91702
112811
300150
441793
516177
511977
429832
282249
91695
-112819
-300157
-441798
-516179
-511976
-429828
-282242
-91687
112827
300164
441803
516181
511974
429823
282235
91679
-112835
-300171
-441808
-516183
-511973
-429819
-282228
-91670
112844
300178
441812
516184
511971
429814
282221
91662
-112852
-300185
-441817
-516186
-511969
-429809
-282214
-91654
112860
300192
441822
516188
511968
429805
282207
91645
-112869
-300199
-441826
-516189
-511966
-429800
-282200
-91637
112877
300206
441831
516190
511964
429795
282193
91629
-112884
-300212
-441835
-516192
-511963
-429791
-282187
-91622
112891
300218
441839
516193
511961
429787
282181
91615
-112899
-300225
-441844
-516195
-511960
-429782
-282174
-91607
112906
300230
441847
516196
511958
429778
282168
91600
-112914
-300237
-441852
-516198
-511957
-429774
-282162
-91593
112921
300243
441855
516198
511954
429769
282156
91587
-112926
-300247
-441857
-516198
-511952
-429765
-282150
-91579
112934
300254
441862
516200
511951
429761
282143
91571
-112942
-300260
-441866
-516201
-511948
-429755
-282135
-91562
112950
300266
441869
516201
511945
429749
282127
91553
-112959
-300274
-441874
-516202
-511942
-429743
-282119
-91545
112966
300279
441877
516202
511940
429739
282113
91537
-112974
-300286
-441882
-516205
-511940
-429736
-282108
-91531
112981
300293
441887
516207
511939
429732
282101
91523
-112989
-300300
-441892
-516209
-511937
-429727
-282094
-91514
112998
300307
441896
516210
511935
429722
282087
91506
-113006
-300313
-441900
-516211
-511933
-429717
-282080
-91498
113013
300319
441904
516212
511931
429712
282073
91490
-113021
-300326
-441908
-516213
-511929
-429707
-282066
-91483
113028
300331
441911
516213
511926
429702
282059
91475
-113035
-300337
-441915
-516215
-511925
-429698
-282053
-91468
113043
300344
441920
516217
511924
429694
282047
91460
-113051
-300351
-441924
-516218
-511922
-429689
-282040
-91452
113059
300357
441928
516219
511919
429683
282031
91442
-113068
-300365
-441933
-516220
-511917
-429678
-282024
-91434
113076
300371
441937
516222
511916
429674
282018
91427
-113083
-300377
-441941
-516223
-511914
-429670
-282012
-91420
113090
300383
441945
516224
511912
429665
282005
91412
-113097
-300388
-441948
-516225
-511910
-429661
-282000
-91406
113103
300393
441951
516225
511908
429656
281993
91398
-113111
-300400
-441955
-516226
-511906
-429652
-281987
-91391
113118
300406
441959
516227
511903
429646
281979
91383
-113126
-300412
-441962
-516227
-511900
-429641
-281972
-91375
113133
300417
441965
516228
511899
429637
281966
91368
-113140
-300423
-441969
-516229
-511896
-429631
-281958
-91359
113149
300430
441973
516229
511893
429625
281950
91350
-113157
-300437
-441978
-516231
-511892
-429621
-281944
-91343
113165
300444
441983
516233
511891
429617
281937
91334
-113174
-300451
-441987
-516234
-511888
-429611
-281929
-91325
113182
300458
441992
516236
511887
429607
281923
91318
-113190
-300465
-441997
-516238
-511886
-429603
-281916
-91310
113198
300472
442002
516240
511885
429599
281910
91302
-113206
-300479
-442006
-516241
-511882
-429593
-281902
-91294
113213
300484
442009
516241
511880
429589
281896
91286
-113221
-300491
-442014
-516243
-511878
-429584
-281889
-91279
113228
300496
442016
516243
511876
429579
281882
91271
-113235
-300502
-442020
-516244
-511874
-429575
-281876
-91264
113243
300510
442026
516247
511873
429570
281868
91254
-113253
-300518
-442031
-516248
-511871
-429565
-281861
-91246
113261
300525
442036
516250
511869
429560
281854
91238
-113268
-300530
-442039
-516251
-511867
-429555
-281847
-91230
113276
300537
442044
516253
511866
429552
281841
91222
-113284
-300544
-442048
-516254
-511864
-429547
-281835
-91216
113290
300549
442051
516254
511862
429542
281828
91208
-113298
-300555
-442055
-516256
-511861
-429539
-281823
-91201
113305
300561
442059
516257
511859
429534
281816
91194
-113312
-300567
-442063
-516259
-511858
-429531
-281811
-91187
113319
300573
442068
516261
511857
429527
281805
91180
-113326
-300579
-442071
-516261
-511855
-429523
-281799
-91173
113333
300585
442075
516262
511853
429518
281792
91166
-113340
-300591
-442079
-516264
-511852
-429514
-281786
-91158
113348
300598
442084
516266
511851
429510
281780
91151
-113355
-300604
-442088
-516268
-511850
-429507
-281775
-91144
113363
300611
442094
516271
511850
429504
281769
91137
-113370
-300617
-442098
-516273
-511849
-429500
-281763
-91130
113377
300623
442102
516274
511847
429495
281756
91122
-113384
-300629
-442105
-516274
-511844
-429490
-281749
-91114
113392
300635
442109
516275
511842
429485
281742
91106
-113400
-300642
-442114
-516277
-511841
-429481
-281736
-91099
113407
300648
442117
516277
511838
429476
281729
91091
-113415
-300654
-442121
-516278
-511835
-429469
-281720
-91082
113423
300660
442124
516278
511833
429465
281714
91074
-113431
-300667
-442128
-516279
-511830
-429459
-281706
-91066
113438
300672
442131
516279
511827
429454
281700
91059
-113445
-300678
-442135
-516281
-511827
-429451
-281694
-91052
113452
300684
442139
516282
511825
429447
281688
91044
-113460
-300691
-442144
-516284
-511824
-429442
-281681
-91036
113468
300698
442149
516286
511822
429437
281674
91028
-113476
-300705
-442154
-516288
-511821
-429433
-281667
-91019
113486
300714
442160
516291
511820
429429
281660
91011
-113494
-300721
-442165
-516293
-511820
-429426
-281655
-91004
113502
300728
442170
516295
511818
429421
281648
90996
-113509
-300733
-442173
-516296
-511816
-429416
-281641
-90988
113517
300740
442178
516298
511816
429413
281636
90982
-113524
-300746
-442182
-516299
-511813
-429408
-281629
-90974
113531
300751
442184
516298
511810
429403
281623
90968
-113536
-300755
-442187
-516299
-511808
-429398
-281616
-90960
113544
300762
442191
516300
511807
429395
281611
90954
-113550
-300767
-442195
-516302
-511806
-429391
-281605
-90947
113557
300773
442199
516304
511805
429388
281600
90940
-113564
-300779
-442203
-516305
-511803
-429383
-281592
-90931
113573
300787
442208
516306
511801
429378
281585
90923
-113582
-300795
-442214
-516309
-511800
-429374
-281579
-90916
113589
300801
442218
516311
511799
429370
281572
90907
-113597
-300807
-442221
-516310
-511795
-429363
-281564
-90899
113604
300812
442224
516310
511792
429358
281557
90891
-113612
-300819
-442229
-516313
-511792
-429355
-281552
-90884
113620
300826
442234
516315
511791
429351
281545
90876
-113628
-300833
-442238
-516316
-511789
-429346
-281538
-90868
113636
300839
442242
516317
511787
429341
281531
90861
-113642
-300844
-442245
-516318
-511785
-429337
-281525
-90853
113650
300851
442250
516320
511784
429333
281519
90846
-113658
-300859
-442256
-516323
-511784
-429329
-281512
-90837
113667
300866
442260
516324
511781
429323
281504
90828
-113675
-300872
-442264
-516324
-511778
-429317
-281496
-90819
113684
300880
442269
516326
511776
429312
281489
90811
-113692
-300886
-442273
-516327
-511774
-429308
-281483
-90804
113699
300892
442277
516328
511772
429303
281476
90796
-113707
-300899
-442281
-516329
-511770
-429298
-281468
-90787
113715
300905
442285
516330
511768
429293
281461
90779
-113723
-300912
-442289
-516331
-511766
-429288
-281454
-90771
113731
300918
442292
516331
511762
429281
281446
90763
-113738
-300923
-442295
-516331
-511760
-429277
-281440
-90756
113745
300929
442299
516333
511759
429274
281435
90750
-113751
-300934
-442303
-516334
-511758
-429270
-281429
-90743
113758
300941
442308
516337
511757
429266
281422
90734
-113768
-300949
-442313
-516338
-511755
-429261
-281415
-90726
113775
300955
442317
516340
511754
429257
281409
90719
-113783
-300962
-442322
-516342
-511753
-429253
-281403
-90711
113791
300969
442327
516344
511752
429249
281397
90704
-113798
-300975
-442331
-516345
-511749
-429243
-281388
-90694
113807
300982
442335
516346
511747
429239
281382
90687
-113814
-300988
-442339
-516347
-511745
-429234
-281375
-90679
113822
300995
442344
516349
511744
429230
281369
90672
-113830
-301002
-442349
-516351
-511743
-429226
-281363
-90664
113838
301009
442353
516353
511742
429222
281356
90656
-113846
-301015
-442357
-516354
-511740
-429217
-281349
-90648
113853
301021
442361
516355
511738
429212
281342
90640
-113861
-301028
-442365
-516356
-511735
-429207
-281335
-90632
113869
301034
442369
516357
511733
429202
281328
90624
-113876
-301040
-442373
-516358
-511731
-429197
-281321
-90616
113884
301046
442376
516358
511728
429192
281315
90610
-113890
-301051
-442379
-516358
-511725
-429186
-281307
-90601
113898
301057
442383
516359
511724
429182
281301
90594
-113905
-301063
-442386
-516360
-511722
-429178
-281295
-90587
113912
301069
442391
516362
511721
429174
281289
90580
-113919
-301075
-442395
-516363
-511719
-429170
-281283
-90572
113928
301083
442400
516365
511718
429166
281276
90564
-113935
-301089
-442404
-516367
-511717
-429162
-281270
-90557
113943
301096
442409
516369
511716
429158
281264
90549
-113951
-301103
-442414
-516371
-511715
-429154
-281258
-90542
113958
301109
442419
516374
511715
429151
281252
90535
-113965
-301115
-442423
-516375
-511713
-429147
-281246
-90528
113972
301121
442426
516375
511710
429142
281240
90521
-113979
-301127
-442430
-516377
-511710
-429139
-281234
-90514
113986
301133
442435
516380
511710
429136
281230
90508
-113993
-301139
-442439
-516381
-511708
-429131
-281223
-90501
113999
301144
442442
516382
511707
429128
281218
90495
-114005
-301149
-442445
-516383
-511705
-429124
-281212
-90488
114012
301155
442450
516385
511705
429122
281208
90483
-114018
-301160
-442453
-516386
-511703
-429117
-281202
-90476
114024
301165
442456
516387
511702
429114
281197
90470
-114031
-301171
-442460
-516388
-511700
-429110
-281191
-90463
114037
301176
442463
516389
511699
429106
281185
90456
-114044
-301182
-442467
-516390
-511696
-429101
-281178
-90448
114052
301189
442472
516392
511695
429096
281171
90440
-114060
-301195
-442476
-516393
-511693
-429092
-281165
-90432
114068
301202
442480
516394
511691
429087
281158
90425
-114075
-301208
-442484
-516395
-511689
-429082
-281151
-90417
114082
301213
442487
516395
511686
429077
281144
90410
-114089
-301218
-442489
-516395
-511684
-429073
-281138
-90402
114097
301225
442494
516397
511682
429067
281130
90394
-114104
-301231
-442498
-516398
-511680
-429063
-281124
-90386
114113
301239
442503
516400
511679
429059
281118
90379
-114120
-301245
-442507
-516401
-511677
-429054
-281111
-90371
114128
301251
442511
516402
511675
429049
281104
90363
-114135
-301257
-442515
-516403
-511673
-429045
-281098
-90356
114142
301263
442519
516405
511672
429041
281092
90349
-114149
-301269
-442523
-516406
-511670
-429036
-281085
-90341
114157
301275
442527
516407
511668
429032
281079
90334
-114164
-301281
-442531
-516409
-511667
-429028
-281072
-90325
114173
301289
442536
516410
511665
429022
281064
90316
-114182
-301296
-442541
-516412
-511663
-429017
-281057
-90308
114190
301304
442546
516414
511662
429013
281050
90299
-114199
-301311
-442551
-516416
-511661
-429009
-281044
-90292
114206
301317
442554
516416
511658
429004
281037
90284
-114214
-301324
-442560
-516419
-511657
-428999
-281029
-90275
114223
301332
442565
516421
511656
428995
281023
90268
-114230
-301337
-442568
-516421
-511653
-428990
-281017
-90261
114236
301342
442571
516422
511652
428986
281010
90253
-114244
-301349
-442576
-516424
-511650
-428981
-281003
-90245
114252
301355
442580
516425
511648
428977
280998
90239
-114259
-301362
-442585
-516427
-511647
-428973
-280991
-90230
114268
301369
442589
516429
511646
428969
280985
90223
-114274
-301374
-442592
-516429
-511643
-428963
-280977
-90214
114283
301381
442596
516429
511640
428958
280970
90206
-114291
-301388
-442601
-516432
-511640
-428954
-280964
-90199
114298
301394
442605
516433
511638
428950
280957
90191
-114306
-301401
-442610
-516435
-511637
-428946
-280951
-90184
114313
301407
442614
516436
511635
428941
280944
90176
-114321
-301413
-442617
-516436
-511632
-428936
-280938
-90169
114327
301418
442620
516437
511630
428931
280931
90161
-114335
-301424
-442624
-516438
-511628
-428926
-280924
-90153
114343
301431
442628
516438
511625
428921
280917
90145
-114350
-301437
-442632
-516440
-511624
-428917
-280911
-90138
114358
301444
442637
516442
511623
428913
280905
90131
-114365
-301450
-442641
-516443
-511621
-428908
-280897
-90122
114373
301456
442645
516445
511620
428904
280891
90114
-114382
-301464
-442650
-516446
-511617
-428899
-280884
-90107
114388
301469
442653
516447
511616
428895
280878
90099
-114396
-301476
-442658
-516449
-511615
-428891
-280872
-90092
114403
301481
442661
516449
511612
428886
280865
90084
-114411
-301488
-442666
-516451
-511610
-428881
-280858
-90076
114419
301495
442670
516452
511608
428876
280851
90069
-114426
-301500
-442673
-516453
-511607
-428872
-280845
-90061
114434
301507
442678
516454
511604
428867
280838
90054
-114440
-301512
-442681
-516455
-511603
-428863
-280832
-90046
114449
301520
442686
516457
511602
428859
280826
90039
-114456
-301525
-442690
-516458
-511599
-428853
-280818
-90030
114464
301532
442693
516458
511596
428847
280809
90020
-114473
-301539
-442698
-516460
-511594
-428842
-280802
-90012
114481
301546
442703
516462
511593
428838
280796
90005
-114489
-301553
-442707
-516462
-511590
-428833
-280789
-89997
114496
301558
442710
516463
511588
428828
280782
89989
-114504
-301565
-442715
-516465
-511587
-428824
-280775
-89981
114512
301571
442718
516465
511584
428818
280768
89973
-114520
-301578
-442723
-516467
-511583
-428814
-280761
-89964
114529
301586
442728
516468
511580
428807
280752
89954
-114538
-301593
-442733
-516470
-511578
-428802
-280744
-89945
114547
301600
442737
516471
511576
428798
280739
89939
-114553
-301605
-442740
-516472
-511575
-428794
-280733
-89932
114560
301612
442745
516474
511574
428791
280727
89925
-114568
-301619
-442751
-516477
-511574
-428787
-280721
-89917
114576
301625
442754
516477
511570
428781
280713
89909
-114583
-301631
-442758
-516479
-511570
-428778
-280708
-89902
114591
301638
442763
516481
511569
428774
280702
89895
-114598
-301644
-442767
-516482
-511567
-428770
-280696
-89888
114605
301650
442771
516484
511566
428766
280690
89881
-114612
-301656
-442775
-516485
-511564
-428761
-280683
-89873
114620
301663
442780
516487
511563
428757
280676
89864
-114629
-301670
-442785
-516489
-511561
-428752
-280669
-89856
114637
301677
442789
516490
511559
428747
280662
89848
-114644
-301683
-442793
-516491
-511557
-428742
-280654
-89839
114653
301690
442797
516492
511555
428737
280647
89831
-114661
-301697
-442802
-516493
-511552
-428731
-280639
-89822
114670
301704
442806
516494
511550
428726
280632
89814
-114678
-301711
-442811
-516497
-511550
-428723
-280627
-89807
114685
301717
442815
516498
511548
428719
280621
89800
-114692
-301723
-442819
-516499
-511546
-428714
-280614
-89792
114700
301730
442824
516501
511545
428710
280607
89784
-114708
-301737
-442829
-516504
-511545
-428707
-280602
-89777
114716
301744
442834
516506
511544
428703
280595
89769
-114724
-301751
-442839
-516508
-511543
-428699
-280589
-89761
114732
301758
442844
516510
511541
428694
280582
89753
-114740
-301764
-442847
-516510
-511538
-428689
-280575
-89746
114746
301769
442850
516511
511537
428685
280569
89739
-114754
-301776
-442855
-516513
-511536
-428682
-280564
-89732
114761
301782
442859
516514
511534
428676
280556
89723
-114769
-301789
-442863
-516515
-511532
-428672
-280550
-89716
114777
301796
442868
516517
511530
428667
280543
89708
-114784
-301801
-442871
-516517
-511527
-428661
-280535
-89699
114793
301808
442875
516518
511525
428656
280528
89692
-114799
-301813
-442878
-516518
-511522
-428651
-280521
-89684
114806
301818
442881
516519
511520
428646
280514
89676
-114814
-301825
-442885
-516519
-511517
-428641
-280507
-89668
114822
301831
442889
516520
511515
428636
280500
89660
-114830
-301838
-442893
-516521
-511513
-428631
-280494
-89653
114837
301844
442897
516522
511511
428626
280486
89644
-114846
-301851
-442902
-516524
-511509
-428621
-280478
-89635
114855
301859
442907
516526
511508
428617
280472
89627
-114863
-301865
-442911
-516527
-511506
-428612
-280465
-89619
114871
301873
442917
516530
511505
428608
280458
89611
-114879
-301879
-442921
-516531
-511503
-428603
-280451
-89603
114887
301886
442925
516532
511501
428597
280443
89593
-114897
-301894
-442930
-516533
-511498
-428591
-280434
-89584
114905
301900
442933
516533
511495
428586
280428
89577
-114911
-301905
-442936
-516534
-511493
-428581
-280421
-89569
114919
301912
442941
516535
511491
428576
280414
89561
-114927
-301918
-442945
-516537
-511490
-428573
-280409
-89554
114934
301925
442950
516539
511489
428569
280403
89548
-114940
-301929
-442952
-516539
-511487
-428565
-280397
-89541
114947
301935
442956
516540
511484
428559
280389
89532
-114956
-301942
-442960
-516541
-511483
-428555
-280383
-89524
114964
301950
442966
516543
511481
428550
280375
89515
-114973
-301957
-442971
-516545
-511479
-428545
-280368
-89507
114981
301964
442975
516547
511478
428540
280360
89498
-114990
-301972
-442981
-516550
-511478
-428537
-280354
-89490
114998
301979
442986
516552
511477
428533
280348
89482
-115006
-301986
-442991
-516554
-511475
-428528
-280341
-89474
115014
301993
442996
516556
511474
428524
280335
89467
-115022
-301999
-442999
-516556
-511472
-428520
-280329
-89460
115028
302004
443002
516556
511469
428515
280323
89454
-115034
-302009
-443005
-516557
-511467
-428511
-280317
-89447
115041
302015
443009
516558
511465
428506
280310
89439
-115049
-302022
-443014
-516561
-511465
-428502
-280303
-89430
115058
302029
443018
516561
511462
428496
280295
89421
-115067
-302037
-443024
-516564
-511461
-428492
-280288
-89413
115075
302043
443028
516565
511459
428487
280281
89405
-115083
-302050
-443032
-516566
-511457
-428482
-280274
-89397
115090
302056
443036
516567
511455
428478
280268
89389
-115099
-302064
-443042
-516570
-511454
-428473
-280260
-89380
115108
302072
443048
516573
511453
428469
280253
89371
-115117
-302079
-443052
-516574
-511451
-428464
-280247
-89364
115124
302085
443056
516575
511449
428459
280240
89356
-115132
-302092
-443061
-516577
-511448
-428455
-280233
-89348
115140
302099
443065
516578
511446
428450
280226
89340
-115148
-302105
-443069
-516579
-511444
-428446
-280220
-89333
115155
302111
443073
516581
511443
428442
280214
89325
-115163
-302118
-443078
-516583
-511442
-428437
-280206
-89316
115172
302126
443084
516585
511440
428433
280200
89309
-115179
-302132
-443087
-516586
-511438
-428428
-280193
-89301
115187
302138
443091
516587
511437
428424
280187
89293
-115195
-302145
-443096
-516589
-511435
-428419
-280180
-89286
115202
302151
443100
516590
511433
428415
280174
89278
-115210
-302158
-443104
-516591
-511431
-428410
-280167
-89271
115216
302163
443107
516592
511429
428405
280160
89262
-115225
-302170
-443112
-516593
-511427
-428400
-280152
-89253
115234
302177
443116
516594
511425
428395
280146
89246
-115240
-302182
-443119
-516595
-511423
-428391
-280140
-89239
115247
302188
443123
516596
511421
428386
280133
89232
-115254
-302194
-443127
-516598
-511421
-428384
-280128
-89225
115262
302201
443132
516600
511420
428380
280122
89218
-115269
-302207
-443136
-516601
-511417
-428374
-280114
-89209
115277
302213
443140
516602
511416
428370
280108
89202
-115284
-302219
-443143
-516602
-511412
-428364
-280101
-89194
115292
302226
443148
516604
511411
428359
280093
89185
-115300
-302232
-443151
-516604
-511408
-428354
-280086
-89177
115308
302239
443156
516606
511406
428349
280079
89169
-115316
-302245
-443160
-516607
-511405
-428345
-280073
-89162
115323
302251
443164
516608
511403
428341
280067
89155
-115330
-302257
-443168
-516610
-511402
-428337
-280061
-89147
115339
302265
443174
516613
511401
428332
280053
89138
-115348
-302273
-443179
-516614
-511398
-428326
-280045
-89129
115357
302281
443184
516616
511397
428322
280038
89120
-115366
-302288
-443189
-516618
-511396
-428318
-280031
-89112
115374
302295
443194
516620
511394
428312
280023
89103
-115382
-302301
-443197
-516620
-511391
-428307
-280016
-89095
115390
302308
443202
516621
511389
428302
280009
89087
-115398
-302315
-443206
-516623
-511388
-428298
-280003
-89080
115405
302320
443209
516623
511386
428294
279997
89073
-115412
-302326
-443213
-516625
-511384
-428289
-279990
-89065
115420
302333
443218
516626
511382
428284
279983
89057
-115427
-302338
-443220
-516625
-511378
-428278
-279975
-89049
115434
302344
443224
516627
511377
428274
279970
89042
-115442
-302351
-443229
-516629
-511376
-428270
-279963
-89034
115450
302358
443234
516631
511375
428266
279956
89025
-115459
-302365
-443238
-516632
-511372
-428260
-279949
-89017
115467
302372
443243
516634
511371
428255
279941
89008
-115476
-302379
-443247
-516634
-511368
-428250
-279934
-89000
115483
302385
443251
516636
511367
428246
279928
88993
-115490
-302391
-443255
-516637
-511365
-428241
-279921
-88985
115498
302397
443259
516638
511363
428237
279915
88978
-115506
-302405
-443265
-516642
-511364
-428234
-279909
-88970
115514
302412
443270
516643
511361
428229
279902
88962
-115521
-302417
-443272
-516643
-511359
-428224
-279895
-88955
115528
302423
443277
516645
511358
428220
279889
88947
-115537
-302431
-443282
-516647
-511356
-428215
-279882
-88939
115544
302437
443286
516648
511354
428211
279876
88932
-115551
-302443
-443290
-516649
-511353
-428207
-279870
-88925
115558
302448
443293
516650
511351
428203
279864
88918
-115565
-302454
-443297
-516651
-511349
-428198
-279858
-88911
115572
302460
443301
516653
511348
428194
279851
88903
-115580
-302467
-443306
-516655
-511347
-428190
-279845
-88895
115588
302474
443311
516657
511346
428186
279838
88887
-115596
-302481
-443315
-516658
-511343
-428180
-279830
-88878
115605
302488
443319
516658
511340
428175
279823
88870
-115613
-302494
-443323
-516659
-511338
-428170
-279816
-88863
115619
302499
443326
516660
511336
428165
279809
88854
-115628
-302506
-443330
-516660
-511332
-428158
-279800
-88845
115636
302513
443335
516662
511331
428154
279794
88838
-115643
-302519
-443338
-516662
-511329
-428150
-279788
-88830
115651
302525
443342
516664
511328
428146
279782
88824
-115657
-302531
-443347
-516667
-511328
-428143
-279777
-88817
115665
302538
443352
516669
511327
428139
279771
88809
-115673
-302545
-443356
-516670
-511324
-428133
-279762
-88800
115681
302551
443360
516671
511322
428128
279755
88791
-115690
-302559
-443365
-516672
-511320
-428124
-279749
-88785
115696
302563
443367
516672
511318
428119
279742
88777
-115704
-302569
-443371
-516673
-511315
-428113
-279734
-88768
115712
302576
443375
516674
511313
428109
279728
88761
-115720
-302583
-443380
-516676
-511312
-428104
-279721
-88752
115728
302590
443385
516678
511310
428099
279713
88743
-115737
-302597
-443389
-516678
-511307
-428093
-279705
-88734
115745
302603
443392
516678
511304
428087
279697
88726
-115753
-302609
-443395
-516678
-511301
-428082
-279691
-88719
115760
302616
443401
516682
511302
428080
279686
88712
-115768
-302623
-443406
-516684
-511301
-428076
-279679
-88703
115777
302631
443412
516686
511299
428070
279671
88694
-115786
-302638
-443416
-516687
-511297
-428066
-279665
-88687
115793
302644
443420
516689
511296
428062
279659
88680
-115800
-302650
-443424
-516690
-511294
-428058
-279653
-88673
115807
302656
443428
516692
511293
428054
279647
88666
-115814
-302662
-443432
-516693
-511291
-428049
-279640
-88658
115822
302669
443437
516695
511290
428045
279634
88651
-115829
-302675
-443441
-516697
-511289
-428042
-279629
-88644
115836
302681
443445
516698
511287
428037
279621
88635
-115845
-302688
-443449
-516698
-511284
-428031
-279613
-88626
115853
302694
443452
516698
511281
428025
279605
88618
-115861
-302701
-443457
-516700
-511279
-428020
-279598
-88610
115869
302707
443461
516701
511277
428015
279591
88601
-115878
-302715
-443466
-516702
-511275
-428010
-279583
-88592
115886
302721
443470
516704
511273
428005
279576
88584
-115894
-302728
-443474
-516705
-511271
-428000
-279570
-88577
115901
302734
443478
516705
511268
427994
279562
88568
-115909
-302740
-443481
-516705
-511265
-427989
-279555
-88561
115916
302746
443485
516707
511264
427985
279549
88554
-115923
-302751
-443488
-516707
-511262
-427981
-279543
-88547
115930
302757
443492
516709
511260
427976
279536
88539
-115938
-302764
-443497
-516710
-511258
-427971
-279529
-88531
115945
302769
443499
516710
511256
427967
279523
88524
-115952
-302776
-443504
-516712
-511255
-427963
-279517
-88516
115960
302782
443508
516713
511253
427958
279510
88509
-115967
-302788
-443512
-516715
-511252
-427954
-279504
-88501
115976
302796
443518
516717
511250
427949
279496
88492
-115984
-302802
-443521
-516717
-511247
-427943
-279488
-88484
115992
302809
443525
516718
511245
427938
279481
88475
-116001
-302816
-443529
-516719
-511242
-427932
-279473
-88466
116009
302823
443534
516721
511241
427928
279467
88459
-116016
-302829
-443538
-516722
-511239
-427923
-279459
-88450
116025
302836
443543
516724
511237
427918
279452
88442
-116033
-302843
-443547
-516725
-511236
-427915
-279447
-88436
116039
302848
443551
516727
511235
427911
279441
88428
-116047
-302855
-443555
-516727
-511232
-427905
-279433
-88420
116055
302861
443559
516728
511230
427901
279427
88412
-116063
-302868
-443564
-516730
-511228
-427896
-279419
-88403
116071
302874
443567
516731
511226
427891
279413
88396
-116078
-302880
-443571
-516732
-511224
-427886
-279406
-88388
116086
302887
443575
516733
511222
427881
279399
88380
-116094
-302893
-443579
-516734
-511220
-427876
-279391
-88371
116103
302901
443584
516735
511217
427870
279383
88363
-116110
-302906
-443587
-516735
-511214
-427865
-279377
-88356
116117
302912
443591
516737
511213
427861
279370
88348
-116125
-302919
-443595
-516737
-511210
-427855
-279362
-88339
116133
302925
443599
516738
511208
427850
279355
88331
-116141
-302932
-443603
-516739
-511205
-427844
-279348
-88323
116149
302938
443607
516740
511203
427840
279341
88315
-116157
-302945
-443612
-516742
-511202
-427835
-279333
-88305
116167
302953
443617
516743
511199
427829
279326
88297
-116174
-302959
-443621
-516745
-511198
-427825
-279319
-88289
116183
302966
443625
516746
511196
427820
279312
88281
-116191
-302973
-443630
-516747
-511194
-427815
-279305
-88272
116199
302980
443635
516749
511192
427810
279298
88265
-116206
-302985
-443637
-516749
-511190
-427806
-279292
-88258
116212
302990
443640
516749
511187
427801
279286
88251
-116219
-302995
-443643
-516750
-511185
-427796
-279278
-88243
116227
303002
443647
516750
511182
427791
279272
88236
-116234
-303008
-443652
-516753
-511182
-427788
-279267
-88229
116241
303014
443655
516753
511180
427784
279261
88222
-116248
-303020
-443660
-516756
-511180
-427781
-279255
-88215
116255
303026
443664
516757
511178
427776
279248
88206
-116264
-303034
-443669
-516759
-511176
-427771
-279241
-88198
116272
303041
443674
516761
511175
427766
279233
88189
-116281
-303048
-443678
-516762
-511173
-427762
-279227
-88182
116288
303054
443682
516763
511171
427757
279220
88174
-116296
-303061
-443687
-516765
-511169
-427752
-279213
-88166
116304
303067
443691
516766
511168
427748
279207
88158
-116312
-303074
-443696
-516769
-511168
-427745
-279201
-88151
116319
303081
443701
516771
511166
427740
279194
88143
-116327
-303087
-443705
-516772
-511165
-427737
-279189
-88137
116334
303094
443710
516775
511165
427733
279182
88128
-116343
-303102
-443716
-516777
-511163
-427728
-279175
-88120
116351
303108
443720
516779
511162
427725
279170
88113
-116358
-303115
-443725
-516781
-511161
-427720
-279162
-88104
116367
303122
443729
516782
511159
427716
279157
88098
-116373
-303127
-443732
-516782
-511156
-427711
-279150
-88091
116379
303132
443735
516783
511154
427706
279143
88083
-116387
-303138
-443739
-516784
-511152
-427701
-279136
-88075
116395
303145
443743
516784
511149
427696
279129
88067
-116402
-303150
-443746
-516785
-511147
-427691
-279122
-88059
116411
303158
443751
516787
511146
427687
279116
88051
-116419
-303165
-443756
-516788
-511143
-427681
-279107
-88041
116428
303172
443761
516790
511142
427677
279101
88034
-116435
-303178
-443764
-516791
-511140
-427672
-279094
-88026
116443
303185
443769
516793
511139
427668
279088
88019
-116450
-303191
-443773
-516794
-511137
-427663
-279081
-88011
116458
303197
443777
516795
511135
427659
279075
88004
-116465
-303203
-443780
-516795
-511132
-427653
-279067
-87995
116473
303209
443784
516796
511129
427647
279059
87986
-116482
-303217
-443789
-516798
-511128
-427643
-279052
-87978
116490
303224
443794
516799
511126
427638
279045
87970
-116498
-303230
-443798
-516801
-511125
-427634
-279039
-87962
116506
303237
443802
516802
511123
427629
279032
87955
-116513
-303243
-443807
-516804
-511122
-427625
-279026
-87947
116521
303250
443811
516806
511121
427622
279020
87939
-116530
-303258
-443817
-516808
-511119
-427616
-279012
-87930
116539
303266
443823
516811
511118
427612
279005
87921
-116548
-303273
-443827
-516812
-511116
-427606
-278997
-87913
116556
303280
443832
516814
511115
427602
278990
87904
-116565
-303288
-443837
-516816
-511113
-427597
-278983
-87896
116573
303294
443841
516816
511110
427591
278975
87887
-116581
-303300
-443845
-516817
-511108
-427587
-278969
-87880
116588
303306
443848
516818
511106
427582
278962
87872
-116596
-303313
-443853
-516819
-511104
-427577
-278955
-87864
116604
303320
443857
516821
511102
427572
278948
87856
-116612
-303326
-443862
-516823
-511102
-427569
-278942
-87849
116619
303332
443865
516823
511099
427564
278936
87842
-116625
-303337
-443868
-516824
-511097
-427559
-278929
-87834
116633
303344
443873
516825
511095
427555
278923
87827
-116640
-303350
-443877
-516827
-511094
-427551
-278916
-87819
116648
303356
443881
516828
511092
427546
278909
87811
-116656
-303363
-443885
-516829
-511089
-427540
-278901
-87802
116665
303370
443889
516829
511086
427534
278893
87793
-116673
-303376
-443892
-516829
-511083
-427528
-278885
-87784
116681
303383
443897
516831
511081
427523
278878
87776
-116689
-303389
-443901
-516832
-511080
-427520
-278873
-87770
116695
303395
443905
516834
511079
427516
278867
87763
-116703
-303402
-443910
-516836
-511078
-427512
-278861
-87755
116711
303408
443914
516838
511077
427508
278855
87748
-116718
-303414
-443918
-516839
-511075
-427503
-278847
-87739
116726
303421
443922
516839
511071
427497
278839
87730
-116735
-303428
-443926
-516840
-511069
-427492
-278832
-87723
116742
303433
443929
516840
511066
427487
278826
87716
-116748
-303438
-443932
-516841
-511065
-427483
-278820
-87709
116755
303444
443936
516842
511063
427478
278813
87701
-116763
-303450
-443939
-516842
-511060
-427473
-278806
-87693
116770
303456
443943
516843
511057
427467
278798
87685
-116778
-303462
-443946
-516843
-511054
-427461
-278791
-87677
116785
303468
443950
516844
511053
427458
278785
87669
-116794
-303476
-443956
-516847
-511052
-427453
-278777
-87659
116804
303484
443961
516849
511050
427448
278770
87652
-116811
-303490
-443965
-516850
-511048
-427443
-278763
-87644
116818
303496
443969
516851
511046
427438
278756
87636
-116826
-303503
-443973
-516852
-511044
-427434
-278750
-87629
116833
303508
443976
516852
511041
427428
278742
87620
-116841
-303514
-443980
-516853
-511039
-427424
-278737
-87614
116847
303519
443982
516852
511036
427418
278729
87606
-116854
-303524
-443985
-516853
-511034
-427414
-278723
-87599
116862
303531
443990
516855
511033
427410
278717
87592
-116869
-303537
-443994
-516856
-511031
-427406
-278711
-87585
116875
303542
443997
516857
511029
427400
278703
87576
-116884
-303550
-444002
-516858
-511027
-427396
-278697
-87568
116892
303556
444006
516860
511026
427392
278691
87562
-116898
-303561
-444009
-516860
-511023
-427387
-278684
-87553
116907
303569
444015
516863
511022
427382
278676
87544
-116916
-303576
-444019
-516863
-511019
-427376
-278668
-87535
116925
303584
444024
516865
511017
427371
278661
87527
-116933
-303591
-444029
-516867
-511017
-427368
-278655
-87519
116941
303597
444033
516868
511014
427362
278647
87511
-116948
-303603
-444036
-516868
-511011
-427356
-278640
-87503
116956
303609
444040
516869
511009
427352
278634
87496
-116963
-303615
-444044
-516871
-511008
-427348
-278628
-87489
116970
303621
444048
516872
511006
427343
278621
87481
-116978
-303628
-444053
-516874
-511005
-427339
-278614
-87473
116985
303633
444056
516875
511003
427335
278608
87465
-116993
-303640
-444060
-516875
-511000
-427329
-278601
-87458
117000
303646
444064
516877
510999
427326
278595
87450
-117008
-303653
-444069
-516879
-510998
-427321
-278588
-87442
117016
303659
444072
516879
510995
427316
278582
87435
-117023
-303665
-444076
-516880
-510993
-427311
-278574
-87426
117032
303672
444081
516882
510991
427306
278567
87418
-117040
-303679
-444085
-516883
-510989
-427301
-278560
-87410
117047
303685
444089
516883
510986
427295
278552
87401
-117056
-303692
-444093
-516885
-510985
-427292
-278547
-87395
117062
303697
444097
516886
510983
427287
278540
87387
-117070
-303704
-444101
-516887
-510981
-427282
-278533
-87379
117078
303710
444105
516888
510979
427277
278526
87371
-117085
-303716
-444108
-516888
-510976
-427272
-278519
-87364
117092
303722
444112
516890
510975
427268
278513
87356
-117100
-303729
-444117
-516891
-510973
-427263
-278505
-87347
117109
303736
444122
516893
510971
427258
278498
87339
-117117
-303743
-444126
-516895
-510970
-427254
-278492
-87331
117125
303750
444131
516897
510969
427250
278486
87324
-117132
-303756
-444135
-516898
-510967
-427245
-278478
-87315
117141
303763
444140
516900
510966
427241
278472
87308
-117148
-303770
-444145
-516902
-510965
-427237
-278465
-87299
117157
303777
444149
516903
510962
427232
278459
87293
-117163
-303782
-444152
-516904
-510961
-427228
-278453
-87286
117170
303787
444155
516904
510958
427222
278445
87277
-117178
-303794
-444159
-516905
-510956
-427218
-278439
-87270
117185
303800
444163
516906
510954
427213
278432
87262
-117193
-303806
-444167
-516907
-510952
-427208
-278425
-87254
117201
303813
444172
516909
510951
427204
278418
87245
-117210
-303821
-444177
-516911
-510949
-427199
-278411
-87237
117218
303828
444182
516913
510948
427195
278405
87230
-117225
-303834
-444186
-516914
-510946
-427190
-278398
-87222
117233
303840
444190
516915
510944
427186
278392
87215
-117240
-303846
-444194
-516917
-510943
-427182
-278386
-87208
117247
303852
444198
516918
510942
427178
278380
87201
-117254
-303858
-444202
-516920
-510940
-427174
-278374
-87193
117262
303865
444207
516921
510938
427169
278366
87184
-117271
-303873
-444212
-516923
-510937
-427164
-278359
-87176
117279
303879
444216
516925
510936
427161
278354
87170
-117285
-303884
-444219
-516926
-510935
-427158
-278349
-87163
117292
303891
444224
516928
510934
427154
278343
87156
-117300
-303898
-444230
-516931
-510934
-427151
-278337
-87148
117308
303905
444235
516933
510932
427146
278330
87141
-117315
-303911
-444239
-516935
-510931
-427142
-278324
-87133
117323
303918
444244
516937
510930
427138
278317
87125
-117331
-303924
-444247
-516937
-510927
-427133
-278311
-87118
117338
303930
444251
516938
510926
427129
278305
87111
-117345
-303936
-444255
-516939
-510923
-427123
-278296
-87101
117354
303943
444259
516940
510921
427118
278290
87094
-117361
-303949
-444263
-516941
-510919
-427113
-278283
-87086
117369
303955
444267
516942
510917
427109
278277
87079
-117376
-303962
-444272
-516945
-510917
-427105
-278270
-87070
117385
303969
444276
516946
510915
427101
278264
87063
-117392
-303975
-444280
-516947
-510913
-427096
-278257
-87056
117399
303981
444284
516948
510911
427091
278250
87048
-117407
-303988
-444289
-516950
-510909
-427086
-278243
-87039
117416
303995
444293
516951
510907
427081
278235
87030
-117424
-304001
-444297
-516952
-510905
-427076
-278228
-87022
117432
304008
444301
516953
510903
427072
278222
87015
-117439
-304014
-444305
-516954
-510901
-427067
-278215
-87007
117447
304021
444310
516956
510900
427063
278209
87000
-117454
-304027
-444314
-516958
-510899
-427059
-278203
-86993
117461
304033
444318
516959
510898
427056
278198
86987
-117467
-304038
-444321
-516960
-510896
-427052
-278192
-86980
117474
304044
444326
516962
510895
427048
278186
86972
-117482
-304051
-444331
-516965
-510895
-427045
-278181
-86966
117489
304057
444335
516966
510893
427040
278174
86958
-117497
-304064
-444340
-516968
-510892
-427036
-278167
-86949
117506
304071
444344
516969
510890
427032
278161
86942
-117513
-304077
-444348
-516970
-510887
-427025
-278152
-86933
117521
304084
444352
516971
510885
427021
278146
86926
-117528
-304089
-444355
-516971
-510883
-427016
-278140
-86919
117535
304095
444359
516972
510880
427011
278133
86911
-117542
-304100
-444362
-516973
-510879
-427007
-278127
-86904
117549
304106
444365
516973
510876
427002
278120
86896
-117557
-304113
-444370
-516975
-510874
-426996
-278112
-86887
117566
304120
444374
516976
510872
426992
278105
86879
-117574
-304127
-444379
-516978
-510871
-426988
-278099
-86872
117581
304133
444383
516980
510870
426984
278093
86864
-117589
-304140
-444388
-516982
-510869
-426981
-278088
-86858
117595
304145
444391
516982
510867
426976
278081
86851
-117602
-304151
-444395
-516984
-510866
-426972
-278075
-86843
117610
304158
444400
516986
510864
426967
278068
86835
-117618
-304164
-444404
-516987
-510862
-426963
-278062
-86828
117625
304170
444408
516988
510861
426959
278056
86821
-117632
-304177
-444413
-516990
-510860
-426955
-278050
-86814
117639
304182
444416
516991
510858
426951
278044
86807
-117646
-304189
-444421
-516994
-510858
-426948
-278038
-86799
117654
304195
444425
516994
510855
426942
278030
86791
-117662
-304201
-444428
-516994
-510852
-426936
-278022
-86782
117670
304208
444432
516995
510849
426930
278015
86774
-117678
-304214
-444436
-516996
-510848
-426927
-278010
-86768
117684
304220
444441
516999
510848
426924
278004
86760
-117692
-304227
-444445
-517000
-510846
-426919
-277997
-86752
117700
304233
444449
517001
510844
426915
277991
86745
-117707
-304239
-444453
-517002
-510841
-426909
-277983
-86737
117714
304244
444455
517001
510838
426904
277977
86730
-117721
-304250
-444459
-517003
-510837
-426900
-277970
-86722
117729
304257
444464
517004
510834
426894
277963
86714
-117737
-304263
-444467
-517005
-510833
-426890
-277957
-86707
117744
304269
444472
517007
510832
426887
277951
86699
-117752
-304276
-444476
-517008
-510830
-426882
-277944
-86691
117760
304282
444480
517009
510827
426876
277936
86682
-117769
-304290
-444485
-517011
-510826
-426872
-277930
-86675
117776
304296
444489
517012
510824
426867
277923
86667
-117784
-304303
-444494
-517014
-510823
-426863
-277916
-86659
117792
304310
444499
517016
510821
426858
277909
86651
-117800
-304317
-444504
-517018
-510820
-426854
-277903
-86643
117808
304323
444507
517019
510818
426849
277896
86635
-117815
-304329
-444511
-517020
-510816
-426845
-277890
-86628
117822
304335
444515
517021
510814
426840
277883
86620
-117830
-304342
-444520
-517023
-510813
-426836
-277876
-86612
117838
304348
444523
517023
510811
426831
277869
86604
-117846
-304355
-444528
-517025
-510809
-426826
-277862
-86596
117854
304361
444532
517026
510807
426821
277855
86588
-117861
-304367
-444535
-517026
-510804
-426816
-277849
-86581
117868
304373
444539
517027
510802
426811
277842
86573
-117876
-304379
-444543
-517028
-510800
-426807
-277835
-86565
117884
304386
444547
517030
510799
426802
277828
86557
-117892
-304393
-444552
-517032
-510798
-426799
-277823
-86550
117899
304399
444556
517033
510796
426794
277816
86542
-117907
-304406
-444561
-517035
-510794
-426789
-277808
-86533
117916
304413
444565
517036
510792
426784
277801
86525
-117924
-304420
-444570
-517038
-510791
-426780
-277795
-86517
117932
304427
444575
517040
510790
426776
277788
86509
-117940
-304434
-444580
-517042
-510788
-426770
-277780
-86500
117949
304441
444584
517042
510785
426765
277773
86492
-117957
-304447
-444588
-517044
-510784
-426761
-277766
-86484
117965
304455
444594
517047
510783
426756
277759
86475
-117974
-304463
-444600
-517050
-510783
-426753
-277753
-86467
117983
304471
444605
517052
510781
426748
277745
86458
-117991
-304477
-444609
-517052
-510778
-426742
-277738
-86450
117999
304484
444614
517055
510778
426739
277732
86442
-118008
-304492
-444619
-517056
-510776
-426734
-277725
-86435
118014
304497
444622
517057
510774
426729
277718
86427
-118022
-304503
-444626
-517058
-510772
-426725
-277712
-86420
118029
304509
444630
517060
510771
426721
277706
86412
-118037
-304516
-444634
-517060
-510768
-426715
-277698
-86404
118045
304522
444638
517061
510766
426711
277692
86396
-118053
-304529
-444643
-517063
-510764
-426705
-277684
-86388
118060
304534
444645
517062
510761
426700
277677
86380
-118068
-304541
-444650
-517064
-510759
-426695
-277670
-86372
118076
304548
444655
517066
510758
426691
277664
86364
-118084
-304555
-444660
-517069
-510758
-426688
-277658
-86357
118092
304562
444665
517071
510757
426684
277652
86349
-118100
-304569
-444669
-517072
-510755
-426679
-277645
-86341
118108
304575
444673
517073
510752
426674
277638
86333
-118115
-304581
-444677
-517075
-510752
-426671
-277632
-86326
118123
304588
444682
517076
510750
426666
277625
86318
-118131
-304595
-444687
-517078
-510748
-426661
-277618
-86309
118140
304603
444692
517080
510747
426656
277610
86300
-118149
-304611
-444698
-517083
-510746
-426652
-277603
-86291
118158
304618
444702
517084
510744
426647
277596
86283
-118166
-304625
-444707
-517086
-510742
-426642
-277589
-86275
118174
304632
444712
517088
510741
426638
277582
86266
-118183
-304640
-444717
-517090
-510740
-426633
-277575
-86258
118191
304646
444721
517091
510738
426629
277569
86251
-118198
-304653
-444727
-517094
-510738
-426626
-277563
-86243
118207
304661
444733
517097
510737
426621
277556
86235
-118214
-304666
-444735
-517097
-510735
-426617
-277550
-86228
118221
304672
444739
517098
510733
426612
277543
86220
-118229
-304679
-444744
-517100
-510732
-426609
-277538
-86214
118235
304684
444747
517101
510730
426605
277532
86207
-118242
-304690
-444751
-517102
-510728
-426600
-277525
-86199
118250
304696
444755
517103
510726
426595
277518
86191
-118258
-304703
-444759
-517104
-510724
-426590
-277511
-86183
118266
304710
444764
517106
510722
426585
277503
86174
-118275
-304717
-444769
-517108
-510721
-426581
-277498
-86168
118281
304722
444772
517109
510720
426578
277492
86160
-118289
-304730
-444778
-517112
-510719
-426573
-277485
-86152
118297
304737
444783
517114
510718
426569
277478
86143
-118306
-304744
-444787
-517114
-510715
-426563
-277470
-86135
118314
304750
444790
517115
510713
426559
277464
86127
-118322
-304757
-444795
-517116
-510710
-426553
-277456
-86119
118329
304762
444798
517117
510709
426549
277450
86112
-118336
-304768
-444802
-517118
-510707
-426545
-277445
-86106
118342
304774
444806
517120
510706
426541
277438
86098
-118350
-304780
-444810
-517121
-510704
-426536
-277431
-86089
118359
304787
444814
517121
510700
426529
277422
86080
-118367
-304793
-444817
-517121
-510697
-426523
-277414
-86071
118375
304800
444821
517121
510694
426517
277406
86062
-118384
-304807
-444826
-517123
-510692
-426512
-277399
-86054
118392
304814
444830
517124
510690
426507
277392
86046
-118400
-304821
-444835
-517126
-510688
-426502
-277384
-86037
118409
304828
444839
517127
510686
426497
277377
86028
-118418
-304835
-444844
-517129
-510685
-426493
-277371
-86021
118425
304842
444849
517131
510684
426489
277364
86013
-118433
-304849
-444854
-517133
-510683
-426485
-277358
-86005
118441
304855
444858
517134
510680
426479
277350
85997
-118449
-304862
-444862
-517135
-510678
-426474
-277343
-85989
118456
304868
444866
517136
510677
426471
277338
85982
-118464
-304874
-444870
-517138
-510676
-426467
-277332
-85975
118471
304881
444875
517140
510675
426463
277326
85968
-118478
-304887
-444879
-517141
-510673
-426458
-277319
-85960
118486
304893
444883
517142
510670
426453
277312
85952
-118493
-304898
-444885
-517142
-510668
-426448
-277305
-85944
118501
304906
444891
517145
510667
426444
277298
85936
-118509
-304912
-444895
-517146
-510666
-426441
-277293
-85930
118515
304918
444899
517148
510665
426437
277287
85922
-118524
-304925
-444904
-517150
-510664
-426433
-277281
-85915
118531
304932
444909
517152
510662
426428
277274
85907
-118538
-304937
-444912
-517152
-510660
-426424
-277268
-85900
118546
304944
444917
517154
510659
426420
277261
85892
-118554
-304951
-444921
-517155
-510657
-426415
-277254
-85884
118561
304957
444925
517157
510655
426410
277247
85875
-118570
-304964
-444929
-517157
-510652
-426404
-277240
-85868
118577
304969
444932
517157
510649
426398
277232
85859
-118585
-304976
-444936
-517158
-510647
-426394
-277226
-85852
118592
304981
444939
517159
510646
426391
277221
85846
-118598
-304987
-444944
-517161
-510645
-426387
-277214
-85838
118606
304993
444948
517163
510643
426382
277207
85830
-118614
-305000
-444952
-517163
-510640
-426376
-277200
-85822
118622
305006
444955
517163
510637
426370
277192
85814
-118629
-305011
-444958
-517163
-510634
-426365
-277185
-85806
118636
305017
444961
517163
510631
426360
277179
85800
-118642
-305022
-444964
-517164
-510630
-426356
-277173
-85792
118650
305028
444968
517165
510627
426350
277165
85784
-118657
-305034
-444971
-517165
-510624
-426345
-277158
-85776
118665
305040
444975
517166
510623
426341
277152
85769
-118672
-305046
-444979
-517167
-510621
-426337
-277146
-85761
118680
305053
444984
517169
510619
426331
277138
85753
-118687
-305058
-444986
-517169
-510617
-426327
-277132
-85746
118694
305064
444990
517170
510615
426323
277126
85739
-118701
-305070
-444995
-517173
-510615
-426320
-277120
-85731
118710
305078
445000
517174
510613
426315
277114
85724
-118717
-305084
-445005
-517177
-510613
-426312
-277109
-85718
118723
305089
445008
517178
510612
426309
277104
85712
-118729
-305095
-445012
-517179
-510610
-426304
-277097
-85704
118736
305100
445014
517178
510606
426298
277089
85696
-118744
-305106
-445018
-517180
-510605
-426294
-277083
-85688
118752
305113
445023
517181
510603
426289
277076
85680
-118760
-305120
-445028
-517184
-510602
-426285
-277069
-85672
118768
305127
445032
517185
510600
426280
277062
85663
-118777
-305134
-445037
-517186
-510597
-426274
-277054
-85654
118786
305142
445042
517188
510596
426269
277046
85645
-118795
-305149
-445046
-517188
-510592
-426263
-277038
-85637
118802
305154
445049
517189
510591
426259
277032
85629
-118810
-305161
-445054
-517191
-510590
-426255
-277026
-85622
118817
305167
445058
517192
510588
426251
277020
85615
-118824
-305173
-445062
-517193
-510586
-426246
-277013
-85607
118832
305180
445067
517196
510586
426243
277007
85599
-118841
-305188
-445072
-517198
-510584
-426237
-276999
-85590
118849
305194
445076
517199
510582
426233
276993
85583
-118857
-305202
-445082
-517202
-510582
-426230
-276988
-85576
118864
305208
445086
517203
510580
426225
276980
85567
-118873
-305216
-445092
-517206
-510579
-426220
-276972
-85557
118883
305224
445097
517207
510577
426215
276965
85549
-118891
-305231
-445102
-517209
-510575
-426210
-276958
-85541
118899
305238
445106
517210
510573
426205
276950
85532
-118908
-305245
-445111
-517212
-510571
-426199
-276942
-85523
118917
305253
445116
517214
510570
426196
276937
85516
-118924
-305259
-445120
-517215
-510568
-426191
-276930
-85508
118932
305265
445124
517216
510566
426186
276922
85499
-118940
-305272
-445128
-517217
-510564
-426181
-276916
-85492
118947
305277
445131
517218
510562
426177
276910
85486
-118953
-305282
-445134
-517218
-510560
-426173
-276904
-85479
118959
305287
445137
517218
510557
426168
276898
85472
-118966
-305293
-445141
-517220
-510556
-426164
-276892
-85465
118973
305298
445144
517220
510554
426160
276886
85459
-118979
-305303
-445147
-517221
-510552
-426155
-276879
-85451
118986
305309
445151
517222
510550
426150
276872
85443
-118994
-305316
-445155
-517223
-510548
-426146
-276866
-85435
119002
305322
445160
517225
510547
426142
276860
85428
-119010
-305330
-445166
-517228
-510547
-426138
-276853
-85419
119019
305337
445170
517229
510544
426133
276846
85412
-119026
-305343
-445174
-517231
-510543
-426129
-276840
-85404
119034
305350
445179
517232
510541
426124
276833
85396
-119042
-305356
-445182
-517233
-510539
-426120
-276827
-85389
119049
305362
445186
517234
510537
426114
276819
85380
-119057
-305369
-445191
-517235
-510534
-426109
-276812
-85372
119065
305375
445194
517236
510533
426105
276806
85365
-119072
-305381
-445199
-517238
-510532
-426101
-276800
-85358
119079
305387
445202
517239
510530
426096
276793
85350
-119087
-305394
-445207
-517241
-510529
-426093
-276787
-85343
119094
305400
445211
517242
510527
426088
276780
85334
-119103
-305408
-445217
-517245
-510526
-426083
-276773
-85326
119111
305415
445221
517246
510524
426079
276766
85318
-119119
-305421
-445225
-517247
-510522
-426074
-276759
-85310
119127
305428
445230
517249
510520
426069
276752
85301
-119136
-305436
-445235
-517251
-510519
-426064
-276744
-85292
119145
305443
445240
517252
510516
426058
276736
85283
-119154
-305450
-445244
-517253
-510514
-426053
-276729
-85275
119162
305457
445248
517254
510512
426048
276722
85267
-119169
-305462
-445251
-517254
-510509
-426043
-276715
-85259
119177
305469
445255
517255
510506
426037
276707
85250
-119185
-305475
-445259
-517256
-510505
-426033
-276701
-85243
119192
305481
445263
517257
510503
426028
276694
85235
-119200
-305488
-445267
-517258
-510500
-426023
-276687
-85228
119207
305493
445270
517258
510498
426018
276680
85220
-119214
-305499
-445274
-517260
-510497
-426014
-276674
-85213
119222
305506
445279
517262
510495
426010
276668
85205
-119230
-305513
-445284
-517264
-510494
-426005
-276660
-85196
119239
305520
445288
517264
510491
425999
276652
85187
-119247
-305526
-445291
-517264
-510488
-425994
-276646
-85181
119252
305530
445294
517265
510486
425990
276640
85174
-119259
-305536
-445297
-517265
-510484
-425985
-276633
-85166
119267
305542
445301
517266
510481
425979
276625
85157
-119276
-305550
-445306
-517268
-510480
-425975
-276619
-85149
119284
305557
445311
517270
510478
425970
276611
85140
-119293
-305565
-445317
-517273
-510478
-425966
-276604
-85131
119302
305572
445321
517274
510476
425962
276598
85124
-119309
-305579
-445326
-517276
-510475
-425958
-276592
-85117
119316
305584
445329
517276
510472
425952
276584
85109
-119324
-305590
-445333
-517277
-510470
-425948
-276579
-85103
119330
305596
445337
517279
510469
425944
276572
85094
-119339
-305603
-445341
-517280
-510467
-425939
-276565
-85086
119347
305610
445346
517282
510466
425935
276559
85079
-119354
-305616
-445350
-517283
-510463
-425929
-276551
-85070
119362
305622
445354
517284
510462
425926
276546
85064
-119368
-305627
-445357
-517285
-510460
-425921
-276539
-85056
119376
305634
445362
517287
510459
425918
276534
85050
-119383
-305641
-445367
-517289
-510458
-425914
-276528
-85042
119391
305647
445371
517291
510457
425910
276521
85034
-119399
-305655
-445377
-517294
-510457
-425907
-276516
-85027
119406
305661
445381
517295
510455
425902
276509
85019
-119414
-305668
-445386
-517297
-510454
-425898
-276503
-85012
119421
305673
445389
517298
510452
425894
276497
85006
-119427
-305678
-445392
-517299
-510451
-425891
-276492
-84999
119434
305684
445396
517300
510449
425886
276485
84991
-119442
-305691
-445401
-517302
-510448
-425882
-276478
-84983
119450
305698
445406
517304
510447
425878
276472
84976
-119457
-305704
-445410
-517306
-510446
-425874
-276466
-84968
119465
305711
445415
517308
510444
425869
276459
84960
-119473
-305718
-445419
-517309
-510442
-425864
-276451
-84951
119482
305725
445423
517309
510439
425858
276444
84943
-119490
-305731
-445427
-517310
-510437
-425853
-276437
-84935
119498
305738
445432
517312
510435
425848
276429
84926
-119507
-305745
-445436
-517313
-510433
-425844
-276423
-84919
119513
305750
445439
517313
510431
425839
276417
84912
-119520
-305756
-445443
-517314
-510428
-425833
-276408
-84902
119529
305763
445447
517315
510426
425829
276402
84895
-119536
-305769
-445451
-517316
-510424
-425823
-276394
-84886
119545
305776
445455
517317
510422
425819
276388
84879
-119552
-305782
-445459
-517319
-510421
-425815
-276382
-84872
119559
305788
445464
517321
510420
425811
276376
84865
-119566
-305794
-445468
-517322
-510418
-425807
-276370
-84858
119573
305800
445471
517323
510416
425803
276364
84851
-119580
-305806
-445475
-517324
-510414
-425797
-276356
-84842
119589
305813
445480
517326
510413
425793
276350
84834
-119597
-305820
-445484
-517327
-510411
-425789
-276344
-84827
119604
305826
445489
517329
510410
425785
276337
84819
-119612
-305833
-445493
-517330
-510407
-425779
-276329
-84810
119621
305840
445498
517332
510406
425775
276323
84803
-119628
-305846
-445502
-517333
-510405
-425771
-276317
-84796
119635
305852
445506
517335
510403
425767
276311
84788
-119643
-305859
-445510
-517336
-510402
-425763
-276305
-84782
119649
305864
445513
517337
510400
425758
276298
84774
-119656
-305869
-445516
-517337
-510397
-425753
-276291
-84766
119664
305876
445521
517339
510396
425749
276285
84758
-119673
-305884
-445527
-517342
-510395
-425745
-276278
-84750
119681
305891
445532
517344
510394
425740
276271
84742
-119689
-305898
-445536
-517345
-510392
-425736
-276264
-84734
119697
305905
445541
517347
510390
425731
276257
84725
-119706
-305912
-445545
-517348
-510388
-425726
-276250
-84717
119713
305918
445549
517349
510386
425721
276243
84709
-119721
-305925
-445554
-517351
-510385
-425717
-276237
-84702
119728
305931
445558
517352
510383
425712
276230
84694
-119736
-305937
-445562
-517354
-510383
-425709
-276225
-84688
119743
305944
445567
517356
510381
425705
276218
84679
-119751
-305950
-445571
-517357
-510379
-425700
-276211
-84671
119760
305958
445577
517360
510379
425697
276205
84663
-119768
-305965
-445582
-517362
-510378
-425692
-276198
-84655
119776
305973
445588
517365
510377
425688
276192
84648
-119783
-305978
-445591
-517366
-510376
-425685
-276187
-84641
119790
305984
445594
517366
510373
425680
276180
84634
-119797
-305990
-445598
-517367
-510371
-425675
-276173
-84626
119805
305997
445603
517369
510370
425671
276167
84619
-119812
-306002
-445606
-517370
-510368
-425666
-276160
-84610
119821
306010
445611
517371
510365
425660
276152
84602
-119828
-306015
-445614
-517371
-510363
-425656
-276145
-84593
119837
306023
445619
517373
510361
425650
276138
84586
-119844
-306029
-445623
-517374
-510359
-425646
-276132
-84579
119851
306034
445626
517375
510358
425642
276126
84571
-119859
-306041
-445631
-517377
-510356
-425638
-276120
-84565
119865
306046
445634
517378
510355
425634
276113
84556
-119873
-306053
-445638
-517379
-510353
-425629
-276106
-84548
119881
306060
445643
517381
510351
425624
276099
84540
-119889
-306066
-445646
-517380
-510347
-425618
-276091
-84532
119897
306072
445650
517381
510345
425613
276084
84524
-119905
-306079
-445655
-517383
-510343
-425607
-276076
-84515
119913
306085
445658
517383
510340
425602
276069
84507
-119921
-306092
-445662
-517383
-510337
-425596
-276061
-84498
119930
306099
445667
517386
510337
425592
276054
84489
-119939
-306107
-445672
-517387
-510334
-425587
-276047
-84481
119947
306114
445677
517389
510333
425583
276041
84474
-119954
-306119
-445680
-517390
-510331
-425578
-276034
-84466
119962
306126
445685
517392
510330
425574
276028
84459
-119969
-306132
-445689
-517393
-510328
-425569
-276021
-84450
119978
306140
445695
517396
510327
425565
276014
84442
-119986
-306147
-445700
-517398
-510326
-425561
-276008
-84435
119993
306153
445703
517398
510323
425555
276000
84426
-120002
-306160
-445708
-517400
-510322
-425551
-275993
-84417
120011
306168
445713
517402
510321
425547
275987
84410
-120018
-306174
-445717
-517403
-510318
-425541
-275979
-84401
120027
306182
445723
517406
510318
425538
275973
84393
-120035
-306189
-445728
-517408
-510316
-425533
-275966
-84385
120043
306196
445733
517410
510316
425530
275961
84379
-120049
-306201
-445736
-517411
-510314
-425526
-275955
-84371
120057
306208
445741
517413
510313
425522
275949
84365
-120063
-306213
-445744
-517414
-510312
-425518
-275942
-84356
120072
306220
445748
517415
510309
425513
275935
84348
-120080
-306227
-445753
-517417
-510308
-425508
-275928
-84340
120088
306234
445758
517419
510306
425503
275921
84332
-120096
-306241
-445763
-517421
-510305
-425499
-275914
-84323
120105
306248
445767
517421
510302
425493
275906
84314
-120114
-306256
-445772
-517423
-510301
-425489
-275900
-84307
120121
306261
445775
517423
510298
425484
275893
84300
-120127
-306266
-445778
-517424
-510296
-425479
-275886
-84292
120135
306272
445782
517425
510294
425475
275880
84284
-120143
-306279
-445786
-517426
-510292
-425469
-275872
-84276
120151
306286
445791
517428
510290
425465
275866
84268
-120159
-306292
-445795
-517429
-510288
-425460
-275859
-84261
120165
306297
445798
517429
510286
425455
275852
84252
-120174
-306305
-445803
-517431
-510284
-425450
-275844
-84243
120183
306313
445809
517434
510283
425446
275838
84235
-120192
-306320
-445813
-517435
-510281
-425441
-275831
-84228
120198
306325
445816
517435
510279
425437
275825
84221
-120205
-306331
-445820
-517437
-510278
-425433
-275819
-84213
120213
306338
445825
517439
510276
425428
275811
84204
-120222
-306345
-445830
-517441
-510275
-425424
-275805
-84197
120229
306351
445833
517441
510273
425419
275798
84189
-120237
-306358
-445838
-517443
-510271
-425414
-275791
-84181
120245
306365
445843
517445
510270
425410
275785
84174
-120252
-306371
-445847
-517446
-510268
-425405
-275777
-84165
120261
306378
445851
517447
510266
425401
275771
84157
-120269
-306385
-445856
-517449
-510264
-425395
-275763
-84148
120278
306392
445860
517450
510262
425390
275756
84140
-120286
-306399
-445865
-517451
-510260
-425385
-275748
-84131
120294
306405
445868
517451
510256
425379
275741
84124
-120300
-306410
-445871
-517452
-510254
-425374
-275734
-84116
120308
306416
445875
517453
510253
425370
275728
84109
-120315
-306422
-445879
-517454
-510251
-425366
-275722
-84102
120322
306428
445882
517454
510248
425361
275716
84095
-120329
-306434
-445886
-517456
-510247
-425357
-275710
-84088
120336
306440
445890
517457
510245
425352
275703
84080
-120344
-306446
-445894
-517458
-510243
-425347
-275696
-84072
120351
306452
445898
517459
510241
425343
275690
84065
-120358
-306457
-445901
-517460
-510239
-425338
-275683
-84057
120366
306464
445905
517461
510237
425333
275676
84049
-120373
-306470
-445909
-517462
-510235
-425329
-275669
-84041
120381
306476
445912
517462
510232
425323
275661
84032
-120390
-306484
-445918
-517464
-510230
-425318
-275654
-84024
120398
306490
445922
517465
510228
425313
275647
84016
-120406
-306497
-445926
-517466
-510226
-425308
-275640
-84008
120413
306502
445929
517466
510223
425303
275633
84000
-120421
-306509
-445933
-517467
-510221
-425298
-275626
-83993
120428
306515
445937
517468
510219
425293
275619
83984
-120437
-306522
-445942
-517470
-510217
-425288
-275612
-83976
120445
306529
445946
517472
510216
425284
275606
83969
-120452
-306535
-445950
-517473
-510214
-425279
-275599
-83961
120460
306542
445955
517475
510213
425275
275592
83952
-120469
-306549
-445960
-517477
-510212
-425271
-275586
-83945
120476
306556
445965
517479
510211
425267
275579
83937
-120484
-306562
-445969
-517480
-510209
-425262
-275572
-83929
120492
306569
445973
517481
510206
425257
275565
83921
-120500
-306576
-445978
-517483
-510205
-425252
-275558
-83912
120509
306583
445982
517484
510203
425248
275552
83905
-120516
-306589
-445986
-517485
-510201
-425243
-275545
-83897
120524
306596
445991
517487
510200
425239
275538
83889
-120532
-306603
-445996
-517489
-510198
-425234
-275531
-83881
120540
306609
445999
517489
510196
425229
275524
83873
-120548
-306616
-446004
-517491
-510194
-425224
-275517
-83864
120556
306622
446007
517491
510191
425218
275509
83856
-120564
-306629
-446012
-517493
-510190
-425214
-275503
-83848
120572
306636
446017
517495
510188
425209
275496
83840
-120580
-306642
-446021
-517496
-510186
-425204
-275488
-83831
120588
306649
446025
517497
510184
425200
275482
83824
-120596
-306656
-446030
-517499
-510183
-425196
-275476
-83817
120603
306662
446034
517501
510182
425192
275470
83809
-120611
-306669
-446039
-517503
-510181
-425188
-275463
-83801
120620
306677
446045
517506
510180
425183
275456
83793
-120628
-306684
-446049
-517507
-510178
-425178
-275448
-83783
120637
306691
446054
517509
510177
425175
275443
83777
-120644
-306697
-446058
-517510
-510175
-425170
-275436
-83769
120651
306702
446060
517509
510171
425164
275428
83761
-120658
-306708
-446064
-517510
-510169
-425159
-275422
-83754
120665
306714
446068
517512
510168
425155
275415
83746
-120673
-306721
-446073
-517513
-510166
-425150
-275408
-83737
120682
306728
446077
517514
510164
425145
275401
83729
-120690
-306735
-446082
-517516
-510162
-425140
-275394
-83721
120698
306741
446085
517516
510159
425134
275386
83712
-120706
-306748
-446090
-517518
-510158
-425130
-275379
-83704
120715
306756
446095
517520
510156
425125
275372
83696
-120722
-306761
-446098
-517520
-510153
-425119
-275364
-83687
120730
306767
446101
517520
510150
425114
275357
83679
-120738
-306774
-446105
-517520
-510147
-425108
-275350
-83672
120745
306779
446108
517520
510144
425103
275343
83664
-120752
-306785
-446112
-517522
-510143
-425099
-275337
-83657
120759
306791
446116
517523
510142
425095
275331
83650
-120766
-306796
-446119
-517524
-510140
-425091
-275325
-83643
120773
306802
446123
517525
510138
425086
275318
83635
-120780
-306808
-446127
-517526
-510136
-425081
-275311
-83627
120789
306816
446132
517528
510134
425077
275305
83620
-120796
-306822
-446136
-517530
-510134
-425074
-275300
-83613
120803
306828
446140
517531
510132
425069
275292
83604
-120812
-306835
-446145
-517532
-510129
-425063
-275284
-83596
120819
306841
446149
517534
510128
425059
275278
83588
-120828
-306849
-446155
-517537
-510128
-425056
-275272
-83580
120836
306856
446159
517538
510126
425051
275265
83572
-120844
-306862
-446163
-517539
-510124
-425046
-275258
-83564
120852
306869
446168
517541
510122
425041
275251
83556
-120860
-306876
-446172
-517542
-510120
-425036
-275243
-83547
120869
306883
446177
517544
510119
425032
275237
83539
-120877
-306890
-446182
-517546
-510118
-425028
-275231
-83532
120884
306896
446186
517547
510116
425023
275224
83524
-120892
-306903
-446191
-517550
-510115
-425019
-275217
-83516
120900
306910
446195
517550
510112
425014
275210
83508
-120907
-306915
-446198
-517550
-510109
-425008
-275203
-83500
120915
306922
446202
517551
510107
425003
275196
83492
-120923
-306928
-446206
-517552
-510105
-424998
-275189
-83484
120931
306935
446210
517553
510103
424994
275183
83477
-120938
-306941
-446214
-517555
-510102
-424990
-275176
-83468
120947
306949
446220
517558
510102
424986
275170
83461
-120954
-306955
-446225
-517561
-510102
-424984
-275165
-83454
120962
306962
446230
517563
510101
424980
275159
83447
-120969
-306969
-446235
-517565
-510100
-424976
-275153
-83440
120977
306976
446240
517567
510099
424972
275146
83431
-120986
-306983
-446245
-517569
-510097
-424967
-275139
-83423
120993
306989
446248
517569
510095
424963
275133
83416
-121000
-306995
-446252
-517570
-510092
-424957
-275125
-83407
121009
307002
446256
517571
510090
424952
275118
83399
-121016
-307008
-446260
-517572
-510088
-424947
-275111
-83392
121023
307013
446263
517573
510086
424942
275104
83384
-121031
-307020
-446268
-517575
-510085
-424938
-275098
-83376
121039
307027
446272
517576
510083
424933
275091
83368
-121047
-307034
-446277
-517578
-510082
-424930
-275085
-83361
121054
307040
446281
517579
510080
424925
275079
83354
-121061
-307045
-446284
-517580
-510078
-424920
-275072
-83346
121069
307052
446289
517582
510077
424917
275066
83339
-121076
-307058
-446293
-517583
-510075
-424912
-275059
-83331
121084
307064
446296
517583
510072
424906
275052
83323
-121091
-307070
-446300
-517584
-510070
-424902
-275046
-83316
121098
307076
446304
517585
510068
424897
275038
83307
-121107
-307083
-446308
-517586
-510066
-424892
-275031
-83299
121114
307089
446312
517587
510064
424887
275025
83292
-121121
-307095
-446316
-517589
-510063
-424883
-275018
-83284
121129
307102
446321
517591
510061
424878
275011
83276
-121137
-307108
-446324
-517591
-510059
-424874
-275005
-83269
121144
307114
446328
517592
510057
424870
274999
83262
-121151
-307120
-446332
-517593
-510055
-424865
-274992
-83254
121159
307127
446337
517595
510053
424859
274984
83244
-121169
-307135
-446342
-517596
-510050
-424853
-274975
-83235
121177
307141
446345
517597
510049
424850
274970
83228
-121184
-307147
-446349
-517598
-510046
-424844
-274962
-83220
121192
307153
446353
517599
510044
424839
274955
83212
-121200
-307160
-446358
-517601
-510043
-424835
-274949
-83204
121208
307167
446362
517602
510041
424830
274942
83196
-121216
-307174
-446367
-517604
-510040
-424826
-274935
-83187
121225
307182
446373
517607
510039
424822
274929
83180
-121232
-307188
-446377
-517608
-510037
-424817
-274922
-83172
121240
307194
446380
517608
510034
424812
274915
83164
-121248
-307200
-446384
-517609
-510032
-424806
-274907
-83155
121257
307208
446389
517611
510031
424802
274901
83148
-121264
-307214
-446393
-517612
-510029
-424798
-274895
-83141
121271
307220
446397
517613
510027
424793
274887
83132
-121280
-307228
-446403
-517616
-510026
-424788
-274879
-83122
121290
307236
446408
517617
510023
424782
274871
83113
-121298
-307243
-446412
-517618
-510021
-424777
-274864
-83105
121306
307249
446416
517619
510019
424772
274857
83097
-121314
-307255
-446419
-517619
-510016
-424767
-274850
-83089
121322
307262
446424
517621
510014
424761
274842
83080
-121330
-307268
-446427
-517621
-510011
-424756
-274835
-83072
121338
307275
446432
517623
510010
424752
274828
83064
-121346
-307282
-446437
-517625
-510009
-424747
-274821
-83056
121354
307289
446441
517626
510007
424743
274815
83048
-121362
-307296
-446446
-517628
-510005
-424738
-274808
-83041
121369
307301
446449
517628
510003
424734
274802
83034
-121376
-307307
-446453
-517630
-510002
-424730
-274796
-83026
121384
307314
446458
517632
510000
424725
274789
83018
-121392
-307321
-446462
-517633
-509998
-424720
-274782
-83010
121399
307326
446465
517633
509996
424715
274775
83003
-121406
-307332
-446469
-517634
-509993
-424710
-274768
-82995
121413
307337
446471
517634
509991
424705
274761
82987
-121421
-307344
-446476
-517636
-509989
-424700
-274754
-82979
121429
307351
446481
517638
509988
424697
274749
82973
-121435
-307356
-446484
-517638
-509986
-424692
-274743
-82966
121442
307361
446487
517639
509984
424688
274736
82958
-121450
-307368
-446491
-517640
-509982
-424683
-274729
-82950
121458
307374
446495
517640
509979
424677
274721
82941
-121466
-307381
-446499
-517641
-509976
-424671
-274713
-82932
121474
307387
446503
517642
509974
424666
274706
82924
-121482
-307393
-446506
-517642
-509971
-424661
-274699
-82917
121489
307399
446510
517643
509969
424656
274693
82910
-121495
-307404
-446513
-517643
-509966
-424651
-274686
-82902
121503
307411
446518
517646
509966
424648
274680
82894
-121512
-307418
-446522
-517647
-509964
-424643
-274673
-82886
121520
307425
446527
517649
509962
424638
274666
82878
-121528
-307432
-446532
-517651
-509961
-424634
-274659
-82869
121537
307439
446536
517651
509958
424628
274652
82862
-121543
-307444
-446539
-517652
-509956
-424623
-274645
-82854
121551
307451
446544
517654
509955
424619
274638
82845
-121561
-307460
-446550
-517656
-509953
-424614
-274631
-82837
121568
307465
446553
517657
509952
424611
274626
82831
-121574
-307471
-446557
-517658
-509950
-424606
-274619
-82823
121582
307477
446561
517660
509949
424602
274613
82816
-121589
-307482
-446564
-517660
-509946
-424597
-274606
-82809
121596
307488
446568
517661
509944
424592
274600
82802
-121602
-307493
-446571
-517662
-509943
-424589
-274594
-82794
121611
307501
446576
517664
509942
424585
274588
82787
-121618
-307507
-446581
-517666
-509940
-424580
-274581
-82779
121626
307514
446586
517668
509939
424576
274575
82772
-121633
-307520
-446589
-517669
-509938
-424572
-274568
-82763
121642
307528
446595
517671
509936
424567
274561
82755
-121650
-307535
-446600
-517673
-509935
-424563
-274554
-82747
121658
307541
446604
517675
509933
424558
274547
82739
-121666
-307548
-446608
-517675
-509930
-424552
-274539
-82730
121675
307556
446614
517678
509929
424548
274533
82722
-121683
-307562
-446618
-517679
-509928
-424544
-274526
-82714
121691
307569
446622
517680
509926
424539
274519
82706
-121699
-307576
-446627
-517682
-509924
-424534
-274512
-82698
121707
307583
446631
517683
509921
424528
274504
82689
-121715
-307589
-446635
-517684
-509920
-424524
-274498
-82682
121722
307595
446639
517685
509918
424520
274492
82674
-121730
-307602
-446644
-517687
-509917
-424515
-274484
-82665
121739
307609
446648
517688
509914
424509
274476
82656
-121748
-307617
-446653
-517690
-509912
-424504
-274468
-82646
121758
307625
446658
517691
509910
424499
274461
82638
-121766
-307632
-446663
-517693
-509908
-424494
-274454
-82630
121774
307639
446668
517695
509907
424489
274446
82621
-121782
-307645
-446671
-517695
-509904
-424484
-274439
-82613
121790
307651
446675
517696
509902
424479
274432
82605
-121798
-307658
-446680
-517698
-509900
-424474
-274425
-82597
121806
307665
446684
517699
509898
424469
274418
82589
-121813
-307670
-446687
-517699
-509896
-424465
-274413
-82583
121819
307675
446690
517700
509894
424460
274406
82576
-121826
-307681
-446694
-517701
-509892
-424456
-274400
-82569
121833
307687
446698
517702
509890
424451
274393
82561
-121840
-307692
-446700
-517702
-509887
-424446
-274386
-82553
121848
307699
446705
517703
509885
424441
274379
82545
-121856
-307705
-446709
-517705
-509884
-424437
-274373
-82537
121864
307712
446713
517706
509882
424432
274365
82529
-121872
-307719
-446718
-517707
-509879
-424426
-274357
-82519
121881
307726
446722
517708
509877
424421
274350
82511
-121890
-307734
-446728
-517711
-509877
-424418
-274344
-82504
121897
307740
446732
517712
509875
424413
274337
82496
-121904
-307745
-446734
-517711
-509871
-424407
-274330
-82488
121912
307752
446739
517713
509869
424401
274322
82479
-121921
-307759
-446744
-517715
-509868
-424397
-274315
-82471
121929
307766
446748
517716
509866
424392
274308
82463
-121937
-307773
-446752
-517717
-509863
-424387
-274301
-82455
121944
307778
446755
517717
509861
424382
274294
82447
-121952
-307784
-446758
-517717
-509858
-424376
-274286
-82438
121960
307791
446763
517718
509855
424370
274278
82430
-121968
-307797
-446766
-517719
-509853
-424366
-274272
-82422
121976
307804
446771
517721
509851
424360
274264
82413
-121984
-307810
-446775
-517721
-509848
-424355
-274257
-82405
121992
307817
446779
517722
509846
424350
274250
82397
-122000
-307824
-446784
-517724
-509845
-424345
-274242
-82388
122009
307831
446788
517725
509842
424340
274235
82380
-122017
-307838
-446793
-517727
-509841
-424335
-274228
-82371
122026
307846
446799
517730
509841
424332
274222
82363
-122035
-307854
-446805
-517733
-509840
-424328
-274215
-82355
122042
307859
446807
517732
509837
424323
274209
82349
-122048
-307864
-446810
-517733
-509835
-424319
-274203
-82342
122055
307870
446814
517734
509833
424314
274196
82334
-122063
-307876
-446818
-517735
-509831
-424309
-274189
-82326
122071
307883
446822
517736
509829
424304
274182
82318
-122078
-307889
-446826
-517737
-509826
-424298
-274174
-82309
122087
307896
446830
517738
509824
424294
274168
82302
-122094
-307902
-446834
-517739
-509822
-424289
-274161
-82294
122102
307909
446839
517741
509821
424285
274154
82286
-122110
-307916
-446844
-517743
-509820
-424281
-274148
-82278
122118
307923
446849
517745
509818
424276
274141
82270
-122126
-307929
-446852
-517745
-509816
-424271
-274134
-82263
122133
307935
446856
517747
509815
424267
274128
82255
-122141
-307942
-446861
-517749
-509813
-424262
-274121
-82247
122149
307948
446865
517750
509811
424258
274115
82240
-122156
-307955
-446870
-517752
-509810
-424254
-274108
-82231
122165
307962
446874
517753
509808
424249
274101
82223
-122173
-307969
-446879
-517755
-509807
-424244
-274093
-82214
122182
307976
446883
517756
509804
424239
274086
82206
-122190
-307983
-446888
-517758
-509803
-424234
-274079
-82197
122199
307991
446893
517759
509800
424228
274071
82189
-122206
-307996
-446896
-517759
-509798
-424224
-274065
-82182
122213
308002
446900
517761
509797
424220
274059
82174
-122221
-308009
-446905
-517763
-509795
-424215
-274052
-82166
122229
308015
446908
517763
509792
424209
274044
82158
-122236
-308021
-446912
-517764
-509791
-424206
-274039
-82152
122242
308026
446915
517765
509789
424202
274033
82145
-122249
-308032
-446919
-517766
-509788
-424198
-274027
-82138
122256
308038
446923
517768
509786
424193
274020
82129
-122265
-308045
-446927
-517768
-509783
-424187
-274012
-82121
122272
308050
446930
517768
509780
424182
274006
82115
-122278
-308055
-446933
-517769
-509778
-424178
-274000
-82107
122286
308062
446938
517771
509777
424174
273994
82100
-122293
-308068
-446942
-517772
-509775
-424169
-273987
-82092
122301
308074
446945
517772
509772
424164
273980
82085
-122307
-308079
-446948
-517773
-509771
-424160
-273974
-82077
122315
308086
446953
517775
509770
424156
273968
82070
-122322
-308092
-446957
-517776
-509768
-424151
-273961
-82062
122330
308098
446961
517778
509767
424148
273955
82055
-122337
-308104
-446964
-517777
-509763
-424141
-273947
-82047
122344
308109
446967
517778
509761
424137
273941
82039
-122352
-308116
-446972
-517780
-509759
-424132
-273934
-82031
122360
308123
446976
517781
509758
424128
273928
82024
-122367
-308129
-446981
-517783
-509757
-424124
-273921
-82016
122375
308135
446984
517783
509754
424119
273915
82009
-122382
-308141
-446988
-517785
-509753
-424115
-273908
-82001
122390
308148
446993
517787
509752
424111
273902
81993
-122398
-308155
-446998
-517788
-509749
-424105
-273894
-81985
122406
308161
447001
517789
509747
424100
273888
81978
-122412
-308166
-447004
-517789
-509745
-424096
-273881
-81970
122420
308173
447009
517791
509743
424091
273874
81962
-122428
-308179
-447013
-517792
-509741
-424086
-273867
-81954
122436
308186
447017
517793
509739
424081
273860
81946
-122444
-308192
-447020
-517793
-509736
-424076
-273853
-81938
122451
308198
447025
517796
509736
424073
273848
81931
-122459
-308206
-447031
-517798
-509734
-424067
-273839
-81921
122468
308212
447033
517797
509731
424062
273833
81915
-122474
-308218
-447038
-517800
-509731
-424059
-273828
-81909
122480
308222
447040
517800
509729
424055
273822
81902
-122487
-308229
-447045
-517802
-509728
-424051
-273816
-81895
122494
308235
447049
517803
509725
424046
273809
81887
-122502
-308241
-447053
-517804
-509724
-424042
-273803
-81880
122509
308247
447056
517805
509722
424038
273797
81872
-122517
-308254
-447061
-517807
-509721
-424034
-273791
-81865
122524
308259
447064
517807
509718
424028
273784
81858
-122531
-308265
-447068
-517808
-509716
-424024
-273777
-81850
122538
308271
447072
517809
509714
424019
273770
81842
-122546
-308277
-447075
-517810
-509712
-424014
-273763
-81834
122554
308284
447080
517812
509711
424010
273757
81827
-122561
-308290
-447084
-517813
-509709
-424005
-273750
-81819
122568
308295
447087
517813
509706
424000
273743
81811
-122576
-308302
-447091
-517814
-509704
-423995
-273736
-81803
122584
308309
447096
517816
509702
423990
273729
81795
-122592
-308315
-447100
-517817
-509700
-423985
-273722
-81787
122600
308322
447104
517818
509698
423981
273716
81780
-122607
-308328
-447108
-517819
-509696
-423976
-273709
-81772
122614
308333
447111
517819
509693
423971
273702
81764
-122622
-308340
-447115
-517820
-509691
-423966
-273695
-81756
122630
308346
447119
517822
509690
423962
273689
81748
-122638
-308354
-447125
-517825
-509690
-423959
-273683
-81741
122645
308359
447128
517825
509687
423953
273676
81734
-122652
-308365
-447131
-517825
-509684
-423948
-273669
-81726
122659
308371
447136
517827
509683
423944
273662
81718
-122667
-308377
-447139
-517828
-509681
-423939
-273656
-81710
122675
308384
447144
517829
509679
423934
273648
81701
-122684
-308391
-447148
-517830
-509677
-423929
-273641
-81693
122692
308398
447152
517831
509674
423923
273633
81684
-122701
-308405
-447157
-517833
-509673
-423919
-273627
-81677
122708
308411
447161
517834
509671
423914
273619
81668
-122716
-308418
-447165
-517835
-509668
-423908
-273612
-81660
122724
308424
447169
517835
509665
423902
273604
81652
-122731
-308429
-447171
-517835
-509663
-423898
-273598
-81645
122738
308435
447175
517836
509661
423893
273591
81637
-122746
-308442
-447180
-517838
-509659
-423888
-273583
-81628
122755
308449
447184
517839
509657
423884
273578
81621
-122762
-308455
-447188
-517840
-509655
-423879
-273571
-81613
122770
308462
447193
517842
509654
423875
273564
81605
-122778
-308469
-447198
-517844
-509653
-423871
-273557
-81597
122786
308476
447203
517846
509651
423866
273551
81589
-122794
-308483
-447207
-517848
-509650
-423862
-273544
-81581
122802
308489
447211
517849
509648
423857
273537
81573
-122810
-308496
-447216
-517850
-509646
-423852
-273530
-81565
122818
308503
447221
517853
509646
423849
273525
81558
-122825
-308509
-447225
-517855
-509645
-423845
-273518
-81550
122833
308516
447229
517855
509642
423840
273511
81542
-122841
-308522
-447233
-517856
-509640
-423835
-273504
-81535
122848
308528
447237
517858
509639
423831
273498
81527
-122855
-308533
-447240
-517858
-509636
-423826
-273492
-81521
122861
308539
447244
517859
509634
423821
273484
81511
-122871
-308547
-447249
-517860
-509631
-423815
-273476
-81502
122880
308554
447253
517862
509630
423811
273469
81494
-122888
-308561
-447258
-517864
-509629
-423807
-273464
-81488
122894
308566
447261
517865
509627
423802
273457
81480
-122901
-308572
-447265
-517865
-509624
-423797
-273450
-81473
122908
308577
447267
517864
509621
423792
273444
81466
-122915
-308583
-447271
-517866
-509620
-423788
-273437
-81458
122922
308588
447274
517866
509617
423783
273431
81451
-122929
-308594
-447278
-517867
-509615
-423778
-273424
-81443
122937
308601
447282
517868
509613
423773
273417
81435
-122945
-308608
-447288
-517872
-509613
-423770
-273411
-81427
122953
308615
447292
517873
509611
423765
273404
81419
-122961
-308621
-447296
-517873
-509608
-423759
-273396
-81411
122968
308626
447298
517873
509605
423754
273390
81404
-122975
-308632
-447302
-517874
-509603
-423749
-273383
-81396
122982
308637
447305
517874
509601
423745
273377
81389
-122990
-308644
-447310
-517876
-509599
-423740
-273370
-81381
122997
308650
447313
517876
509597
423735
273363
81374
-123004
-308656
-447317
-517878
-509596
-423732
-273358
-81367
123012
308663
447323
517881
509595
423728
273351
81359
-123020
-308670
-447327
-517882
-509594
-423724
-273345
-81351
123028
308677
447332
517884
509593
423720
273339
81344
-123035
-308683
-447336
-517885
-509590
-423714
-273331
-81335
123043
308689
447340
517887
509589
423710
273325
81328
-123051
-308696
-447345
-517889
-509588
-423706
-273318
-81320
123059
308703
447349
517890
509586
423701
273311
81311
-123068
-308711
-447355
-517892
-509584
-423696
-273303
-81302
123077
308718
447360
517894
509583
423692
273297
81295
-123084
-308724
-447363
-517895
-509581
-423687
-273290
-81287
123092
308731
447368
517897
509580
423684
273285
81280
-123099
-308737
-447372
-517898
-509578
-423679
-273278
-81272
123107
308744
447377
517900
509576
423673
273269
81262
-123117
-308752
-447382
-517901
-509574
-423668
-273262
-81254
123125
308759
447387
517904
509574
423665
273256
81246
-123134
-308767
-447393
-517907
-509573
-423661
-273250
-81239
123140
308772
447396
517907
509571
423657
273244
81232
-123147
-308778
-447400
-517908
-509569
-423652
-273237
-81224
123155
308785
447404
517910
509568
423648
273231
81216
-123163
-308792
-447409
-517912
-509567
-423644
-273225
-81209
123170
308797
447412
517913
509565
423640
273219
81202
-123177
-308803
-447416
-517913
-509562
-423634
-273211
-81194
123184
308809
447420
517915
509561
423630
273205
81186
-123192
-308815
-447424
-517916
-509559
-423626
-273199
-81180
123198
308820
447427
517917
509558
423622
273193
81172
-123206
-308827
-447432
-517918
-509555
-423617
-273186
-81165
123213
308833
447435
517919
509553
423612
273179
81157
-123221
-308839
-447439
-517920
-509551
-423607
-273172
-81149
123229
308846
447444
517921
509549
423602
273165
81141
-123237
-308853
-447448
-517923
-509548
-423598
-273158
-81132
123245
308859
447452
517924
509546
423593
273151
81124
-123254
-308867
-447457
-517926
-509544
-423588
-273144
-81116
123262
308874
447462
517927
509542
423583
273137
81108
-123269
-308880
-447466
-517929
-509541
-423579
-273130
-81099
123278
308887
447470
517930
509539
423574
273124
81093
-123284
-308892
-447474
-517931
-509537
-423570
-273118
-81085
123292
308899
447479
517933
509536
423566
273112
81078
-123299
-308905
-447483
-517935
-509535
-423562
-273105
-81070
123307
308912
447487
517936
509533
423557
273098
81061
-123317
-308921
-447494
-517939
-509532
-423553
-273091
-81053
123325
308927
447498
517940
509530
423548
273084
81045
-123333
-308934
-447502
-517942
-509529
-423544
-273078
-81038
123340
308940
447506
517943
509527
423539
273071
81029
-123349
-308947
-447511
-517944
-509524
-423533
-273063
-81021
123356
308953
447514
517945
509523
423530
273057
81013
-123364
-308960
-447519
-517947
-509521
-423525
-273050
-81006
123371
308966
447523
517948
509519
423520
273043
80998
-123379
-308972
-447527
-517949
-509518
-423516
-273037
-80990
123387
308979
447532
517951
509516
423512
273031
80983
-123394
-308985
-447535
-517952
-509514
-423507
-273024
-80975
123401
308991
447539
517953
509512
423502
273017
80967
-123409
-308997
-447543
-517954
-509510
-423497
-273010
-80959
123417
309004
447547
517955
509508
423492
273003
80951
-123425
-309011
-447552
-517957
-509506
-423487
-272996
-80943
123433
309017
447556
517958
509505
423483
272989
80935
-123441
-309024
-447560
-517959
-509502
-423477
-272981
-80926
123449
309030
447564
517959
509499
423471
272973
80917
-123458
-309037
-447568
-517960
-509497
-423466
-272966
-80909
123466
309044
447572
517961
509494
423461
272959
80901
-123473
-309050
-447576
-517962
-509492
-423456
-272952
-80893
123481
309056
447580
517963
509490
423451
272945
80885
-123489
-309063
-447584
-517964
-509488
-423447
-272939
-80878
123496
309069
447588
517966
509487
423443
272933
80871
-123503
-309075
-447592
-517966
-509484
-423437
-272925
-80862
123512
309082
447597
517968
509483
423433
272919
80855
-123519
-309088
-447600
-517969
-509481
-423428
-272912
-80847
123526
309093
447603
517969
509478
423423
272905
80840
-123533
-309099
-447607
-517970
-509476
-423418
-272898
-80831
123542
309106
447611
517971
509474
423413
272891
80823
-123550
-309113
-447616
-517973
-509472
-423408
-272884
-80815
123558
309120
447621
517975
509471
423404
272877
80806
-123567
-309128
-447626
-517977
-509469
-423399
-272869
-80797
123576
309135
447631
517979
509468
423395
272863
80790
-123583
-309141
-447635
-517980
-509466
-423390
-272856
-80782
123591
309148
447640
517982
509465
423386
272850
80774
-123599
-309155
-447644
-517983
-509463
-423381
-272842
-80765
123608
309162
447648
517983
509459
423374
272834
80757
-123615
-309167
-447651
-517983
-509456
-423368
-272826
-80748
123623
309173
447654
517983
509453
423362
272818
80739
-123632
-309181
-447659
-517984
-509450
-423357
-272811
-80732
123638
309185
447661
517984
509448
423353
272805
80725
-123645
-309191
-447665
-517985
-509446
-423348
-272798
-80717
123653
309198
447669
517986
509444
423343
272791
80709
-123660
-309203
-447672
-517986
-509441
-423337
-272784
-80701
123668
309210
447677
517988
509439
423332
272776
80692
-123677
-309217
-447681
-517989
-509437
-423327
-272769
-80684
123685
309223
447685
517990
509435
423322
272762
80676
-123693
-309230
-447689
-517991
-509433
-423318
-272756
-80669
123700
309236
447693
517993
509432
423314
272750
80662
-123707
-309242
-447697
-517994
-509430
-423309
-272743
-80653
123715
309249
447702
517996
509429
423305
272736
80645
-123723
-309255
-447705
-517996
-509426
-423299
-272728
-80636
123732
309263
447711
517998
509424
423294
272721
80628
-123740
-309270
-447716
-518000
-509423
-423290
-272714
-80620
123748
309277
447721
518003
509422
423286
272708
80612
-123757
-309284
-447725
-518004
-509421
-423282
-272702
-80605
123764
309290
447729
518005
509419
423278
272696
80598
-123771
-309297
-447735
-518008
-509419
-423275
-272690
-80590
123779
309304
447740
518011
509418
423270
272683
80582
-123787
-309311
-447744
-518012
-509416
-423266
-272677
-80575
123794
309317
447749
518014
509416
423263
272671
80567
-123802
-309324
-447753
-518016
-509414
-423258
-272664
-80559
123810
309330
447757
518017
509413
423254
272658
80552
-123817
-309336
-447761
-518018
-509410
-423248
-272650
-80543
123826
309343
447765
518018
509407
423242
272642
80534
-123835
-309351
-447771
-518021
-509406
-423238
-272635
-80526
123843
309358
447775
518022
509404
423233
272628
80517
-123852
-309365
-447780
-518023
-509401
-423227
-272620
-80508
123861
309373
447785
518025
509400
423223
272613
80500
-123869
-309379
-447789
-518027
-509399
-423219
-272607
-80492
123877
309387
447795
518029
509397
423213
272599
80484
-123884
-309392
-447798
-518030
-509396
-423210
-272594
-80478
123891
309398
447802
518031
509394
423205
272586
80468
-123900
-309405
-447806
-518032
-509391
-423200
-272580
-80462
123906
309410
447809
518033
509390
423197
272575
80456
-123912
-309416
-447813
-518034
-509388
-423192
-272568
-80448
123919
309421
447816
518034
509385
423186
272560
80439
-123928
-309428
-447820
-518035
-509383
-423181
-272553
-80431
123936
309435
447825
518037
509382
423177
272547
80423
-123944
-309442
-447830
-518039
-509380
-423172
-272540
-80416
123951
309447
447832
518038
509377
423167
272534
80409
-123957
-309452
-447835
-518039
-509375
-423163
-272527
-80401
123965
309459
447840
518041
509374
423158
272520
80393
-123974
-309467
-447846
-518043
-509372
-423153
-272513
-80384
123982
309473
447849
518043
509369
423148
272506
80377
-123989
-309479
-447853
-518045
-509369
-423145
-272501
-80370
123996
309485
447857
518046
509367
423141
272495
80363
-124003
-309491
-447861
-518047
-509365
-423136
-272488
-80356
124010
309497
447865
518049
509364
423132
272481
80347
-124019
-309504
-447869
-518050
-509361
-423126
-272473
-80339
124026
309509
447872
518050
509359
423122
272467
80331
-124034
-309516
-447877
-518052
-509357
-423117
-272460
-80323
124042
309523
447882
518054
509356
423112
272453
80315
-124050
-309530
-447886
-518055
-509354
-423108
-272447
-80308
124057
309535
447889
518056
509353
423104
272441
80301
-124064
-309542
-447894
-518058
-509351
-423100
-272435
-80294
124071
309547
447897
518058
509349
423095
272428
80286
-124079
-309554
-447901
-518059
-509346
-423089
-272420
-80277
124088
309561
447906
518061
509345
423085
272414
80270
-124095
-309567
-447910
-518062
-509343
-423080
-272406
-80261
124103
309574
447914
518063
509341
423076
272400
80253
-124111
-309580
-447918
-518064
-509338
-423069
-272391
-80244
124120
309587
447922
518065
509336
423065
272385
80237
-124127
-309594
-447927
-518067
-509335
-423061
-272379
-80229
124135
309601
447932
518069
509334
423057
272373
80223
-124141
-309605
-447934
-518069
-509332
-423053
-272368
-80217
124147
309610
447937
518070
509330
423049
272362
80210
-124154
-309616
-447942
-518072
-509329
-423045
-272355
-80201
124163
309624
447947
518073
509327
423040
272348
80193
-124171
-309631
-447951
-518074
-509325
-423035
-272341
-80185
124179
309638
447957
518078
509325
423031
272334
80177
-124187
-309644
-447960
-518078
-509322
-423026
-272327
-80169
124195
309651
447965
518080
509321
423022
272321
80161
-124203
-309658
-447970
-518082
-509320
-423017
-272313
-80152
124212
309666
447976
518085
509319
423013
272307
80144
-124220
-309673
-447980
-518086
-509317
-423008
-272300
-80136
124228
309679
447984
518087
509315
423004
272294
80129
-124235
-309685
-447988
-518088
-509313
-422999
-272287
-80121
124243
309692
447993
518090
509312
422995
272280
80113
-124251
-309698
-447996
-518090
-509309
-422990
-272274
-80106
124258
309704
448000
518092
509308
422986
272267
80098
-124266
-309711
-448005
-518093
-509306
-422981
-272260
-80090
124274
309718
448009
518094
509304
422976
272253
80081
-124282
-309724
-448013
-518095
-509301
-422970
-272245
-80073
124289
309729
448016
518096
509299
422965
272238
80065
-124298
-309737
-448021
-518097
-509297
-422961
-272232
-80058
124304
309742
448024
518098
509295
422956
272225
80050
-124312
-309748
-448028
-518099
-509293
-422951
-272218
-80042
124320
309755
448033
518101
509292
422947
272211
80033
-124329
-309763
-448038
-518102
-509289
-422941
-272203
-80024
124338
309770
448042
518103
509286
422935
272195
80015
-124346
-309776
-448045
-518103
-509284
-422930
-272188
-80008
124353
309783
448050
518105
509283
422926
272182
80000
-124361
-309789
-448054
-518107
-509282
-422923
-272177
-79994
124368
309796
448060
518110
509282
422919
272170
79985
-124377
-309803
-448064
-518111
-509279
-422913
-272162
-79976
124385
309809
448067
518111
509276
422908
272155
79969
-124392
-309815
-448071
-518112
-509275
-422905
-272151
-79963
124398
309821
448076
518115
509275
422901
272144
79955
-124407
-309829
-448082
-518117
-509273
-422896
-272137
-79947
124415
309835
448085
518118
509271
422891
272129
79938
-124423
-309842
-448090
-518119
-509268
-422885
-272122
-79930
124430
309847
448092
518118
509265
422880
272115
79922
-124438
-309853
-448095
-518118
-509262
-422874
-272107
-79914
124445
309859
448099
518119
509260
422870
272101
79907
-124452
-309864
-448102
-518119
-509257
-422864
-272094
-79899
124459
309869
448104
518119
509254
422859
272087
79892
-124466
-309875
-448108
-518120
-509252
-422854
-272080
-79884
124474
309881
448111
518120
509249
422849
272074
79877
-124481
-309888
-448116
-518122
-509248
-422845
-272067
-79869
124489
309894
448120
518123
509246
422840
272060
79861
-124496
-309900
-448124
-518124
-509244
-422835
-272053
-79853
124504
309906
448127
518125
509242
422831
272047
79846
-124511
-309912
-448131
-518126
-509240
-422826
-272040
-79838
124519
309919
448136
518127
509237
422820
272032
79829
-124527
-309925
-448139
-518128
-509236
-422816
-272026
-79822
124534
309931
448143
518128
509233
422811
272019
79814
-124542
-309937
-448147
-518130
-509231
-422806
-272012
-79806
124550
309944
448151
518131
509229
422801
272004
79797
-124558
-309950
-448155
-518132
-509227
-422797
-271999
-79791
124564
309955
448158
518133
509226
422793
271993
79784
-124571
-309961
-448162
-518134
-509224
-422788
-271986
-79777
124578
309967
448166
518135
509222
422783
271979
79768
-124587
-309974
-448170
-518136
-509220
-422779
-271973
-79761
124594
309981
448175
518138
509219
422775
271967
79754
-124601
-309986
-448178
-518139
-509217
-422771
-271961
-79747
124608
309992
448183
518141
509216
422767
271955
79740
-124615
-309998
-448186
-518141
-509213
-422761
-271947
-79731
124623
310004
448189
518141
509210
422755
271939
79722
-124632
-310012
-448195
-518143
-509208
-422750
-271932
-79714
124640
310018
448198
518144
509206
422745
271925
79706
-124647
-310024
-448202
-518145
-509204
-422741
-271919
-79699
124654
310030
448206
518146
509203
422737
271913
79692
-124661
-310036
-448210
-518147
-509200
-422731
-271905
-79683
124670
310043
448214
518148
509198
422727
271899
79676
-124677
-310048
-448217
-518149
-509196
-422722
-271892
-79669
124683
310053
448220
518149
509194
422717
271885
79660
-124692
-310061
-448225
-518150
-509191
-422712
-271878
-79653
124699
310067
448229
518152
509190
422708
271872
79645
-124707
-310074
-448235
-518155
-509190
-422705
-271866
-79638
124714
310080
448238
518155
509187
422699
271858
79629
-124723
-310087
-448242
-518156
-509185
-422694
-271851
-79621
124731
310094
448247
518158
509184
422690
271845
79614
-124738
-310099
-448250
-518159
-509182
-422686
-271839
-79606
124746
310106
448255
518161
509181
422682
271833
79599
-124753
-310112
-448259
-518162
-509179
-422677
-271826
-79591
124761
310119
448264
518164
509177
422672
271818
79582
-124770
-310127
-448270
-518167
-509177
-422668
-271811
-79573
124779
310134
448274
518167
509173
422662
271804
79566
-124785
-310139
-448276
-518167
-509171
-422657
-271797
-79558
124793
310145
448280
518168
509168
422652
271790
79550
-124801
-310152
-448284
-518168
-509165
-422646
-271782
-79541
124809
310158
448288
518170
509164
422642
271776
79534
-124817
-310165
-448293
-518172
-509163
-422638
-271770
-79527
124824
310171
448297
518173
509161
422633
271763
79519
-124831
-310177
-448300
-518173
-509158
-422628
-271756
-79511
124839
310183
448304
518174
509156
422623
271749
79503
-124846
-310189
-448308
-518175
-509154
-422618
-271742
-79495
124854
310195
448311
518176
509152
422614
271736
79488
-124861
-310201
-448315
-518177
-509150
-422609
-271729
-79480
124869
310208
448320
518178
509148
422604
271721
79471
-124878
-310215
-448325
-518181
-509147
-422600
-271715
-79464
124885
310221
448328
518180
509143
422593
271707
79456
-124892
-310226
-448330
-518179
-509140
-422588
-271700
-79448
124900
310232
448334
518181
509139
422584
271694
79441
-124907
-310238
-448338
-518182
-509136
-422578
-271686
-79432
124915
310245
448342
518183
509134
422574
271680
79425
-124922
-310251
-448346
-518184
-509133
-422570
-271674
-79418
124929
310257
448350
518186
509132
422567
271669
79412
-124935
-310262
-448354
-518187
-509130
-422562
-271662
-79404
124943
310268
448357
518187
509127
422557
271656
79397
-124949
-310272
-448359
-518186
-509124
-422551
-271648
-79389
124956
310277
448361
518185
509119
422544
271640
79381
-124963
-310283
-448364
-518185
-509116
-422538
-271632
-79372
124972
310290
448368
518186
509114
422533
271625
79364
-124979
-310295
-448371
-518186
-509111
-422528
-271618
-79356
124987
310302
448376
518188
509110
422524
271612
79349
-124994
-310308
-448380
-518190
-509109
-422520
-271606
-79342
125002
310315
448385
518192
509108
422516
271600
79334
-125010
-310322
-448390
-518194
-509107
-422512
-271593
-79326
125018
310329
448395
518196
509106
422509
271588
79319
-125025
-310335
-448399
-518198
-509105
-422505
-271582
-79312
125032
310341
448403
518199
509103
422500
271575
79305
-125039
-310346
-448405
-518198
-509099
-422494
-271567
-79296
125047
310353
448410
518200
509098
422490
271561
79289
-125054
-310359
-448414
-518201
-509096
-422485
-271554
-79281
125062
310365
448417
518202
509094
422481
271548
79274
-125069
-310371
-448421
-518203
-509092
-422476
-271541
-79266
125077
310378
448426
518205
509091
422472
271535
79259
-125084
-310384
-448430
-518206
-509089
-422467
-271528
-79251
125091
310389
448433
518207
509088
422464
271523
79245
-125098
-310396
-448438
-518209
-509087
-422460
-271517
-79237
125106
310402
448442
518211
509086
422457
271512
79231
-125112
-310408
-448446
-518212
-509084
-422452
-271505
-79223
125119
310413
448449
518212
509081
422447
271499
79217
-125125
-310418
-448452
-518212
-509079
-422442
-271492
-79209
125133
310424
448455
518213
509076
422436
271484
79201
-125140
-310430
-448459
-518214
-509075
-422433
-271479
-79194
125147
310436
448463
518215
509073
422429
271473
79188
-125153
-310441
-448466
-518215
-509070
-422423
-271466
-79180
125161
310447
448469
518215
509067
422418
271459
79172
-125169
-310453
-448473
-518217
-509066
-422414
-271452
-79164
125176
310459
448477
518218
509064
422409
271445
79156
-125184
-310466
-448482
-518220
-509063
-422405
-271439
-79148
125192
310472
448485
518220
509060
422400
271433
79142
-125198
-310477
-448488
-518221
-509058
-422395
-271426
-79134
125206
310484
448493
518223
509057
422391
271419
79126
-125214
-310491
-448498
-518225
-509056
-422387
-271413
-79118
125222
310498
448503
518227
509055
422383
271407
79111
-125229
-310504
-448507
-518228
-509053
-422379
-271401
-79104
125236
310510
448511
518230
509052
422375
271395
79097
-125243
-310516
-448515
-518231
-509050
-422370
-271388
-79089
125251
310522
448519
518232
509048
422365
271381
79081
-125258
-310528
-448522
-518232
-509046
-422361
-271375
-79074
125265
310534
448526
518234
509044
422356
271368
79066
-125273
-310540
-448530
-518235
-509042
-422352
-271362
-79059
125280
310546
448534
518236
509040
422347
271355
79051
-125288
-310553
-448538
-518237
-509038
-422342
-271348
-79043
125296
310559
448542
518238
509036
422337
271341
79035
-125304
-310566
-448547
-518240
-509035
-422333
-271334
-79027
125312
310573
448551
518241
509032
422327
271326
79018
-125320
-310579
-448555
-518242
-509031
-422323
-271320
-79011
125327
310585
448559
518243
509029
422319
271314
79004
-125334
-310591
-448563
-518245
-509028
-422315
-271308
-78996
125343
310599
448569
518247
509026
422310
271300
78987
-125351
-310605
-448572
-518247
-509023
-422304
-271292
-78978
125359
310611
448575
518247
509020
422298
271285
78971
-125366
-310617
-448579
-518248
-509018
-422294
-271279
-78964
125373
310623
448583
518250
509017
422290
271273
78956
-125381
-310630
-448588
-518252
-509016
-422286
-271266
-78948
125389
310636
448591
518252
509013
422281
271259
78940
-125397
-310643
-448596
-518254
-509012
-422276
-271252
-78932
125405
310650
448601
518256
509011
422273
271247
78925
-125412
-310656
-448605
-518257
-509009
-422268
-271240
-78917
125420
310663
448610
518259
509007
422262
271231
78907
-125430
-310671
-448615
-518260
-509004
-422256
-271223
-78899
125437
310677
448618
518261
509002
422252
271217
78891
-125445
-310683
-448622
-518262
-509001
-422248
-271211
-78884
125452
310689
448626
518263
508999
422244
271206
78878
-125458
-310694
-448629
-518264
-508997
-422239
-271199
-78871
125465
310700
448633
518265
508995
422234
271192
78863
-125472
-310705
-448636
-518265
-508992
-422229
-271185
-78855
125480
310712
448640
518267
508991
422225
271179
78848
-125487
-310718
-448644
-518267
-508988
-422220
-271172
-78840
125495
310724
448648
518269
508987
422216
271166
78833
-125502
-310730
-448652
-518270
-508985
-422211
-271159
-78825
125509
310736
448655
518270
508982
422206
271152
78817
-125517
-310742
-448659
-518271
-508980
-422201
-271145
-78809
125525
310749
448663
518272
508978
422196
271138
78801
-125533
-310755
-448667
-518273
-508976
-422191
-271130
-78792
125542
310763
448673
518276
508975
422187
271124
78784
-125550
-310770
-448678
-518278
-508974
-422183
-271118
-78777
125557
310776
448682
518279
508972
422178
271111
78769
-125565
-310782
-448685
-518279
-508969
-422173
-271104
-78761
125573
310789
448690
518281
508968
422169
271098
78754
-125580
-310795
-448694
-518282
-508966
-422163
-271089
-78744
125590
310803
448699
518284
508964
422159
271083
78737
-125597
-310809
-448703
-518285
-508962
-422154
-271076
-78729
125604
310815
448707
518286
508960
422149
271069
78721
-125612
-310821
-448710
-518286
-508957
-422143
-271061
-78712
125620
310827
448713
518286
508954
422138
271054
78704
-125628
-310834
-448718
-518288
-508952
-422132
-271046
-78695
125636
310840
448721
518288
508949
422127
271039
78687
-125644
-310847
-448726
-518290
-508948
-422122
-271031
-78678
125654
310856
448732
518292
508946
422117
271024
78669
-125662
-310862
-448736
-518293
-508944
-422112
-271017
-78661
125670
310869
448740
518294
508942
422108
271011
78655
-125676
-310874
-448743
-518295
-508940
-422103
-271004
-78647
125684
310880
448747
518296
508938
422098
270997
78639
-125691
-310886
-448751
-518297
-508937
-422095
-270992
-78633
125697
310891
448754
518298
508935
422090
270985
78625
-125705
-310898
-448759
-518300
-508933
-422085
-270978
-78616
125714
310906
448764
518302
508932
422081
270972
78609
-125722
-310912
-448769
-518304
-508931
-422077
-270965
-78601
125730
310919
448773
518305
508929
422072
270958
78593
-125737
-310925
-448777
-518306
-508927
-422068
-270952
-78586
125744
310931
448781
518308
508926
422064
270946
78579
-125751
-310937
-448785
-518309
-508924
-422060
-270940
-78572
125758
310942
448788
518309
508922
422055
270934
78565
-125765
-310948
-448792
-518311
-508921
-422052
-270928
-78558
125772
310954
448796
518312
508919
422047
270922
78551
-125779
-310960
-448799
-518312
-508916
-422041
-270914
-78542
125787
310966
448803
518313
508914
422037
270908
78535
-125794
-310972
-448807
-518314
-508912
-422032
-270901
-78527
125802
310979
448811
518315
508910
422027
270894
78519
-125810
-310985
-448815
-518316
-508908
-422022
-270886
-78510
125818
310992
448819
518317
508905
422016
270879
78503
-125825
-310997
-448822
-518317
-508902
-422011
-270872
-78494
125834
311004
448827
518319
508901
422007
270866
78487
-125841
-311010
-448830
-518319
-508898
-422001
-270858
-78479
125848
311015
448833
518319
508895
421996
270851
78471
-125855
-311021
-448837
-518321
-508894
-421992
-270845
-78464
125863
311028
448841
518322
508892
421987
270838
78456
-125870
-311034
-448845
-518323
-508890
-421983
-270832
-78449
125877
311039
448848
518323
508887
421977
270824
78440
-125886
-311046
-448852
-518324
-508885
-421972
-270817
-78432
125894
311053
448857
518326
508884
421968
270810
78423
-125903
-311061
-448862
-518327
-508881
-421962
-270803
-78416
125910
311067
448866
518329
508880
421958
270796
78407
-125919
-311075
-448872
-518332
-508879
-421953
-270788
-78398
125928
311082
448877
518333
508877
421949
270782
78391
-125935
-311088
-448880
-518334
-508875
-421944
-270775
-78383
125943
311095
448885
518336
508874
421939
270767
78373
-125953
-311103
-448890
-518337
-508871
-421933
-270759
-78364
125961
311109
448893
518337
508868
421928
270753
78358
-125967
-311114
-448897
-518339
-508867
-421924
-270747
-78350
125975
311121
448901
518340
508866
421920
270740
78342
-125983
-311128
-448906
-518342
-508864
-421915
-270733
-78334
125991
311135
448911
518344
508863
421912
270728
78327
-125998
-311141
-448915
-518345
-508861
-421907
-270721
-78319
126006
311148
448920
518347
508860
421903
270714
78311
-126014
-311155
-448925
-518349
-508859
-421899
-270708
-78303
126023
311163
448931
518352
508858
421895
270701
78295
-126031
-311169
-448934
-518353
-508856
-421890
-270694
-78287
126038
311175
448938
518353
508853
421884
270686
78278
-126047
-311182
-448942
-518354
-508851
-421879
-270679
-78270
126055
311189
448947
518356
508850
421875
270673
78263
-126062
-311195
-448951
-518357
-508847
-421869
-270665
-78254
126070
311201
448954
518357
508844
421864
270658
78247
-126077
-311207
-448958
-518358
-508842
-421859
-270651
-78239
126084
311212
448960
518358
508840
421855
270646
78233
-126090
-311217
-448964
-518359
-508838
-421850
-270639
-78225
126098
311224
448969
518361
508837
421847
270634
78219
-126105
-311230
-448973
-518363
-508837
-421844
-270629
-78212
126112
311236
448977
518364
508834
421838
270620
78203
-126120
-311242
-448980
-518364
-508831
-421832
-270613
-78195
126127
311247
448982
518363
508827
421826
270606
78188
-126134
-311253
-448986
-518365
-508827
-421824
-270601
-78181
126141
311259
448990
518366
508825
421819
270594
78174
-126148
-311265
-448994
-518367
-508822
-421813
-270586
-78165
126156
311271
448998
518368
508821
421810
270581
78158
-126164
-311278
-449003
-518370
-508820
-421805
-270574
-78150
126172
311285
449007
518371
508817
421800
270567
78142
-126179
-311291
-449011
-518373
-508816
-421796
-270561
-78135
126186
311296
449014
518373
508814
421792
270555
78128
-126193
-311302
-449018
-518374
-508812
-421787
-270548
-78120
126201
311309
449023
518376
508811
421783
270542
78113
-126208
-311315
-449026
-518377
-508809
-421778
-270535
-78105
126216
311321
449030
518378
508806
421773
270528
78097
-126223
-311327
-449034
-518379
-508805
-421769
-270522
-78090
126231
311334
449039
518381
508804
421765
270516
78083
-126238
-311340
-449043
-518383
-508803
-421761
-270509
-78075
126246
311347
449047
518384
508801
421757
270504
78068
-126253
-311353
-449052
-518386
-508800
-421753
-270497
-78060
126261
311360
449057
518388
508798
421748
270490
78052
-126269
-311367
-449061
-518389
-508796
-421743
-270483
-78044
126277
311373
449065
518390
508794
421738
270476
78036
-126285
-311380
-449070
-518392
-508793
-421734
-270470
-78028
126293
311387
449074
518393
508791
421729
270462
78019
-126302
-311394
-449079
-518395
-508789
-421724
-270455
-78011
126310
311401
449084
518397
508788
421720
270449
78004
-126317
-311407
-449087
-518397
-508785
-421715
-270442
-77996
126325
311414
449092
518399
508784
421710
270434
77987
-126333
-311420
-449096
-518400
-508782
-421705
-270427
-77978
126342
311428
449101
518402
508780
421701
270421
77971
-126349
-311434
-449105
-518403
-508778
-421696
-270414
-77964
126356
311439
449108
518404
508777
421692
270408
77956
-126364
-311446
-449113
-518406
-508775
-421687
-270400
-77947
126373
311453
449117
518406
508772
421681
270392
77938
-126381
-311460
-449121
-518407
-508770
-421677
-270386
-77931
126388
311466
449125
518408
508767
421670
270378
77922
-126397
-311473
-449129
-518409
-508765
-421666
-270371
-77914
126405
311479
449133
518410
508763
421661
270364
77906
-126413
-311486
-449138
-518412
-508762
-421657
-270358
-77899
126420
311492
449142
518413
508760
421652
270351
77891
-126427
-311498
-449145
-518413
-508757
-421646
-270343
-77882
126436
311505
449149
518414
508754
421640
270335
77873
-126445
-311512
-449154
-518415
-508752
-421635
-270327
-77864
126453
311519
449158
518416
508749
421629
270319
77855
-126462
-311526
-449162
-518417
-508747
-421624
-270312
-77847
126469
311531
449165
518417
508744
421619
270306
77841
-126475
-311536
-449168
-518418
-508743
-421615
-270299
-77833
126483
311543
449173
518420
508742
421612
270294
77826
-126490
-311549
-449177
-518422
-508741
-421608
-270288
-77819
126498
311556
449182
518424
508740
421604
270282
77812
-126505
-311562
-449186
-518425
-508738
-421599
-270275
-77803
126513
311569
449191
518427
508736
421594
270268
77795
-126521
-311576
-449195
-518428
-508734
-421589
-270260
-77786
126530
311583
449200
518430
508733
421585
270254
77779
-126537
-311589
-449204
-518431
-508730
-421579
-270246
-77770
126546
311596
449208
518432
508729
421575
270240
77763
-126553
-311602
-449212
-518433
-508726
-421570
-270233
-77755
126561
311609
449217
518435
508725
421565
270225
77746
-126570
-311616
-449221
-518436
-508723
-421561
-270219
-77738
126578
311623
449226
518438
508722
421557
270213
77731
-126585
-311629
-449230
-518439
-508720
-421552
-270206
-77723
126593
311636
449235
518441
508718
421547
270199
77715
-126601
-311643
-449239
-518442
-508716
-421542
-270192
-77707
126608
311648
449242
518442
508714
421538
270186
77700
-126615
-311654
-449246
-518444
-508712
-421533
-270178
-77691
126624
311662
449252
518447
508712
421529
270172
77683
-126633
-311670
-449257
-518448
-508710
-421525
-270165
-77675
126641
311676
449261
518449
508707
421518
270156
77665
-126650
-311683
-449265
-518450
-508705
-421513
-270149
-77657
126657
311689
449269
518451
508702
421507
270141
77648
-126666
-311696
-449273
-518452
-508701
-421504
-270136
-77642
126672
311702
449277
518453
508699
421499
270129
77634
-126680
-311708
-449281
-518454
-508696
-421493
-270121
-77626
126687
311713
449283
518453
508693
421488
270115
77619
-126694
-311719
-449287
-518454
-508690
-421482
-270107
-77610
126702
311725
449290
518454
508687
421477
270100
77602
-126710
-311731
-449294
-518455
-508685
-421472
-270093
-77594
126718
311738
449298
518456
508683
421467
270086
77587
-126724
-311743
-449301
-518457
-508681
-421463
-270080
-77580
126731
311748
449304
518456
508678
421457
270073
77572
-126738
-311754
-449307
-518457
-508676
-421453
-270066
-77564
126746
311760
449311
518458
508674
421448
270060
77557
-126753
-311766
-449315
-518459
-508671
-421442
-270052
-77548
126762
311774
449320
518461
508670
421438
270045
77540
-126770
-311780
-449324
-518462
-508668
-421434
-270040
-77534
126776
311785
449327
518462
508665
421428
270032
77525
-126784
-311791
-449331
-518464
-508664
-421424
-270025
-77517
126792
311798
449335
518464
508661
421418
270017
77508
-126801
-311805
-449339
-518465
-508658
-421412
-270009
-77499
126810
311813
449345
518467
508656
421406
270000
77489
-126819
-311820
-449348
-518466
-508652
-421400
-269993
-77481
126827
311826
449352
518468
508651
421396
269986
77473
-126835
-311833
-449357
-518470
-508649
-421391
-269979
-77465
126842
311838
449359
518469
508646
421385
269972
77458
-126849
-311844
-449363
-518470
-508644
-421381
-269966
-77451
126856
311850
449367
518471
508642
421377
269960
77444
-126863
-311856
-449371
-518472
-508640
-421371
-269952
-77434
126872
311863
449375
518474
508639
421368
269947
77428
-126879
-311869
-449379
-518475
-508637
-421363
-269940
-77420
126886
311875
449383
518476
508635
421359
269934
77413
-126893
-311881
-449387
-518477
-508633
-421353
-269926
-77404
126902
311888
449391
518478
508631
421348
269918
77395
-126910
-311894
-449395
-518479
-508628
-421343
-269911
-77387
126918
311901
449400
518481
508627
421339
269905
77380
-126925
-311907
-449403
-518481
-508624
-421333
-269897
-77372
126933
311913
449407
518482
508622
421328
269890
77363
-126942
-311920
-449411
-518483
-508620
-421323
-269883
-77355
126950
311928
449417
518486
508619
421319
269876
77347
-126958
-311934
-449421
-518487
-508617
-421314
-269869
-77339
126965
311940
449424
518487
508614
421308
269861
77330
-126974
-311947
-449429
-518489
-508613
-421304
-269855
-77323
126981
311953
449433
518490
508611
421299
269848
77315
-126989
-311960
-449437
-518491
-508609
-421295
-269842
-77308
126996
311966
449441
518492
508606
421289
269834
77298
-127005
-311973
-449446
-518494
-508605
-421285
-269827
-77290
127013
311980
449450
518495
508603
421280
269820
77282
-127021
-311987
-449455
-518497
-508602
-421276
-269814
-77275
127029
311994
449460
518499
508601
421272
269808
77268
-127036
-312000
-449464
-518501
-508600
-421268
-269801
-77259
127045
312007
449468
518501
508596
421261
269793
77250
-127053
-312014
-449473
-518503
-508595
-421257
-269786
-77242
127061
312020
449476
518503
508592
421251
269778
77233
-127070
-312028
-449482
-518506
-508591
-421247
-269772
-77226
127077
312034
449486
518507
508589
421242
269765
77218
-127085
-312040
-449490
-518508
-508587
-421238
-269758
-77210
127093
312047
449495
518510
508586
421234
269752
77202
-127101
-312054
-449499
-518511
-508584
-421228
-269744
-77193
127110
312061
449503
518512
508581
421223
269737
77185
-127117
-312067
-449507
-518513
-508579
-421218
-269729
-77176
127127
312075
449512
518515
508578
421214
269723
77169
-127133
-312080
-449516
-518516
-508576
-421209
-269717
-77162
127140
312086
449519
518517
508574
421205
269710
77154
-127148
-312093
-449524
-518518
-508572
-421200
-269703
-77146
127156
312099
449528
518519
508570
421195
269696
77138
-127164
-312106
-449533
-518522
-508570
-421192
-269690
-77130
127172
312113
449538
518524
508568
421187
269683
77122
-127180
-312120
-449542
-518525
-508567
-421183
-269677
-77115
127187
312126
449546
518526
508564
421177
269669
77106
-127196
-312133
-449550
-518526
-508560
-421170
-269660
-77096
127205
312140
449554
518527
508558
421165
269653
77089
-127212
-312146
-449558
-518528
-508556
-421160
-269646
-77080
127221
312153
449562
518529
508554
421155
269639
77073
-127227
-312158
-449565
-518529
-508551
-421150
-269632
-77065
127235
312164
449568
518529
508548
421144
269624
77056
-127244
-312172
-449574
-518532
-508547
-421140
-269618
-77049
127251
312178
449578
518533
508546
421137
269613
77042
-127258
-312183
-449581
-518534
-508544
-421132
-269606
-77034
127266
312190
449586
518536
508542
421127
269598
77025
-127274
-312197
-449590
-518536
-508539
-421121
-269591
-77017
127282
312204
449595
518538
508538
421117
269584
77009
-127290
-312210
-449599
-518540
-508537
-421113
-269578
-77001
127298
312217
449603
518541
508535
421108
269571
76994
-127305
-312223
-449607
-518542
-508533
-421104
-269565
-76987
127312
312229
449611
518544
508532
421100
269559
76980
-127319
-312234
-449614
-518544
-508529
-421095
-269552
-76972
127326
312240
449618
518545
508527
421090
269545
76964
-127334
-312247
-449622
-518546
-508525
-421085
-269538
-76956
127342
312253
449626
518547
508523
421080
269531
76948
-127350
-312259
-449629
-518547
-508520
-421075
-269524
-76940
127358
312266
449634
518549
508519
421071
269517
76932
-127366
-312273
-449639
-518551
-508518
-421067
-269512
-76925
127373
312279
449643
518552
508516
421062
269505
76918
-127380
-312285
-449647
-518554
-508515
-421058
-269499
-76910
127388
312292
449651
518554
508511
421052
269491
76902
-127395
-312297
-449655
-518556
-508511
-421049
-269485
-76894
127403
312304
449659
518557
508509
421044
269478
76886
-127411
-312311
-449664
-518559
-508507
-421039
-269471
-76878
127419
312318
449668
518560
508505
421034
269464
76870
-127427
-312324
-449672
-518561
-508503
-421030
-269458
-76863
127434
312330
449676
518562
508501
421025
269451
76855
-127441
-312336
-449680
-518564
-508500
-421021
-269444
-76847
127449
312342
449684
518565
508498
421016
269438
76840
-127456
-312348
-449688
-518566
-508497
-421013
-269433
-76833
127464
312355
449693
518569
508496
421009
269427
76826
-127471
-312361
-449697
-518570
-508494
-421004
-269420
-76819
127477
312366
449700
518570
508492
421000
269414
76811
-127485
-312373
-449705
-518573
-508492
-420997
-269408
-76804
127493
312380
449710
518575
508491
420993
269402
76797
-127500
-312386
-449714
-518576
-508489
-420988
-269395
-76789
127508
312393
449719
518578
508488
420985
269390
76782
-127515
-312399
-449723
-518580
-508487
-420980
-269382
-76773
127524
312406
449727
518580
508483
420974
269374
76764
-127532
-312413
-449731
-518581
-508481
-420969
-269367
-76757
127539
312418
449734
518582
508479
420964
269361
76749
-127547
-312425
-449738
-518582
-508476
-420958
-269353
-76741
127554
312430
449741
518582
508473
420953
269346
76734
-127560
-312434
-449743
-518582
-508470
-420948
-269339
-76726
127568
312441
449747
518583
508468
420943
269333
76719
-127575
-312447
-449751
-518584
-508467
-420939
-269327
-76711
127583
312453
449755
518585
508464
420933
269318
76702
-127592
-312461
-449760
-518587
-508463
-420929
-269312
-76694
127600
312468
449765
518589
508462
420925
269306
76687
-127607
-312474
-449769
-518590
-508460
-420921
-269300
-76680
127614
312480
449773
518591
508458
420916
269293
76672
-127621
-312485
-449776
-518592
-508456
-420911
-269286
-76664
127630
312493
449781
518594
508455
420907
269279
76656
-127638
-312500
-449786
-518595
-508452
-420901
-269271
-76647
127646
312506
449789
518595
508449
420896
269264
76639
-127654
-312512
-449793
-518596
-508447
-420891
-269257
-76631
127661
312518
449796
518596
508444
420885
269250
76623
-127669
-312525
-449801
-518598
-508443
-420881
-269243
-76615
127677
312531
449805
518600
508442
420877
269237
76607
-127686
-312539
-449811
-518603
-508441
-420873
-269230
-76599
127694
312546
449816
518605
508440
420869
269224
76592
-127701
-312552
-449820
-518606
-508438
-420864
-269217
-76584
127709
312559
449824
518607
508437
420861
269212
76577
-127716
-312565
-449828
-518609
-508435
-420856
-269205
-76570
127723
312571
449832
518609
508432
420850
269197
76561
-127731
-312577
-449835
-518609
-508429
-420845
-269190
-76553
127738
312582
449838
518610
508427
420840
269183
76546
-127745
-312588
-449842
-518611
-508425
-420835
-269177
-76538
127753
312595
449846
518612
508423
420831
269170
76530
-127761
-312601
-449850
-518613
-508421
-420826
-269163
-76522
127769
312608
449855
518615
508420
420822
269157
76515
-127776
-312614
-449859
-518616
-508418
-420817
-269150
-76507
127784
312621
449864
518618
508417
420813
269144
76500
-127791
-312627
-449867
-518619
-508415
-420808
-269137
-76491
127800
312634
449872
518621
508413
420803
269129
76483
-127807
-312640
-449875
-518620
-508410
-420798
-269123
-76476
127814
312645
449878
518621
508408
420793
269116
76468
-127821
-312650
-449881
-518621
-508404
-420787
-269108
-76460
127829
312656
449884
518620
508401
420782
269102
76453
-127836
-312663
-449889
-518623
-508400
-420777
-269094
-76443
127846
312671
449894
518624
508398
420772
269087
76435
-127854
-312678
-449899
-518627
-508398
-420769
-269081
-76427
127862
312685
449904
518628
508395
420763
269073
76418
-127871
-312692
-449908
-518629
-508393
-420758
-269066
-76411
127877
312697
449911
518630
508392
420755
269061
76404
-127885
-312704
-449916
-518632
-508390
-420750
-269054
-76397
127891
312709
449919
518632
508387
420744
269046
76388
-127899
-312715
-449922
-518632
-508384
-420738
-269038
-76379
127908
312722
449927
518633
508381
420732
269030
76370
-127916
-312728
-449929
-518632
-508378
-420727
-269024
-76364
127922
312733
449932
518633
508375
420721
269016
76355
-127930
-312739
-449936
-518633
-508372
-420716
-269009
-76347
127938
312746
449940
518634
508370
420711
269002
76339
-127946
-312752
-449944
-518636
-508369
-420707
-268995
-76331
127954
312759
449949
518638
508368
420703
268990
76325
-127960
-312764
-449952
-518639
-508367
-420700
-268984
-76317
127969
312772
449958
518641
508365
420695
268977
76309
-127976
-312778
-449961
-518641
-508362
-420689
-268969
-76301
127983
312783
449964
518642
508360
420684
268962
76293
-127991
-312789
-449967
-518641
-508356
-420678
-268955
-76285
127999
312796
449972
518643
508355
420674
268948
76277
-128007
-312803
-449977
-518646
-508355
-420670
-268942
-76269
128015
312810
449982
518647
508352
420665
268935
76261
-128023
-312817
-449986
-518648
-508350
-420660
-268928
-76254
128030
312822
449989
518649
508348
420655
268921
76246
-128037
-312827
-449992
-518649
-508345
-420650
-268914
-76238
128045
312834
449996
518650
508343
420645
268907
76230
-128053
-312841
-450001
-518652
-508342
-420641
-268900
-76221
128062
312848
450005
518653
508340
420636
268893
76213
-128069
-312854
-450009
-518654
-508338
-420631
-268886
-76205
128078
312862
450015
518657
508337
420627
268880
76198
-128085
-312868
-450019
-518658
-508335
-420622
-268873
-76190
128093
312874
450023
518659
508333
420617
268866
76182
-128100
-312880
-450027
-518660
-508331
-420613
-268860
-76175
128107
312886
450030
518660
508328
420607
268852
76167
-128114
-312891
-450032
-518659
-508324
-420601
-268845
-76159
128122
312897
450036
518661
508324
420598
268839
76152
-128129
-312903
-450040
-518662
-508321
-420592
-268831
-76143
128137
312909
450043
518662
508318
420587
268824
76135
-128145
-312916
-450048
-518664
-508317
-420583
-268818
-76128
128152
312922
450052
518665
508315
420578
268811
76120
-128160
-312928
-450055
-518665
-508312
-420572
-268803
-76111
128168
312934
450059
518666
508310
420567
268796
76103
-128176
-312941
-450063
-518666
-508307
-420562
-268790
-76096
128182
312946
450066
518667
508305
420557
268783
76089
-128189
-312952
-450070
-518669
-508304
-420554
-268778
-76082
128196
312958
450074
518670
508302
420549
268770
76073
-128205
-312965
-450079
-518672
-508301
-420545
-268764
-76066
128213
312973
450085
518675
508300
420541
268757
76057
-128222
-312980
-450089
-518676
-508298
-420536
-268750
-76049
128230
312987
450094
518678
508297
420531
268743
76040
-128239
-312994
-450098
-518678
-508294
-420526
-268736
-76033
128245
312999
450101
518679
508292
420521
268729
76025
-128253
-313006
-450106
-518681
-508291
-420517
-268723
-76018
128260
313011
450109
518681
508288
420512
268717
76011
-128267
-313017
-450112
-518681
-508285
-420506
-268709
-76003
128274
313023
450116
518683
508284
420503
268703
75995
-128282
-313030
-450121
-518685
-508283
-420499
-268697
-75988
128290
313036
450125
518686
508281
420494
268690
75980
-128297
-313042
-450128
-518686
-508278
-420488
-268682
-75972
128305
313048
450132
518687
508275
420482
268674
75962
-128314
-313055
-450136
-518687
-508272
-420476
-268666
-75954
128322
313062
450141
518689
508271
420473
268661
75947
-128329
-313068
-450145
-518690
-508269
-420467
-268652
-75937
128338
313075
450149
518691
508266
420462
268646
75931
-128344
-313080
-450152
-518692
-508265
-420458
-268640
-75923
128352
313087
450157
518694
508264
420454
268633
75915
-128361
-313095
-450163
-518697
-508263
-420450
-268627
-75907
128369
313102
450168
518699
508262
420446
268620
75899
-128377
-313109
-450172
-518700
-508260
-420441
-268613
-75891
128385
313115
450176
518701
508257
420435
268605
75882
-128393
-313121
-450179
-518701
-508255
-420431
-268599
-75875
128400
313128
450184
518703
508254
420427
268593
75868
-128407
-313133
-450187
-518704
-508252
-420423
-268587
-75861
128414
313139
450191
518705
508250
420418
268580
75853
-128422
-313146
-450196
-518707
-508249
-420413
-268573
-75845
128430
313153
450200
518708
508246
420408
268566
75837
-128438
-313159
-450204
-518709
-508245
-420404
-268560
-75830
128445
313165
450208
518710
508242
420398
268552
75821
-128453
-313171
-450211
-518710
-508239
-420393
-268545
-75813
128461
313178
450216
518712
508238
420388
268538
75805
-128469
-313185
-450221
-518714
-508237
-420385
-268533
-75798
128476
313191
450225
518715
508235
420380
268525
75789
-128485
-313198
-450229
-518717
-508234
-420376
-268519
-75783
128491
313203
450232
518717
508231
420371
268513
75776
-128497
-313208
-450235
-518717
-508229
-420367
-268507
-75769
128504
313214
450239
518719
508228
420363
268501
75762
-128511
-313219
-450242
-518719
-508225
-420358
-268495
-75755
128518
313225
450246
518720
508223
420353
268488
75748
-128525
-313231
-450250
-518722
-508222
-420349
-268481
-75739
128534
313238
450254
518722
508219
420344
268474
75731
-128541
-313244
-450258
-518724
-508218
-420340
-268468
-75724
128549
313251
450263
518726
508216
420334
268460
75715
-128557
-313257
-450266
-518726
-508214
-420330
-268454
-75708
128564
313263
450270
518727
508212
420326
268448
75701
-128571
-313269
-450274
-518728
-508210
-420321
-268441
-75693
128579
313276
450279
518730
508209
420317
268435
75686
-128586
-313282
-450283
-518732
-508208
-420313
-268428
-75677
128595
313289
450288
518734
508206
420308
268421
75669
-128603
-313296
-450292
-518734
-508203
-420302
-268413
-75661
128610
313302
450296
518736
508202
420298
268407
75653
-128619
-313310
-450302
-518738
-508201
-420294
-268401
-75646
128626
313315
450305
518739
508199
420290
268395
75639
-128633
-313322
-450310
-518741
-508198
-420286
-268388
-75630
128642
313329
450314
518742
508196
420281
268381
75622
-128649
-313334
-450317
-518743
-508194
-420277
-268375
-75615
128656
313341
450322
518745
508193
420272
268368
75607
-128664
-313348
-450327
-518747
-508191
-420267
-268361
-75599
128672
313354
450330
518747
508189
420263
268355
75592
-128679
-313360
-450334
-518748
-508187
-420258
-268348
-75584
128687
313367
450339
518750
508186
420254
268342
75577
-128694
-313372
-450342
-518751
-508184
-420249
-268335
-75568
128703
313380
450347
518752
508181
420244
268328
75561
-128710
-313386
-450351
-518754
-508180
-420240
-268322
-75554
128717
313392
450355
518755
508179
420236
268315
75545
-128726
-313399
-450359
-518756
-508176
-420230
-268307
-75537
128733
313405
450363
518757
508174
420225
268300
75529
-128741
-313411
-450367
-518758
-508172
-420221
-268294
-75522
128748
313417
450371
518759
508170
420216
268287
75513
-128757
-313425
-450376
-518761
-508168
-420211
-268280
-75505
128765
313431
450380
518762
508167
420207
268274
75498
-128772
-313437
-450384
-518763
-508164
-420201
-268266
-75489
128780
313443
450387
518763
508161
420196
268259
75482
-128787
-313449
-450391
-518765
-508161
-420193
-268254
-75475
128795
313456
450396
518767
508159
420188
268246
75466
-128804
-313464
-450402
-518769
-508158
-420184
-268240
-75458
128812
313471
450406
518770
508155
420178
268232
75450
-128819
-313476
-450409
-518770
-508152
-420172
-268224
-75441
128827
313482
450412
518770
508150
420168
268218
75434
-128834
-313488
-450416
-518771
-508148
-420163
-268211
-75427
128841
313493
450419
518772
508145
420157
268204
75418
-128850
-313501
-450424
-518773
-508143
-420152
-268196
-75409
128858
313508
450429
518775
508141
420147
268188
75400
-128867
-313515
-450433
-518776
-508139
-420142
-268182
-75393
128874
313521
450437
518777
508138
420138
268176
75386
-128881
-313527
-450441
-518779
-508137
-420135
-268171
-75379
128889
313534
450446
518781
508136
420131
268164
75371
-128896
-313540
-450450
-518782
-508133
-420125
-268156
-75362
128905
313548
450455
518784
508132
420121
268150
75355
-128912
-313553
-450458
-518784
-508130
-420117
-268144
-75349
128918
313558
450461
518785
508128
420112
268137
75340
-128926
-313564
-450465
-518786
-508125
-420106
-268130
-75333
128933
313570
450469
518787
508124
420103
268124
75325
-128941
-313577
-450473
-518788
-508121
-420097
-268116
-75317
128949
313583
450476
518788
508118
420091
268108
75308
-128957
-313589
-450480
-518789
-508116
-420087
-268102
-75301
128964
313596
450485
518791
508115
420082
268095
75293
-128972
-313602
-450489
-518792
-508113
-420077
-268088
-75284
128981
313610
450494
518793
508110
420071
268080
75276
-128988
-313615
-450496
-518793
-508107
-420066
-268074
-75269
128995
313620
450499
518793
508105
420061
268067
75261
-129003
-313627
-450503
-518794
-508103
-420057
-268060
-75253
129010
313633
450507
518795
508100
420051
268052
75244
-129019
-313640
-450511
-518795
-508097
-420045
-268044
-75235
129027
313646
450515
518797
508095
420040
268037
75228
-129034
-313652
-450519
-518797
-508092
-420034
-268029
-75219
129043
313659
450523
518798
508090
420029
268022
75211
-129050
-313664
-450526
-518799
-508088
-420025
-268017
-75205
129057
313671
450531
518801
508087
420021
268010
75196
-129066
-313679
-450536
-518803
-508086
-420017
-268003
-75188
129074
313685
450540
518804
508084
420012
267997
75181
-129080
-313690
-450543
-518804
-508081
-420007
-267990
-75174
129087
313696
450547
518805
508079
420002
267983
75165
-129096
-313703
-450551
-518806
-508077
-419997
-267976
-75158
129103
313708
450554
518807
508075
419993
267970
75151
-129110
-313715
-450559
-518809
-508074
-419989
-267964
-75143
129118
313721
450563
518810
508072
419984
267956
75134
-129127
-313729
-450568
-518811
-508069
-419977
-267947
-75124
129136
313736
450572
518812
508067
419972
267940
75116
-129144
-313742
-450575
-518812
-508064
-419967
-267933
-75108
129151
313748
450580
518814
508063
419963
267927
75102
-129157
-313753
-450582
-518814
-508060
-419958
-267921
-75095
129164
313759
450586
518815
508058
419953
267914
75087
-129172
-313765
-450590
-518816
-508056
-419948
-267906
-75078
129180
313771
450593
518816
508053
419943
267900
75071
-129187
-313777
-450597
-518817
-508051
-419938
-267893
-75063
129194
313783
450600
518817
508048
419933
267886
75056
-129201
-313788
-450603
-518817
-508046
-419928
-267879
-75048
129209
313795
450608
518819
508044
419923
267872
75040
-129217
-313801
-450611
-518819
-508041
-419918
-267865
-75032
129224
313807
450615
518820
508039
419913
267858
75024
-129232
-313813
-450619
-518821
-508037
-419908
-267851
-75016
129240
313820
450623
518823
508036
419904
267845
75009
-129247
-313826
-450627
-518824
-508034
-419900
-267839
-75001
129255
313833
450632
518826
508032
419894
267831
74993
-129262
-313838
-450635
-518826
-508030
-419890
-267825
-74985
129270
313845
450639
518827
508028
419885
267818
74978
-129277
-313850
-450642
-518827
-508025
-419880
-267811
-74970
129284
313856
450646
518828
508023
419875
267804
74962
-129292
-313863
-450650
-518829
-508021
-419870
-267797
-74954
129300
313869
450654
518831
508019
419865
267790
74946
-129308
-313876
-450658
-518831
-508016
-419859
-267782
-74937
129317
313883
450663
518833
508014
419854
267774
74927
-129327
-313892
-450669
-518835
-508013
-419849
-267766
-74918
129336
313899
450674
518837
508011
419844
267759
74910
-129344
-313906
-450678
-518838
-508008
-419838
-267751
-74901
129352
313912
450681
518838
508005
419832
267743
74892
-129361
-313920
-450687
-518840
-508004
-419828
-267736
-74884
129369
313926
450690
518840
508001
419823
267730
74877
-129376
-313932
-450694
-518842
-508000
-419819
-267724
-74870
129383
313938
450699
518844
507999
419815
267718
74862
-129391
-313945
-450703
-518845
-507997
-419810
-267710
-74853
129399
313951
450707
518846
507995
419805
267703
74845
-129407
-313958
-450712
-518848
-507994
-419801
-267697
-74838
129414
313964
450716
518850
507993
419798
267692
74831
-129422
-313972
-450722
-518853
-507993
-419795
-267686
-74824
129430
313979
450727
518855
507992
419790
267679
74815
-129439
-313987
-450733
-518858
-507991
-419786
-267672
-74807
129447
313993
450736
518858
507988
419781
267665
74799
-129454
-313999
-450740
-518859
-507985
-419774
-267656
-74790
129463
314006
450744
518860
507983
419770
267650
74782
-129471
-314013
-450749
-518862
-507982
-419766
-267644
-74775
129478
314019
450753
518863
507980
419761
267637
74767
-129485
-314024
-450755
-518862
-507976
-419755
-267629
-74759
129493
314030
450759
518863
507974
419750
267622
74751
-129501
-314037
-450763
-518864
-507972
-419745
-267615
-74742
129510
314044
450768
518866
507971
419741
267608
74734
-129518
-314051
-450773
-518868
-507969
-419735
-267600
-74725
129526
314058
450777
518869
507967
419730
267593
74717
-129534
-314065
-450781
-518869
-507963
-419724
-267585
-74708
129542
314071
450785
518870
507961
419719
267578
74701
-129549
-314076
-450787
-518870
-507959
-419715
-267572
-74693
129557
314083
450792
518871
507956
419709
267564
74685
-129565
-314089
-450796
-518872
-507954
-419704
-267557
-74677
129573
314096
450800
518874
507953
419700
267551
74669
-129581
-314103
-450806
-518877
-507953
-419697
-267545
-74662
129588
314109
450809
518877
507950
419691
267538
74654
-129596
-314116
-450814
-518879
-507948
-419686
-267530
-74644
129606
314124
450819
518880
507946
419680
267521
74634
-129615
-314131
-450823
-518881
-507943
-419675
-267515
-74628
129621
314136
450827
518883
507943
419672
267509
74620
-129629
-314143
-450831
-518884
-507941
-419667
-267502
-74612
129637
314150
450836
518886
507939
419663
267496
74605
-129644
-314156
-450840
-518887
-507937
-419658
-267489
-74597
129652
314162
450843
518887
507934
419652
267481
74588
-129660
-314168
-450847
-518887
-507931
-419646
-267473
-74579
129669
314175
450850
518887
507927
419639
267464
74570
-129677
-314181
-450854
-518888
-507925
-419635
-267458
-74563
129683
314186
450857
518888
507922
419629
267451
74555
-129691
-314193
-450861
-518889
-507920
-419624
-267444
-74548
129698
314198
450864
518889
507917
419619
267437
74540
-129705
-314203
-450866
-518888
-507913
-419612
-267429
-74532
129712
314209
450870
518889
507911
419608
267422
74524
-129720
-314215
-450874
-518891
-507910
-419604
-267416
-74516
129728
314222
450878
518891
507907
419598
267408
74508
-129736
-314228
-450882
-518892
-507905
-419593
-267401
-74499
129744
314235
450886
518893
507902
419587
267393
74491
-129752
-314241
-450890
-518894
-507901
-419584
-267388
-74485
129758
314247
450894
518896
507900
419580
267382
74477
-129767
-314255
-450900
-518899
-507899
-419576
-267376
-74470
129774
314260
450903
518899
507897
419571
267369
74462
-129781
-314266
-450907
-518901
-507896
-419568
-267364
-74455
129789
314274
450913
518904
507896
419565
267358
74448
-129796
-314280
-450917
-518905
-507894
-419560
-267351
-74440
129804
314287
450922
518907
507893
419556
267345
74433
-129811
-314292
-450925
-518908
-507891
-419551
-267338
-74425
129819
314299
450929
518909
507889
419547
267332
74418
-129826
-314305
-450934
-518911
-507888
-419543
-267326
-74410
129834
314312
450938
518912
507886
419538
267319
74403
-129841
-314317
-450941
-518913
-507884
-419534
-267313
-74395
129849
314324
450946
518915
507883
419529
267305
74386
-129858
-314332
-450951
-518916
-507880
-419524
-267298
-74378
129865
314337
450954
518917
507879
419520
267293
74372
-129871
-314343
-450958
-518918
-507877
-419515
-267286
-74365
129878
314348
450961
518919
507875
419511
267280
74357
-129886
-314355
-450966
-518921
-507874
-419507
-267273
-74349
129894
314362
450971
518923
507873
419503
267267
74341
-129903
-314370
-450976
-518925
-507872
-419499
-267260
-74333
129910
314375
450979
518925
507869
419493
267253
74326
-129917
-314381
-450983
-518926
-507867
-419489
-267247
-74319
129924
314387
450987
518928
507866
419485
267241
74311
-129932
-314394
-450992
-518930
-507865
-419481
-267235
-74304
129939
314400
450996
518931
507863
419477
267228
74296
-129947
-314407
-451001
-518933
-507862
-419472
-267221
-74287
129956
314414
451005
518934
507859
419466
267213
74279
-129964
-314420
-451008
-518934
-507856
-419461
-267206
-74271
129971
314426
451012
518935
507854
419456
267199
74263
-129979
-314432
-451015
-518935
-507851
-419450
-267191
-74255
129986
314438
451019
518936
507849
419445
267184
74246
-129995
-314445
-451023
-518937
-507846
-419440
-267177
-74238
130003
314452
451028
518938
507844
419434
267168
74228
-130012
-314459
-451032
-518939
-507841
-419428
-267161
-74220
130020
314465
451035
518938
507837
419422
267153
74212
-130027
-314471
-451039
-518939
-507835
-419417
-267146
-74204
130035
314477
451043
518941
507834
419413
267140
74197
-130042
-314483
-451046
-518941
-507831
-419408
-267133
-74189
130050
314490
451051
518943
507830
419404
267127
74182
-130057
-314495
-451054
-518944
-507828
-419399
-267120
-74174
130064
314501
451057
518943
507824
419393
267113
74167
-130071
-314507
-451062
-518946
-507824
-419390
-267107
-74159
130079
314514
451066
518947
507822
419385
267100
74151
-130087
-314520
-451070
-518948
-507820
-419380
-267093
-74143
130095
314526
451073
518948
507817
419375
267086
74135
-130102
-314532
-451077
-518949
-507815
-419370
-267079
-74127
130111
314540
451083
518952
507814
419365
267071
74118
-130119
-314547
-451087
-518953
-507812
-419361
-267065
-74111
130126
314552
451090
518953
507810
419356
267059
74104
-130133
-314558
-451094
-518954
-507807
-419351
-267052
-74096
130140
314564
451098
518955
507806
419347
267046
74089
-130148
-314571
-451103
-518958
-507806
-419344
-267040
-74081
130156
314577
451107
518959
507803
419338
267032
74073
-130163
-314583
-451110
-518959
-507801
-419334
-267026
-74066
130170
314589
451114
518960
507799
419329
267020
74059
-130177
-314595
-451118
-518962
-507798
-419326
-267014
-74052
130184
314601
451122
518963
507796
419321
267007
74044
-130192
-314607
-451126
-518964
-507794
-419316
-267000
-74036
130200
314614
451130
518965
507792
419311
266993
74027
-130209
-314621
-451135
-518967
-507790
-419306
-266985
-74018
130218
314629
451140
518969
507788
419300
266977
74009
-130227
-314637
-451145
-518970
-507786
-419295
-266970
-74001
130235
314643
451150
518972
507785
419291
266963
73992
-130243
-314649
-451152
-518971
-507781
-419285
-266956
-73985
130250
314656
451158
518974
507780
419281
266949
73976
-130259
-314663
-451162
-518975
-507778
-419275
-266941
-73967
130268
314671
451168
518978
507777
419271
266934
73959
-130276
-314678
-451172
-518979
-507775
-419266
-266927
-73951
130283
314683
451175
518979
507772
419260
266919
73942
-130292
-314690
-451179
-518979
-507769
-419255
-266912
-73934
130300
314697
451184
518981
507768
419251
266906
73927
-130307
-314703
-451187
-518982
-507765
-419245
-266898
-73918
130316
314710
451192
518983
507763
419240
266891
73910
-130323
-314715
-451194
-518982
-507759
-419234
-266883
-73901
130331
314721
451197
518982
507756
419228
266876
73894
-130338
-314727
-451201
-518983
-507754
-419223
-266868
-73885
130347
314734
451205
518984
507752
419218
266861
73877
-130354
-314740
-451209
-518985
-507749
-419212
-266854
-73869
130362
314746
451213
518986
507748
419209
266849
73863
-130368
-314752
-451217
-518988
-507747
-419205
-266843
-73856
130375
314757
451220
518988
507744
419200
266836
73848
-130383
-314764
-451225
-518990
-507743
-419196
-266830
-73841
130389
314769
451228
518991
507741
419191
266823
73833
-130397
-314775
-451231
-518991
-507739
-419187
-266817
-73826
130404
314781
451235
518992
507736
419181
266809
73818
-130411
-314786
-451238
-518992
-507733
-419176
-266802
-73810
130419
314793
451242
518993
507731
419170
266794
73801
-130428
-314800
-451246
-518994
-507729
-419166
-266788
-73794
130435
314806
451250
518995
507727
419161
266781
73786
-130443
-314812
-451254
-518996
-507725
-419157
-266775
-73779
130450
314819
451259
518998
507724
419153
266769
73771
-130458
-314826
-451264
-519000
-507723
-419148
-266761
-73762
130467
314833
451268
519001
507720
419143
266754
73754
-130475
-314840
-451273
-519003
-507719
-419138
-266747
-73746
130483
314847
451277
519004
507717
419134
266741
73738
-130491
-314853
-451281
-519005
-507715
-419129
-266733
-73729
130500
314861
451287
519008
507714
419124
266726
73721
-130508
-314868
-451292
-519010
-507713
-419120
-266719
-73712
130517
314875
451296
519011
507710
419114
266711
73703
-130526
-314883
-451301
-519012
-507708
-419109
-266704
-73695
130533
314888
451304
519012
507705
419104
266697
73687
-130541
-314895
-451308
-519013
-507702
-419098
-266689
-73679
130548
314900
451311
519013
507699
419092
266682
73671
-130556
-314906
-451314
-519013
-507696
-419086
-266674
-73662
130564
314913
451318
519014
507694
419082
266668
73656
-130570
-314918
-451322
-519016
-507693
-419078
-266661
-73647
130579
314925
451326
519016
507690
419072
266653
73638
-130587
-314931
-451329
-519016
-507687
-419066
-266646
-73631
130594
314938
451335
519020
507688
419064
266641
73624
-130602
-314945
-451340
-519022
-507687
-419060
-266634
-73615
130611
314952
451344
519022
507683
419053
266626
73607
-130618
-314957
-451346
-519022
-507681
-419049
-266620
-73600
130625
314963
451350
519022
507677
419042
266611
73591
-130633
-314969
-451353
-519022
-507674
-419037
-266604
-73583
130640
314975
451357
519023
507672
419032
266597
73575
-130648
-314981
-451361
-519024
-507670
-419027
-266591
-73568
130655
314987
451365
519026
507669
419023
266584
73560
-130663
-314994
-451369
-519027
-507667
-419019
-266578
-73553
130670
315000
451373
519028
507665
419014
266571
73545
-130678
-315006
-451377
-519029
-507663
-419009
-266564
-73537
130686
315013
451381
519030
507661
419005
266558
73530
-130692
-315017
-451383
-519030
-507659
-419000
-266552
-73523
130699
315023
451387
519031
507657
418996
266546
73516
-130706
-315029
-451392
-519034
-507657
-418993
-266540
-73509
130714
315037
451398
519037
507656
418989
266534
73501
-130722
-315044
-451403
-519039
-507655
-418984
-266526
-73492
130731
315051
451407
519040
507653
418980
266520
73485
-130738
-315057
-451411
-519041
-507651
-418975
-266513
-73476
130747
315065
451417
519044
507650
418970
266505
73467
-130756
-315072
-451421
-519044
-507647
-418964
-266497
-73459
130763
315077
451423
519044
507644
418959
266491
73452
-130770
-315083
-451427
-519045
-507642
-418955
-266485
-73445
130777
315089
451431
519047
507642
418952
266480
73438
-130784
-315095
-451435
-519048
-507640
-418948
-266474
-73432
130790
315100
451438
519048
507638
418944
266468
73425
-130797
-315106
-451442
-519049
-507635
-418938
-266461
-73417
130804
315111
451445
519050
507634
418934
266455
73410
-130811
-315117
-451449
-519052
-507633
-418930
-266449
-73403
130819
315124
451454
519054
507632
418927
266443
73396
-130826
-315130
-451458
-519055
-507630
-418922
-266437
-73389
130832
315135
451461
519056
507628
418918
266431
73382
-130839
-315141
-451465
-519057
-507626
-418913
-266423
-73372
130849
315149
451470
519058
507623
418906
266414
73363
-130857
-315155
-451473
-519058
-507621
-418902
-266409
-73357
130863
315161
451478
519061
507620
418898
266402
73349
-130871
-315167
-451481
-519060
-507616
-418892
-266395
-73341
130879
315173
451484
519060
507614
418887
266388
73334
-130885
-315178
-451487
-519061
-507612
-418883
-266382
-73326
130893
315185
451492
519063
507611
418879
266376
73319
-130900
-315191
-451496
-519064
-507609
-418874
-266369
-73311
130908
315197
451500
519066
507608
418871
266364
73305
-130914
-315203
-451504
-519067
-507606
-418866
-266357
-73297
130922
315209
451508
519068
507604
418861
266350
73289
-130929
-315215
-451512
-519069
-507602
-418857
-266344
-73282
130937
315222
451517
519072
507602
418853
266337
73274
-130945
-315229
-451521
-519073
-507600
-418848
-266330
-73265
130954
315236
451526
519074
507597
418842
266322
73256
-130962
-315242
-451529
-519074
-507594
-418837
-266315
-73249
130969
315248
451533
519075
507592
418832
266308
73240
-130978
-315256
-451539
-519078
-507591
-418828
-266301
-73232
130986
315263
451543
519079
507589
418823
266294
73224
-130994
-315269
-451546
-519079
-507586
-418817
-266286
-73216
131001
315274
451550
519080
507584
418813
266281
73209
-131008
-315280
-451553
-519081
-507583
-418809
-266275
-73202
131015
315286
451557
519082
507581
418804
266268
73194
-131023
-315293
-451562
-519083
-507578
-418798
-266259
-73184
131032
315300
451566
519084
507576
418793
266252
73176
-131040
-315306
-451569
-519084
-507573
-418788
-266245
-73169
131047
315312
451573
519085
507571
418783
266238
73161
-131054
-315317
-451576
-519086
-507569
-418778
-266231
-73153
131062
315324
451580
519087
507566
418773
266225
73146
-131069
-315330
-451584
-519088
-507565
-418769
-266219
-73139
131076
315336
451588
519089
507563
418764
266212
73131
-131083
-315341
-451590
-519088
-507559
-418758
-266204
-73123
131091
315347
451594
519089
507557
418753
266197
73115
-131098
-315352
-451596
-519088
-507553
-418747
-266190
-73107
131106
315359
451601
519090
507551
418741
266181
73097
-131115
-315366
-451605
-519091
-507549
-418736
-266174
-73089
131123
315372
451608
519090
507544
418729
266165
73080
-131131
-315379
-451613
-519092
-507543
-418725
-266159
-73073
131138
315385
451616
519092
507540
418719
266151
73064
-131146
-315390
-451618
-519091
-507537
-418714
-266145
-73057
131153
315396
451622
519092
507534
418708
266137
73049
-131160
-315401
-451625
-519093
-507533
-418705
-266132
-73043
131166
315406
451628
519093
507530
418700
266126
73036
-131173
-315412
-451632
-519094
-507528
-418695
-266119
-73028
131181
315418
451635
519094
507525
418689
266111
73020
-131188
-315424
-451639
-519095
-507523
-418684
-266104
-73011
131197
315431
451643
519096
507521
418680
266098
73004
-131204
-315437
-451647
-519097
-507519
-418675
-266091
-72996
131212
315444
451652
519099
507517
418670
266083
72987
-131220
-315450
-451655
-519099
-507514
-418664
-266076
-72980
131227
315456
451659
519100
507512
418660
266070
72973
-131234
-315462
-451663
-519102
-507511
-418656
-266063
-72964
131243
315469
451667
519102
507508
418649
266054
72954
-131252
-315476
-451672
-519104
-507506
-418644
-266047
-72946
131260
315483
451676
519105
507504
418640
266041
72939
-131268
-315490
-451681
-519107
-507503
-418636
-266035
-72932
131274
315495
451684
519108
507501
418631
266028
72924
-131282
-315501
-451688
-519108
-507498
-418625
-266020
-72916
131290
315508
451692
519109
507496
418621
266014
72908
-131298
-315514
-451696
-519111
-507495
-418616
-266006
-72899
131307
315522
451701
519112
507492
418611
265999
72891
-131314
-315528
-451705
-519113
-507490
-418606
-265992
-72883
131322
315534
451708
519113
507487
418600
265984
72874
-131330
-315540
-451711
-519113
-507484
-418594
-265976
-72866
131338
315546
451715
519114
507481
418588
265969
72858
-131345
-315552
-451718
-519114
-507479
-418584
-265963
-72851
131352
315558
451722
519115
507477
418579
265956
72843
-131360
-315564
-451726
-519116
-507475
-418574
-265949
-72835
131368
315571
451731
519118
507473
418570
265942
72827
-131376
-315578
-451735
-519119
-507471
-418565
-265935
-72819
131383
315583
451738
519120
507470
418561
265929
72812
-131390
-315589
-451742
-519121
-507468
-418557
-265923
-72805
131397
315595
451746
519122
507466
418552
265917
72798
-131404
-315601
-451750
-519124
-507465
-418548
-265911
-72791
131411
315607
451755
519126
507464
418545
265905
72783
-131419
-315614
-451759
-519128
-507463
-418541
-265899
-72776
131426
315620
451763
519129
507461
418536
265893
72769
-131433
-315625
-451766
-519129
-507459
-418532
-265886
-72761
131441
315632
451771
519131
507457
418527
265879
72753
-131449
-315639
-451775
-519132
-507455
-418522
-265872
-72745
131457
315646
451780
519134
507453
418517
265865
72737
-131465
-315653
-451785
-519136
-507452
-418513
-265858
-72729
131473
315659
451789
519137
507451
418509
265852
72721
-131481
-315665
-451792
-519137
-507448
-418504
-265845
-72714
131488
315672
451797
519139
507446
418498
265837
72704
-131497
-315679
-451801
-519140
-507444
-418493
-265830
-72696
131505
315686
451806
519142
507442
418488
265822
72687
-131514
-315693
-451810
-519143
-507440
-418483
-265815
-72679
131522
315699
451814
519144
507438
418478
265808
72671
-131530
-315706
-451818
-519145
-507436
-418474
-265802
-72664
131536
315711
451821
519145
507433
418469
265796
72658
-131542
-315716
-451825
-519147
-507433
-418466
-265791
-72651
131549
315722
451829
519148
507431
418462
265785
72644
-131556
-315728
-451833
-519150
-507430
-418458
-265779
-72637
131563
315734
451837
519151
507428
418453
265771
72628
-131572
-315741
-451841
-519152
-507426
-418448
-265765
-72621
131579
315747
451845
519153
507424
418444
265759
72614
-131586
-315753
-451849
-519155
-507423
-418440
-265753
-72607
131593
315759
451853
519156
507421
418435
265746
72599
-131601
-315766
-451858
-519158
-507420
-418431
-265740
-72592
131608
315771
451861
519159
507418
418427
265733
72584
-131616
-315778
-451865
-519159
-507415
-418421
-265726
-72576
131623
315784
451869
519161
507414
418417
265719
72568
-131631
-315791
-451874
-519163
-507413
-418413
-265713
-72560
131640
315798
451878
519163
507410
418408
265707
72554
-131645
-315802
-451880
-519163
-507408
-418403
-265700
-72546
131652
315808
451884
519164
507405
418398
265693
72538
-131660
-315814
-451888
-519166
-507405
-418395
-265688
-72532
131667
315821
451893
519168
507404
418391
265681
72523
-131675
-315827
-451897
-519169
-507401
-418386
-265674
-72516
131682
315833
451900
519169
507398
418380
265666
72507
-131691
-315840
-451904
-519170
-507396
-418375
-265659
-72499
131699
315846
451908
519170
507393
418369
265652
72491
-131706
-315852
-451912
-519172
-507392
-418366
-265647
-72485
131712
315857
451915
519173
507391
418362
265641
72478
-131719
-315863
-451920
-519175
-507390
-418359
-265636
-72471
131727
315870
451924
519176
507388
418354
265629
72464
-131733
-315875
-451927
-519177
-507386
-418349
-265622
-72456
131741
315881
451931
519177
507383
418343
265614
72447
-131750
-315888
-451935
-519178
-507380
-418338
-265607
-72439
131757
315894
451939
519179
507378
418333
265600
72431
-131765
-315901
-451943
-519180
-507376
-418328
-265593
-72423
131772
315906
451946
519181
507374
418324
265587
72417
-131778
-315911
-451949
-519181
-507372
-418319
-265581
-72410
131785
315917
451953
519183
507371
418316
265575
72402
-131793
-315924
-451958
-519185
-507370
-418312
-265569
-72395
131800
315930
451962
519186
507368
418307
265562
72387
-131808
-315936
-451965
-519186
-507365
-418302
-265555
-72380
131815
315942
451969
519187
507363
418297
265548
72372
-131822
-315947
-451972
-519187
-507360
-418291
-265540
-72363
131831
315955
451977
519189
507358
418286
265533
72355
-131839
-315961
-451981
-519190
-507357
-418282
-265527
-72348
131846
315967
451985
519191
507354
418277
265520
72340
-131853
-315973
-451988
-519191
-507352
-418272
-265514
-72333
131860
315979
451992
519193
507351
418269
265509
72327
-131866
-315984
-451996
-519195
-507350
-418265
-265502
-72319
131874
315991
452000
519196
507348
418261
265497
72313
-131880
-315995
-452002
-519196
-507346
-418256
-265490
-72305
131888
316002
452007
519198
507345
418252
265483
72297
-131896
-316009
-452012
-519199
-507343
-418248
-265478
-72290
131903
316015
452016
519201
507341
418242
265469
72281
-131912
-316022
-452020
-519202
-507339
-418237
-265462
-72272
131921
316030
452026
519204
507337
418232
265454
72263
-131930
-316037
-452030
-519205
-507335
-418227
-265447
-72255
131938
316044
452035
519207
507334
418223
265441
72248
-131945
-316050
-452039
-519208
-507332
-418218
-265434
-72239
131953
316056
452042
519208
507329
418212
265426
72231
-131961
-316063
-452047
-519210
-507327
-418207
-265419
-72222
131970
316071
452052
519212
507326
418203
265412
72214
-131978
-316077
-452056
-519213
-507323
-418197
-265404
-72205
131986
316083
452059
519213
507320
418192
265397
72198
-131993
-316089
-452063
-519214
-507319
-418188
-265391
-72190
132001
316096
452068
519216
507317
418183
265384
72182
-132009
-316102
-452071
-519216
-507314
-418178
-265377
-72175
132015
316107
452074
519217
507313
418174
265372
72168
-132023
-316114
-452079
-519219
-507312
-418171
-265366
-72161
132030
316120
452083
519220
507310
418166
265359
72154
-132036
-316125
-452086
-519221
-507308
-418161
-265353
-72147
132043
316130
452089
519221
507306
418157
265347
72140
-132050
-316137
-452094
-519223
-507304
-418152
-265340
-72132
132058
316143
452098
519224
507302
418148
265334
72125
-132065
-316149
-452102
-519226
-507302
-418145
-265328
-72117
132073
316156
452106
519226
507298
418138
265320
72109
-132081
-316162
-452110
-519228
-507297
-418134
-265313
-72100
132089
316169
452114
519228
507293
418127
265304
72091
-132098
-316176
-452119
-519230
-507292
-418123
-265298
-72084
132105
316182
452122
519230
507290
418118
265291
72076
-132112
-316187
-452125
-519231
-507288
-418114
-265285
-72068
132121
316195
452131
519233
507286
418109
265278
72060
-132129
-316202
-452136
-519236
-507286
-418105
-265271
-72052
132136
316208
452139
519236
507283
418100
265264
72044
-132144
-316214
-452143
-519237
-507281
-418095
-265258
-72037
132151
316220
452147
519238
507279
418090
265250
72028
-132160
-316227
-452151
-519239
-507276
-418085
-265243
-72020
132167
316233
452155
519239
507273
418079
265236
72013
-132174
-316238
-452157
-519239
-507271
-418075
-265230
-72005
132182
316245
452162
519241
507269
418070
265223
71998
-132188
-316250
-452165
-519242
-507268
-418066
-265217
-71991
132195
316256
452169
519243
507266
418062
265211
71984
-132202
-316262
-452173
-519244
-507264
-418057
-265204
-71975
132211
316269
452177
519245
507262
418052
265196
71966
-132220
-316276
-452182
-519247
-507260
-418047
-265189
-71958
132228
316283
452187
519249
507259
418043
265183
71951
-132235
-316290
-452192
-519251
-507258
-418039
-265176
-71942
132244
316297
452196
519252
507256
418034
265169
71935
-132251
-316303
-452200
-519253
-507254
-418029
-265162
-71926
132260
316310
452204
519254
507251
418023
265155
71919
-132267
-316316
-452208
-519255
-507249
-418019
-265148
-71911
132274
316322
452212
519256
507247
418014
265141
71903
-132282
-316328
-452215
-519256
-507244
-418008
-265134
-71895
132289
316333
452218
519256
507241
418002
265126
71886
-132298
-316341
-452223
-519258
-507240
-417999
-265120
-71879
132305
316347
452227
519259
507238
417994
265113
71871
-132313
-316353
-452231
-519260
-507236
-417989
-265106
-71863
132321
316360
452236
519262
507235
417985
265100
71856
-132328
-316366
-452240
-519264
-507234
-417981
-265093
-71847
132337
316374
452245
519265
507231
417975
265085
71838
-132346
-316381
-452250
-519267
-507230
-417971
-265079
-71831
132353
316387
452253
519267
507227
417965
265071
71822
-132361
-316393
-452257
-519268
-507225
-417961
-265065
-71815
132368
316399
452261
519270
507224
417957
265059
71808
-132375
-316405
-452265
-519271
-507222
-417953
-265053
-71801
132382
316411
452269
519272
507220
417948
265046
71793
-132389
-316416
-452271
-519272
-507217
-417942
-265039
-71786
132396
316422
452275
519273
507216
417939
265034
71779
-132403
-316428
-452279
-519275
-507215
-417935
-265028
-71773
132409
316433
452282
519275
507212
417930
265021
71765
-132417
-316439
-452286
-519276
-507210
-417925
-265014
-71757
132424
316445
452289
519276
507207
417920
265008
71751
-132430
-316449
-452291
-519276
-507205
-417916
-265002
-71743
132438
316456
452296
519277
507202
417910
264994
71735
-132445
-316461
-452298
-519276
-507199
-417905
-264988
-71728
132452
316467
452302
519278
507198
417901
264981
71720
-132460
-316474
-452307
-519279
-507195
-417894
-264972
-71710
132469
316481
452311
519280
507193
417889
264965
71702
-132477
-316488
-452316
-519282
-507191
-417884
-264958
-71694
132485
316494
452320
519284
507190
417880
264951
71686
-132493
-316501
-452324
-519284
-507187
-417875
-264945
-71679
132500
316507
452328
519286
507187
417873
264941
71673
-132506
-316512
-452332
-519288
-507186
-417869
-264935
-71666
132513
316518
452336
519289
507184
417865
264929
71659
-132520
-316524
-452340
-519291
-507184
-417862
-264924
-71653
132527
316530
452344
519292
507182
417857
264917
71645
-132534
-316536
-452348
-519294
-507181
-417854
-264912
-71639
132540
316541
452351
519294
507179
417850
264906
71632
-132547
-316547
-452355
-519295
-507177
-417845
-264899
-71624
132555
316553
452359
519296
507175
417840
264892
71616
-132563
-316560
-452363
-519297
-507172
-417834
-264884
-71607
132572
316568
452369
519300
507172
417830
264877
71599
-132580
-316575
-452374
-519302
-507170
-417826
-264871
-71591
132588
316581
452377
519302
507167
417820
264863
71583
-132595
-316587
-452381
-519303
-507165
-417815
-264856
-71575
132603
316593
452384
519303
507162
417810
264849
71567
-132610
-316598
-452387
-519303
-507159
-417804
-264842
-71559
132618
316605
452391
519304
507157
417799
264835
71551
-132626
-316611
-452395
-519305
-507155
-417794
-264827
-71542
132634
316618
452399
519306
507153
417790
264821
71535
-132642
-316625
-452404
-519308
-507151
-417784
-264813
-71526
132650
316631
452407
519308
507148
417779
264806
71518
-132658
-316638
-452412
-519310
-507146
-417774
-264799
-71510
132666
316644
452416
519311
507145
417770
264792
71502
-132674
-316651
-452420
-519312
-507143
-417765
-264786
-71495
132680
316656
452424
519313
507141
417760
264778
71486
-132689
-316664
-452429
-519315
-507139
-417755
-264771
-71477
132698
316671
452434
519317
507138
417751
264765
71471
-132704
-316676
-452437
-519318
-507137
-417748
-264760
-71464
132712
316683
452442
519320
507135
417743
264753
71456
-132719
-316689
-452445
-519320
-507132
-417737
-264745
-71447
132728
316696
452449
519320
507129
417731
264737
71439
-132735
-316701
-452452
-519321
-507127
-417727
-264731
-71432
132742
316707
452456
519322
507125
417722
264724
71424
-132750
-316713
-452459
-519321
-507121
-417715
-264715
-71415
132758
316719
452462
519321
507118
417710
264709
71408
-132765
-316725
-452466
-519323
-507117
-417706
-264702
-71399
132774
316733
452472
519325
507115
417700
264694
71390
-132782
-316739
-452475
-519325
-507112
-417695
-264687
-71383
132789
316744
452478
519325
507109
417689
264679
71374
-132797
-316751
-452482
-519326
-507106
-417683
-264671
-71365
132806
316758
452486
519327
507104
417678
264664
71357
-132813
-316764
-452490
-519327
-507101
-417673
-264657
-71349
132821
316771
452495
519330
507101
417670
264651
71341
-132830
-316778
-452499
-519331
-507099
-417665
-264644
-71334
132836
316783
452503
519332
507097
417661
264639
71327
-132844
-316790
-452508
-519335
-507097
-417657
-264632
-71319
132851
316796
452511
519335
507094
417652
264626
71313
-132857
-316801
-452514
-519335
-507092
-417648
-264620
-71306
132864
316806
452517
519336
507090
417643
264613
71298
-132872
-316813
-452522
-519338
-507088
-417638
-264606
-71289
132881
316821
452527
519340
507087
417634
264600
71283
-132887
-316826
-452530
-519340
-507085
-417630
-264594
-71275
132895
316832
452534
519341
507083
417625
264587
71268
-132902
-316838
-452538
-519343
-507082
-417621
-264581
-71260
132910
316845
452543
519345
507081
417618
264576
71254
-132916
-316851
-452547
-519347
-507080
-417614
-264569
-71246
132924
316857
452551
519348
507078
417610
264564
71240
-132930
-316862
-452555
-519350
-507078
-417607
-264558
-71232
132938
316869
452559
519350
507074
417600
264550
71224
-132945
-316874
-452561
-519349
-507070
-417594
-264542
-71216
132952
316879
452564
519349
507067
417588
264534
71207
-132961
-316887
-452569
-519351
-507065
-417582
-264526
-71198
132969
316893
452572
519351
507062
417577
264519
71190
-132977
-316900
-452577
-519352
-507060
-417572
-264512
-71182
132985
316906
452581
519354
507059
417568
264505
71173
-132994
-316914
-452586
-519355
-507056
-417562
-264498
-71166
133001
316919
452589
519355
507054
417557
264491
71158
-133009
-316926
-452593
-519356
-507051
-417552
-264484
-71150
133016
316931
452596
519356
507048
417546
264476
71141
-133024
-316937
-452599
-519356
-507045
-417541
-264469
-71134
133031
316943
452602
519356
507042
417535
264461
71125
-133039
-316949
-452606
-519357
-507040
-417530
-264454
-71117
133047
316955
452609
519357
507037
417524
264446
71109
-133054
-316961
-452613
-519358
-507034
-417518
-264438
-71100
133063
316968
452617
519358
507031
417513
264432
71093
-133070
-316974
-452621
-519359
-507029
-417507
-264423
-71083
133079
316981
452625
519360
507027
417503
264417
71076
-133086
-316987
-452629
-519362
-507026
-417499
-264411
-71068
133095
316995
452635
519365
507025
417495
264405
71061
-133102
-317001
-452639
-519366
-507023
-417490
-264398
-71053
133109
317006
452642
519366
507021
417485
264391
71045
-133117
-317013
-452646
-519367
-507019
-417481
-264384
-71037
133125
317020
452651
519369
507017
417476
264377
71029
-133133
-317026
-452655
-519370
-507015
-417471
-264370
-71021
133140
317032
452658
519371
507014
417468
264365
71014
-133148
-317039
-452663
-519373
-507012
-417463
-264358
-71007
133155
317045
452667
519374
507010
417458
264351
70999
-133162
-317051
-452671
-519375
-507009
-417454
-264345
-70992
133169
317057
452675
519377
507007
417450
264339
70984
-133177
-317063
-452679
-519378
-507006
-417446
-264333
-70978
133183
317068
452682
519378
507003
417441
264326
70970
-133191
-317074
-452685
-519378
-507000
-417435
-264318
-70961
133199
317081
452690
519380
506998
417430
264311
70953
-133208
-317089
-452695
-519382
-506997
-417426
-264305
-70945
133215
317094
452698
519382
506994
417420
264297
70937
-133222
-317099
-452701
-519382
-506991
-417415
-264291
-70930
133229
317105
452704
519383
506990
417411
264285
70923
-133236
-317111
-452708
-519384
-506988
-417406
-264277
-70914
133245
317118
452712
519384
506984
417400
264270
70906
-133252
-317124
-452716
-519385
-506982
-417395
-264262
-70898
133260
317130
452719
519385
506979
417389
264255
70890
-133268
-317136
-452723
-519386
-506977
-417384
-264248
-70882
133276
317143
452728
519388
506975
417379
264240
70873
-133284
-317150
-452732
-519389
-506973
-417375
-264235
-70867
133290
317155
452736
519391
506973
417372
264229
70859
-133299
-317163
-452741
-519393
-506971
-417367
-264222
-70851
133307
317170
452746
519395
506970
417362
264214
70842
-133316
-317177
-452750
-519396
-506968
-417358
-264208
-70834
133324
317184
452755
519397
506965
417351
264199
70825
-133332
-317190
-452759
-519398
-506963
-417347
-264193
-70818
133339
317196
452762
519399
506961
417342
264186
70810
-133347
-317203
-452767
-519400
-506959
-417337
-264178
-70800
133357
317211
452772
519402
506957
417331
264170
70791
-133365
-317217
-452775
-519402
-506954
-417326
-264163
-70783
133373
317224
452780
519404
506952
417321
264156
70775
-133381
-317230
-452783
-519404
-506949
-417315
-264148
-70767
133388
317236
452787
519404
506946
417310
264142
70760
-133395
-317242
-452791
-519406
-506946
-417307
-264136
-70753
133402
317248
452795
519407
506943
417301
264128
70744
-133410
-317254
-452798
-519407
-506940
-417296
-264121
-70736
133418
317260
452802
519408
506939
417292
264115
70729
-133425
-317266
-452806
-519409
-506936
-417286
-264107
-70720
133434
317273
452810
519410
506934
417281
264100
70712
-133442
-317280
-452815
-519413
-506934
-417278
-264094
-70704
133450
317287
452820
519414
506932
417273
264087
70696
-133458
-317294
-452824
-519415
-506929
-417267
-264079
-70687
133467
317301
452829
519417
506928
417263
264073
70680
-133474
-317307
-452833
-519418
-506926
-417258
-264065
-70670
133484
317316
452839
519421
506925
417253
264058
70662
-133492
-317323
-452844
-519423
-506924
-417249
-264051
-70654
133500
317330
452849
519425
506922
417244
264044
70645
-133509
-317337
-452853
-519426
-506920
-417239
-264037
-70637
133517
317344
452858
519427
506918
417234
264030
70629
-133525
-317351
-452862
-519428
-506915
-417228
-264022
-70620
133533
317357
452866
519430
506915
417226
264017
70614
-133540
-317363
-452870
-519431
-506913
-417221
-264010
-70606
133547
317369
452874
519432
506910
417215
264002
70597
-133556
-317376
-452878
-519433
-506908
-417210
-263995
-70589
133564
317383
452883
519435
506907
417207
263990
70583
-133570
-317388
-452886
-519436
-506905
-417202
-263983
-70575
133578
317395
452891
519437
506903
417197
263976
70566
-133587
-317402
-452895
-519438
-506901
-417192
-263969
-70558
133594
317408
452899
519440
506900
417188
263963
70551
-133602
-317415
-452904
-519442
-506899
-417184
-263956
-70543
133610
317422
452909
519444
506897
417179
263949
70535
-133618
-317429
-452914
-519446
-506896
-417175
-263943
-70527
133626
317435
452917
519446
506893
417169
263935
70518
-133634
-317442
-452922
-519448
-506892
-417165
-263928
-70510
133642
317448
452925
519448
506889
417160
263921
70502
-133650
-317455
-452930
-519450
-506888
-417156
-263915
-70495
133657
317461
452934
519451
506886
417151
263908
70487
-133665
-317467
-452938
-519452
-506884
-417147
-263902
-70480
133672
317473
452942
519454
506883
417143
263896
70472
-133680
-317481
-452947
-519456
-506881
-417137
-263887
-70463
133689
317488
452952
519457
506879
417132
263880
70454
-133698
-317495
-452956
-519458
-506876
-417126
-263872
-70446
133705
317501
452960
519459
506874
417122
263866
70438
-133713
-317508
-452965
-519461
-506873
-417117
-263858
-70429
133722
317515
452969
519462
506870
417111
263850
70420
-133731
-317523
-452974
-519463
-506868
-417106
-263843
-70412
133739
317529
452978
519464
506866
417101
263836
70404
-133747
-317535
-452981
-519464
-506863
-417096
-263829
-70396
133754
317541
452985
519465
506861
417091
263822
70388
-133762
-317547
-452988
-519465
-506858
-417086
-263815
-70380
133769
317553
452992
519466
506855
417079
263806
70371
-133778
-317560
-452996
-519467
-506853
-417074
-263799
-70363
133786
317567
453001
519469
506851
417069
263792
70354
-133795
-317574
-453005
-519469
-506848
-417063
-263784
-70346
133802
317580
453009
519471
506847
417060
263778
70338
-133811
-317588
-453014
-519473
-506846
-417056
-263772
-70331
133818
317594
453019
519475
506845
417052
263766
70323
-133826
-317601
-453024
-519477
-506844
-417047
-263758
-70314
133835
317608
453028
519478
506841
417042
263751
70306
-133842
-317614
-453032
-519479
-506839
-417037
-263744
-70298
133851
317622
453037
519481
506838
417033
263738
70291
-133858
-317628
-453041
-519482
-506836
-417028
-263730
-70281
133867
317635
453045
519483
506833
417022
263722
70273
-133875
-317641
-453049
-519483
-506830
-417016
-263715
-70265
133882
317647
453052
519484
506828
417012
263709
70258
-133889
-317653
-453056
-519485
-506826
-417007
-263702
-70250
133897
317659
453060
519486
506825
417003
263696
70243
-133904
-317665
-453064
-519487
-506822
-416998
-263689
-70235
133911
317670
453066
519487
506820
416993
263682
70228
-133918
-317676
-453070
-519488
-506818
-416988
-263675
-70220
133926
317682
453074
519489
506815
416983
263668
70212
-133933
-317688
-453078
-519490
-506814
-416979
-263662
-70205
133940
317694
453081
519490
506811
416974
263656
70198
-133947
-317700
-453085
-519491
-506809
-416969
-263649
-70190
133955
317706
453089
519493
506808
416965
263642
70182
-133963
-317713
-453093
-519493
-506805
-416960
-263636
-70175
133969
317718
453096
519494
506803
416955
263629
70168
-133976
-317723
-453099
-519494
-506801
-416951
-263623
-70161
133983
317729
453103
519496
506799
416946
263616
70153
-133990
-317734
-453105
-519495
-506795
-416939
-263608
-70145
133997
317739
453108
519495
506793
416935
263602
70137
-134005
-317746
-453113
-519497
-506791
-416930
-263595
-70129
134013
317753
453117
519498
506789
416925
263588
70121
-134021
-317759
-453121
-519498
-506786
-416920
-263581
-70113
134029
317766
453125
519500
506785
416915
263573
70104
-134038
-317773
-453130
-519502
-506783
-416910
-263566
-70096
134046
317780
453135
519503
506781
416906
263560
70089
-134053
-317786
-453138
-519503
-506778
-416900
-263552
-70080
134061
317792
453142
519504
506776
416895
263545
70072
-134069
-317799
-453146
-519505
-506773
-416889
-263537
-70063
134077
317805
453150
519506
506772
416885
263531
70056
-134084
-317811
-453154
-519508
-506770
-416881
-263524
-70048
134092
317818
453159
519510
506769
416876
263517
70040
-134100
-317825
-453163
-519511
-506767
-416872
-263511
-70033
134107
317831
453167
519512
506766
416868
263505
70026
-134114
-317837
-453171
-519514
-506765
-416865
-263500
-70019
134121
317842
453174
519514
506762
416859
263493
70012
-134128
-317848
-453178
-519515
-506760
-416854
-263485
-70003
134137
317855
453182
519516
506757
416848
263477
69994
-134145
-317861
-453185
-519515
-506753
-416842
-263470
-69987
134151
317866
453188
519516
506752
416838
263464
69980
-134158
-317872
-453192
-519517
-506750
-416834
-263458
-69973
134165
317877
453195
519517
506747
416829
263452
69966
-134172
-317883
-453199
-519519
-506746
-416825
-263445
-69958
134180
317890
453203
519520
506743
416819
263437
69949
-134188
-317896
-453207
-519521
-506742
-416815
-263431
-69942
134195
317902
453211
519522
506740
416810
263424
69934
-134203
-317908
-453214
-519522
-506737
-416805
-263418
-69927
134209
317913
453217
519523
506735
416801
263412
69921
-134215
-317918
-453221
-519524
-506734
-416797
-263406
-69914
134222
317924
453224
519525
506732
416793
263400
69907
-134229
-317930
-453228
-519525
-506729
-416787
-263392
-69898
134238
317937
453233
519527
506727
416782
263385
69890
-134245
-317943
-453236
-519527
-506724
-416776
-263377
-69881
134254
317949
453239
519527
506721
416770
263369
69872
-134262
-317956
-453243
-519528
-506718
-416765
-263362
-69865
134269
317961
453246
519528
506716
416760
263355
69856
-134278
-317969
-453252
-519530
-506714
-416754
-263347
-69847
134286
317975
453255
519531
506712
416750
263341
69840
-134293
-317981
-453259
-519531
-506709
-416744
-263333
-69832
134301
317987
453262
519531
506706
416739
263326
69824
-134308
-317993
-453266
-519533
-506705
-416735
-263320
-69816
134317
318001
453272
519536
506704
416730
263312
69807
-134326
-318008
-453276
-519536
-506701
-416725
-263305
-69799
134333
318014
453280
519538
506700
416721
263299
69792
-134341
-318021
-453285
-519540
-506699
-416717
-263293
-69784
134349
318028
453289
519541
506697
416712
263286
69776
-134357
-318035
-453294
-519543
-506695
-416706
-263277
-69766
134366
318042
453298
519543
506692
416701
263270
69759
-134373
-318048
-453302
-519544
-506689
-416695
-263262
-69750
134381
318054
453305
519544
506686
416689
263254
69741
-134390
-318061
-453309
-519544
-506683
-416683
-263246
-69732
134398
318067
453312
519544
506680
416677
263239
69724
-134405
-318072
-453315
-519545
-506678
-416673
-263233
-69717
134412
318078
453320
519547
506677
416669
263227
69710
-134420
-318086
-453325
-519549
-506676
-416665
-263220
-69702
134428
318092
453329
519550
506674
416661
263214
69695
-134434
-318097
-453332
-519551
-506672
-416656
-263207
-69687
134443
318105
453338
519554
506671
416652
263201
69679
-134451
-318112
-453343
-519555
-506669
-416647
-263194
-69671
134458
318117
453345
519555
506667
416643
263188
69665
-134464
-318123
-453350
-519558
-506667
-416640
-263182
-69657
134473
318130
453354
519559
506665
416635
263175
69649
-134481
-318137
-453359
-519561
-506664
-416631
-263169
-69642
134488
318143
453363
519562
506662
416626
263162
69634
-134495
-318148
-453366
-519562
-506659
-416621
-263156
-69627
134502
318154
453369
519562
506656
416616
263149
69620
-134509
-318160
-453373
-519564
-506655
-416612
-263143
-69612
134517
318167
453378
519566
506654
416607
263135
69603
-134526
-318174
-453383
-519568
-506653
-416604
-263130
-69596
134533
318181
453388
519570
506652
416600
263124
69589
-134540
-318186
-453391
-519571
-506650
-416595
-263117
-69581
134548
318193
453396
519573
506649
416591
263110
69573
-134556
-318200
-453401
-519575
-506647
-416586
-263103
-69565
134564
318207
453405
519575
506644
416580
263095
69556
-134573
-318214
-453409
-519576
-506642
-416575
-263088
-69548
134580
318219
453412
519576
506639
416570
263082
69541
-134587
-318225
-453416
-519578
-506638
-416566
-263075
-69533
134595
318232
453420
519578
506634
416559
263066
69523
-134604
-318239
-453424
-519579
-506632
-416554
-263059
-69515
134612
318246
453429
519581
506631
416550
263052
69507
-134620
-318252
-453433
-519582
-506629
-416545
-263045
-69498
134629
318260
453438
519584
506627
416540
263038
69490
-134637
-318267
-453443
-519586
-506626
-416536
-263032
-69483
134644
318272
453446
519586
506623
416531
263025
69476
-134650
-318277
-453449
-519586
-506621
-416526
-263018
-69468
134658
318283
453452
519587
506619
416522
263012
69460
-134666
-318291
-453458
-519590
-506618
-416517
-263005
-69452
134674
318297
453462
519591
506616
416513
262999
69445
-134681
-318303
-453466
-519593
-506616
-416510
-262993
-69438
134688
318309
453470
519593
506612
416504
262986
69430
-134696
-318315
-453473
-519594
-506611
-416500
-262980
-69423
134703
318321
453477
519595
506609
416495
262973
69416
-134710
-318327
-453481
-519596
-506607
-416491
-262967
-69409
134716
318332
453484
519596
506604
416485
262960
69401
-134724
-318338
-453487
-519596
-506601
-416480
-262953
-69393
134731
318343
453490
519597
506599
416475
262946
69385
-134739
-318350
-453494
-519598
-506597
-416470
-262939
-69378
134746
318355
453497
519597
506593
416464
262931
69369
-134754
-318362
-453502
-519599
-506591
-416459
-262924
-69361
134761
318367
453504
519599
506589
416455
262919
69356
-134766
-318371
-453506
-519599
-506587
-416451
-262913
-69349
134773
318377
453510
519600
506585
416446
262906
69341
-134781
-318384
-453515
-519602
-506583
-416441
-262899
-69332
134790
318391
453519
519603
506581
416436
262892
69324
-134798
-318398
-453524
-519605
-506580
-416431
-262884
-69315
134807
318405
453529
519606
506577
416426
262877
69307
-134814
-318410
-453531
-519605
-506573
-416419
-262869
-69299
134821
318416
453534
519605
506570
416414
262862
69291
-134829
-318422
-453538
-519606
-506568
-416409
-262854
-69282
134838
318430
453544
519609
506568
416405
262848
69274
-134846
-318437
-453548
-519610
-506565
-416400
-262841
-69266
134854
318443
453551
519610
506562
416394
262833
69257
-134863
-318451
-453557
-519613
-506561
-416389
-262825
-69248
134871
318457
453561
519613
506558
416384
262818
69240
-134879
-318464
-453565
-519614
-506556
-416379
-262811
-69232
134887
318470
453568
519614
506553
416373
262804
69225
-134893
-318475
-453571
-519615
-506551
-416369
-262798
-69218
134900
318480
453574
519615
506549
416364
262791
69210
-134908
-318487
-453579
-519617
-506547
-416359
-262784
-69202
134916
318494
453583
519618
506545
416354
262777
69194
-134923
-318499
-453586
-519618
-506542
-416349
-262770
-69186
134931
318505
453589
519618
506539
416343
262762
69178
-134938
-318511
-453593
-519619
-506537
-416339
-262757
-69172
134944
318516
453596
519620
506536
416336
262752
69166
-134950
-318521
-453600
-519622
-506535
-416332
-262746
-69159
134957
318527
453603
519622
506533
416328
262740
69152
-134964
-318533
-453608
-519624
-506531
-416323
-262733
-69144
134972
318540
453612
519625
506529
416318
262726
69136
-134980
-318546
-453616
-519626
-506527
-416313
-262719
-69128
134987
318551
453619
519627
506525
416309
262713
69121
-134994
-318557
-453623
-519628
-506523
-416304
-262706
-69113
135002
318564
453627
519629
506522
416300
262700
69106
-135009
-318570
-453631
-519630
-506519
-416295
-262693
-69098
135017
318576
453635
519631
506517
416290
262686
69090
-135024
-318582
-453638
-519631
-506514
-416284
-262678
-69082
135032
318588
453642
519632
506513
416281
262673
69075
-135039
-318595
-453647
-519635
-506512
-416277
-262667
-69068
135046
318600
453650
519635
506510
416273
262662
69062
-135052
-318605
-453653
-519636
-506508
-416268
-262655
-69055
135058
318610
453656
519636
506506
416264
262649
69047
-135066
-318617
-453661
-519638
-506504
-416259
-262641
-69038
135075
318624
453665
519639
506502
416254
262634
69030
-135083
-318631
-453670
-519641
-506500
-416249
-262627
-69022
135091
318637
453673
519641
506497
416243
262619
69014
-135098
-318643
-453677
-519642
-506495
-416238
-262612
-69005
135107
318650
453681
519643
506493
416233
262605
68997
-135115
-318656
-453685
-519643
-506490
-416227
-262597
-68988
135123
318663
453689
519644
506487
416221
262589
68980
-135131
-318669
-453692
-519644
-506484
-416216
-262582
-68972
135138
318675
453696
519645
506483
416212
262576
68965
-135146
-318682
-453701
-519647
-506481
-416207
-262569
-68957
135154
318688
453705
519649
506480
416203
262562
68948
-135162
-318695
-453709
-519649
-506477
-416198
-262556
-68942
135168
318700
453713
519651
506476
416194
262549
68933
-135177
-318707
-453716
-519651
-506473
-416188
-262542
-68926
135184
318713
453721
519653
506472
416184
262535
68917
-135193
-318721
-453726
-519655
-506470
-416179
-262528
-68909
135201
318728
453731
519657
506469
416175
262522
68902
-135208
-318733
-453734
-519657
-506466
-416170
-262515
-68894
135215
318739
453737
519657
506463
416164
262507
68886
-135223
-318745
-453740
-519657
-506460
-416159
-262500
-68878
135230
318751
453744
519658
506459
416155
262495
68872
-135236
-318756
-453747
-519659
-506457
-416150
-262488
-68864
135244
318762
453751
519660
506455
416146
262482
68857
-135251
-318768
-453755
-519662
-506454
-416142
-262476
-68850
135258
318774
453759
519663
506452
416138
262470
68843
-135265
-318780
-453763
-519664
-506450
-416133
-262463
-68835
135272
318785
453766
519664
506447
416127
262455
68827
-135280
-318791
-453769
-519664
-506444
-416121
-262447
-68818
135288
318798
453773
519665
506442
416117
262441
68811
-135295
-318804
-453777
-519666
-506440
-416112
-262434
-68802
135304
318811
453782
519668
506438
416107
262427
68795
-135311
-318817
-453785
-519668
-506436
-416103
-262421
-68788
135318
318822
453788
519668
506433
416098
262415
68781
-135324
-318827
-453791
-519669
-506431
-416093
-262408
-68773
135332
318834
453796
519671
506430
416089
262401
68765
-135340
-318841
-453801
-519673
-506429
-416085
-262395
-68758
135347
318847
453804
519673
506426
416080
262389
68751
-135354
-318852
-453808
-519675
-506425
-416076
-262382
-68743
135362
318859
453812
519676
506423
416072
262377
68737
-135368
-318864
-453816
-519678
-506423
-416069
-262371
-68729
135376
318871
453821
519680
506422
416065
262365
68722
-135383
-318877
-453825
-519681
-506420
-416060
-262359
-68715
135390
318883
453828
519681
506417
416055
262352
68708
-135397
-318889
-453832
-519683
-506416
-416051
-262345
-68699
135405
318895
453836
519684
506414
416046
262338
68691
-135414
-318903
-453842
-519687
-506413
-416042
-262332
-68684
135420
318908
453844
519686
506410
416037
262326
68678
-135426
-318912
-453846
-519686
-506408
-416033
-262320
-68670
135434
318919
453851
519688
506406
416028
262312
68661
-135443
-318927
-453856
-519689
-506403
-416021
-262303
-68652
135451
318933
453860
519690
506401
416016
262296
68644
-135459
-318939
-453863
-519690
-506398
-416011
-262290
-68637
135466
318945
453867
519691
506396
416006
262283
68629
-135473
-318950
-453870
-519691
-506394
-416002
-262277
-68622
135480
318956
453874
519693
506392
415997
262270
68614
-135488
-318963
-453878
-519694
-506390
-415992
-262262
-68605
135497
318970
453882
519694
506386
415985
262253
68595
-135506
-318977
-453886
-519695
-506384
-415980
-262247
-68589
135512
318982
453890
519696
506383
415977
262241
68581
-135520
-318989
-453894
-519697
-506380
-415971
-262233
-68572
135529
318996
453898
519698
506378
415966
262226
68564
-135536
-319002
-453902
-519699
-506376
-415961
-262219
-68556
135544
319008
453906
519700
506374
415956
262212
68548
-135552
-319015
-453910
-519701
-506372
-415951
-262205
-68540
135559
319020
453913
519701
506369
415946
262198
68533
-135566
-319026
-453917
-519703
-506368
-415942
-262192
-68525
135574
319033
453921
519703
506365
415936
262184
68517
-135582
-319039
-453925
-519704
-506362
-415931
-262177
-68509
135589
319045
453929
519706
506361
415927
262171
68502
-135596
-319051
-453933
-519707
-506359
-415922
-262164
-68494
135604
319057
453936
519707
506357
415917
262157
68486
-135612
-319064
-453941
-519709
-506355
-415913
-262151
-68478
135620
319071
453945
519710
506353
415908
262144
68470
-135628
-319077
-453949
-519711
-506351
-415903
-262137
-68463
135634
319082
453952
519711
506348
415898
262131
68456
-135641
-319087
-453955
-519712
-506346
-415893
-262124
-68448
135648
319093
453958
519712
506344
415888
262117
68441
-135655
-319099
-453962
-519713
-506341
-415883
-262110
-68433
135662
319104
453965
519713
506339
415878
262103
68425
-135670
-319110
-453968
-519713
-506336
-415873
-262097
-68419
135676
319115
453971
519714
506334
415869
262091
68411
-135684
-319122
-453976
-519716
-506333
-415865
-262084
-68403
135692
319129
453981
519718
506332
415860
262077
68395
-135700
-319136
-453986
-519720
-506330
-415856
-262071
-68387
135708
319143
453990
519721
506328
415851
262064
68379
-135716
-319149
-453994
-519722
-506326
-415846
-262056
-68370
135725
319156
453998
519723
506324
415841
262049
68362
-135733
-319163
-454003
-519725
-506322
-415836
-262042
-68354
135741
319170
454008
519726
506320
415831
262035
68346
-135748
-319176
-454011
-519727
-506318
-415826
-262028
-68338
135756
319182
454015
519727
506315
415820
262020
68329
-135765
-319189
-454019
-519728
-506313
-415816
-262014
-68322
135771
319194
454022
519729
506311
415811
262007
68315
-135778
-319200
-454026
-519730
-506309
-415806
-262000
-68306
135787
319207
454030
519730
506305
415799
261991
68297
-135794
-319212
-454032
-519729
-506302
-415794
-261984
-68289
135802
319218
454036
519730
506299
415788
261976
68281
-135809
-319224
-454039
-519730
-506296
-415782
-261969
-68273
135817
319230
454043
519731
506294
415778
261963
68266
-135824
-319236
-454046
-519731
-506291
-415772
-261955
-68257
135832
319242
454050
519732
506289
415767
261948
68249
-135840
-319249
-454055
-519734
-506288
-415763
-261942
-68242
135847
319255
454058
519735
506286
415759
261936
68235
-135854
-319260
-454061
-519735
-506283
-415754
-261929
-68228
135860
319265
454064
519735
506281
415749
261923
68221
-135867
-319271
-454068
-519737
-506280
-415746
-261917
-68214
135874
319277
454072
519738
506278
415741
261910
68205
-135883
-319284
-454076
-519739
-506275
-415735
-261902
-68196
135892
319291
454081
519741
506274
415731
261896
68189
-135899
-319298
-454086
-519743
-506273
-415727
-261890
-68182
135906
319303
454089
519743
506270
415722
261883
68175
-135913
-319309
-454092
-519743
-506267
-415716
-261875
-68166
135921
319315
454096
519744
506265
415711
261868
68158
-135929
-319321
-454099
-519744
-506262
-415706
-261862
-68151
135935
319326
454102
519745
506261
415702
261856
68144
-135943
-319333
-454107
-519747
-506259
-415697
-261848
-68135
135951
319340
454111
519747
506256
415692
261841
68127
-135959
-319346
-454115
-519748
-506254
-415686
-261834
-68119
135966
319351
454118
519749
506252
415682
261827
68111
-135974
-319358
-454122
-519750
-506250
-415677
-261821
-68104
135981
319364
454126
519751
506248
415673
261815
68097
-135988
-319370
-454130
-519752
-506246
-415668
-261808
-68089
135996
319376
454134
519753
506244
415663
261800
68080
-136005
-319384
-454139
-519755
-506242
-415658
-261793
-68072
136013
319391
454144
519757
506241
415654
261786
68064
-136021
-319397
-454148
-519758
-506239
-415649
-261779
-68055
136030
319405
454153
519759
506236
415643
261771
68047
-136037
-319411
-454157
-519761
-506235
-415639
-261765
-68039
136046
319419
454162
519763
506234
415634
261757
68030
-136054
-319425
-454166
-519763
-506231
-415629
-261751
-68023
136061
319430
454169
519764
506229
415624
261743
68014
-136070
-319438
-454174
-519766
-506227
-415619
-261736
-68006
136078
319445
454179
519768
506226
415615
261729
67997
-136087
-319452
-454183
-519768
-506223
-415609
-261722
-67990
136093
319457
454186
519769
506221
415604
261715
67982
-136101
-319464
-454191
-519771
-506220
-415601
-261710
-67975
136109
319471
454196
519774
506220
415598
261704
67968
-136116
-319477
-454200
-519775
-506218
-415593
-261698
-67961
136122
319482
454203
519776
506217
415590
261693
67955
-136129
-319488
-454207
-519777
-506215
-415585
-261686
-67947
136136
319494
454211
519778
506213
415581
261680
67940
-136143
-319499
-454214
-519778
-506210
-415576
-261674
-67934
136149
319504
454217
519779
506208
415571
261666
67925
-136157
-319510
-454221
-519780
-506206
-415566
-261659
-67917
136165
319517
454225
519781
506204
415561
261652
67909
-136173
-319524
-454229
-519782
-506202
-415556
-261645
-67901
136181
319530
454233
519783
506200
415552
261639
67894
-136187
-319535
-454236
-519783
-506197
-415547
-261633
-67887
136194
319540
454239
519783
506195
415542
261626
67880
-136201
-319546
-454243
-519785
-506193
-415537
-261619
-67872
136208
319552
454246
519785
506190
415532
261612
67864
-136215
-319557
-454248
-519783
-506186
-415526
-261605
-67856
136223
319563
454252
519785
506184
415521
261598
67849
-136230
-319569
-454256
-519786
-506182
-415516
-261591
-67841
136237
319574
454259
519786
506180
415512
261585
67834
-136245
-319582
-454265
-519790
-506180
-415508
-261578
-67825
136254
319589
454269
519790
506177
415502
261570
67816
-136262
-319595
-454273
-519791
-506175
-415498
-261564
-67809
136269
319601
454276
519791
506172
415492
261557
67802
-136276
-319606
-454279
-519791
-506169
-415487
-261550
-67794
136283
319612
454283
519793
506168
415483
261544
67787
-136290
-319618
-454287
-519794
-506166
-415478
-261537
-67779
136298
319624
454290
519794
506163
415472
261529
67770
-136306
-319631
-454295
-519796
-506162
-415468
-261523
-67763
136314
319638
454300
519798
506161
415465
261517
67755
-136322
-319645
-454304
-519799
-506159
-415460
-261511
-67749
136327
319649
454307
519800
506157
415456
261504
67741
-136335
-319655
-454310
-519800
-506154
-415450
-261497
-67733
136343
319661
454313
519800
506151
415444
261489
67725
-136350
-319667
-454317
-519801
-506149
-415440
-261483
-67718
136357
319673
454321
519802
506147
415435
261476
67709
-136366
-319680
-454325
-519802
-506143
-415428
-261467
-67700
136374
319686
454328
519802
506140
415422
261459
67691
-136382
-319692
-454331
-519802
-506137
-415416
-261452
-67683
136390
319699
454336
519804
506136
415412
261445
67675
-136398
-319705
-454340
-519805
-506133
-415407
-261438
-67667
136406
319712
454344
519806
506132
415403
261432
67660
-136413
-319718
-454349
-519808
-506131
-415399
-261426
-67653
136420
319724
454352
519809
506129
415394
261419
67645
-136427
-319730
-454356
-519810
-506127
-415390
-261413
-67637
136436
319737
454361
519812
506125
415385
261405
67628
-136444
-319744
-454365
-519813
-506123
-415380
-261398
-67620
136452
319750
454369
519814
506121
415375
261391
67612
-136460
-319757
-454373
-519815
-506119
-415370
-261384
-67605
136467
319763
454377
519816
506117
415365
261377
67596
-136476
-319770
-454381
-519816
-506113
-415359
-261369
-67588
136483
319776
454385
519818
506112
415355
261363
67581
-136490
-319781
-454388
-519818
-506110
-415350
-261357
-67574
136497
319787
454392
519819
506108
415346
261350
67566
-136505
-319794
-454396
-519820
-506105
-415340
-261343
-67558
136512
319799
454399
519820
506102
415334
261334
67548
-136521
-319806
-454403
-519821
-506100
-415329
-261327
-67541
136528
319812
454407
519821
506097
415323
261320
67533
-136536
-319818
-454410
-519822
-506095
-415319
-261314
-67526
136542
319823
454413
519822
506093
415315
261308
67519
-136550
-319830
-454418
-519825
-506092
-415311
-261302
-67512
136557
319836
454422
519826
506090
415306
261295
67504
-136564
-319841
-454425
-519826
-506088
-415302
-261289
-67497
136571
319847
454429
519827
506086
415297
261282
67489
-136579
-319854
-454433
-519828
-506083
-415291
-261274
-67480
136587
319860
454437
519829
506081
415286
261267
67472
-136595
-319866
-454440
-519829
-506078
-415280
-261259
-67463
136604
319874
454446
519832
506077
415276
261253
67456
-136611
-319880
-454449
-519832
-506075
-415271
-261246
-67448
136619
319887
454454
519834
506073
415267
261239
67440
-136627
-319893
-454458
-519835
-506071
-415261
-261231
-67430
136636
319900
454462
519836
506069
415257
261225
67424
-136642
-319906
-454466
-519837
-506067
-415252
-261218
-67416
136650
319912
454470
519838
506065
415247
261211
67408
-136657
-319918
-454474
-519839
-506063
-415243
-261205
-67400
136666
319925
454478
519841
506062
415238
261197
67391
-136674
-319932
-454483
-519842
-506059
-415233
-261191
-67384
136681
319938
454487
519843
506057
415228
261183
67375
-136690
-319945
-454491
-519845
-506056
-415224
-261178
-67369
136696
319950
454494
519845
506054
415220
261172
67362
-136703
-319956
-454498
-519847
-506053
-415216
-261166
-67355
136710
319962
454502
519847
506050
415210
261158
67347
-136718
-319968
-454506
-519849
-506049
-415207
-261152
-67339
136726
319975
454510
519850
506047
415202
261145
67331
-136734
-319982
-454515
-519852
-506045
-415197
-261138
-67323
136741
319987
454518
519852
506043
415193
261133
67317
-136748
-319994
-454523
-519854
-506042
-415188
-261125
-67308
136756
320000
454526
519854
506038
415182
261118
67300
-136763
-320005
-454529
-519855
-506037
-415178
-261112
-67294
136769
320010
454532
519856
506035
415174
261106
67287
-136776
-320016
-454536
-519856
-506032
-415168
-261098
-67278
136785
320023
454540
519857
506030
415164
261092
67270
-136793
-320031
-454546
-519860
-506030
-415160
-261086
-67263
136800
320036
454549
519861
506028
415156
261080
67256
-136807
-320042
-454553
-519862
-506026
-415151
-261073
-67248
136815
320049
454557
519863
506024
415146
261065
67239
-136823
-320055
-454561
-519864
-506021
-415140
-261057
-67230
136832
320062
454565
519864
506018
415135
261051
67224
-136838
-320067
-454568
-519865
-506017
-415131
-261045
-67217
136845
320073
454572
519866
506014
415125
261036
67207
-136854
-320080
-454576
-519866
-506011
-415119
-261029
-67199
136862
320087
454581
519868
506009
415114
261022
67191
-136869
-320092
-454584
-519869
-506007
-415110
-261015
-67183
136877
320099
454588
519870
506006
415106
261009
67176
-136884
-320105
-454592
-519871
-506004
-415101
-261002
-67168
136892
320111
454596
519872
506001
415096
260995
67160
-136900
-320118
-454601
-519874
-506000
-415092
-260989
-67153
136907
320124
454604
519874
505997
415086
260981
67144
-136915
-320129
-454606
-519873
-505993
-415080
-260974
-67137
136921
320134
454609
519874
505992
415076
260968
67130
-136928
-320140
-454613
-519875
-505990
-415072
-260962
-67122
136936
320147
454618
519877
505988
415067
260955
67114
-136944
-320154
-454623
-519879
-505987
-415063
-260949
-67107
136951
320160
454627
519880
505986
415059
260942
67099
-136959
-320166
-454631
-519882
-505984
-415054
-260935
-67091
136967
320173
454635
519882
505981
415048
260927
67082
-136975
-320179
-454638
-519882
-505978
-415042
-260920
-67075
136982
320184
454641
519882
505975
415037
260913
67067
-136989
-320190
-454644
-519882
-505972
-415032
-260906
-67059
136997
320196
454647
519882
505969
415026
260898
67051
-137004
-320201
-454650
-519882
-505966
-415021
-260892
-67044
137011
320207
454654
519883
505964
415016
260885
67036
-137019
-320214
-454658
-519884
-505962
-415010
-260876
-67026
137028
320221
454662
519885
505959
415005
260869
67018
-137036
-320227
-454666
-519886
-505957
-415000
-260862
-67010
137044
320234
454671
519887
505954
414994
260854
67001
-137052
-320240
-454674
-519888
-505953
-414990
-260848
-66994
137059
320246
454678
519889
505951
414986
260842
66987
-137066
-320252
-454682
-519890
-505948
-414980
-260834
-66978
137075
320259
454687
519892
505947
414976
260828
66971
-137082
-320266
-454692
-519894
-505946
-414972
-260821
-66962
137091
320273
454696
519895
505944
414967
260814
66954
-137099
-320280
-454700
-519896
-505942
-414962
-260807
-66946
137107
320286
454704
519897
505939
414956
260799
66937
-137116
-320294
-454710
-519899
-505938
-414952
-260792
-66929
137124
320301
454714
519901
505937
414948
260786
66921
-137132
-320307
-454718
-519901
-505934
-414942
-260778
-66913
137139
320313
454722
519902
505931
414936
260770
66904
-137148
-320320
-454726
-519903
-505929
-414931
-260763
-66896
137156
320327
454730
519904
505927
414926
260756
66888
-137163
-320332
-454733
-519904
-505924
-414921
-260749
-66880
137171
320338
454736
519904
505921
414915
260741
66871
-137179
-320345
-454741
-519906
-505919
-414910
-260734
-66863
137188
320353
454747
519909
505919
414907
260728
66855
-137196
-320360
-454752
-519911
-505918
-414903
-260722
-66848
137203
320366
454756
519913
505917
414899
260716
66841
-137210
-320372
-454760
-519914
-505915
-414895
-260710
-66834
137217
320377
454762
519914
505913
414890
260704
66827
-137224
-320383
-454767
-519916
-505912
-414886
-260697
-66819
137232
320390
454771
519916
505908
414880
260689
66810
-137240
-320396
-454774
-519916
-505905
-414874
-260681
-66802
137247
320402
454778
519918
505904
414870
260675
66794
-137255
-320409
-454783
-519920
-505903
-414866
-260669
-66787
137262
320414
454786
519920
505900
414861
260662
66779
-137270
-320421
-454790
-519921
-505898
-414856
-260655
-66771
137278
320428
454795
519923
505897
414852
260649
66764
-137285
-320434
-454799
-519924
-505895
-414847
-260642
-66756
137293
320440
454802
519924
505892
414842
260635
66749
-137299
-320444
-454804
-519924
-505889
-414836
-260628
-66741
137306
320450
454808
519925
505887
414832
260622
66734
-137313
-320456
-454812
-519926
-505885
-414827
-260615
-66727
137320
320461
454814
519926
505883
414823
260609
66720
-137327
-320467
-454818
-519927
-505881
-414818
-260602
-66712
137335
320473
454822
519927
505878
414813
260595
66704
-137343
-320480
-454826
-519929
-505877
-414809
-260589
-66697
137349
320485
454830
519930
505874
414803
260581
66688
-137358
-320492
-454833
-519929
-505870
-414796
-260573
-66680
137365
320497
454836
519930
505868
414792
260567
66672
-137373
-320504
-454841
-519932
-505867
-414788
-260561
-66665
137380
320510
454845
519933
505865
414783
260554
66657
-137388
-320517
-454849
-519934
-505863
-414778
-260547
-66649
137395
320522
454852
519934
505861
414774
260541
66642
-137403
-320529
-454857
-519937
-505860
-414770
-260534
-66634
137410
320535
454861
519938
505858
414765
260527
66626
-137418
-320542
-454865
-519939
-505856
-414760
-260520
-66618
137426
320548
454869
519939
505853
414754
260512
66609
-137435
-320555
-454873
-519940
-505851
-414750
-260506
-66602
137442
320561
454877
519942
505850
414746
260500
66595
-137449
-320567
-454881
-519943
-505848
-414741
-260493
-66587
137457
320574
454886
519945
505847
414737
260487
66580
-137464
-320580
-454890
-519946
-505844
-414732
-260480
-66572
137471
320585
454892
519946
505842
414727
260473
66564
-137479
-320592
-454897
-519947
-505840
-414722
-260466
-66556
137486
320597
454900
519948
505837
414717
260459
66548
-137494
-320604
-454904
-519949
-505835
-414712
-260452
-66540
137502
320610
454908
519950
505834
414708
260446
66533
-137509
-320616
-454912
-519951
-505831
-414702
-260438
-66525
137516
320622
454915
519951
505828
414697
260431
66517
-137524
-320628
-454919
-519953
-505828
-414694
-260426
-66510
137531
320634
454923
519954
505825
414689
260419
66503
-137538
-320640
-454927
-519954
-505822
-414683
-260411
-66494
137546
320646
454930
519955
505821
414679
260406
66488
-137552
-320651
-454933
-519955
-505818
-414674
-260399
-66481
137559
320656
454936
519956
505816
414669
260392
66472
-137567
-320663
-454940
-519956
-505813
-414664
-260385
-66464
137575
320670
454945
519958
505811
414658
260377
66455
-137584
-320677
-454949
-519959
-505809
-414653
-260370
-66447
137592
320683
454953
519959
505806
414647
260361
66438
-137600
-320690
-454957
-519960
-505803
-414642
-260355
-66431
137607
320695
454960
519961
505801
414637
260348
66423
-137615
-320702
-454965
-519963
-505801
-414634
-260342
-66415
137623
320709
454970
519965
505799
414629
260335
66407
-137631
-320716
-454974
-519966
-505797
-414624
-260328
-66399
137639
320723
454979
519968
505796
414620
260322
66392
-137646
-320729
-454983
-519969
-505794
-414616
-260316
-66384
137654
320735
454987
519971
505793
414612
260309
66376
-137662
-320742
-454992
-519973
-505792
-414608
-260303
-66369
137670
320749
454997
519975
505791
414604
260297
66361
-137678
-320756
-455001
-519976
-505789
-414599
-260290
-66353
137686
320763
455006
519978
505787
414594
260283
66346
-137692
-320768
-455009
-519978
-505785
-414590
-260277
-66338
137700
320774
455013
519980
505784
414586
260271
66332
-137706
-320780
-455017
-519981
-505782
-414582
-260265
-66324
137714
320786
455020
519981
505779
414576
260257
66316
-137721
-320791
-455023
-519981
-505776
-414571
-260251
-66310
137727
320796
455026
519982
505774
414566
260244
66301
-137735
-320802
-455029
-519982
-505772
-414562
-260238
-66295
137741
320807
455033
519984
505771
414558
260232
66287
-137749
-320814
-455038
-519985
-505769
-414553
-260225
-66280
137756
320819
455040
519985
505766
414548
260218
66272
-137763
-320825
-455044
-519986
-505764
-414544
-260212
-66265
137770
320831
455048
519987
505762
414539
260205
66257
-137778
-320837
-455051
-519987
-505759
-414533
-260197
-66249
137785
320843
455055
519988
505757
414528
260191
66241
-137793
-320849
-455059
-519989
-505755
-414523
-260183
-66232
137802
320857
455064
519991
505753
414518
260176
66224
-137810
-320863
-455067
-519991
-505751
-414514
-260170
-66217
137817
320869
455071
519992
505748
414508
260162
66209
-137824
-320875
-455075
-519993
-505746
-414503
-260155
-66201
137832
320881
455078
519993
505743
414498
260148
66193
-137839
-320886
-455081
-519993
-505740
-414492
-260141
-66186
137846
320892
455085
519995
505739
414488
260135
66178
-137854
-320899
-455089
-519995
-505736
-414483
-260128
-66171
137860
320903
455091
519995
505733
414478
260121
66163
-137868
-320910
-455096
-519997
-505732
-414473
-260114
-66155
137876
320916
455099
519997
505729
414468
260107
66147
-137883
-320922
-455103
-519998
-505727
-414463
-260100
-66139
137891
320928
455106
519998
505724
414458
260094
66132
-137898
-320934
-455110
-519999
-505722
-414453
-260087
-66125
137905
320940
455114
520000
505720
414448
260080
66116
-137913
-320946
-455117
-520000
-505717
-414442
-260072
-66108
137921
320952
455121
520001
505715
414438
260066
66101
-137927
-320957
-455123
-520000
-505711
-414431
-260057
-66091
137937
320965
455128
520001
505708
414425
260049
66083
-137944
-320970
-455131
-520002
-505706
-414420
-260042
-66074
137953
320977
455135
520002
505703
414414
260034
66066
-137960
-320983
-455139
-520003
-505701
-414410
-260028
-66059
137967
320989
455143
520005
505700
414406
260022
66052
-137974
-320995
-455146
-520005
-505697
-414401
-260015
-66044
137982
321001
455150
520006
505695
414396
260008
66036
-137990
-321008
-455155
-520008
-505693
-414390
-259999
-66026
137999
321015
455159
520009
505691
414386
259994
66019
-138006
-321021
-455163
-520009
-505688
-414380
-259986
-66011
138014
321027
455166
520010
505686
414375
259979
66003
-138021
-321033
-455170
-520011
-505685
-414372
-259974
-65997
138027
321038
455173
520012
505683
414367
259967
65989
-138036
-321046
-455179
-520014
-505681
-414362
-259960
-65981
138043
321051
455182
520015
505680
414359
259955
65975
-138049
-321057
-455186
-520016
-505678
-414354
-259948
-65967
138057
321063
455190
520018
505677
414350
259942
65960
-138064
-321069
-455193
-520018
-505674
-414345
-259935
-65952
138071
321074
455196
520018
505671
414339
259927
65943
-138080
-321081
-455200
-520019
-505669
-414335
-259921
-65936
138087
321087
455204
520020
505666
414329
259913
65927
-138096
-321095
-455209
-520021
-505664
-414323
-259905
-65918
138104
321101
455213
520022
505662
414319
259899
65911
-138111
-321107
-455217
-520024
-505661
-414315
-259893
-65904
138119
321114
455222
520025
505658
414309
259885
65895
-138127
-321120
-455225
-520026
-505657
-414305
-259878
-65887
138135
321127
455230
520028
505655
414300
259871
65879
-138143
-321134
-455235
-520029
-505653
-414295
-259864
-65871
138151
321140
455238
520030
505651
414291
259858
65864
-138158
-321146
-455242
-520031
-505649
-414286
-259851
-65856
138165
321151
455245
520031
505646
414280
259843
65847
-138173
-321157
-455248
-520030
-505642
-414273
-259834
-65838
138182
321165
455253
520032
505640
414268
259827
65829
-138190
-321171
-455256
-520032
-505637
-414263
-259821
-65823
138196
321176
455259
520033
505636
414260
259816
65816
-138203
-321182
-455264
-520035
-505635
-414255
-259808
-65807
138212
321190
455269
520037
505633
414250
259801
65799
-138220
-321196
-455273
-520038
-505631
-414246
-259795
-65792
138227
321202
455277
520039
505630
414242
259789
65785
-138234
-321208
-455281
-520040
-505627
-414236
-259781
-65776
138243
321216
455286
520042
505626
414232
259774
65768
-138251
-321222
-455290
-520044
-505625
-414228
-259768
-65760
138259
321229
455295
520045
505623
414224
259762
65753
-138266
-321235
-455299
-520047
-505622
-414220
-259756
-65746
138273
321241
455302
520047
505619
414214
259748
65738
-138281
-321247
-455306
-520048
-505617
-414209
-259741
-65730
138288
321253
455310
520049
505615
414205
259735
65722
-138297
-321261
-455316
-520052
-505614
-414200
-259728
-65714
138304
321266
455318
520052
505612
414196
259722
65707
-138311
-321272
-455322
-520052
-505609
-414190
-259714
-65698
138319
321278
455325
520052
505605
414184
259707
65691
-138325
-321282
-455326
-520051
-505602
-414179
-259700
-65684
138332
321288
455330
520052
505600
414174
259693
65676
-138340
-321295
-455335
-520053
-505597
-414168
-259685
-65667
138349
321302
455339
520055
505596
414164
259679
65660
-138356
-321308
-455343
-520056
-505594
-414159
-259671
-65650
138365
321315
455347
520056
505591
414153
259664
65643
-138372
-321321
-455351
-520057
-505589
-414149
-259657
-65634
138381
321328
455355
520058
505586
414142
259648
65625
-138389
-321335
-455360
-520060
-505585
-414138
-259642
-65618
138396
321340
455363
520060
505582
414133
259636
65612
-138402
-321345
-455366
-520061
-505580
-414129
-259630
-65604
138410
321352
455371
520063
505579
414125
259624
65597
-138417
-321358
-455375
-520065
-505579
-414122
-259618
-65590
138424
321364
455378
520064
505575
414115
259610
65581
-138432
-321370
-455382
-520065
-505572
-414110
-259603
-65573
138439
321375
455384
520065
505570
414105
259596
65565
-138447
-321382
-455389
-520066
-505567
-414099
-259588
-65556
138456
321389
455393
520067
505565
414095
259582
65549
-138463
-321395
-455397
-520068
-505563
-414090
-259575
-65541
138471
321402
455402
520070
505562
414086
259569
65534
-138478
-321407
-455405
-520071
-505560
-414081
-259561
-65525
138487
321415
455410
520072
505557
414075
259553
65516
-138495
-321421
-455413
-520072
-505554
-414069
-259546
-65509
138501
321425
455415
520071
505550
414063
259538
65501
-138508
-321431
-455418
-520071
-505547
-414057
-259530
-65492
138517
321438
455422
520072
505545
414052
259523
65484
-138525
-321445
-455427
-520074
-505543
-414047
-259516
-65475
138534
321452
455431
520074
505540
414041
259508
65467
-138541
-321457
-455434
-520075
-505538
-414037
-259502
-65460
138548
321463
455438
520076
505536
414032
259495
65452
-138556
-321470
-455442
-520077
-505534
-414027
-259488
-65444
138564
321476
455446
520078
505532
414023
259482
65437
-138570
-321481
-455449
-520078
-505530
-414019
-259476
-65430
138577
321487
455453
520080
505529
414014
259469
65422
-138585
-321494
-455458
-520082
-505527
-414010
-259463
-65415
138592
321500
455462
520083
505526
414006
259457
65408
-138599
-321506
-455466
-520085
-505525
-414002
-259451
-65400
138607
321512
455470
520086
505523
413998
259445
65394
-138613
-321518
-455474
-520087
-505521
-413994
-259439
-65386
138621
321524
455478
520088
505519
413988
259431
65378
-138629
-321530
-455481
-520088
-505516
-413983
-259424
-65370
138636
321536
455484
520088
505513
413978
259418
65363
-138642
-321540
-455486
-520088
-505510
-413972
-259410
-65355
138650
321546
455489
520087
505506
413965
259401
65345
-138659
-321553
-455493
-520088
-505504
-413961
-259395
-65339
138665
321558
455496
520088
505501
413955
259388
65331
-138672
-321564
-455500
-520090
-505500
-413951
-259382
-65324
138679
321569
455503
520090
505497
413946
259375
65316
-138687
-321576
-455507
-520091
-505495
-413941
-259368
-65308
138695
321583
455512
520093
505494
413937
259361
65299
-138704
-321590
-455517
-520095
-505492
-413932
-259354
-65291
138712
321597
455521
520095
505489
413926
259346
65282
-138720
-321603
-455525
-520096
-505487
-413921
-259339
-65274
138728
321610
455529
520098
505486
413917
259333
65267
-138735
-321616
-455533
-520099
-505484
-413912
-259326
-65259
138743
321622
455537
520100
505481
413907
259319
65251
-138751
-321629
-455542
-520102
-505480
-413903
-259312
-65243
138759
321636
455547
520104
505480
413900
259307
65236
-138766
-321642
-455551
-520106
-505478
-413895
-259300
-65228
138774
321649
455555
520106
505475
413890
259293
65221
-138781
-321654
-455558
-520107
-505473
-413885
-259286
-65212
138790
321662
455564
520110
505473
413881
259279
65204
-138798
-321669
-455568
-520110
-505469
-413874
-259270
-65194
138807
321676
455572
520111
505467
413870
259264
65187
-138814
-321682
-455576
-520112
-505465
-413864
-259256
-65178
138823
321689
455581
520114
505463
413859
259248
65169
-138832
-321696
-455585
-520115
-505461
-413854
-259241
-65161
138840
321703
455589
520115
505458
413849
259234
65153
-138848
-321710
-455594
-520117
-505456
-413843
-259226
-65144
138856
321716
455597
520117
505453
413837
259218
65135
-138865
-321723
-455601
-520117
-505449
-413831
-259210
-65126
138873
321729
455605
520118
505447
413826
259203
65118
-138881
-321736
-455609
-520119
-505445
-413821
-259196
-65110
138889
321743
455614
520121
505444
413817
259190
65103
-138895
-321748
-455617
-520122
-505443
-413814
-259185
-65097
138902
321754
455621
520124
505442
413810
259179
65090
-138909
-321760
-455625
-520125
-505440
-413805
-259172
-65082
138916
321765
455628
520125
505437
413800
259165
65074
-138924
-321772
-455633
-520127
-505436
-413796
-259159
-65067
138931
321778
455637
520128
505434
413791
259152
65059
-138939
-321784
-455640
-520129
-505432
-413787
-259146
-65052
138946
321790
455644
520130
505430
413782
259139
65044
-138954
-321797
-455649
-520132
-505429
-413778
-259132
-65035
138963
321805
455654
520134
505427
413773
259125
65027
-138971
-321811
-455658
-520134
-505424
-413767
-259117
-65018
138979
321818
455662
520135
505422
413762
259110
65010
-138987
-321825
-455667
-520138
-505421
-413758
-259104
-65003
138994
321830
455670
520138
505419
413754
259098
64996
-139001
-321836
-455674
-520139
-505417
-413749
-259091
-64988
139009
321843
455678
520140
505414
413743
259082
64978
-139018
-321850
-455683
-520141
-505412
-413737
-259074
-64969
139027
321857
455687
520142
505409
413732
259067
64961
-139035
-321864
-455691
-520143
-505407
-413726
-259058
-64951
139045
321872
455696
520144
505404
413720
259050
64942
-139053
-321878
-455700
-520145
-505402
-413715
-259044
-64935
139060
321884
455703
520145
505399
413710
259037
64927
-139067
-321889
-455706
-520145
-505396
-413704
-259029
-64919
139075
321895
455709
520145
505393
413699
259022
64911
-139082
-321901
-455713
-520147
-505392
-413695
-259016
-64904
139089
321907
455717
520148
505390
413690
259009
64896
-139097
-321913
-455721
-520149
-505388
-413685
-259002
-64888
139105
321920
455725
520150
505386
413681
258996
64881
-139112
-321926
-455729
-520151
-505384
-413676
-258989
-64873
139119
321931
455732
520151
505381
413670
258981
64864
-139128
-321939
-455737
-520153
-505379
-413665
-258974
-64856
139136
321946
455742
520154
505377
413660
258967
64848
-139144
-321952
-455745
-520154
-505374
-413655
-258960
-64840
139151
321958
455749
520156
505373
413651
258954
64833
-139158
-321964
-455753
-520157
-505371
-413646
-258947
-64825
139166
321970
455757
520159
505370
413642
258940
64817
-139174
-321977
-455761
-520159
-505367
-413637
-258934
-64810
139181
321983
455766
520162
505367
413634
258928
64802
-139189
-321990
-455770
-520163
-505365
-413629
-258921
-64795
139196
321995
455773
520163
505362
413624
258915
64788
-139203
-322001
-455777
-520164
-505360
-413619
-258907
-64779
139212
322009
455782
520166
505359
413615
258901
64771
-139220
-322016
-455787
-520168
-505358
-413611
-258895
-64764
139227
322022
455791
520170
505357
413607
258889
64757
-139234
-322027
-455794
-520170
-505354
-413602
-258883
-64750
139240
322032
455797
520170
505352
413597
258876
64743
-139247
-322038
-455801
-520171
-505349
-413592
-258869
-64735
139254
322043
455803
520171
505347
413587
258862
64727
-139262
-322049
-455806
-520170
-505342
-413580
-258853
-64718
139270
322055
455810
520171
505340
413575
258846
64710
-139278
-322062
-455814
-520172
-505338
-413570
-258839
-64702
139286
322069
455819
520174
505336
413565
258831
64693
-139294
-322075
-455823
-520175
-505334
-413560
-258825
-64686
139301
322080
455825
520174
505331
413555
258818
64678
-139308
-322085
-455827
-520173
-505327
-413549
-258811
-64671
139315
322091
455832
520175
505326
413545
258805
64664
-139322
-322097
-455835
-520176
-505324
-413540
-258798
-64656
139330
322104
455840
520178
505323
413536
258792
64649
-139337
-322110
-455844
-520179
-505321
-413532
-258786
-64641
139345
322117
455849
520182
505321
413529
258780
64634
-139352
-322123
-455853
-520183
-505319
-413524
-258773
-64626
139360
322130
455858
520185
505318
413520
258767
64619
-139367
-322135
-455861
-520185
-505315
-413515
-258760
-64611
139374
322141
455864
520186
505313
413510
258754
64605
-139380
-322145
-455866
-520185
-505310
-413506
-258748
-64598
139387
322151
455870
520187
505309
413501
258741
64590
-139395
-322158
-455875
-520189
-505308
-413498
-258736
-64583
139402
322164
455879
520190
505306
413493
258729
64575
-139410
-322171
-455884
-520192
-505305
-413489
-258723
-64568
139417
322177
455887
520192
505302
413483
258715
64559
-139425
-322183
-455891
-520193
-505300
-413479
-258709
-64552
139432
322189
455895
520194
505298
413474
258702
64544
-139440
-322195
-455898
-520195
-505296
-413469
-258695
-64537
139447
322201
455902
520195
505293
413464
258688
64529
-139454
-322206
-455905
-520196
-505291
-413459
-258681
-64521
139462
322213
455909
520196
505288
413453
258673
64512
-139470
-322219
-455913
-520198
-505286
-413448
-258666
-64504
139478
322225
455916
520197
505282
413442
258659
64497
-139485
-322231
-455920
-520198
-505280
-413437
-258652
-64489
139492
322236
455922
520198
505277
413432
258645
64481
-139499
-322242
-455926
-520199
-505275
-413427
-258638
-64473
139507
322248
455929
520198
505271
413420
258630
64465
-139514
-322253
-455932
-520199
-505269
-413416
-258623
-64457
139522
322260
455937
520200
505267
413411
258616
64449
-139530
-322267
-455941
-520201
-505265
-413406
-258609
-64441
139538
322274
455946
520204
505265
413403
258603
64433
-139547
-322282
-455951
-520205
-505262
-413397
-258596
-64425
139554
322287
455954
520206
505260
413392
258589
64417
-139561
-322292
-455957
-520206
-505258
-413388
-258583
-64410
139569
322300
455963
520209
505257
413384
258576
64402
-139577
-322306
-455967
-520210
-505255
-413379
-258569
-64394
139584
322312
455970
520210
505252
413373
258561
64386
-139592
-322318
-455973
-520210
-505249
-413368
-258555
-64378
139600
322325
455978
520212
505247
413362
258546
64368
-139609
-322332
-455982
-520213
-505245
-413357
-258539
-64360
139617
322338
455986
520213
505242
413351
258531
64352
-139624
-322344
-455989
-520213
-505239
-413346
-258525
-64345
139631
322349
455992
520213
505236
413341
258518
64337
-139638
-322355
-455996
-520215
-505235
-413336
-258510
-64328
139647
322362
456000
520215
505232
413331
258503
64320
-139655
-322369
-456005
-520217
-505230
-413326
-258496
-64312
139663
322376
456010
520220
505230
413323
258490
64304
-139671
-322383
-456014
-520220
-505227
-413317
-258482
-64296
139679
322389
456018
520221
505225
413312
258475
64288
-139687
-322395
-456021
-520222
-505223
-413307
-258469
-64281
139694
322401
456025
520223
505221
413303
258463
64273
-139702
-322408
-456030
-520225
-505219
-413297
-258454
-64264
139710
322415
456034
520226
505217
413293
258448
64256
-139719
-322422
-456039
-520228
-505216
-413289
-258442
-64249
139726
322428
456043
520229
505214
413284
258435
64241
-139734
-322435
-456048
-520231
-505213
-413280
-258428
-64233
139742
322442
456053
520233
505211
413275
258421
64224
-139750
-322448
-456056
-520233
-505208
-413269
-258413
-64216
139757
322453
456058
520232
505205
413264
258407
64209
-139764
-322459
-456062
-520233
-505203
-413260
-258401
-64202
139771
322465
456066
520235
505202
413255
258394
64194
-139779
-322472
-456071
-520237
-505201
-413251
-258387
-64186
139787
322479
456076
520238
505198
413246
258380
64178
-139795
-322485
-456079
-520238
-505195
-413240
-258372
-64169
139803
322491
456082
520239
505193
413236
258367
64163
-139809
-322496
-456086
-520240
-505191
-413230
-258358
-64153
139818
322503
456089
520239
505187
413224
258351
64146
-139825
-322509
-456093
-520241
-505186
-413220
-258344
-64138
139833
322516
456098
520243
505185
413216
258338
64130
-139841
-322522
-456102
-520244
-505183
-413211
-258331
-64122
139849
322529
456106
520245
505180
413206
258324
64114
-139857
-322535
-456110
-520245
-505177
-413200
-258317
-64107
139863
322540
456113
520246
505176
413196
258310
64099
-139871
-322547
-456117
-520247
-505173
-413191
-258303
-64091
139878
322552
456120
520247
505171
413186
258297
64084
-139885
-322558
-456124
-520248
-505168
-413180
-258288
-64074
139895
322566
456128
520248
505164
413173
258280
64065
-139903
-322572
-456131
-520248
-505161
-413167
-258272
-64057
139911
322578
456135
520249
505159
413163
258266
64050
-139918
-322584
-456139
-520250
-505157
-413158
-258259
-64042
139925
322589
456141
520250
505155
413153
258252
64034
-139932
-322595
-456145
-520250
-505151
-413147
-258245
-64027
139939
322600
456148
520251
505149
413142
258238
64019
-139947
-322607
-456152
-520251
-505146
-413136
-258230
-64010
139955
322613
456156
520252
505144
413132
258224
64003
-139962
-322619
-456159
-520253
-505142
-413127
-258216
-63994
139970
322625
456163
520253
505139
413121
258208
63985
-139979
-322632
-456167
-520254
-505137
-413116
-258201
-63977
139987
322639
456172
520256
505135
413111
258194
63969
-139995
-322646
-456176
-520257
-505133
-413106
-258187
-63961
140003
322652
456180
520258
505131
413101
258180
63953
-140010
-322658
-456184
-520259
-505129
-413097
-258174
-63946
140018
322665
456189
520261
505127
413092
258167
63938
-140025
-322671
-456192
-520262
-505126
-413088
-258161
-63930
140033
322677
456196
520263
505124
413083
258153
63921
-140042
-322685
-456202
-520265
-505122
-413078
-258146
-63913
140050
322692
456206
520266
505120
413073
258139
63905
-140058
-322699
-456211
-520268
-505118
-413068
-258132
-63897
140066
322705
456215
520269
505116
413063
258125
63889
-140073
-322710
-456217
-520269
-505114
-413059
-258119
-63882
140081
322718
456223
520272
505113
413055
258112
63874
-140089
-322724
-456227
-520273
-505112
-413051
-258106
-63867
140095
322729
456230
520273
505109
413046
258100
63860
-140102
-322735
-456234
-520274
-505106
-413040
-258092
-63851
140111
322742
456238
520276
505105
413036
258086
63844
-140118
-322748
-456242
-520276
-505102
-413030
-258078
-63835
140126
322754
456245
520276
505099
413025
258071
63827
-140134
-322760
-456249
-520278
-505098
-413021
-258065
-63820
140140
322765
456252
520278
505096
413016
258058
63812
-140148
-322772
-456257
-520280
-505094
-413012
-258052
-63805
140155
322778
456261
520281
505092
413007
258045
63797
-140163
-322784
-456264
-520281
-505089
-413001
-258037
-63789
140171
322791
456269
520283
505088
412998
258032
63782
-140178
-322797
-456273
-520285
-505087
-412994
-258026
-63775
140185
322803
456277
520286
505086
412990
258020
63768
-140192
-322809
-456281
-520288
-505085
-412987
-258015
-63762
140198
322814
456285
520290
505085
412984
258010
63756
-140204
-322820
-456289
-520291
-505083
-412980
-258003
-63748
140212
322826
456293
520292
505081
412975
257996
63739
-140221
-322834
-456298
-520294
-505079
-412970
-257989
-63731
140229
322841
456303
520296
505078
412966
257983
63724
-140236
-322846
-456306
-520296
-505075
-412961
-257977
-63718
140242
322851
456309
520297
505074
412957
257970
63709
-140251
-322859
-456314
-520298
-505071
-412951
-257962
-63701
140258
322864
456317
520299
505069
412946
257955
63693
-140266
-322871
-456321
-520300
-505067
-412942
-257949
-63686
140273
322876
456324
520300
505064
412936
257942
63678
-140280
-322882
-456327
-520300
-505061
-412930
-257934
-63670
140288
322888
456331
520301
505059
412926
257928
63663
-140294
-322893
-456334
-520301
-505057
-412922
-257922
-63656
140301
322899
456338
520303
505055
412917
257915
63647
-140310
-322906
-456342
-520303
-505052
-412911
-257907
-63639
140318
322912
456345
520303
505049
412905
257900
63631
-140325
-322918
-456349
-520305
-505048
-412901
-257893
-63623
140333
322925
456354
520306
505046
412897
257887
63616
-140340
-322931
-456358
-520308
-505045
-412892
-257880
-63608
140348
322937
456362
520309
505044
412890
257876
63603
-140354
-322943
-456366
-520311
-505042
-412884
-257868
-63593
140363
322950
456371
520313
505041
412880
257861
63585
-140372
-322958
-456376
-520314
-505038
-412874
-257853
-63576
140380
322964
456379
520314
505035
412868
257845
63567
-140388
-322970
-456383
-520315
-505033
-412863
-257838
-63559
140396
322977
456387
520316
505031
412859
257832
63552
-140403
-322983
-456391
-520317
-505028
-412853
-257824
-63544
140411
322989
456394
520317
505025
412847
257816
63535
-140419
-322995
-456398
-520317
-505022
-412841
-257808
-63526
140427
323002
456402
520318
505020
412836
257801
63518
-140435
-323008
-456406
-520319
-505018
-412832
-257795
-63511
140442
323014
456410
520321
505017
412828
257789
63504
-140449
-323020
-456413
-520321
-505014
-412822
-257781
-63495
140458
323027
456418
520323
505013
412818
257775
63488
-140465
-323033
-456422
-520324
-505011
-412814
-257769
-63480
140473
323040
456427
520326
505009
412808
257761
63472
-140481
-323047
-456431
-520327
-505008
-412805
-257756
-63465
140488
323052
456434
520328
505006
412800
257748
63456
-140496
-323059
-456439
-520329
-505003
-412794
-257741
-63448
140504
323065
456442
520329
505000
412789
257734
63441
-140511
-323071
-456446
-520330
-504998
-412784
-257727
-63433
140519
323078
456451
520332
504997
412780
257720
63424
-140528
-323085
-456455
-520333
-504994
-412774
-257712
-63415
140536
323091
456458
520333
504991
412768
257704
63407
-140543
-323097
-456462
-520334
-504989
-412764
-257698
-63400
140550
323103
456466
520335
504987
412759
257692
63393
-140557
-323109
-456470
-520337
-504986
-412755
-257685
-63385
140565
323115
456474
520338
504984
412750
257678
63377
-140573
-323122
-456478
-520338
-504981
-412744
-257670
-63368
140581
323128
456481
520338
504978
412738
257662
63359
-140590
-323135
-456485
-520339
-504975
-412733
-257655
-63352
140596
323140
456488
520339
504972
412727
257648
63344
-140604
-323146
-456492
-520340
-504970
-412723
-257642
-63337
140611
323152
456495
520341
504969
412719
257636
63329
-140619
-323159
-456500
-520343
-504967
-412714
-257629
-63322
140626
323164
456503
520343
504965
412709
257622
63313
-140635
-323172
-456509
-520346
-504964
-412705
-257615
-63305
140643
323179
456514
520348
504963
412701
257608
63296
-140652
-323187
-456519
-520349
-504960
-412695
-257600
-63288
140660
323193
456523
520351
504959
412691
257594
63280
-140668
-323200
-456528
-520353
-504958
-412687
-257588
-63273
140675
323206
456532
520354
504956
412683
257582
63266
-140682
-323212
-456535
-520354
-504953
-412677
-257574
-63258
140689
323217
456538
520354
504950
412671
257566
63249
-140697
-323223
-456541
-520354
-504947
-412666
-257560
-63242
140704
323229
456545
520355
504945
412661
257553
63234
-140712
-323236
-456550
-520357
-504944
-412657
-257546
-63226
140720
323243
456554
520359
504943
412653
257540
63218
-140728
-323250
-456559
-520361
-504942
-412649
-257534
-63211
140735
323256
456563
520362
504940
412645
257528
63204
-140742
-323262
-456567
-520364
-504939
-412641
-257522
-63197
140749
323267
456570
520364
504936
412636
257515
63189
-140757
-323273
-456574
-520365
-504934
-412631
-257508
-63182
140763
323278
456577
520366
504933
412628
257503
63175
-140771
-323285
-456582
-520368
-504932
-412624
-257497
-63168
140778
323292
456587
520370
504931
412620
257491
63161
-140785
-323297
-456590
-520370
-504928
-412615
-257484
-63153
140792
323303
456593
520370
504925
412609
257476
63144
-140801
-323310
-456598
-520372
-504923
-412603
-257468
-63135
140809
323316
456601
520372
504920
412598
257461
63127
-140817
-323323
-456605
-520373
-504918
-412593
-257454
-63120
140824
323328
456608
520373
504916
412589
257449
63114
-140830
-323334
-456613
-520376
-504915
-412585
-257442
-63106
140838
323340
456616
520375
504911
412579
257435
63098
-140845
-323346
-456620
-520377
-504911
-412576
-257429
-63091
140852
323352
456624
520378
504909
412571
257422
63083
-140860
-323358
-456628
-520380
-504908
-412567
-257416
-63076
140867
323364
456631
520380
504905
412562
257410
63069
-140874
-323369
-456634
-520380
-504902
-412556
-257402
-63060
140882
323376
456638
520381
504899
412550
257394
63051
-140891
-323383
-456643
-520382
-504897
-412545
-257387
-63043
140898
323389
456646
520382
504894
412540
257380
63036
-140905
-323395
-456650
-520384
-504893
-412536
-257374
-63028
140913
323401
456654
520385
504891
412531
257367
63021
-140920
-323407
-456657
-520385
-504888
-412526
-257360
-63013
140927
323412
456660
520385
504885
412521
257354
63006
-140934
-323418
-456664
-520386
-504883
-412515
-257345
-62996
140943
323425
456668
520387
504881
412510
257338
62988
-140951
-323432
-456672
-520388
-504879
-412506
-257332
-62981
140958
323438
456677
520390
504878
412502
257326
62974
-140965
-323444
-456681
-520392
-504877
-412498
-257320
-62967
140973
323451
456686
520394
504876
412494
257313
62958
-140982
-323458
-456690
-520395
-504874
-412489
-257306
-62950
140989
323464
456694
520396
504872
412485
257300
62943
-140996
-323470
-456698
-520397
-504869
-412479
-257292
-62934
141005
323477
456702
520398
504867
412474
257285
62927
-141012
-323483
-456706
-520399
-504865
-412469
-257278
-62919
141019
323488
456709
520399
504862
412464
257272
62912
-141026
-323494
-456712
-520399
-504859
-412458
-257264
-62903
141034
323500
456716
520400
504857
412454
257258
62896
-141041
-323506
-456720
-520402
-504856
-412450
-257251
-62888
141049
323513
456724
520403
504854
412445
257244
62880
-141057
-323519
-456728
-520404
-504852
-412440
-257237
-62872
141065
323526
456732
520404
504849
412434
257229
62863
-141073
-323532
-456736
-520405
-504846
-412429
-257222
-62855
141081
323539
456741
520407
504845
412424
257215
62847
-141089
-323546
-456745
-520408
-504843
-412420
-257209
-62840
141096
323551
456748
520409
504841
412415
257202
62832
-141104
-323558
-456752
-520409
-504838
-412409
-257194
-62823
141112
323564
456756
520410
504836
412404
257187
62815
-141120
-323570
-456759
-520410
-504833
-412399
-257180
-62807
141127
323576
456763
520411
504831
412394
257173
62800
-141134
-323581
-456766
-520411
-504828
-412389
-257167
-62793
141141
323587
456770
520413
504827
412385
257160
62785
-141149
-323594
-456774
-520414
-504825
-412380
-257154
-62778
141156
323599
456777
520414
504822
412375
257147
62770
-141163
-323605
-456781
-520415
-504820
-412370
-257140
-62762
141171
323612
456786
520417
504819
412366
257133
62753
-141180
-323620
-456791
-520419
-504817
-412361
-257126
-62745
141188
323626
456795
520420
504815
412356
257119
62738
-141194
-323631
-456798
-520420
-504812
-412350
-257111
-62729
141203
323638
456801
520420
504809
412344
257103
62720
-141211
-323644
-456805
-520421
-504807
-412340
-257097
-62713
141219
323652
456811
520424
504807
412336
257091
62706
-141226
-323657
-456814
-520425
-504805
-412332
-257085
-62698
141234
323664
456819
520427
504803
412327
257077
62689
-141243
-323671
-456823
-520427
-504800
-412321
-257069
-62680
141251
323678
456827
520428
504798
412316
257062
62673
-141258
-323684
-456831
-520429
-504796
-412311
-257055
-62665
141266
323690
456835
520430
504793
412306
257048
62656
-141274
-323696
-456838
-520430
-504790
-412300
-257041
-62649
141281
323702
456842
520431
504789
412296
257034
62641
-141289
-323709
-456846
-520432
-504786
-412291
-257027
-62633
141296
323714
456849
520432
504784
412286
257021
62626
-141303
-323720
-456853
-520434
-504783
-412282
-257015
-62619
141310
323726
456857
520435
504780
412277
257008
62611
-141318
-323732
-456860
-520435
-504777
-412271
-257000
-62602
141326
323738
456864
520436
504775
412266
256993
62595
-141333
-323744
-456867
-520436
-504772
-412261
-256986
-62587
141340
323750
456871
520437
504770
412256
256979
62579
-141348
-323756
-456874
-520437
-504767
-412250
-256971
-62570
141357
323763
456878
520437
504764
412244
256963
62562
-141364
-323768
-456881
-520437
-504761
-412239
-256957
-62555
141371
323774
456885
520439
504760
412235
256950
62547
-141379
-323781
-456889
-520440
-504757
-412229
-256942
-62538
141387
323787
456893
520440
504754
412223
256934
62529
-141396
-323794
-456897
-520441
-504752
-412218
-256927
-62521
141403
323800
456901
520442
504750
412213
256920
62513
-141411
-323806
-456905
-520443
-504748
-412209
-256914
-62506
141418
323812
456908
520443
504745
412203
256906
62498
-141425
-323817
-456911
-520443
-504742
-412198
-256900
-62491
141432
323823
456915
520445
504741
412194
256894
62483
-141440
-323830
-456920
-520447
-504740
-412190
-256888
-62476
141447
323836
456923
520447
504737
412185
256881
62469
-141453
-323840
-456925
-520447
-504735
-412181
-256875
-62462
141461
323847
456930
520449
504734
412177
256869
62455
-141468
-323853
-456934
-520450
-504732
-412172
-256862
-62447
141475
323859
456938
520452
504731
412168
256856
62439
-141484
-323867
-456943
-520453
-504728
-412162
-256848
-62431
141491
323872
456946
520454
504727
412159
256843
62424
-141499
-323880
-456953
-520458
-504727
-412155
-256835
-62414
141509
323888
456958
520460
504726
412151
256829
62407
-141516
-323894
-456961
-520460
-504723
-412146
-256823
-62400
141523
323900
456965
520461
504721
412141
256816
62392
-141530
-323905
-456968
-520461
-504718
-412135
-256808
-62384
141537
323911
456972
520462
504716
412131
256802
62377
-141544
-323916
-456974
-520462
-504713
-412126
-256796
-62371
141550
323921
456978
520463
504711
412121
256789
62363
-141558
-323928
-456982
-520464
-504710
-412117
-256783
-62355
141566
323934
456986
520465
504707
412112
256776
62347
-141574
-323941
-456990
-520466
-504705
-412107
-256769
-62340
141580
323946
456994
520468
504704
412103
256762
62331
-141589
-323953
-456997
-520467
-504700
-412096
-256754
-62323
141596
323958
457000
520467
504697
412091
256747
62316
-141603
-323964
-457004
-520468
-504695
-412086
-256740
-62307
141611
323970
457007
520469
504693
412082
256734
62301
-141617
-323975
-457011
-520470
-504692
-412078
-256728
-62293
141625
323982
457015
520471
504689
412072
256720
62285
-141633
-323988
-457019
-520472
-504687
-412067
-256713
-62277
141640
323994
457022
520472
504684
412062
256707
62270
-141648
-324001
-457027
-520474
-504683
-412058
-256700
-62261
141657
324008
457032
520476
504681
412052
256692
62252
-141665
-324015
-457036
-520477
-504679
-412048
-256686
-62245
141672
324021
457040
520478
504678
412044
256680
62238
-141679
-324026
-457043
-520479
-504676
-412040
-256674
-62231
141686
324033
457048
520481
504675
412036
256668
62224
-141693
-324039
-457052
-520482
-504673
-412031
-256661
-62216
141701
324045
457056
520484
504672
412027
256654
62208
-141709
-324052
-457061
-520486
-504670
-412022
-256647
-62200
141717
324059
457065
520486
504667
412017
256640
62192
-141724
-324064
-457068
-520487
-504665
-412012
-256634
-62185
141731
324070
457072
520488
504664
412009
256628
62177
-141739
-324077
-457077
-520490
-504663
-412004
-256621
-62169
141747
324084
457081
520491
504661
412000
256615
62162
-141755
-324091
-457086
-520493
-504659
-411995
-256608
-62154
141762
324096
457089
520493
504656
411989
256600
62146
-141770
-324102
-457092
-520494
-504654
-411984
-256593
-62138
141777
324108
457096
520494
504651
411979
256586
62130
-141785
-324114
-457099
-520494
-504648
-411973
-256578
-62121
141793
324121
457104
520496
504647
411969
256572
62114
-141800
-324126
-457107
-520497
-504645
-411965
-256566
-62106
141809
324135
457113
520500
504645
411961
256559
62098
-141817
-324141
-457118
-520502
-504643
-411956
-256552
-62090
141824
324147
457121
520502
504640
411951
256545
62082
-141832
-324153
-457124
-520502
-504637
-411945
-256537
-62074
141840
324160
457129
520503
504635
411940
256530
62065
-141849
-324168
-457134
-520505
-504633
-411935
-256523
-62057
141857
324174
457138
520507
504632
411931
256517
62050
-141864
-324180
-457142
-520508
-504630
-411926
-256510
-62042
141872
324187
457147
520510
504629
411922
256503
62033
-141881
-324195
-457152
-520511
-504627
-411917
-256496
-62025
141889
324201
457156
520512
504624
411911
256488
62017
-141896
-324206
-457158
-520512
-504621
-411906
-256481
-62009
141903
324212
457162
520512
504618
411900
256474
62001
-141911
-324218
-457166
-520514
-504618
-411897
-256468
-61994
141918
324224
457169
520514
504615
411892
256462
61987
-141925
-324230
-457173
-520515
-504612
-411886
-256453
-61977
141934
324237
457177
520515
504609
411880
256445
61969
-141942
-324243
-457181
-520516
-504607
-411875
-256438
-61961
141950
324250
457185
520517
504604
411869
256430
61952
-141958
-324256
-457188
-520517
-504601
-411864
-256423
-61944
141965
324261
457191
520517
504598
411858
256416
61937
-141972
-324267
-457195
-520518
-504597
-411855
-256411
-61930
141979
324273
457199
520520
504595
411850
256404
61922
-141987
-324279
-457202
-520520
-504593
-411845
-256397
-61914
141995
324286
457207
520522
504591
411840
256389
61905
-142004
-324294
-457212
-520523
-504589
-411835
-256382
-61897
142012
324300
457216
520524
504587
411830
256375
61889
-142019
-324306
-457220
-520526
-504585
-411825
-256368
-61881
142027
324312
457223
520526
504583
411821
256363
61875
-142033
-324317
-457226
-520526
-504580
-411816
-256356
-61868
142039
324322
457229
520527
504578
411811
256349
61860
-142047
-324329
-457234
-520529
-504577
-411807
-256343
-61852
142055
324336
457239
520531
504576
411803
256336
61844
-142063
-324342
-457242
-520531
-504573
-411797
-256328
-61835
142072
324349
457247
520532
504570
411792
256321
61828
-142078
-324354
-457250
-520533
-504569
-411788
-256315
-61820
142086
324361
457254
520534
504567
411783
256308
61812
-142094
-324367
-457258
-520535
-504564
-411777
-256301
-61805
142100
324372
457261
520535
504562
411773
256295
61798
-142107
-324378
-457264
-520536
-504560
-411769
-256289
-61791
142114
324383
457267
520536
504557
411763
256282
61783
-142122
-324390
-457272
-520537
-504555
-411758
-256274
-61774
142131
324397
457276
520539
504554
411754
256268
61767
-142137
-324402
-457279
-520539
-504551
-411749
-256262
-61761
142143
324407
457282
520540
504549
411744
256255
61753
-142151
-324413
-457286
-520540
-504546
-411739
-256248
-61745
142158
324418
457288
520540
504543
411733
256240
61737
-142165
-324424
-457292
-520541
-504541
-411729
-256234
-61730
142172
324430
457296
520542
504539
411724
256228
61723
-142179
-324435
-457298
-520541
-504536
-411719
-256221
-61715
142187
324442
457303
520543
504534
411713
256212
61705
-142196
-324449
-457307
-520543
-504531
-411708
-256205
-61697
142204
324455
457310
520543
504528
411702
256197
61688
-142212
-324462
-457315
-520545
-504526
-411697
-256190
-61680
142220
324468
457318
520545
504523
411691
256182
61671
-142229
-324475
-457323
-520547
-504522
-411687
-256176
-61664
142236
324481
457326
520547
504519
411682
256169
61656
-142243
-324487
-457330
-520548
-504517
-411677
-256162
-61648
142251
324494
457335
520550
504515
411672
256155
61640
-142259
-324500
-457338
-520550
-504513
-411668
-256149
-61633
142266
324506
457342
520551
504510
411661
256140
61624
-142274
-324512
-457345
-520551
-504507
-411656
-256133
-61616
142282
324518
457349
520552
504505
411651
256126
61608
-142289
-324524
-457352
-520552
-504502
-411645
-256118
-61599
142298
324531
457357
520554
504500
411640
256111
61591
-142306
-324538
-457362
-520556
-504499
-411636
-256104
-61582
142315
324545
457366
520556
504496
411630
256096
61574
-142322
-324551
-457370
-520557
-504494
-411625
-256089
-61566
142330
324557
457373
520558
504491
411619
256081
61557
-142338
-324563
-457376
-520557
-504487
-411613
-256074
-61550
142345
324569
457380
520558
504485
411608
256067
61542
-142353
-324576
-457384
-520559
-504483
-411604
-256061
-61534
142361
324582
457388
520560
504481
411598
256053
61526
-142368
-324587
-457390
-520559
-504477
-411592
-256045
-61518
142375
324593
457394
520560
504475
411587
256038
61509
-142384
-324600
-457398
-520561
-504472
-411581
-256030
-61501
142392
324606
457401
520561
504469
411576
256023
61492
-142400
-324613
-457406
-520562
-504467
-411571
-256016
-61485
142407
324618
457409
520563
504465
411566
256009
61477
-142414
-324624
-457412
-520563
-504462
-411561
-256003
-61470
142421
324630
457417
520565
504461
411557
255997
61463
-142428
-324636
-457421
-520567
-504460
-411553
-255990
-61455
142436
324643
457425
520568
504458
411548
255983
61447
-142444
-324649
-457429
-520569
-504456
-411544
-255977
-61440
142451
324655
457433
520570
504454
411539
255971
61433
-142458
-324660
-457435
-520569
-504451
-411534
-255964
-61425
142465
324666
457439
520571
504449
411529
255957
61417
-142473
-324673
-457444
-520572
-504447
-411524
-255950
-61409
142481
324679
457447
520572
504444
411519
255943
61402
-142487
-324684
-457450
-520573
-504443
-411515
-255937
-61395
142494
324689
457453
520573
504440
411510
255931
61388
-142501
-324696
-457458
-520575
-504439
-411506
-255925
-61381
142508
324701
457461
520576
504437
411501
255918
61373
-142516
-324708
-457466
-520578
-504436
-411498
-255912
-61366
142523
324714
457469
520578
504433
411492
255905
61358
-142530
-324719
-457472
-520578
-504430
-411487
-255898
-61350
142538
324726
457477
520580
504429
411482
255890
61341
-142547
-324733
-457481
-520581
-504426
-411476
-255882
-61332
142556
324740
457485
520581
504423
411470
255874
61323
-142564
-324746
-457488
-520581
-504420
-411464
-255866
-61315
142571
324751
457491
520581
504417
411459
255859
61307
-142579
-324758
-457495
-520582
-504414
-411453
-255851
-61298
142587
324764
457499
520583
504412
411448
255844
61290
-142595
-324771
-457503
-520583
-504409
-411442
-255836
-61281
142603
324777
457507
520585
504408
411438
255830
61274
-142610
-324783
-457510
-520585
-504405
-411433
-255824
-61267
142617
324789
457514
520586
504402
411427
255815
61257
-142627
-324797
-457519
-520587
-504399
-411420
-255806
-61247
142636
324804
457523
520588
504397
411416
255800
61240
-142643
-324810
-457527
-520589
-504395
-411411
-255793
-61232
142651
324816
457530
520589
504392
411405
255785
61224
-142658
-324822
-457534
-520590
-504390
-411401
-255779
-61217
142665
324828
457538
520591
504389
411397
255773
61210
-142672
-324833
-457541
-520592
-504387
-411393
-255768
-61204
142678
324839
457546
520595
504387
411390
255762
61196
-142686
-324845
-457549
-520595
-504384
-411384
-255754
-61188
142694
324851
457552
520595
504381
411379
255747
61180
-142701
-324857
-457556
-520596
-504379
-411374
-255741
-61173
142708
324863
457560
520597
504377
411370
255735
61166
-142715
-324869
-457564
-520598
-504375
-411365
-255728
-61158
142722
324874
457566
520598
504373
411361
255722
61151
-142729
-324880
-457571
-520600
-504372
-411357
-255716
-61144
142736
324886
457574
520600
504369
411351
255708
61136
-142744
-324892
-457578
-520601
-504367
-411347
-255702
-61129
142750
324897
457581
520601
504364
411341
255695
61121
-142758
-324903
-457584
-520602
-504362
-411337
-255689
-61114
142765
324909
457588
520603
504360
411332
255682
61106
-142773
-324915
-457591
-520603
-504357
-411327
-255675
-61098
142780
324921
457596
520605
504356
411322
255668
61090
-142788
-324928
-457600
-520606
-504354
-411318
-255662
-61083
142796
324935
457605
520609
504354
411315
255656
61076
-142803
-324941
-457610
-520611
-504353
-411311
-255650
-61069
142810
324947
457613
520611
504350
411305
255642
61060
-142819
-324955
-457619
-520614
-504349
-411301
-255636
-61052
142827
324961
457622
520614
504347
411297
255630
61045
-142834
-324967
-457627
-520617
-504346
-411293
-255623
-61037
142842
324975
457632
520618
504344
411288
255616
61029
-142849
-324980
-457635
-520618
-504341
-411282
-255609
-61021
142857
324986
457638
520619
504339
411278
255603
61014
-142864
-324992
-457642
-520620
-504337
-411273
-255596
-61006
142871
324997
457645
520620
504335
411268
255589
60998
-142879
-325004
-457649
-520621
-504332
-411262
-255581
-60990
142887
325010
457653
520622
504330
411257
255574
60981
-142896
-325018
-457658
-520623
-504327
-411251
-255565
-60972
142904
325024
457661
520623
504324
411246
255559
60964
-142912
-325030
-457665
-520624
-504322
-411241
-255552
-60957
142918
325035
457668
520625
504320
411237
255546
60950
-142925
-325041
-457672
-520626
-504319
-411233
-255540
-60943
142932
325047
457675
520626
504316
411227
255532
60934
-142940
-325053
-457679
-520627
-504313
-411221
-255524
-60926
142948
325059
457682
520627
504310
411216
255517
60918
-142955
-325064
-457685
-520627
-504307
-411210
-255510
-60910
142963
325071
457689
520628
504305
411206
255504
60903
-142970
-325077
-457693
-520629
-504303
-411201
-255497
-60896
142976
325081
457695
520628
504300
411196
255491
60889
-142983
-325087
-457699
-520630
-504299
-411192
-255484
-60881
142991
325093
457702
520630
504296
411187
255478
60874
-142998
-325099
-457706
-520631
-504294
-411182
-255471
-60866
143005
325105
457710
520632
504292
411178
255465
60860
-143011
-325110
-457714
-520634
-504292
-411175
-255460
-60853
143019
325117
457718
520635
504289
411169
255451
60843
-143028
-325124
-457722
-520636
-504287
-411164
-255445
-60836
143035
325130
457726
520637
504285
411159
255438
60828
-143042
-325135
-457729
-520637
-504283
-411155
-255432
-60822
143048
325140
457732
520638
504280
411150
255425
60814
-143056
-325147
-457736
-520638
-504277
-411144
-255417
-60805
143064
325152
457738
520637
504274
411139
255411
60799
-143070
-325158
-457743
-520640
-504273
-411135
-255405
-60791
143078
325164
457747
520641
504272
411131
255399
60784
-143085
-325170
-457751
-520643
-504271
-411127
-255392
-60776
143093
325178
457757
520645
504269
411122
255385
60767
-143102
-325185
-457761
-520647
-504268
-411118
-255379
-60760
143109
325190
457764
520647
504266
411114
255373
60753
-143116
-325197
-457769
-520649
-504264
-411109
-255366
-60745
143124
325203
457773
520650
504262
411104
255358
60736
-143132
-325209
-457776
-520650
-504259
-411098
-255351
-60729
143139
325215
457780
520651
504257
411094
255344
60720
-143148
-325223
-457785
-520653
-504255
-411088
-255337
-60712
143156
325229
457788
520653
504252
411083
255330
60705
-143162
-325234
-457791
-520653
-504250
-411078
-255323
-60697
143170
325240
457795
520654
504248
411074
255317
60690
-143177
-325246
-457799
-520656
-504247
-411070
-255311
-60683
143183
325251
457802
520656
504244
411065
255305
60676
-143190
-325257
-457806
-520657
-504242
-411061
-255299
-60669
143197
325262
457809
520658
504240
411055
255291
60661
-143205
-325269
-457813
-520659
-504238
-411051
-255284
-60652
143213
325275
457816
520658
504234
411044
255276
60644
-143220
-325280
-457818
-520657
-504230
-411038
-255268
-60636
143228
325286
457822
520658
504228
411033
255261
60628
-143235
-325292
-457826
-520659
-504226
-411028
-255254
-60620
143243
325299
457830
520660
504224
411024
255249
60614
-143249
-325304
-457834
-520662
-504223
-411020
-255242
-60606
143257
325310
457837
520662
504220
411015
255236
60599
-143264
-325316
-457841
-520663
-504218
-411010
-255228
-60590
143272
325322
457844
520663
504215
411004
255221
60582
-143280
-325329
-457849
-520665
-504214
-411000
-255215
-60575
143287
325334
457852
520665
504211
410995
255208
60567
-143294
-325340
-457855
-520665
-504208
-410990
-255201
-60560
143301
325345
457858
520665
504205
410984
255193
60551
-143309
-325351
-457861
-520666
-504203
-410979
-255187
-60544
143316
325358
457866
520668
504202
410975
255180
60536
-143324
-325364
-457870
-520669
-504200
-410970
-255173
-60528
143332
325370
457873
520669
504197
410964
255165
60519
-143340
-325377
-457878
-520670
-504194
-410958
-255157
-60510
143349
325384
457882
520671
504192
410953
255150
60502
-143357
-325391
-457887
-520673
-504191
-410949
-255144
-60495
143364
325397
457891
520674
504189
410945
255137
60487
-143372
-325404
-457896
-520676
-504187
-410940
-255130
-60478
143381
325411
457899
520676
504184
410934
255122
60470
-143388
-325417
-457903
-520677
-504182
-410929
-255115
-60462
143395
325422
457906
520677
504179
410923
255108
60454
-143403
-325429
-457910
-520678
-504177
-410919
-255102
-60448
143409
325433
457912
520678
504175
410915
255096
60441
-143416
-325439
-457916
-520679
-504172
-410909
-255088
-60432
143424
325445
457919
520679
504169
410903
255080
60423
-143433
-325452
-457923
-520679
-504165
-410896
-255072
-60415
143440
325457
457926
520679
504163
410891
255065
60407
-143448
-325464
-457931
-520681
-504161
-410886
-255057
-60397
143458
325472
457936
520682
504159
410881
255050
60389
-143466
-325479
-457940
-520684
-504157
-410876
-255043
-60381
143473
325485
457944
520684
504154
410870
255035
60373
-143481
-325491
-457947
-520684
-504151
-410865
-255028
-60365
143488
325496
457950
520684
504148
410859
255020
60356
-143496
-325502
-457953
-520684
-504145
-410854
-255013
-60348
143504
325509
457958
520686
504143
410848
255005
60339
-143513
-325516
-457961
-520686
-504140
-410842
-254997
-60331
143520
325521
457964
520685
504136
410836
254990
60323
-143527
-325526
-457966
-520685
-504133
-410831
-254983
-60316
143534
325532
457970
520686
504131
410826
254976
60308
-143542
-325538
-457974
-520687
-504129
-410822
-254970
-60301
143549
325545
457979
520689
504128
410817
254963
60292
-143558
-325552
-457983
-520690
-504126
-410812
-254955
-60283
143566
325558
457987
520690
504122
410806
254948
60276
-143573
-325564
-457990
-520691
-504120
-410801
-254941
-60268
143581
325571
457995
520693
504119
410797
254934
60259
-143590
-325578
-457999
-520694
-504117
-410792
-254927
-60251
143598
325585
458004
520696
504116
410788
254921
60244
-143605
-325591
-458008
-520697
-504113
-410782
-254913
-60235
143614
325598
458012
520698
504111
410777
254906
60227
-143621
-325604
-458016
-520699
-504109
-410772
-254898
-60218
143630
325611
458020
520699
504106
410767
254891
60210
-143637
-325617
-458024
-520700
-504104
-410761
-254883
-60201
143646
325624
458028
520701
504101
410756
254876
60193
-143654
-325630
-458032
-520702
-504099
-410751
-254869
-60185
143662
325637
458036
520703
504097
410746
254862
60177
-143670
-325644
-458041
-520704
-504094
-410739
-254853
-60167
143679
325651
458045
520705
504092
410735
254846
60159
-143687
-325658
-458050
-520707
-504090
-410729
-254838
-60150
143695
325664
458053
520707
504087
410724
254831
60142
-143703
-325670
-458057
-520708
-504085
-410719
-254824
-60134
143711
325677
458061
520709
504083
410714
254817
60126
-143719
-325683
-458065
-520710
-504080
-410708
-254809
-60117
143727
325690
458069
520710
504077
410702
254801
60108
-143736
-325697
-458073
-520711
-504075
-410698
-254795
-60101
143742
325702
458076
520712
504073
410693
254788
60094
-143749
-325708
-458080
-520713
-504071
-410688
-254781
-60086
143757
325714
458084
520714
504070
410685
254776
60080
-143763
-325719
-458087
-520714
-504067
-410680
-254770
-60073
143770
325725
458091
520716
504066
410675
254762
60064
-143779
-325732
-458095
-520717
-504063
-410669
-254754
-60054
143788
325739
458099
520717
504060
410664
254747
60047
-143795
-325745
-458103
-520718
-504058
-410659
-254740
-60039
143802
325751
458107
520720
504057
410655
254734
60032
-143809
-325757
-458110
-520719
-504053
-410649
-254727
-60024
143817
325763
458114
520720
504051
410644
254719
60015
-143826
-325770
-458118
-520721
-504049
-410639
-254712
-60007
143833
325776
458122
520722
504046
410633
254704
59999
-143841
-325782
-458126
-520723
-504044
-410628
-254697
-59991
143848
325787
458128
520722
504040
410622
254689
59982
-143857
-325795
-458133
-520724
-504039
-410618
-254683
-59975
143864
325801
458137
520725
504037
410613
254677
59968
-143871
-325806
-458140
-520726
-504035
-410609
-254671
-59961
143878
325812
458144
520727
504033
410604
254664
59953
-143885
-325818
-458148
-520729
-504033
-410601
-254659
-59947
143891
325823
458151
520729
504030
410596
254652
59939
-143899
-325829
-458154
-520729
-504027
-410590
-254644
-59930
143908
325837
458160
520731
504025
410585
254636
59921
-143917
-325844
-458164
-520732
-504022
-410578
-254627
-59911
143926
325851
458168
520733
504020
410574
254621
59904
-143933
-325858
-458173
-520735
-504019
-410570
-254615
-59897
143940
325863
458176
520736
504017
410566
254609
59890
-143947
-325869
-458180
-520737
-504016
-410562
-254603
-59883
143954
325875
458184
520738
504014
410557
254596
59875
-143961
-325880
-458187
-520738
-504010
-410551
-254588
-59866
143970
325888
458191
520738
504007
410545
254580
59857
-143978
-325894
-458195
-520739
-504004
-410539
-254572
-59848
143987
325901
458199
520740
504002
410534
254565
59841
-143994
-325907
-458203
-520741
-504000
-410529
-254558
-59833
144001
325912
458206
520741
503997
410524
254552
59826
-144008
-325918
-458210
-520743
-503996
-410520
-254545
-59818
144016
325925
458214
520743
503993
410514
254538
59810
-144023
-325930
-458217
-520744
-503992
-410511
-254532
-59803
144031
325937
458222
520746
503990
410506
254525
59795
-144038
-325943
-458225
-520746
-503988
-410501
-254519
-59788
144045
325948
458228
520746
503985
410496
254512
59781
-144052
-325954
-458231
-520746
-503981
-410489
-254503
-59771
144061
325961
458236
520748
503980
410485
254497
59764
-144068
-325967
-458240
-520749
-503978
-410481
-254491
-59756
144076
325974
458245
520751
503977
410476
254483
59747
-144085
-325981
-458249
-520752
-503975
-410471
-254476
-59739
144093
325987
458253
520753
503972
410466
254469
59731
-144100
-325993
-458256
-520753
-503970
-410461
-254463
-59724
144107
325999
458260
520754
503968
410456
254456
59717
-144114
-326005
-458264
-520756
-503966
-410451
-254448
-59708
144123
326012
458268
520757
503964
410447
254442
59700
-144131
-326019
-458273
-520758
-503962
-410441
-254434
-59691
144139
326025
458276
520758
503959
410436
254427
59683
-144147
-326031
-458279
-520758
-503956
-410430
-254419
-59675
144154
326037
458284
520760
503955
410427
254414
59669
-144160
-326042
-458287
-520761
-503953
-410422
-254407
-59661
144168
326049
458291
520762
503951
410417
254400
59653
-144176
-326055
-458295
-520763
-503948
-410411
-254392
-59644
144184
326061
458298
520763
503945
410405
254384
59635
-144193
-326068
-458302
-520763
-503942
-410400
-254377
-59628
144199
326073
458305
520763
503939
410394
254370
59620
-144207
-326080
-458309
-520764
-503937
-410390
-254364
-59613
144214
326085
458312
520765
503935
410385
254357
59605
-144222
-326092
-458317
-520767
-503934
-410381
-254351
-59598
144228
326097
458320
520768
503932
410377
254345
59591
-144235
-326103
-458324
-520768
-503929
-410371
-254337
-59582
144244
326110
458328
520769
503927
410366
254330
59574
-144251
-326115
-458331
-520770
-503925
-410362
-254324
-59567
144258
326121
458335
520771
503923
410357
254317
59559
-144266
-326128
-458339
-520772
-503921
-410352
-254310
-59552
144273
326133
458342
520772
503918
410347
254304
59545
-144279
-326138
-458345
-520773
-503917
-410343
-254297
-59537
144287
326145
458350
520775
503916
410339
254291
59529
-144295
-326152
-458354
-520775
-503912
-410333
-254283
-59521
144303
326158
458358
520776
503910
410327
254275
59512
-144312
-326165
-458362
-520777
-503907
-410321
-254267
-59503
144320
326172
458366
520778
503905
410317
254261
59496
-144327
-326177
-458369
-520778
-503903
-410312
-254254
-59488
144334
326182
458372
520778
503899
410306
254247
59480
-144342
-326189
-458376
-520779
-503897
-410301
-254240
-59473
144349
326195
458380
520780
503895
410296
254233
59465
-144356
-326200
-458383
-520780
-503893
-410292
-254227
-59458
144363
326206
458387
520781
503890
410286
254219
59449
-144371
-326212
-458390
-520781
-503887
-410280
-254211
-59440
144380
326219
458393
520780
503883
410274
254203
59432
-144387
-326225
-458397
-520782
-503882
-410270
-254197
-59425
144394
326230
458400
520782
503879
410264
254190
59418
-144400
-326235
-458403
-520783
-503878
-410261
-254185
-59411
144408
326242
458408
520785
503876
410256
254178
59403
-144416
-326248
-458412
-520786
-503874
-410251
-254171
-59395
144423
326254
458415
520786
503871
410246
254164
59387
-144431
-326261
-458420
-520788
-503870
-410242
-254158
-59380
144438
326266
458423
520788
503867
410236
254150
59372
-144445
-326272
-458426
-520788
-503864
-410231
-254143
-59364
144453
326278
458430
520789
503862
410226
254136
59356
-144461
-326284
-458433
-520789
-503859
-410220
-254128
-59347
144469
326291
458437
520790
503856
410214
254120
59339
-144476
-326296
-458440
-520790
-503854
-410210
-254114
-59331
144484
326303
458445
520792
503852
410205
254107
59323
-144492
-326310
-458450
-520794
-503851
-410201
-254101
-59316
144500
326317
458455
520796
503850
410197
254095
59309
-144506
-326321
-458456
-520795
-503847
-410192
-254088
-59301
144514
326328
458461
520797
503846
410188
254082
59294
-144521
-326334
-458465
-520798
-503843
-410182
-254074
-59285
144530
326341
458469
520798
503840
410176
254066
59276
-144538
-326347
-458472
-520798
-503837
-410171
-254059
-59269
144545
326353
458476
520800
503836
410167
254053
59261
-144553
-326360
-458481
-520802
-503835
-410162
-254045
-59252
144562
326367
458485
520802
503831
410156
254037
59243
-144570
-326374
-458490
-520804
-503830
-410151
-254030
-59235
144578
326380
458493
520804
503827
410146
254023
59228
-144585
-326385
-458496
-520804
-503824
-410140
-254016
-59220
144592
326391
458500
520806
503823
410137
254011
59213
-144600
-326399
-458506
-520809
-503822
-410132
-254003
-59204
144609
326406
458510
520809
503819
410126
253995
59195
-144617
-326412
-458513
-520809
-503816
-410121
-253988
-59187
144625
326419
458518
520811
503815
410117
253982
59180
-144632
-326425
-458522
-520813
-503814
-410113
-253976
-59173
144639
326430
458525
520813
503812
410109
253970
59166
-144646
-326437
-458530
-520816
-503811
-410105
-253964
-59159
144653
326443
458534
520817
503809
410100
253957
59151
-144661
-326449
-458538
-520818
-503807
-410095
-253949
-59142
144669
326455
458541
520818
503804
410090
253942
59134
-144677
-326462
-458546
-520820
-503803
-410085
-253935
-59125
144686
326470
458551
520821
503800
410079
253927
59116
-144695
-326477
-458555
-520822
-503798
-410074
-253919
-59107
144704
326485
458561
520824
503796
410069
253912
59099
-144711
-326490
-458563
-520824
-503793
-410064
-253906
-59092
144718
326496
458568
520826
503793
410061
253900
59085
-144725
-326502
-458572
-520828
-503791
-410056
-253893
-59077
144733
326509
458576
520829
503790
410053
253888
59070
-144741
-326516
-458581
-520831
-503789
-410048
-253881
-59062
144749
326523
458586
520833
503787
410043
253873
59053
-144758
-326530
-458591
-520835
-503786
-410039
-253867
-59046
144765
326536
458594
520835
503783
410034
253860
59038
-144772
-326542
-458598
-520836
-503781
-410029
-253853
-59030
144780
326548
458602
520837
503779
410024
253846
59022
-144787
-326554
-458605
-520837
-503775
-410018
-253838
-59014
144795
326560
458609
520838
503773
410013
253832
59006
-144803
-326566
-458612
-520838
-503771
-410008
-253825
-58999
144809
326571
458615
520839
503769
410004
253819
58992
-144816
-326577
-458619
-520840
-503767
-409999
-253812
-58984
144824
326583
458623
520841
503765
409994
253805
58976
-144831
-326589
-458626
-520841
-503762
-409989
-253798
-58968
144840
326597
458632
520844
503761
409985
253791
58960
-144848
-326604
-458637
-520846
-503760
-409980
-253784
-58951
144857
326611
458641
520846
503756
409973
253775
58942
-144865
-326617
-458644
-520846
-503753
-409968
-253768
-58934
144872
326623
458647
520846
503750
409962
253761
58926
-144880
-326629
-458651
-520846
-503747
-409956
-253752
-58916
144889
326636
458655
520847
503745
409951
253745
58909
-144896
-326641
-458658
-520848
-503742
-409946
-253738
-58901
144903
326647
458661
520848
503740
409941
253731
58893
-144911
-326653
-458665
-520849
-503738
-409936
-253724
-58885
144919
326660
458670
520851
503736
409931
253717
58877
-144927
-326667
-458674
-520852
-503734
-409926
-253710
-58869
144935
326673
458678
520853
503732
409922
253704
58862
-144942
-326679
-458682
-520854
-503730
-409917
-253697
-58854
144949
326685
458685
520854
503727
409912
253691
58847
-144956
-326691
-458689
-520856
-503726
-409908
-253684
-58839
144964
326697
458693
520857
503724
409903
253678
58832
-144970
-326702
-458696
-520857
-503722
-409899
-253672
-58825
144977
326708
458700
520858
503719
409893
253664
58817
-144985
-326714
-458703
-520858
-503716
-409887
-253656
-58808
144993
326720
458707
520859
503714
409883
253650
58801
-145000
-326726
-458710
-520859
-503711
-409877
-253642
-58792
145009
326733
458715
520861
503709
409872
253635
58784
-145017
-326740
-458719
-520862
-503708
-409868
-253629
-58777
145024
326746
458723
520863
503706
409863
253622
58769
-145032
-326752
-458727
-520864
-503704
-409859
-253616
-58762
145039
326758
458731
520866
503703
409855
253610
58754
-145047
-326765
-458736
-520867
-503701
-409850
-253603
-58747
145053
326770
458739
520868
503699
409845
253596
58738
-145062
-326777
-458743
-520869
-503697
-409841
-253589
-58730
145070
326784
458748
520871
503695
409835
253581
58722
-145077
-326789
-458750
-520870
-503692
-409830
-253575
-58715
145084
326795
458754
520871
503689
409824
253567
58706
-145092
-326801
-458757
-520871
-503686
-409819
-253560
-58699
145099
326807
458761
520872
503684
409814
253553
58690
-145108
-326814
-458765
-520873
-503682
-409809
-253546
-58682
145116
326821
458770
520875
503680
409804
253539
58674
-145123
-326827
-458774
-520876
-503678
-409799
-253532
-58666
145131
326833
458777
520875
503674
409793
253524
58657
-145140
-326840
-458781
-520877
-503673
-409789
-253518
-58651
145146
326845
458785
520878
503672
409786
253513
58645
-145152
-326850
-458788
-520879
-503670
-409781
-253506
-58637
145159
326856
458792
520880
503668
409776
253499
58629
-145167
-326862
-458795
-520880
-503665
-409771
-253492
-58621
145174
326868
458799
520881
503663
409766
253485
58613
-145182
-326874
-458802
-520881
-503660
-409760
-253477
-58605
145190
326880
458805
520881
503656
409754
253470
58596
-145198
-326887
-458810
-520882
-503654
-409748
-253462
-58588
145205
326892
458812
520882
503652
409744
253456
58581
-145212
-326898
-458816
-520883
-503649
-409739
-253449
-58574
145219
326904
458820
520884
503647
409734
253442
58565
-145228
-326911
-458824
-520885
-503645
-409729
-253435
-58558
145234
326915
458826
520884
503641
409723
253428
58550
-145242
-326922
-458830
-520885
-503639
-409718
-253421
-58542
145249
326927
458833
520885
503636
409712
253413
58534
-145256
-326932
-458836
-520885
-503633
-409707
-253407
-58527
145263
326938
458839
520885
503631
409703
253401
58520
-145270
-326944
-458843
-520886
-503628
-409697
-253392
-58510
145280
326952
458848
520888
503627
409693
253386
58503
-145287
-326958
-458853
-520891
-503627
-409690
-253381
-58496
145294
326965
458858
520893
503626
409686
253375
58489
-145301
-326970
-458860
-520892
-503623
-409681
-253368
-58482
145308
326976
458864
520894
503621
409676
253361
58474
-145316
-326982
-458868
-520895
-503619
-409671
-253354
-58466
145323
326988
458871
520895
503617
409667
253348
58458
-145331
-326995
-458876
-520897
-503615
-409661
-253339
-58449
145340
327002
458881
520899
503614
409657
253333
58441
-145348
-327009
-458886
-520901
-503613
-409654
-253328
-58435
145355
327015
458890
520902
503611
409649
253321
58427
-145362
-327021
-458893
-520902
-503608
-409643
-253313
-58418
145370
327027
458897
520903
503605
409637
253305
58410
-145378
-327033
-458900
-520903
-503602
-409632
-253298
-58402
145385
327038
458902
520902
503598
409625
253290
58393
-145393
-327044
-458905
-520901
-503594
-409619
-253283
-58386
145400
327049
458908
520901
503591
409614
253276
58379
-145406
-327054
-458910
-520901
-503589
-409609
-253269
-58371
145414
327060
458914
520902
503586
409604
253263
58364
-145421
-327066
-458918
-520903
-503585
-409600
-253256
-58356
145428
327072
458922
520904
503583
409595
253249
58348
-145436
-327078
-458925
-520904
-503579
-409588
-253240
-58338
145445
327085
458929
520904
503576
409582
253232
58329
-145454
-327093
-458934
-520906
-503574
-409577
-253225
-58321
145462
327099
458938
520907
503572
409572
253218
58313
-145470
-327106
-458942
-520908
-503570
-409567
-253211
-58305
145477
327111
458945
520908
503567
409562
253204
58298
-145484
-327117
-458949
-520910
-503566
-409558
-253198
-58291
145491
327123
458953
520911
503564
409553
253191
58283
-145498
-327128
-458955
-520910
-503561
-409548
-253185
-58276
145505
327133
458958
520910
503557
409542
253177
58268
-145512
-327139
-458961
-520910
-503554
-409536
-253169
-58259
145520
327145
458965
520911
503553
409532
253163
58252
-145527
-327151
-458969
-520912
-503550
-409527
-253156
-58244
145535
327158
458973
520913
503548
409522
253149
58236
-145543
-327164
-458977
-520914
-503545
-409516
-253141
-58227
145551
327170
458980
520914
503543
409511
253134
58220
-145558
-327176
-458984
-520915
-503541
-409506
-253127
-58211
145567
327183
458988
520916
503538
409501
253120
58204
-145573
-327188
-458991
-520916
-503536
-409497
-253115
-58198
145579
327193
458995
520918
503535
409493
253109
58191
-145586
-327199
-458999
-520920
-503535
-409490
-253103
-58183
145594
327206
459003
520921
503533
409485
253096
58175
-145602
-327213
-459008
-520923
-503531
-409480
-253089
-58167
145610
327220
459013
520924
503529
409476
253083
58160
-145617
-327225
-459016
-520925
-503528
-409472
-253077
-58153
145624
327231
459019
520925
503524
409466
253070
58146
-145630
-327235
-459021
-520925
-503522
-409462
-253064
-58139
145637
327241
459025
520926
503520
409456
253056
58130
-145646
-327248
-459029
-520927
-503517
-409451
-253049
-58122
145654
327255
459034
520928
503515
409446
253041
58113
-145663
-327263
-459039
-520930
-503513
-409440
-253033
-58104
145671
327269
459042
520930
503510
409434
253025
58095
-145680
-327276
-459047
-520932
-503508
-409429
-253018
-58087
145688
327283
459052
520933
503506
409424
253011
58079
-145695
-327288
-459054
-520932
-503502
-409418
-253003
-58070
145704
327295
459058
520933
503500
409413
252996
58062
-145712
-327302
-459063
-520935
-503499
-409409
-252990
-58055
145719
327308
459067
520936
503497
409404
252983
58047
-145727
-327315
-459071
-520938
-503496
-409400
-252976
-58038
145735
327321
459075
520938
503493
409395
252969
58031
-145742
-327327
-459079
-520940
-503491
-409390
-252962
-58023
145750
327334
459083
520941
503489
409385
252955
58014
-145759
-327341
-459088
-520942
-503487
-409380
-252948
-58006
145767
327348
459093
520944
503486
409376
252942
57999
-145774
-327354
-459097
-520946
-503485
-409372
-252935
-57990
145783
327362
459102
520947
503482
409366
252927
57982
-145790
-327367
-459105
-520947
-503479
-409360
-252919
-57973
145799
327374
459109
520948
503476
409354
252911
57964
-145808
-327381
-459113
-520949
-503474
-409349
-252904
-57956
145815
327387
459117
520950
503472
409344
252897
57948
-145823
-327393
-459120
-520949
-503468
-409338
-252889
-57940
145830
327399
459124
520951
503467
409334
252883
57932
-145838
-327406
-459129
-520953
-503466
-409330
-252877
-57925
145845
327412
459133
520954
503464
409325
252870
57918
-145852
-327417
-459136
-520955
-503462
-409321
-252864
-57910
145860
327424
459140
520956
503460
409316
252857
57903
-145867
-327429
-459143
-520956
-503457
-409311
-252850
-57895
145875
327436
459148
520958
503456
409306
252842
57885
-145885
-327445
-459154
-520960
-503454
-409301
-252835
-57877
145893
327452
459158
520961
503452
409296
252828
57869
-145900
-327457
-459161
-520961
-503448
-409289
-252819
-57859
145910
327465
459166
520962
503446
409284
252811
57850
-145918
-327471
-459169
-520962
-503443
-409278
-252804
-57842
145926
327478
459174
520964
503441
409273
252796
57833
-145935
-327485
-459178
-520965
-503439
-409268
-252790
-57826
145941
327490
459181
520965
503436
409263
252783
57819
-145948
-327496
-459185
-520966
-503434
-409258
-252776
-57811
145956
327502
459188
520966
503431
409253
252769
57803
-145963
-327508
-459192
-520967
-503429
-409248
-252762
-57795
145971
327514
459196
520969
503428
409244
252755
57786
-145980
-327522
-459201
-520970
-503426
-409239
-252749
-57779
145987
327527
459204
520971
503424
409234
252742
57771
-145995
-327534
-459208
-520972
-503422
-409230
-252736
-57765
146001
327539
459212
520974
503421
409226
252730
57757
-146009
-327546
-459217
-520975
-503419
-409222
-252724
-57751
146014
327550
459219
520976
503418
409218
252718
57743
-146022
-327557
-459224
-520977
-503416
-409213
-252711
-57736
146029
327563
459228
520979
503415
409209
252704
57727
-146038
-327570
-459232
-520980
-503413
-409205
-252699
-57721
146045
327577
459237
520982
503412
409201
252692
57713
-146053
-327583
-459241
-520983
-503410
-409197
-252686
-57706
146060
327589
459246
520986
503409
409192
252679
57697
-146068
-327596
-459250
-520987
-503407
-409187
-252672
-57689
146076
327603
459254
520988
503405
409183
252666
57682
-146084
-327610
-459260
-520991
-503405
-409179
-252659
-57673
146093
327617
459264
520992
503403
409174
252652
57665
-146101
-327624
-459269
-520994
-503401
-409169
-252644
-57656
146109
327630
459273
520995
503399
409165
252639
57650
-146115
-327635
-459276
-520995
-503397
-409161
-252633
-57644
146121
327641
459280
520997
503396
409157
252627
57636
-146130
-327649
-459286
-521000
-503396
-409154
-252621
-57628
146138
327656
459290
521001
503394
409149
252614
57620
-146146
-327662
-459294
-521003
-503393
-409145
-252608
-57614
146152
327667
459297
521003
503390
409140
252602
57607
-146158
-327672
-459300
-521003
-503388
-409136
-252596
-57600
146165
327678
459305
521006
503388
409133
252590
57592
-146173
-327685
-459309
-521007
-503386
-409128
-252583
-57585
146180
327691
459313
521008
503384
409123
252576
57576
-146189
-327698
-459317
-521009
-503381
-409118
-252569
-57569
146196
327703
459320
521009
503378
409112
252562
57561
-146203
-327708
-459322
-521008
-503375
-409107
-252556
-57555
146208
327712
459325
521009
503373
409103
252550
57548
-146215
-327718
-459329
-521010
-503371
-409098
-252543
-57540
146223
327725
459333
521011
503369
409093
252535
57531
-146232
-327732
-459338
-521013
-503368
-409089
-252529
-57524
146239
327738
459341
521013
503365
409083
252521
57515
-146247
-327744
-459344
-521013
-503362
-409078
-252515
-57508
146254
327750
459349
521015
503361
409074
252508
57500
-146262
-327757
-459353
-521016
-503359
-409069
-252501
-57492
146269
327762
459356
521016
503356
409063
252494
57484
-146277
-327768
-459359
-521016
-503353
-409058
-252487
-57477
146284
327774
459363
521018
503352
409054
252481
57469
-146292
-327781
-459368
-521020
-503350
-409049
-252473
-57460
146301
327789
459373
521021
503348
409044
252466
57452
-146309
-327796
-459378
-521024
-503348
-409041
-252460
-57444
146317
327803
459383
521026
503346
409036
252453
57436
-146325
-327810
-459388
-521028
-503345
-409032
-252447
-57429
146332
327815
459391
521028
503343
409027
252440
57421
-146340
-327822
-459396
-521030
-503341
-409023
-252434
-57414
146347
327828
459399
521031
503340
409019
252428
57407
-146354
-327833
-459402
-521031
-503337
-409014
-252421
-57399
146361
327839
459406
521032
503334
409008
252413
57390
-146370
-327846
-459410
-521032
-503331
-409002
-252405
-57382
146377
327851
459412
521031
503327
408996
252398
57375
-146383
-327856
-459415
-521031
-503325
-408991
-252391
-57366
146392
327863
459419
521032
503322
408985
252383
57358
-146399
-327868
-459422
-521033
-503320
-408981
-252377
-57351
146406
327874
459426
521033
503317
408975
252370
57344
-146413
-327879
-459428
-521033
-503314
-408970
-252363
-57336
146420
327885
459432
521034
503313
408966
252357
57329
-146427
-327891
-459436
-521035
-503311
-408961
-252350
-57321
146435
327898
459441
521037
503309
408956
252343
57313
-146443
-327904
-459445
-521039
-503309
-408954
-252339
-57307
146449
327910
459449
521040
503307
408949
252331
57298
-146458
-327917
-459454
-521042
-503306
-408945
-252326
-57292
146464
327922
459456
521042
503303
408940
252319
57285
-146471
-327928
-459460
-521043
-503301
-408935
-252312
-57277
146478
327933
459463
521043
503298
408930
252306
57270
-146485
-327939
-459466
-521043
-503295
-408924
-252298
-57261
146493
327945
459470
521044
503293
408920
252292
57254
-146500
-327951
-459474
-521045
-503291
-408915
-252285
-57246
146508
327957
459477
521045
503288
408909
252277
57238
-146515
-327962
-459480
-521045
-503285
-408904
-252270
-57230
146523
327968
459483
521045
503282
408898
252262
57221
-146531
-327975
-459487
-521046
-503279
-408892
-252254
-57212
146540
327982
459491
521047
503277
408887
252247
57205
-146546
-327987
-459494
-521046
-503273
-408881
-252240
-57197
146554
327993
459497
521046
503270
408875
252232
57188
-146562
-327999
-459501
-521048
-503269
-408871
-252226
-57181
146569
328005
459505
521048
503266
408865
252218
57172
-146578
-328012
-459509
-521049
-503264
-408861
-252212
-57165
146585
328018
459513
521051
503263
408857
252205
57157
-146593
-328025
-459518
-521053
-503261
-408851
-252197
-57148
146602
328033
459523
521054
503259
408846
252189
57138
-146611
-328040
-459528
-521056
-503257
-408841
-252182
-57130
146619
328047
459532
521057
503255
408837
252176
57123
-146626
-328052
-459535
-521057
-503252
-408831
-252168
-57115
146634
328059
459539
521058
503250
408826
252161
57106
-146643
-328066
-459543
-521058
-503246
-408819
-252152
-57097
146650
328071
459546
521058
503243
408813
252144
57088
-146659
-328078
-459550
-521059
-503241
-408808
-252137
-57080
146667
328085
459554
521060
503238
408802
252129
57072
-146674
-328090
-459557
-521060
-503235
-408797
-252123
-57065
146681
328096
459561
521061
503234
408793
252116
57057
-146689
-328103
-459566
-521063
-503232
-408788
-252109
-57048
146698
328110
459570
521064
503230
408783
252102
57040
-146706
-328117
-459575
-521066
-503228
-408778
-252094
-57031
146714
328123
459578
521066
503226
408773
252088
57024
-146721
-328129
-459582
-521067
-503224
-408769
-252081
-57016
146729
328136
459587
521069
503222
408764
252075
57009
-146736
-328142
-459591
-521070
-503221
-408760
-252069
-57002
146743
328147
459594
521071
503219
408755
252062
56994
-146751
-328154
-459598
-521072
-503216
-408750
-252055
-56986
146758
328160
459602
521073
503214
408745
252048
56978
-146766
-328166
-459605
-521073
-503211
-408739
-252040
-56969
146775
328173
459609
521074
503209
408735
252034
56963
-146781
-328178
-459613
-521075
-503208
-408731
-252028
-56955
146789
328185
459618
521077
503206
408726
252021
56947
-146797
-328192
-459622
-521078
-503204
-408721
-252013
-56938
146805
328198
459626
521079
503202
408716
252006
56930
-146813
-328205
-459630
-521080
-503199
-408710
-251999
-56923
146819
328209
459632
521080
503198
408708
251995
56917
-146826
-328216
-459637
-521082
-503196
-408703
-251988
-56910
146832
328220
459639
521082
503194
408699
251983
56904
-146838
-328225
-459642
-521082
-503191
-408693
-251975
-56896
146845
328230
459645
521082
503189
408689
251969
56889
-146852
-328236
-459649
-521084
-503187
-408684
-251962
-56881
146860
328243
459653
521084
503184
408678
251954
56872
-146868
-328249
-459657
-521085
-503182
-408674
-251948
-56865
146875
328255
459661
521087
503181
408670
251942
56858
-146882
-328261
-459664
-521087
-503178
-408664
-251934
-56849
146890
328266
459666
521085
503173
408657
251926
56841
-146897
-328271
-459668
-521084
-503169
-408650
-251918
-56833
146904
328276
459671
521084
503166
408645
251911
56825
-146912
-328283
-459675
-521085
-503164
-408640
-251904
-56817
146920
328289
459678
521085
503161
408634
251896
56809
-146927
-328295
-459682
-521086
-503159
-408629
-251889
-56800
146936
328302
459686
521087
503156
408623
251880
56791
-146944
-328308
-459690
-521088
-503154
-408619
-251874
-56784
146951
328314
459694
521089
503152
408614
251868
56777
-146958
-328320
-459698
-521090
-503150
-408610
-251862
-56770
146965
328326
459702
521091
503148
408604
251854
56761
-146974
-328333
-459705
-521091
-503145
-408599
-251847
-56753
146981
328339
459710
521093
503144
408595
251840
56744
-146991
-328347
-459715
-521095
-503142
-408590
-251833
-56736
146998
328353
459718
521095
503139
408584
251825
56728
-147005
-328358
-459721
-521095
-503136
-408578
-251818
-56720
147013
328364
459724
521095
503133
408573
251811
56713
-147019
-328369
-459727
-521095
-503131
-408569
-251805
-56706
147026
328375
459731
521097
503129
408564
251798
56698
-147034
-328381
-459735
-521097
-503126
-408558
-251790
-56689
147042
328387
459738
521097
503123
408552
251782
56680
-147051
-328395
-459743
-521098
-503120
-408546
-251774
-56671
147059
328401
459746
521098
503117
408541
251767
56664
-147066
-328406
-459749
-521099
-503115
-408536
-251760
-56655
147075
328414
459755
521101
503114
408532
251754
56648
-147082
-328420
-459758
-521101
-503111
-408526
-251746
-56640
147089
328425
459761
521102
503109
408521
251739
56632
-147097
-328432
-459765
-521103
-503107
-408517
-251733
-56625
147104
328438
459770
521105
503106
408513
251727
56617
-147112
-328444
-459773
-521105
-503103
-408508
-251720
-56610
147119
328450
459777
521107
503102
408503
251713
56601
-147128
-328458
-459782
-521108
-503099
-408497
-251705
-56593
147135
328463
459785
521108
503096
408492
251698
56585
-147142
-328468
-459787
-521107
-503093
-408487
-251692
-56579
147148
328473
459790
521108
503091
408483
251686
56572
-147154
-328477
-459792
-521107
-503088
-408477
-251679
-56564
147162
328484
459796
521108
503085
408472
251672
56557
-147169
-328490
-459800
-521109
-503083
-408467
-251665
-56549
147176
328495
459803
521110
503082
408463
251659
56542
-147184
-328502
-459808
-521112
-503080
-408458
-251651
-56532
147193
328509
459812
521112
503077
408452
251644
56525
-147200
-328515
-459816
-521113
-503075
-408448
-251638
-56517
147208
328522
459820
521114
503072
408441
251628
56507
-147217
-328529
-459825
-521116
-503071
-408437
-251622
-56500
147224
328534
459828
521116
503068
408432
251616
56493
-147231
-328540
-459831
-521116
-503065
-408427
-251609
-56485
147238
328545
459833
521115
503061
408420
251600
56476
-147246
-328551
-459836
-521115
-503058
-408415
-251594
-56469
147253
328556
459839
521115
503055
408409
251586
56461
-147260
-328561
-459841
-521114
-503051
-408402
-251578
-56453
147267
328566
459844
521114
503048
408397
251571
56445
-147275
-328573
-459849
-521116
-503047
-408393
-251565
-56438
147281
328578
459852
521117
503046
408390
251559
56430
-147290
-328586
-459857
-521118
-503043
-408384
-251551
-56422
147297
328591
459860
521119
503041
408379
251545
56415
-147304
-328597
-459863
-521119
-503038
-408373
-251537
-56406
147312
328603
459867
521119
503035
408368
251530
56398
-147320
-328610
-459871
-521120
-503033
-408363
-251523
-56390
147328
328616
459875
521122
503032
408359
251516
56382
-147336
-328623
-459880
-521123
-503029
-408353
-251509
-56374
147343
328628
459882
521122
503025
408346
251500
56365
-147351
-328634
-459885
-521122
-503022
-408341
-251493
-56357
147359
328641
459889
521123
503020
408336
251485
56348
-147368
-328648
-459894
-521125
-503018
-408330
-251477
-56339
147376
328654
459897
521124
503014
408324
251470
56332
-147383
-328660
-459901
-521126
-503013
-408320
-251464
-56324
147391
328667
459906
521128
503012
408316
251457
56316
-147399
-328673
-459910
-521129
-503010
-408312
-251451
-56309
147406
328680
459915
521131
503009
408308
251445
56301
-147414
-328687
-459919
-521132
-503007
-408303
-251438
-56293
147422
328694
459924
521135
503007
408300
251432
56285
-147430
-328700
-459928
-521136
-503005
-408295
-251425
-56277
147438
328707
459933
521137
503002
408289
251417
56268
-147447
-328714
-459937
-521139
-503001
-408285
-251411
-56262
147453
328719
459940
521139
502998
408280
251404
56254
-147460
-328725
-459944
-521140
-502996
-408275
-251397
-56246
147468
328732
459949
521142
502995
408271
251391
56239
-147475
-328737
-459951
-521141
-502992
-408266
-251385
-56232
147482
328743
459955
521143
502991
408262
251378
56224
-147490
-328750
-459960
-521145
-502989
-408257
-251371
-56215
147499
328757
459964
521145
502986
408251
251363
56207
-147506
-328762
-459967
-521145
-502983
-408246
-251356
-56199
147514
328769
459971
521146
502981
408241
251349
56191
-147521
-328774
-459974
-521146
-502978
-408235
-251342
-56184
147528
328779
459976
521145
502974
408229
251334
56175
-147536
-328786
-459981
-521147
-502972
-408224
-251327
-56167
147544
328792
459984
521147
502970
408219
251320
56159
-147551
-328798
-459988
-521148
-502967
-408214
-251313
-56152
147558
328804
459992
521149
502965
408209
251306
56144
-147566
-328810
-459995
-521149
-502962
-408203
-251298
-56135
147574
328816
459998
521149
502959
408198
251292
56128
-147581
-328822
-460002
-521150
-502957
-408192
-251283
-56118
147590
328829
460006
521151
502954
408186
251275
56110
-147598
-328835
-460009
-521151
-502951
-408181
-251268
-56102
147605
328840
460012
521150
502947
408174
251260
56094
-147612
-328845
-460014
-521149
-502943
-408168
-251253
-56086
147620
328852
460018
521150
502941
408163
251245
56077
-147628
-328858
-460021
-521150
-502937
-408156
-251237
-56069
147635
328863
460024
521150
502934
408150
251229
56060
-147644
-328870
-460028
-521150
-502931
-408145
-251222
-56052
147651
328876
460032
521151
502929
408140
251215
56044
-147659
-328882
-460035
-521151
-502926
-408134
-251207
-56035
147668
328889
460039
521152
502924
408130
251201
56029
-147674
-328894
-460043
-521153
-502922
-408125
-251194
-56020
147682
328901
460047
521155
502921
408121
251187
56012
-147691
-328909
-460053
-521157
-502919
-408116
-251180
-56004
147699
328915
460057
521158
502917
408111
251173
55996
-147706
-328921
-460061
-521160
-502916
-408107
-251167
-55988
147715
328929
460066
521162
502915
408103
251160
55980
-147723
-328936
-460071
-521163
-502912
-408097
-251152
-55971
147731
328942
460074
521163
502909
408091
251144
55963
-147738
-328947
-460077
-521164
-502907
-408086
-251137
-55955
147746
328954
460081
521164
502904
408081
251130
55947
-147754
-328961
-460086
-521166
-502902
-408075
-251122
-55937
147764
328969
460091
521167
502900
408070
251114
55928
-147772
-328975
-460094
-521167
-502897
-408064
-251107
-55921
147779
328981
460098
521168
502894
408059
251100
55913
-147786
-328986
-460100
-521167
-502891
-408054
-251093
-55905
147794
328992
460103
521167
502888
408048
251086
55898
-147800
-328996
-460106
-521168
-502886
-408044
-251080
-55891
147807
329003
460111
521170
502885
408040
251074
55884
-147814
-329009
-460115
-521172
-502884
-408036
-251067
-55875
147823
329016
460119
521173
502882
408031
251060
55867
-147831
-329023
-460124
-521174
-502880
-408026
-251053
-55859
147839
329030
460128
521175
502877
408020
251045
55851
-147846
-329035
-460130
-521174
-502873
-408014
-251038
-55843
147854
329041
460134
521175
502872
408010
251032
55836
-147860
-329046
-460137
-521176
-502870
-408006
-251026
-55829
147867
329052
460141
521177
502868
408001
251019
55822
-147874
-329057
-460144
-521178
-502866
-407996
-251012
-55813
147883
329065
460149
521179
502863
407991
251005
55805
-147891
-329071
-460153
-521180
-502861
-407985
-250997
-55796
147900
329079
460158
521181
502858
407979
250989
55787
-147908
-329085
-460161
-521181
-502855
-407974
-250982
-55780
147914
329090
460164
521182
502854
407970
250976
55773
-147921
-329096
-460168
-521184
-502853
-407967
-250971
-55767
147927
329100
460170
521183
502850
407962
250965
55761
-147933
-329105
-460173
-521183
-502848
-407958
-250959
-55754
147939
329110
460176
521184
502845
407952
250952
55746
-147947
-329116
-460180
-521185
-502844
-407948
-250946
-55739
147954
329122
460184
521186
502841
407942
250937
55729
-147963
-329129
-460187
-521185
-502837
-407936
-250930
-55722
147969
329133
460189
521185
502834
407931
250923
55714
-147977
-329140
-460194
-521187
-502833
-407926
-250915
-55704
147987
329148
460199
521188
502830
407920
250908
55697
-147993
-329153
-460202
-521188
-502828
-407916
-250901
-55689
148001
329160
460207
521191
502827
407912
250895
55681
-148010
-329167
-460211
-521192
-502825
-407907
-250888
-55673
148017
329173
460215
521192
502822
407901
250880
55665
-148025
-329179
-460218
-521193
-502820
-407896
-250873
-55657
148032
329185
460222
521193
502817
407891
250867
55650
-148039
-329191
-460226
-521195
-502816
-407887
-250860
-55642
148047
329197
460230
521196
502814
407882
250853
55634
-148055
-329203
-460233
-521196
-502811
-407876
-250845
-55625
148063
329210
460237
521196
502807
407870
250838
55617
-148071
-329216
-460241
-521198
-502806
-407866
-250832
-55610
148078
329222
460245
521199
502804
407861
250824
55601
-148087
-329230
-460250
-521200
-502802
-407856
-250817
-55593
148094
329235
460252
521200
502799
407851
250811
55587
-148100
-329240
-460255
-521200
-502797
-407846
-250804
-55579
148107
329245
460258
521200
502793
407840
250796
55571
-148115
-329251
-460261
-521200
-502790
-407834
-250789
-55563
148122
329256
460264
521200
502787
407829
250782
55555
-148130
-329263
-460268
-521201
-502785
-407824
-250774
-55546
148139
329271
460274
521203
502783
407818
250766
55537
-148147
-329277
-460277
-521204
-502781
-407814
-250760
-55530
148154
329283
460281
521205
502779
407809
250753
55522
-148162
-329289
-460285
-521206
-502777
-407804
-250746
-55514
148170
329296
460289
521207
502775
407799
250739
55506
-148177
-329302
-460293
-521208
-502773
-407795
-250733
-55499
148184
329307
460296
521209
502771
407790
250726
55491
-148192
-329314
-460300
-521209
-502768
-407784
-250718
-55482
148200
329320
460303
521209
502765
407779
250711
55475
-148207
-329325
-460306
-521209
-502762
-407773
-250704
-55467
148214
329330
460308
521208
502758
407767
250697
55460
-148221
-329336
-460312
-521209
-502756
-407762
-250689
-55451
148229
329342
460316
521210
502754
407757
250682
55443
-148237
-329349
-460320
-521211
-502752
-407753
-250676
-55436
148244
329355
460324
521212
502749
407747
250668
55427
-148253
-329362
-460328
-521213
-502747
-407742
-250661
-55419
148261
329369
460333
521215
502746
407737
250653
55410
-148269
-329375
-460337
-521216
-502744
-407733
-250648
-55404
148275
329381
460341
521217
502742
407728
250641
55396
-148283
-329387
-460345
-521219
-502741
-407724
-250634
-55387
148292
329395
460350
521220
502738
407718
250626
55378
-148301
-329402
-460354
-521221
-502736
-407713
-250619
-55371
148307
329407
460357
521221
502733
407708
250612
55363
-148315
-329413
-460361
-521222
-502731
-407703
-250605
-55354
148324
329421
460366
521224
502730
407699
250599
55347
-148331
-329426
-460369
-521224
-502727
-407694
-250592
-55340
148338
329432
460373
521225
502725
407689
250586
55333
-148344
-329437
-460376
-521226
-502723
-407684
-250579
-55325
148352
329444
460381
521228
502722
407681
250573
55317
-148360
-329451
-460385
-521229
-502720
-407676
-250566
-55310
148367
329456
460388
521230
502718
407671
250559
55302
-148375
-329463
-460393
-521231
-502716
-407666
-250552
-55294
148382
329468
460395
521231
502713
407661
250546
55287
-148389
-329474
-460399
-521232
-502711
-407656
-250538
-55278
148398
329482
460405
521234
502710
407652
250532
55270
-148406
-329489
-460409
-521235
-502707
-407646
-250524
-55262
148413
329494
460412
521235
502704
407640
250516
55253
-148422
-329501
-460415
-521235
-502701
-407634
-250508
-55244
148430
329507
460419
521236
502699
407630
250502
55238
-148436
-329512
-460422
-521236
-502696
-407625
-250496
-55231
148443
329517
460425
521237
502694
407620
250489
55223
-148450
-329523
-460428
-521237
-502691
-407614
-250481
-55215
148458
329529
460432
521237
502688
407608
250473
55205
-148467
-329536
-460436
-521238
-502686
-407604
-250467
-55198
148474
329542
460440
521239
502683
407598
250459
55189
-148483
-329550
-460445
-521241
-502682
-407593
-250451
-55179
148493
329558
460451
521243
502680
407588
250444
55171
-148501
-329565
-460456
-521246
-502680
-407585
-250438
-55163
148510
329573
460461
521248
502678
407580
250430
55155
-148518
-329580
-460466
-521249
-502676
-407575
-250424
-55147
148525
329585
460469
521250
502674
407570
250416
55138
-148534
-329593
-460474
-521252
-502673
-407566
-250410
-55131
148541
329599
460478
521253
502671
407561
250403
55123
-148549
-329605
-460482
-521254
-502669
-407556
-250396
-55115
148557
329612
460486
521255
502666
407550
250388
55106
-148565
-329618
-460490
-521255
-502663
-407545
-250381
-55099
148572
329624
460493
521256
502661
407540
250374
55090
-148581
-329631
-460497
-521256
-502658
-407534
-250366
-55082
148588
329637
460501
521257
502656
407529
250359
55073
-148597
-329644
-460506
-521259
-502655
-407525
-250353
-55067
148603
329649
460509
521260
502653
407521
250347
55059
-148611
-329656
-460514
-521262
-502652
-407517
-250341
-55052
148618
329662
460518
521264
502651
407513
250335
55045
-148625
-329668
-460522
-521264
-502648
-407508
-250328
-55037
148632
329673
460524
521264
502645
407503
250321
55030
-148639
-329679
-460528
-521265
-502644
-407499
-250316
-55024
148645
329684
460531
521266
502642
407494
250309
55016
-148653
-329690
-460535
-521267
-502640
-407490
-250303
-55009
148660
329696
460539
521268
502638
407485
250295
55000
-148669
-329704
-460544
-521270
-502636
-407480
-250288
-54992
148677
329711
460549
521272
502635
407476
250282
54984
-148685
-329718
-460554
-521274
-502634
-407472
-250275
-54976
148693
329725
460559
521276
502633
407467
250268
54968
-148701
-329731
-460562
-521276
-502630
-407463
-250262
-54961
148708
329737
460566
521277
502628
407457
250254
54952
-148716
-329744
-460571
-521279
-502626
-407452
-250247
-54943
148725
329751
460575
521280
502624
407448
250241
54936
-148732
-329757
-460579
-521281
-502622
-407443
-250234
-54929
148739
329763
460583
521283
502621
407439
250227
54920
-148748
-329770
-460588
-521285
-502620
-407435
-250221
-54913
148755
329776
460591
521285
502617
407430
250215
54906
-148762
-329782
-460595
-521286
-502615
-407425
-250208
-54898
148769
329788
460599
521287
502613
407420
250200
54889
-148778
-329795
-460603
-521288
-502611
-407415
-250194
-54883
148784
329799
460605
521287
502607
407409
250187
54875
-148791
-329804
-460607
-521286
-502603
-407403
-250179
-54867
148798
329810
460611
521287
502602
407399
250173
54860
-148805
-329816
-460615
-521289
-502600
-407394
-250166
-54852
148813
329822
460618
521289
502597
407389
250159
54844
-148821
-329829
-460623
-521291
-502596
-407384
-250151
-54835
148830
329836
460628
521292
502594
407380
250145
54827
-148838
-329843
-460632
-521293
-502592
-407375
-250138
-54819
148845
329849
460636
521295
502590
407370
250131
54811
-148853
-329856
-460640
-521295
-502587
-407364
-250123
-54803
148861
329862
460644
521296
502585
407359
250116
54795
-148869
-329868
-460647
-521297
-502583
-407355
-250110
-54787
148877
329875
460652
521299
502582
407351
250104
54780
-148884
-329881
-460656
-521300
-502580
-407346
-250097
-54772
148891
329887
460660
521301
502578
407341
250090
54764
-148899
-329893
-460664
-521302
-502576
-407337
-250084
-54757
148906
329899
460667
521302
502573
407331
250076
54749
-148913
-329904
-460670
-521302
-502570
-407326
-250070
-54742
148920
329910
460673
521302
502567
407320
250062
54734
-148927
-329915
-460676
-521303
-502565
-407316
-250056
-54727
148934
329921
460681
521305
502565
407313
250051
54720
-148942
-329928
-460685
-521306
-502563
-407309
-250045
-54713
148948
329933
460688
521307
502561
407304
250038
54706
-148955
-329938
-460691
-521307
-502558
-407298
-250030
-54697
148963
329944
460694
521307
502555
407293
250023
54689
-148971
-329951
-460699
-521309
-502553
-407288
-250016
-54681
148979
329958
460703
521310
502552
407284
250010
54674
-148986
-329964
-460708
-521312
-502550
-407279
-250003
-54666
148994
329970
460711
521312
502547
407273
249995
54657
-149002
-329976
-460714
-521312
-502544
-407267
-249987
-54648
149010
329983
460718
521313
502542
407263
249981
54641
-149017
-329989
-460722
-521314
-502540
-407258
-249974
-54633
149025
329995
460726
521315
502538
407253
249967
54625
-149033
-330002
-460731
-521317
-502536
-407248
-249960
-54617
149041
330009
460735
521318
502534
407243
249953
54609
-149048
-330014
-460738
-521318
-502531
-407238
-249946
-54601
149056
330021
460743
521320
502530
407234
249939
54593
-149064
-330028
-460747
-521321
-502528
-407229
-249932
-54585
149072
330034
460751
521322
502526
407224
249925
54577
-149080
-330041
-460756
-521324
-502525
-407220
-249919
-54570
149087
330047
460759
521324
502522
407215
249913
54563
-149094
-330052
-460762
-521325
-502520
-407210
-249906
-54555
149101
330057
460765
521325
502517
407205
249899
54548
-149107
-330062
-460768
-521325
-502514
-407199
-249891
-54540
149115
330068
460771
521325
502511
407194
249885
54532
-149123
-330075
-460776
-521327
-502510
-407189
-249877
-54523
149132
330083
460781
521328
502507
407183
249869
54514
-149140
-330089
-460784
-521328
-502504
-407178
-249862
-54506
149148
330095
460788
521329
502502
407173
249855
54499
-149154
-330100
-460791
-521330
-502500
-407168
-249848
-54491
149162
330106
460794
521330
502497
407163
249841
54482
-149171
-330114
-460799
-521331
-502495
-407157
-249833
-54474
149179
330120
460803
521332
502492
407152
249826
54466
-149187
-330127
-460808
-521334
-502491
-407148
-249820
-54459
149193
330132
460811
521335
502490
407144
249814
54452
-149200
-330138
-460815
-521336
-502488
-407140
-249808
-54444
149208
330145
460819
521337
502485
407134
249800
54435
-149217
-330152
-460824
-521339
-502484
-407130
-249794
-54428
149224
330157
460827
521339
502481
407125
249787
54421
-149230
-330162
-460830
-521340
-502480
-407121
-249781
-54414
149237
330168
460833
521340
502477
407115
249773
54405
-149246
-330175
-460837
-521340
-502473
-407108
-249765
-54397
149253
330180
460840
521341
502471
407104
249759
54390
-149260
-330186
-460844
-521342
-502469
-407099
-249751
-54381
149269
330194
460849
521343
502467
407094
249744
54372
-149278
-330201
-460853
-521344
-502464
-407088
-249736
-54363
149286
330207
460857
521345
502462
407083
249729
54355
-149294
-330214
-460861
-521346
-502460
-407078
-249721
-54346
149303
330222
460867
521348
502458
407073
249714
54338
-149311
-330228
-460870
-521349
-502456
-407068
-249707
-54330
149318
330234
460874
521350
502454
407063
249700
54322
-149326
-330241
-460879
-521352
-502453
-407060
-249695
-54315
149334
330248
460884
521354
502452
407055
249687
54306
-149342
-330254
-460887
-521354
-502449
-407050
-249680
-54298
149350
330260
460891
521354
502445
407043
249672
54290
-149357
-330266
-460894
-521355
-502443
-407038
-249665
-54282
149365
330272
460898
521356
502441
407033
249658
54274
-149373
-330279
-460902
-521356
-502438
-407027
-249650
-54265
149381
330285
460906
521357
502436
407023
249644
54258
-149388
-330291
-460910
-521359
-502435
-407019
-249637
-54250
149396
330297
460913
521359
502432
407014
249631
54243
-149403
-330304
-460918
-521361
-502431
-407010
-249624
-54235
149411
330310
460922
521362
502429
407005
249617
54227
-149418
-330316
-460925
-521362
-502426
-406999
-249610
-54219
149426
330322
460929
521363
502424
406994
249603
54211
-149434
-330328
-460933
-521364
-502421
-406989
-249596
-54204
149440
330333
460936
521365
502420
406986
249591
54198
-149446
-330339
-460940
-521366
-502418
-406981
-249584
-54190
149454
330345
460943
521366
502415
406975
249576
54181
-149462
-330351
-460947
-521367
-502413
-406970
-249569
-54173
149470
330357
460950
521366
502408
406962
249560
54164
-149478
-330363
-460953
-521366
-502405
-406957
-249553
-54156
149486
330370
460957
521367
502403
406952
249545
54147
-149494
-330376
-460961
-521368
-502400
-406946
-249537
-54138
149503
330383
460965
521369
502398
406941
249530
54131
-149510
-330389
-460969
-521370
-502396
-406936
-249524
-54123
149518
330396
460973
521371
502394
406931
249516
54114
-149526
-330402
-460977
-521372
-502392
-406926
-249509
-54106
149534
330408
460980
521372
502389
406921
249503
54100
-149540
-330413
-460984
-521373
-502387
-406916
-249495
-54090
149549
330421
460989
521375
502386
406912
249489
54083
-149556
-330427
-460993
-521376
-502383
-406907
-249482
-54075
149564
330433
460997
521377
502382
406903
249476
54068
-149571
-330439
-461000
-521377
-502379
-406897
-249469
-54061
149578
330444
461003
521378
502377
406893
249462
54052
-149587
-330452
-461008
-521379
-502374
-406887
-249454
-54044
149594
330458
461012
521380
502372
406882
249447
54036
-149602
-330464
-461016
-521382
-502371
-406878
-249441
-54028
149610
330471
461021
521384
502370
406874
249435
54021
-149617
-330477
-461025
-521385
-502368
-406870
-249429
-54014
149624
330483
461028
521385
502366
406865
249422
54007
-149631
-330489
-461032
-521387
-502364
-406860
-249415
-53998
149639
330495
461036
521387
502361
406855
249408
53991
-149646
-330501
-461039
-521388
-502360
-406851
-249402
-53984
149653
330506
461042
521388
502357
406846
249396
53977
-149660
-330512
-461046
-521389
-502355
-406841
-249389
-53969
149667
330518
461050
521391
502354
406837
249382
53961
-149676
-330526
-461056
-521393
-502352
-406832
-249375
-53952
149684
330532
461059
521393
502349
406826
249367
53944
-149691
-330537
-461061
-521392
-502345
-406820
-249360
-53937
149698
330542
461064
521392
502342
406814
249352
53928
-149706
-330549
-461068
-521393
-502340
-406810
-249346
-53921
149713
330554
461071
521394
502338
406805
249339
53913
-149721
-330560
-461074
-521393
-502334
-406799
-249331
-53905
149728
330566
461078
521394
502332
406794
249325
53898
-149735
-330572
-461082
-521396
-502331
-406790
-249318
-53889
149744
330580
461087
521398
502330
406786
249312
53882
-149751
-330586
-461092
-521400
-502329
-406782
-249306
-53875
149759
330593
461097
521402
502328
406778
249299
53866
-149768
-330601
-461102
-521404
-502326
-406773
-249291
-53857
149777
330608
461107
521406
502325
406769
249285
53850
-149784
-330614
-461111
-521407
-502323
-406764
-249278
-53841
149793
330622
461116
521409
502321
406758
249269
53831
-149802
-330629
-461120
-521409
-502317
-406752
-249261
-53822
149810
330635
461123
521409
502314
406746
249254
53815
-149817
-330641
-461127
-521410
-502313
-406742
-249248
-53808
149824
330647
461131
521411
502311
406738
249242
53801
-149831
-330652
-461134
-521412
-502309
-406733
-249235
-53793
149838
330658
461137
521412
502306
406727
249227
53784
-149847
-330665
-461142
-521413
-502303
-406721
-249219
-53775
149855
330671
461145
521413
502300
406715
249211
53767
-149863
-330677
-461149
-521414
-502298
-406711
-249205
-53759
149871
330684
461153
521415
502296
406706
249198
53751
-149879
-330691
-461158
-521417
-502294
-406701
-249191
-53743
149887
330698
461163
521419
502293
406696
249183
53734
-149896
-330705
-461167
-521420
-502291
-406692
-249177
-53727
149903
330711
461170
521420
502288
406686
249169
53718
-149911
-330717
-461174
-521421
-502285
-406680
-249161
-53710
149918
330723
461178
521422
502283
406675
249154
53701
-149927
-330730
-461182
-521422
-502280
-406669
-249146
-53693
149935
330736
461185
521423
502278
406665
249140
53685
-149943
-330743
-461190
-521424
-502275
-406659
-249132
-53677
149950
330748
461193
521425
502274
406655
249126
53669
-149959
-330757
-461199
-521427
-502272
-406650
-249118
-53660
149967
330763
461203
521428
502270
406645
249112
53653
-149974
-330769
-461207
-521429
-502268
-406641
-249106
-53646
149981
330775
461211
521431
502267
406637
249099
53638
-149989
-330782
-461216
-521433
-502266
-406633
-249093
-53631
149996
330787
461219
521434
502264
406628
249086
53623
-150004
-330794
-461223
-521434
-502261
-406623
-249080
-53616
150010
330799
461226
521435
502259
406618
249073
53608
-150018
-330805
-461230
-521436
-502257
-406614
-249067
-53601
150025
330811
461234
521438
502257
406611
249062
53595
-150032
-330818
-461239
-521440
-502256
-406607
-249056
-53588
150038
330822
461241
521440
502254
406603
249050
53581
-150045
-330828
-461245
-521441
-502251
-406597
-249042
-53572
150054
330835
461249
521442
502249
406592
249035
53564
-150062
-330842
-461253
-521442
-502245
-406586
-249027
-53555
150070
330848
461257
521443
502243
406581
249020
53548
-150077
-330854
-461261
-521444
-502242
-406577
-249014
-53540
150085
330860
461264
521444
502238
406571
249006
53532
-150092
-330866
-461268
-521445
-502236
-406565
-248998
-53522
150102
330874
461273
521447
502234
406560
248990
53513
-150111
-330881
-461277
-521447
-502231
-406554
-248983
-53506
150117
330886
461280
521448
502229
406550
248976
53498
-150125
-330893
-461285
-521450
-502228
-406545
-248969
-53489
150134
330900
461289
521450
502225
406540
248962
53481
-150142
-330907
-461294
-521452
-502223
-406534
-248954
-53473
150149
330912
461296
521451
502219
406528
248947
53465
-150156
-330917
-461299
-521451
-502217
-406524
-248941
-53458
150163
330923
461302
521452
502215
406519
248934
53450
-150171
-330930
-461307
-521454
-502213
-406514
-248926
-53441
150180
330937
461311
521455
502211
406509
248919
53433
-150188
-330944
-461316
-521456
-502209
-406504
-248912
-53425
150195
330949
461319
521456
502206
406499
248905
53417
-150203
-330955
-461322
-521456
-502202
-406492
-248897
-53409
150210
330960
461324
521455
502198
406485
248888
53400
-150218
-330967
-461328
-521456
-502196
-406480
-248881
-53392
150226
330973
461332
521456
502193
406475
248874
53384
-150234
-330979
-461335
-521457
-502191
-406470
-248867
-53376
150241
330985
461339
521458
502188
406464
248859
53367
-150249
-330991
-461342
-521457
-502184
-406458
-248852
-53360
150256
330997
461346
521459
502184
406455
248846
53352
-150264
-331004
-461351
-521461
-502182
-406450
-248839
-53344
150273
331012
461357
521464
502182
406446
248832
53335
-150281
-331018
-461360
-521464
-502179
-406441
-248826
-53329
150287
331023
461364
521466
502178
406438
248821
53322
-150294
-331029
-461368
-521467
-502176
-406433
-248814
-53315
150301
331035
461372
521468
502175
406429
248808
53307
-150309
-331042
-461376
-521469
-502172
-406423
-248799
-53298
150318
331049
461380
521470
502170
406418
248792
53290
-150325
-331054
-461383
-521470
-502167
-406413
-248786
-53283
150332
331060
461386
521470
502164
406407
248778
53274
-150340
-331066
-461390
-521471
-502162
-406403
-248772
-53268
150346
331071
461393
521472
502161
406400
248767
53261
-150353
-331077
-461398
-521474
-502160
-406396
-248761
-53254
150360
331083
461401
521474
502157
406390
248754
53247
-150367
-331088
-461403
-521474
-502154
-406385
-248747
-53239
150374
331094
461408
521476
502153
406381
248741
53232
-150381
-331100
-461412
-521477
-502151
-406376
-248734
-53224
150389
331107
461416
521478
502149
406372
248728
53217
-150396
-331112
-461419
-521478
-502146
-406366
-248720
-53208
150404
331119
461423
521479
502144
406361
248713
53200
-150412
-331125
-461427
-521480
-502142
-406356
-248706
-53192
150420
331132
461431
521481
502140
406352
248700
53185
-150427
-331137
-461434
-521482
-502138
-406347
-248693
-53178
150433
331142
461437
521482
502135
406342
248686
53170
-150441
-331149
-461441
-521483
-502133
-406337
-248679
-53161
150450
331156
461446
521485
502132
406333
248673
53154
-150457
-331162
-461450
-521486
-502129
-406327
-248665
-53145
150465
331168
461453
521486
502126
406321
248657
53137
-150473
-331174
-461457
-521487
-502124
-406317
-248651
-53130
150480
331180
461460
521486
502120
406310
248643
53122
-150487
-331185
-461463
-521486
-502117
-406305
-248636
-53114
150494
331191
461466
521487
502115
406300
248629
53106
-150502
-331197
-461470
-521487
-502112
-406294
-248621
-53097
150510
331204
461474
521488
502110
406289
248614
53089
-150518
-331210
-461478
-521489
-502107
-406284
-248607
-53081
150526
331216
461481
521489
502104
406278
248599
53072
-150535
-331224
-461486
-521491
-502102
-406272
-248591
-53064
150542
331229
461489
521491
502100
406268
248584
53055
-150551
-331237
-461494
-521492
-502097
-406262
-248577
-53048
150557
331241
461496
521492
502094
406257
248570
53040
-150565
-331247
-461499
-521492
-502091
-406251
-248562
-53031
150573
331254
461504
521493
502089
406246
248555
53023
-150581
-331260
-461508
-521495
-502088
-406242
-248549
-53016
150588
331266
461512
521496
502086
406237
248542
53008
-150596
-331273
-461516
-521497
-502084
-406233
-248536
-53002
150601
331277
461518
521497
502082
406229
248531
52996
-150607
-331282
-461522
-521499
-502081
-406225
-248525
-52989
150614
331288
461525
521499
502078
406220
248518
52981
-150622
-331294
-461529
-521499
-502075
-406214
-248510
-52972
150631
331301
461533
521500
502073
406209
248503
52964
-150639
-331308
-461538
-521502
-502071
-406204
-248495
-52955
150647
331314
461541
521502
502068
406198
248488
52947
-150655
-331320
-461545
-521503
-502066
-406193
-248481
-52939
150662
331326
461548
521503
502063
406188
248474
52932
-150669
-331332
-461552
-521504
-502061
-406183
-248467
-52924
150676
331337
461555
521504
502058
406178
248460
52916
-150684
-331344
-461559
-521505
-502056
-406173
-248453
-52908
150692
331350
461562
521505
502053
406168
248446
52901
-150698
-331354
-461564
-521505
-502051
-406163
-248440
-52893
150706
331361
461569
521507
502049
406158
248433
52886
-150713
-331367
-461572
-521507
-502046
-406152
-248425
-52877
150721
331373
461576
521507
502043
406147
248418
52869
-150729
-331379
-461579
-521508
-502041
-406142
-248411
-52861
150736
331385
461583
521508
502038
406136
248403
52853
-150744
-331391
-461586
-521508
-502035
-406131
-248397
-52846
150750
331396
461589
521509
502033
406127
248391
52839
-150757
-331402
-461593
-521510
-502031
-406122
-248384
-52831
150765
331408
461597
521511
502029
406117
248377
52823
-150773
-331415
-461601
-521512
-502027
-406112
-248369
-52814
150781
331421
461605
521513
502025
406107
248362
52806
-150789
-331428
-461610
-521515
-502023
-406102
-248355
-52798
150797
331435
461614
521516
502021
406097
248348
52790
-150805
-331441
-461618
-521517
-502019
-406093
-248342
-52783
150812
331447
461622
521518
502017
406088
248335
52775
-150819
-331452
-461624
-521517
-502013
-406082
-248328
-52768
150826
331457
461627
521517
502010
406076
248320
52759
-150834
-331464
-461631
-521519
-502009
-406072
-248314
-52752
150841
331470
461635
521519
502006
406066
248306
52743
-150850
-331477
-461639
-521520
-502003
-406060
-248298
-52734
150859
331484
461643
521521
502001
406056
248292
52727
-150865
-331489
-461646
-521521
-501999
-406052
-248286
-52721
150871
331494
461650
521523
501998
406047
248279
52713
-150879
-331501
-461654
-521524
-501996
-406043
-248273
-52705
150887
331508
461659
521526
501995
406039
248267
52698
-150894
-331513
-461662
-521527
-501993
-406034
-248260
-52690
150902
331520
461667
521529
501992
406031
248255
52684
-150908
-331525
-461670
-521529
-501989
-406026
-248248
-52676
150915
331530
461673
521529
501987
406021
248241
52669
-150922
-331536
-461676
-521530
-501985
-406016
-248234
-52660
150931
331543
461681
521531
501982
406010
248226
52652
-150938
-331549
-461684
-521531
-501979
-406005
-248220
-52645
150944
331553
461686
521531
501977
406000
248213
52638
-150951
-331559
-461690
-521532
-501974
-405995
-248206
-52630
150959
331565
461693
521531
501970
405988
248198
52621
-150967
-331571
-461696
-521531
-501967
-405982
-248190
-52613
150974
331577
461699
521531
501964
405977
248183
52605
-150982
-331583
-461703
-521532
-501962
-405972
-248176
-52597
150989
331588
461706
521532
501959
405966
248168
52588
-150998
-331596
-461711
-521533
-501956
-405960
-248160
-52579
151006
331602
461714
521533
501953
405954
248152
52571
-151014
-331608
-461717
-521533
-501950
-405949
-248145
-52563
151021
331613
461720
521533
501947
405943
248138
52556
-151028
-331619
-461723
-521534
-501945
-405939
-248132
-52549
151035
331625
461727
521535
501943
405934
248125
52541
-151042
-331630
-461730
-521535
-501940
-405929
-248119
-52534
151049
331636
461733
521535
501937
405923
248111
52525
-151057
-331642
-461737
-521536
-501935
-405918
-248103
-52517
151065
331648
461740
521536
501932
405913
248097
52510
-151071
-331653
-461743
-521537
-501930
-405908
-248090
-52502
151078
331658
461746
521536
501927
405903
248084
52496
-151084
-331663
-461749
-521537
-501925
-405899
-248078
-52489
151091
331669
461753
521538
501923
405894
248071
52481
-151099
-331675
-461756
-521539
-501921
-405890
-248065
-52474
151106
331681
461760
521539
501918
405884
248057
52466
-151113
-331686
-461762
-521539
-501916
-405880
-248052
-52459
151120
331693
461768
521542
501915
405875
248044
52451
-151127
-331698
-461770
-521541
-501911
-405869
-248037
-52443
151135
331704
461774
521542
501909
405864
248030
52435
-151143
-331710
-461777
-521542
-501906
-405859
-248023
-52428
151149
331715
461780
521542
501903
405853
248015
52419
-151158
-331722
-461784
-521543
-501901
-405848
-248008
-52411
151166
331729
461789
521545
501899
405843
248001
52402
-151175
-331736
-461793
-521545
-501896
-405837
-247993
-52393
151183
331743
461797
521546
501894
405833
247987
52387
-151189
-331748
-461801
-521548
-501893
-405829
-247980
-52378
151198
331755
461805
521549
501891
405824
247973
52370
-151206
-331762
-461809
-521549
-501888
-405818
-247965
-52361
151214
331768
461813
521550
501885
405812
247957
52353
-151222
-331774
-461816
-521550
-501882
-405806
-247949
-52344
151230
331780
461819
521550
501879
405800
247942
52336
-151238
-331787
-461824
-521552
-501878
-405797
-247936
-52329
151245
331793
461828
521553
501876
405792
247929
52321
-151253
-331800
-461833
-521555
-501874
-405787
-247922
-52313
151261
331807
461838
521557
501873
405783
247916
52306
-151267
-331811
-461839
-521556
-501870
-405778
-247910
-52299
151274
331817
461843
521557
501868
405773
247902
52290
-151283
-331824
-461847
-521557
-501864
-405766
-247893
-52280
151292
331831
461851
521558
501862
405761
247886
52272
-151300
-331838
-461856
-521560
-501860
-405756
-247879
-52264
151307
331843
461859
521560
501858
405752
247873
52257
-151314
-331849
-461862
-521561
-501856
-405747
-247867
-52251
151320
331854
461865
521561
501853
405742
247860
52243
-151328
-331860
-461869
-521562
-501851
-405737
-247853
-52235
151335
331865
461871
521561
501847
405731
247846
52228
-151341
-331869
-461873
-521560
-501844
-405726
-247839
-52221
151348
331875
461877
521562
501843
405722
247833
52213
-151356
-331882
-461881
-521563
-501840
-405716
-247825
-52205
151363
331887
461884
521563
501838
405712
247819
52197
-151371
-331894
-461889
-521565
-501836
-405706
-247811
-52188
151380
331901
461893
521565
501833
405701
247804
52181
-151387
-331907
-461897
-521566
-501831
-405696
-247797
-52173
151394
331913
461900
521567
501829
405692
247791
52166
-151401
-331919
-461904
-521568
-501827
-405687
-247784
-52158
151409
331925
461908
521569
501825
405682
247777
52150
-151416
-331930
-461910
-521568
-501821
-405676
-247770
-52142
151424
331937
461915
521570
501820
405672
247764
52135
-151431
-331942
-461918
-521570
-501817
-405667
-247757
-52128
151437
331947
461920
521570
501815
405662
247750
52120
-151444
-331952
-461923
-521570
-501812
-405657
-247744
-52114
151450
331957
461926
521570
501810
405653
247738
52107
-151457
-331962
-461929
-521570
-501806
-405646
-247730
-52099
151464
331967
461931
521570
501804
405642
247724
52092
-151470
-331972
-461934
-521570
-501801
-405637
-247718
-52086
151476
331977
461937
521571
501799
405632
247711
52078
-151484
-331984
-461942
-521572
-501797
-405628
-247705
-52071
151491
331989
461945
521573
501795
405623
247698
52063
-151498
-331995
-461948
-521573
-501792
-405617
-247690
-52054
151507
332002
461952
521573
501789
405611
247682
52046
-151514
-332007
-461955
-521573
-501786
-405606
-247675
-52038
151521
332012
461957
521573
501783
405600
247668
52030
-151529
-332019
-461961
-521573
-501780
-405595
-247661
-52022
151537
332025
461965
521574
501778
405590
247654
52015
-151543
-332030
-461968
-521575
-501776
-405586
-247648
-52008
151550
332036
461972
521576
501774
405581
247641
52000
-151557
-332041
-461974
-521575
-501771
-405576
-247635
-51993
151564
332047
461978
521576
501768
405570
247627
51985
-151572
-332053
-461981
-521576
-501765
-405564
-247619
-51976
151580
332059
461984
521576
501762
405558
247611
51967
-151588
-332065
-461988
-521577
-501760
-405553
-247604
-51959
151596
332072
461992
521578
501757
405547
247596
51950
-151605
-332079
-461997
-521579
-501755
-405542
-247589
-51942
151613
332086
462001
521580
501752
405537
247582
51934
-151620
-332091
-462004
-521581
-501751
-405533
-247576
-51927
151627
332097
462008
521582
501749
405529
247570
51921
-151633
-332102
-462011
-521582
-501746
-405523
-247562
-51912
151641
332108
462014
521582
501743
405517
247554
51903
-151650
-332115
-462018
-521583
-501741
-405512
-247547
-51895
151658
332122
462024
521586
501740
405508
247541
51887
-151666
-332129
-462028
-521587
-501738
-405503
-247534
-51880
151673
332135
462032
521588
501736
405498
247526
51871
-151681
-332141
-462035
-521588
-501733
-405493
-247520
-51864
151688
332147
462039
521589
501731
405488
247512
51855
-151697
-332154
-462043
-521590
-501729
-405483
-247506
-51847
151705
332161
462048
521592
501727
405478
247499
51840
-151712
-332167
-462052
-521593
-501725
-405474
-247492
-51831
151721
332174
462056
521594
501723
405468
247484
51822
-151729
-332181
-462061
-521595
-501721
-405463
-247477
-51814
151737
332187
462064
521596
501719
405459
247471
51807
-151744
-332193
-462068
-521597
-501717
-405454
-247464
-51800
151750
332198
462071
521597
501714
405449
247457
51792
-151758
-332204
-462074
-521597
-501711
-405443
-247450
-51784
151766
332211
462079
521599
501709
405438
247442
51775
-151775
-332218
-462083
-521599
-501706
-405432
-247434
-51766
151782
332223
462085
521598
501702
405426
247427
51759
-151789
-332228
-462088
-521598
-501699
-405420
-247419
-51750
151797
332234
462091
521598
501696
405415
247412
51743
-151804
-332240
-462095
-521600
-501695
-405411
-247406
-51736
151811
332245
462098
521600
501692
405405
247399
51728
-151818
-332251
-462101
-521600
-501689
-405400
-247392
-51720
151826
332257
462105
521601
501687
405395
247385
51712
-151833
-332263
-462108
-521601
-501684
-405390
-247378
-51705
151840
332269
462112
521602
501682
405385
247371
51696
-151849
-332276
-462117
-521604
-501681
-405380
-247364
-51688
151857
332283
462121
521605
501678
405375
247357
51680
-151865
-332289
-462125
-521606
-501676
-405370
-247350
-51672
151873
332296
462130
521608
501675
405366
247343
51664
-151881
-332303
-462134
-521609
-501673
-405361
-247336
-51656
151889
332310
462139
521611
501672
405357
247329
51647
-151898
-332317
-462144
-521613
-501670
-405352
-247322
-51639
151906
332324
462148
521614
501668
405347
247315
51631
-151914
-332331
-462153
-521616
-501667
-405343
-247308
-51623
151922
332338
462158
521618
501666
405339
247302
51615
-151930
-332345
-462163
-521620
-501664
-405333
-247293
-51605
151939
332352
462166
521619
501660
405327
247286
51597
-151947
-332358
-462171
-521622
-501659
-405323
-247279
-51589
151955
332365
462175
521622
501656
405317
247272
51581
-151962
-332370
-462177
-521622
-501654
-405312
-247265
-51574
151969
332376
462181
521623
501652
405308
247259
51566
-151977
-332383
-462186
-521624
-501649
-405302
-247250
-51556
151987
332391
462191
521626
501647
405296
247242
51547
-151996
-332398
-462195
-521627
-501645
-405291
-247235
-51539
152003
332404
462199
521628
501643
405287
247229
51532
-152010
-332410
-462203
-521629
-501640
-405281
-247220
-51522
152020
332418
462208
521630
501638
405275
247212
51513
-152028
-332424
-462211
-521630
-501634
-405268
-247204
-51504
152037
332431
462215
521630
501631
405263
247196
51495
-152045
-332438
-462220
-521632
-501630
-405258
-247189
-51487
152053
332445
462224
521633
501628
405254
247183
51480
-152060
-332450
-462227
-521634
-501626
-405249
-247176
-51473
152067
332456
462231
521635
501624
405244
247169
51464
-152075
-332462
-462234
-521635
-501621
-405239
-247162
-51457
152082
332468
462238
521636
501619
405235
247156
51450
-152089
-332474
-462242
-521637
-501617
-405229
-247149
-51442
152097
332480
462245
521637
501614
405224
247142
51434
-152104
-332486
-462249
-521639
-501613
-405220
-247136
-51427
152111
332492
462253
521640
501611
405215
247128
51418
-152120
-332499
-462257
-521640
-501607
-405209
-247121
-51411
152127
332504
462260
521641
501606
405205
247115
51403
-152135
-332511
-462265
-521643
-501604
-405200
-247107
-51394
152143
332517
462268
521642
501600
405193
247099
51386
-152150
-332523
-462272
-521643
-501598
-405189
-247093
-51379
152157
332529
462276
521645
501597
405185
247087
51371
-152165
-332535
-462280
-521646
-501595
-405180
-247080
-51364
152172
332541
462283
521646
501592
405175
247073
51356
-152180
-332547
-462287
-521647
-501590
-405170
-247066
-51348
152188
332554
462291
521648
501588
405165
247059
51340
-152195
-332560
-462295
-521649
-501586
-405161
-247053
-51333
152202
332565
462298
521649
501583
405155
247046
51326
-152208
-332570
-462301
-521650
-501581
-405151
-247039
-51318
152216
332576
462304
521650
501579
405146
247033
51311
-152223
-332582
-462308
-521651
-501577
-405141
-247026
-51303
152231
332589
462313
521653
501575
405136
247018
51294
-152239
-332595
-462316
-521653
-501572
-405130
-247010
-51285
152248
332602
462321
521654
501570
405125
247003
51277
-152255
-332608
-462324
-521654
-501567
-405120
-246996
-51269
152263
332615
462328
521656
501566
405116
246990
51262
-152270
-332621
-462332
-521657
-501564
-405112
-246984
-51255
152277
332626
462336
521659
501563
405108
246978
51248
-152284
-332632
-462339
-521658
-501559
-405101
-246970
-51240
152291
332637
462342
521659
501557
405097
246964
51232
-152299
-332644
-462347
-521661
-501556
-405093
-246957
-51224
152307
332651
462351
521661
501553
405087
246950
51216
-152315
-332657
-462355
-521663
-501551
-405082
-246943
-51208
152323
332663
462358
521663
501548
405077
246936
51201
-152330
-332670
-462363
-521665
-501547
-405072
-246928
-51191
152339
332677
462367
521665
501543
405065
246919
51182
-152347
-332682
-462369
-521664
-501540
-405060
-246913
-51175
152354
332688
462373
521665
501537
405054
246905
51166
-152362
-332694
-462376
-521665
-501534
-405049
-246898
-51159
152369
332700
462379
521665
501531
405043
246890
51150
-152377
-332706
-462383
-521666
-501529
-405038
-246883
-51142
152385
332713
462387
521667
501527
405033
246876
51134
-152393
-332719
-462391
-521668
-501525
-405029
-246870
-51127
152400
332725
462395
521669
501523
405024
246864
51120
-152406
-332730
-462398
-521669
-501520
-405019
-246857
-51113
152412
332734
462400
521669
501518
405015
246851
51106
-152420
-332741
-462404
-521670
-501516
-405009
-246843
-51097
152428
332747
462408
521670
501512
405003
246835
51088
-152437
-332754
-462412
-521671
-501510
-404998
-246828
-51080
152444
332760
462416
521672
501508
404993
246821
51072
-152452
-332766
-462419
-521673
-501506
-404988
-246814
-51064
152460
332773
462424
521674
501504
404983
246807
51056
-152467
-332779
-462427
-521674
-501500
-404977
-246799
-51048
152475
332785
462431
521676
501499
404973
246793
51041
-152482
-332790
-462434
-521675
-501496
-404968
-246786
-51033
152489
332796
462437
521676
501493
404962
246779
51025
-152497
-332802
-462441
-521677
-501491
-404957
-246772
-51017
152505
332809
462445
521677
501488
404951
246764
51009
-152512
-332814
-462448
-521678
-501486
-404947
-246758
-51001
152520
332821
462453
521680
501485
404943
246751
50993
-152529
-332829
-462459
-521683
-501484
-404938
-246744
-50985
152536
332835
462462
521683
501481
404933
246737
50977
-152544
-332841
-462465
-521683
-501478
-404927
-246729
-50969
152551
332846
462468
521682
501474
404921
246722
50961
-152558
-332852
-462471
-521683
-501472
-404916
-246715
-50953
152566
332858
462475
521684
501470
404911
246708
50945
-152574
-332864
-462478
-521684
-501467
-404905
-246700
-50936
152582
332871
462483
521685
501465
404900
246692
50927
-152591
-332878
-462487
-521686
-501462
-404895
-246685
-50920
152598
332884
462491
521687
501460
404889
246677
50910
-152607
-332891
-462495
-521688
-501457
-404883
-246669
-50902
152615
332897
462498
521687
501453
404877
246662
50894
-152622
-332903
-462502
-521688
-501451
-404872
-246655
-50886
152630
332909
462505
521688
501448
404867
246648
50878
-152638
-332916
-462510
-521690
-501447
-404862
-246640
-50869
152646
332922
462513
521690
501444
404857
246634
50863
-152652
-332927
-462516
-521691
-501442
-404852
-246627
-50854
152661
332934
462520
521691
501439
404846
246618
50845
-152669
-332940
-462524
-521692
-501436
-404840
-246611
-50837
152676
332945
462526
521691
501432
404834
246603
50829
-152684
-332951
-462529
-521690
-501428
-404828
-246596
-50822
152690
332956
462532
521691
501426
404823
246588
50812
-152699
-332963
-462536
-521692
-501424
-404818
-246582
-50806
152705
332968
462539
521692
501422
404814
246576
50799
-152712
-332974
-462543
-521693
-501420
-404809
-246569
-50791
152720
332980
462546
521693
501417
404804
246563
50784
-152726
-332985
-462549
-521694
-501415
-404799
-246556
-50776
152734
332991
462553
521695
501413
404794
246548
50767
-152742
-332998
-462557
-521695
-501409
-404788
-246541
-50760
152749
333003
462560
521696
501407
404783
246534
50752
-152757
-333010
-462564
-521697
-501405
-404778
-246527
-50744
152764
333015
462567
521696
501401
404772
246519
50736
-152771
-333020
-462569
-521696
-501398
-404766
-246511
-50727
152780
333027
462573
521696
501395
404760
246504
50719
-152788
-333034
-462578
-521698
-501394
-404756
-246497
-50711
152796
333041
462583
521700
501392
404751
246490
50703
-152803
-333046
-462585
-521699
-501388
-404745
-246483
-50696
152810
333051
462588
521699
501385
404739
246475
50687
-152818
-333057
-462591
-521699
-501382
-404734
-246468
-50679
152825
333062
462593
521698
501378
404727
246460
50671
-152832
-333067
-462595
-521697
-501375
-404722
-246453
-50664
152838
333072
462598
521697
501372
404716
246445
50655
-152847
-333079
-462602
-521698
-501369
-404711
-246439
-50649
152852
333083
462604
521698
501367
404707
246433
50641
-152860
-333090
-462609
-521699
-501365
-404702
-246426
-50633
152868
333096
462613
521701
501364
404698
246420
50626
-152875
-333102
-462616
-521701
-501360
-404691
-246411
-50617
152883
333108
462620
521701
501357
404685
246403
50608
-152891
-333114
-462623
-521701
-501354
-404680
-246396
-50600
152899
333120
462626
521700
501350
404673
246388
50592
-152906
-333125
-462629
-521701
-501348
-404668
-246381
-50584
152914
333132
462634
521703
501347
404664
246374
50576
-152922
-333139
-462638
-521704
-501345
-404660
-246368
-50569
152929
333145
462642
521705
501343
404655
246361
50561
-152937
-333151
-462646
-521706
-501340
-404649
-246354
-50553
152944
333157
462649
521706
501337
404644
246347
50545
-152952
-333163
-462653
-521708
-501337
-404641
-246341
-50538
152959
333169
462657
521709
501334
404635
246334
50530
-152967
-333176
-462661
-521710
-501332
-404630
-246326
-50521
152975
333182
462664
521710
501329
404625
246319
50513
-152983
-333188
-462668
-521710
-501326
-404619
-246312
-50506
152990
333194
462672
521712
501325
404615
246305
50497
-152998
-333201
-462676
-521713
-501323
-404610
-246299
-50490
153005
333206
462679
521713
501321
404606
246293
50484
-153011
-333211
-462683
-521714
-501318
-404600
-246285
-50475
153019
333217
462686
521714
501315
404595
246278
50468
-153026
-333223
-462689
-521714
-501312
-404589
-246271
-50459
153034
333229
462693
521715
501310
404585
246265
50453
-153040
-333234
-462696
-521716
-501309
-404581
-246259
-50446
153047
333240
462700
521717
501307
404577
246253
50439
-153054
-333246
-462703
-521717
-501304
-404571
-246245
-50430
153062
333252
462707
521718
501302
404566
246238
50422
-153070
-333259
-462711
-521719
-501299
-404560
-246230
-50413
153078
333265
462715
521720
501297
404556
246224
50406
-153086
-333272
-462720
-521722
-501296
-404551
-246217
-50398
153094
333278
462723
521722
501293
404546
246210
50390
-153101
-333284
-462727
-521723
-501291
-404541
-246203
-50382
153109
333291
462732
521725
501290
404537
246196
50374
-153117
-333297
-462735
-521725
-501286
-404530
-246188
-50366
153124
333302
462738
521725
501284
404526
246182
50359
-153131
-333308
-462741
-521726
-501282
-404522
-246177
-50353
153137
333313
462745
521727
501280
404517
246170
50345
-153145
-333320
-462749
-521728
-501278
-404512
-246162
-50336
153154
333327
462754
521730
501276
404507
246155
50327
-153163
-333334
-462758
-521731
-501274
-404502
-246148
-50319
153171
333341
462763
521732
501272
404497
246140
50310
-153180
-333349
-462768
-521734
-501270
-404492
-246133
-50302
153187
333355
462772
521735
501268
404487
246126
50294
-153195
-333361
-462776
-521736
-501266
-404482
-246119
-50286
153202
333366
462778
521735
501262
404476
246111
50278
-153210
-333372
-462781
-521735
-501259
-404470
-246104
-50271
153216
333377
462784
521736
501257
404466
246098
50263
-153224
-333384
-462789
-521738
-501256
-404462
-246092
-50256
153231
333390
462793
521739
501254
404457
246085
50248
-153239
-333396
-462797
-521740
-501252
-404452
-246078
-50240
153246
333402
462800
521740
501249
404447
246071
50232
-153254
-333409
-462805
-521742
-501248
-404443
-246064
-50224
153262
333416
462809
521743
501246
404438
246057
50216
-153270
-333422
-462813
-521744
-501243
-404432
-246050
-50208
153277
333427
462815
521743
501240
404427
246043
50201
-153284
-333432
-462818
-521744
-501238
-404423
-246037
-50194
153290
333437
462821
521744
501236
404418
246030
50186
-153298
-333444
-462826
-521746
-501234
-404413
-246023
-50178
153306
333451
462830
521747
501232
404408
246016
50170
-153314
-333457
-462834
-521748
-501229
-404402
-246008
-50161
153323
333464
462838
521749
501227
404397
246001
50153
-153330
-333470
-462842
-521749
-501224
-404392
-245994
-50145
153338
333477
462846
521751
501223
404388
245988
50138
-153345
-333482
-462849
-521751
-501220
-404382
-245980
-50129
153353
333488
462852
521750
501216
404375
245971
50120
-153361
-333494
-462855
-521750
-501212
-404369
-245963
-50112
153369
333500
462858
521750
501209
404363
245956
50104
-153376
-333506
-462862
-521751
-501207
-404358
-245949
-50096
153384
333512
462865
521751
501204
404353
245942
50088
-153391
-333518
-462869
-521752
-501202
-404348
-245935
-50080
153399
333524
462873
521753
501200
404343
245928
50072
-153407
-333531
-462877
-521754
-501198
-404338
-245920
-50063
153416
333539
462883
521756
501196
404333
245913
50055
-153424
-333546
-462888
-521758
-501195
-404328
-245905
-50045
153434
333554
462893
521760
501193
404323
245898
50037
-153442
-333561
-462898
-521762
-501192
-404319
-245892
-50030
153449
333567
462902
521763
501190
404314
245885
50022
-153457
-333573
-462906
-521765
-501189
-404311
-245879
-50014
153465
333581
462912
521768
501189
404307
245873
50006
-153473
-333587
-462915
-521768
-501186
-404302
-245866
-49999
153480
333593
462919
521769
501184
404298
245860
49992
-153487
-333598
-462922
-521769
-501181
-404292
-245853
-49984
153495
333605
462926
521770
501179
404287
245845
49975
-153503
-333611
-462930
-521771
-501176
-404281
-245838
-49968
153510
333617
462933
521771
501174
404277
245832
49961
-153516
-333622
-462937
-521773
-501173
-404273
-245826
-49954
153523
333628
462940
521773
501170
404268
245819
49946
-153531
-333634
-462944
-521774
-501168
-404263
-245812
-49938
153539
333641
462949
521776
501167
404259
245805
49929
-153548
-333648
-462953
-521777
-501164
-404253
-245798
-49922
153554
333653
462956
521777
501162
404248
245791
49914
-153562
-333659
-462959
-521777
-501159
-404244
-245785
-49908
153567
333663
462962
521778
501157
404239
245778
49900
-153575
-333670
-462966
-521779
-501155
-404234
-245772
-49893
153582
333675
462969
521780
501154
404231
245767
49886
-153589
-333682
-462974
-521782
-501153
-404227
-245761
-49879
153596
333688
462978
521784
501152
404223
245754
49871
-153604
-333694
-462982
-521784
-501149
-404218
-245747
-49863
153612
333701
462986
521785
501147
404213
245740
49856
-153619
-333707
-462990
-521786
-501144
-404207
-245732
-49847
153627
333712
462992
521785
501140
404201
245725
49839
-153634
-333718
-462996
-521786
-501138
-404196
-245718
-49831
153642
333724
463000
521788
501137
404192
245712
49824
-153650
-333731
-463004
-521789
-501135
-404187
-245705
-49816
153657
333737
463008
521790
501133
404183
245699
49809
-153664
-333743
-463012
-521791
-501131
-404177
-245690
-49799
153674
333751
463017
521792
501128
404172
245683
49791
-153681
-333756
-463020
-521792
-501126
-404167
-245676
-49783
153689
333763
463024
521793
501123
404161
245668
49775
-153696
-333768
-463027
-521794
-501121
-404156
-245662
-49767
153704
333775
463031
521794
501118
404151
245655
49760
-153711
-333781
-463035
-521795
-501116
-404146
-245648
-49751
153720
333788
463039
521796
501114
404141
245640
49743
-153727
-333793
-463042
-521796
-501111
-404135
-245633
-49735
153735
333800
463046
521797
501108
404129
245625
49726
-153743
-333806
-463050
-521798
-501106
-404125
-245618
-49718
153751
333813
463054
521799
501104
404119
245610
49709
-153760
-333820
-463059
-521800
-501101
-404113
-245602
-49700
153768
333826
463062
521800
501098
404108
245595
49692
-153776
-333833
-463066
-521801
-501096
-404102
-245587
-49683
153785
333840
463070
521801
501092
404096
245579
49675
-153792
-333845
-463073
-521802
-501090
-404091
-245572
-49667
153800
333852
463077
521802
501087
404085
245564
49658
-153808
-333858
-463081
-521803
-501085
-404080
-245557
-49650
153816
333865
463086
521805
501084
404076
245551
49643
-153823
-333871
-463089
-521806
-501081
-404071
-245544
-49635
153831
333877
463093
521806
501078
404065
245536
49626
-153839
-333883
-463096
-521806
-501075
-404059
-245528
-49617
153848
333890
463100
521806
501071
404052
245519
49608
-153855
-333895
-463102
-521805
-501068
-404047
-245513
-49601
153862
333901
463106
521807
501066
404042
245506
49593
-153870
-333907
-463109
-521806
-501062
-404035
-245497
-49584
153878
333913
463112
521806
501059
404030
245490
49576
-153885
-333919
-463116
-521807
-501057
-404025
-245483
-49568
153893
333925
463119
521807
501054
404020
245476
49561
-153900
-333931
-463123
-521808
-501052
-404015
-245469
-49553
153908
333937
463127
521810
501051
404011
245463
49546
-153914
-333942
-463130
-521810
-501048
-404006
-245457
-49539
153921
333948
463134
521811
501046
404001
245450
49531
-153929
-333955
-463139
-521813
-501045
-403997
-245443
-49522
153938
333962
463143
521814
501043
403992
245436
49514
-153945
-333967
-463145
-521813
-501039
-403986
-245429
-49507
153952
333973
463149
521814
501037
403981
245422
49499
-153960
-333980
-463154
-521816
-501036
-403977
-245415
-49491
153968
333986
463158
521818
501035
403973
245409
49484
-153975
-333992
-463162
-521819
-501032
-403967
-245401
-49475
153983
333999
463166
521819
501029
403961
245393
49466
-153992
-334006
-463170
-521820
-501027
-403956
-245386
-49458
154000
334013
463175
521822
501025
403951
245378
49449
-154009
-334020
-463179
-521822
-501022
-403945
-245371
-49441
154016
334026
463183
521824
501021
403941
245364
49432
-154026
-334035
-463189
-521826
-501020
-403937
-245358
-49425
154033
334040
463192
521827
501017
403931
245350
49416
-154041
-334046
-463195
-521826
-501013
-403925
-245342
-49408
154048
334051
463198
521826
501010
403919
245335
49401
-154054
-334056
-463200
-521825
-501006
-403913
-245327
-49392
154062
334062
463203
521825
501003
403907
245320
49384
-154070
-334068
-463207
-521826
-501002
-403904
-245315
-49378
154076
334073
463210
521827
501000
403900
245309
49371
-154083
-334079
-463214
-521828
-500998
-403895
-245302
-49363
154091
334086
463218
521829
500995
403889
245294
49355
-154098
-334091
-463221
-521829
-500992
-403883
-245286
-49346
154106
334097
463224
521829
500989
403877
245278
49337
-154115
-334104
-463228
-521829
-500985
-403870
-245269
-49328
154123
334110
463232
521830
500983
403865
245262
49320
-154131
-334117
-463236
-521830
-500980
-403859
-245254
-49311
154140
334124
463240
521831
500978
403855
245248
49304
-154147
-334130
-463244
-521833
-500977
-403851
-245241
-49295
154156
334137
463249
521835
500975
403845
245233
49286
-154165
-334145
-463254
-521836
-500973
-403840
-245226
-49278
154172
334151
463258
521837
500970
403834
245218
49269
-154181
-334158
-463262
-521837
-500967
-403828
-245209
-49259
154190
334165
463266
521839
500966
403825
245205
49254
-154196
-334170
-463270
-521840
-500964
-403820
-245198
-49246
154203
334176
463273
521840
500961
403815
245191
49238
-154211
-334183
-463278
-521842
-500960
-403810
-245183
-49229
154220
334190
463282
521843
500957
403804
245175
49220
-154229
-334198
-463288
-521845
-500955
-403799
-245168
-49212
154237
334204
463291
521845
500952
403793
245160
49203
-154245
-334210
-463294
-521845
-500949
-403787
-245152
-49194
154253
334216
463298
521846
500947
403783
245146
49187
-154260
-334222
-463301
-521846
-500944
-403777
-245138
-49179
154268
334228
463305
521847
500941
403771
245130
49170
-154275
-334233
-463307
-521846
-500938
-403766
-245124
-49164
154281
334238
463310
521846
500935
403761
245117
49156
-154288
-334243
-463312
-521846
-500933
-403756
-245111
-49149
154295
334249
463316
521847
500930
403751
245104
49141
-154303
-334256
-463321
-521848
-500928
-403746
-245096
-49132
154311
334262
463324
521849
500926
403741
245089
49125
-154318
-334268
-463328
-521850
-500924
-403736
-245082
-49116
154327
334275
463332
521850
500921
403730
245074
49108
-154335
-334281
-463335
-521850
-500917
-403724
-245067
-49100
154342
334286
463338
521850
500914
403718
245059
49091
-154350
-334292
-463341
-521850
-500911
-403712
-245051
-49083
154358
334299
463345
521851
500909
403707
245044
49075
-154365
-334304
-463348
-521851
-500906
-403702
-245037
-49067
154373
334310
463351
521851
500903
403696
245029
49059
-154380
-334316
-463355
-521852
-500901
-403691
-245023
-49052
154387
334322
463359
521853
500899
403687
245016
49043
-154396
-334329
-463364
-521855
-500897
-403681
-245008
-49035
154404
334336
463368
521856
500895
403677
245002
49027
-154411
-334342
-463372
-521857
-500893
-403672
-244995
-49019
154419
334348
463375
521857
500890
403666
244987
49011
-154427
-334354
-463378
-521857
-500887
-403661
-244981
-49004
154433
334359
463381
521857
500885
403657
244975
48997
-154440
-334365
-463385
-521859
-500884
-403653
-244969
-48990
154447
334371
463389
521860
500881
403647
244961
48982
-154454
-334376
-463392
-521860
-500879
-403643
-244955
-48975
154461
334382
463395
521860
500876
403637
244947
48966
-154470
-334389
-463400
-521861
-500873
-403631
-244939
-48957
154478
334395
463403
521861
500870
403625
244932
48950
-154485
-334400
-463406
-521862
-500868
-403621
-244926
-48942
154493
334407
463410
521863
500866
403616
244919
48935
-154500
-334413
-463414
-521864
-500864
-403612
-244913
-48928
154506
334418
463417
521864
500862
403607
244906
48920
-154514
-334424
-463421
-521865
-500859
-403601
-244898
-48911
154522
334430
463424
521865
500856
403595
244890
48902
-154531
-334438
-463429
-521867
-500855
-403591
-244883
-48894
154539
334445
463434
521869
500853
403586
244876
48886
-154547
-334451
-463437
-521868
-500849
-403579
-244868
-48877
154555
334457
463440
521868
500846
403574
244861
48870
-154561
-334462
-463443
-521869
-500844
-403570
-244855
-48863
154568
334467
463446
521869
500841
403564
244848
48855
-154575
-334473
-463449
-521869
-500838
-403558
-244840
-48847
154582
334478
463452
521869
500835
403553
244833
48839
-154590
-334484
-463455
-521869
-500832
-403547
-244825
-48831
154597
334489
463458
521869
500829
403542
244818
48823
-154605
-334496
-463463
-521871
-500828
-403538
-244813
-48817
154612
334502
463467
521872
500826
403533
244805
48807
-154621
-334510
-463472
-521874
-500824
-403528
-244797
-48798
154630
334517
463476
521875
500822
403523
244791
48791
-154637
-334522
-463479
-521875
-500820
-403519
-244785
-48784
154644
334529
463484
521878
500819
403515
244779
48777
-154651
-334534
-463487
-521878
-500817
-403510
-244772
-48769
154659
334541
463492
521880
500816
403506
244766
48762
-154665
-334546
-463495
-521880
-500813
-403501
-244759
-48754
154673
334552
463498
521880
500810
403496
244753
48748
-154679
-334557
-463501
-521881
-500808
-403491
-244746
-48740
154686
334562
463504
521881
500806
403487
244740
48733
-154693
-334568
-463508
-521882
-500804
-403482
-244733
-48725
154701
334575
463513
521884
500802
403477
244726
48717
-154709
-334582
-463517
-521885
-500800
-403472
-244719
-48709
154716
334587
463520
521885
500798
403468
244713
48702
-154724
-334594
-463524
-521886
-500795
-403462
-244705
-48693
154732
334600
463528
521887
500793
403457
244697
48684
-154741
-334608
-463533
-521889
-500791
-403452
-244690
-48676
154749
334615
463538
521891
500790
403448
244684
48669
-154756
-334620
-463541
-521891
-500787
-403442
-244676
-48660
154764
334626
463544
521891
500784
403436
244668
48651
-154773
-334633
-463548
-521892
-500782
-403431
-244661
-48643
154780
334639
463552
521893
500779
403426
244654
48635
-154788
-334646
-463556
-521894
-500777
-403421
-244647
-48628
154795
334652
463560
521895
500776
403417
244641
48620
-154803
-334658
-463564
-521896
-500773
-403411
-244633
-48611
154811
334664
463567
521896
500770
403405
244625
48603
-154819
-334670
-463571
-521897
-500768
-403401
-244619
-48596
154826
334677
463576
521899
500767
403397
244613
48588
-154834
-334684
-463580
-521900
-500765
-403392
-244606
-48580
154842
334690
463584
521901
500762
403386
244598
48571
-154850
-334696
-463587
-521901
-500759
-403380
-244590
-48563
154857
334702
463591
521902
500757
403376
244584
48556
-154864
-334708
-463595
-521903
-500755
-403371
-244577
-48548
154872
334714
463598
521903
500752
403366
244570
48540
-154879
-334719
-463601
-521903
-500750
-403361
-244564
-48534
154885
334724
463604
521904
500748
403357
244558
48527
-154892
-334729
-463607
-521904
-500745
-403352
-244551
-48519
154900
334736
463611
521905
500743
403347
244544
48511
-154907
-334742
-463615
-521906
-500741
-403342
-244537
-48503
154915
334748
463618
521906
500737
403335
244528
48494
-154923
-334755
-463623
-521907
-500735
-403330
-244521
-48486
154931
334761
463626
521908
500733
403326
244515
48479
-154938
-334767
-463630
-521909
-500731
-403321
-244509
-48472
154945
334772
463633
521909
500729
403316
244502
48464
-154952
-334778
-463636
-521909
-500725
-403310
-244494
-48455
154960
334784
463639
521909
500722
403304
244486
48447
-154968
-334790
-463643
-521910
-500720
-403299
-244479
-48439
154975
334795
463645
521909
500716
403293
244472
48431
-154983
-334802
-463650
-521910
-500714
-403288
-244464
-48422
154991
334808
463653
521911
500712
403283
244457
48414
-154999
-334815
-463658
-521912
-500709
-403277
-244449
-48405
155008
334822
463662
521913
500707
403272
244442
48398
-155015
-334828
-463666
-521914
-500705
-403267
-244435
-48390
155022
334833
463669
521914
500702
403262
244428
48382
-155030
-334840
-463673
-521916
-500701
-403258
-244422
-48375
155037
334846
463677
521916
500698
403252
244414
48366
-155045
-334852
-463681
-521918
-500697
-403249
-244409
-48359
155053
334859
463686
521920
500696
403244
244401
48350
-155061
-334866
-463690
-521920
-500692
-403238
-244394
-48343
155068
334871
463692
521920
500689
403232
244386
48335
-155075
-334876
-463694
-521919
-500685
-403226
-244378
-48326
155084
334883
463699
521920
500683
403221
244371
48318
-155091
-334889
-463702
-521920
-500680
-403215
-244364
-48310
155099
334895
463706
521921
500678
403210
244357
48302
-155106
-334901
-463709
-521921
-500675
-403205
-244350
-48294
155114
334907
463713
521922
500672
403199
244342
48286
-155121
-334912
-463716
-521922
-500670
-403194
-244335
-48278
155129
334918
463719
521922
500666
403188
244328
48270
-155136
-334924
-463723
-521923
-500665
-403184
-244322
-48263
155143
334930
463726
521923
500662
403178
244314
48255
-155151
-334936
-463730
-521925
-500660
-403174
-244308
-48248
155158
334942
463734
521926
500659
403170
244302
48241
-155165
-334948
-463737
-521926
-500656
-403165
-244295
-48233
155172
334954
463742
521928
500655
403161
244289
48226
-155179
-334959
-463745
-521929
-500653
-403157
-244283
-48219
155186
334965
463749
521930
500651
403152
244276
48211
-155193
-334970
-463751
-521929
-500647
-403145
-244268
-48203
155201
334976
463754
521929
500644
403139
244259
48193
-155210
-334984
-463759
-521930
-500641
-403134
-244252
-48185
155218
334990
463763
521931
500640
403130
244247
48179
-155224
-334996
-463767
-521933
-500638
-403125
-244240
-48171
155232
335002
463770
521933
500635
403119
244232
48162
-155240
-335008
-463774
-521934
-500633
-403115
-244226
-48155
155247
335014
463777
521934
500630
403109
244218
48146
-155256
-335021
-463782
-521936
-500629
-403105
-244211
-48138
155264
335028
463787
521938
500628
403101
244205
48130
-155272
-335035
-463791
-521939
-500626
-403096
-244198
-48122
155280
335041
463795
521940
500623
403090
244190
48114
-155287
-335047
-463799
-521941
-500622
-403087
-244185
-48108
155293
335052
463802
521942
500620
403083
244179
48101
-155300
-335058
-463806
-521943
-500618
-403078
-244172
-48093
155308
335065
463811
521945
500617
403074
244166
48086
-155315
-335071
-463814
-521945
-500614
-403068
-244158
-48077
155323
335077
463818
521946
500612
403063
244151
48069
-155331
-335083
-463821
-521946
-500609
-403058
-244144
-48061
155339
335089
463825
521947
500606
403052
244136
48052
-155347
-335096
-463829
-521947
-500603
-403046
-244128
-48044
155355
335102
463832
521947
500600
403040
244121
48036
-155362
-335107
-463835
-521948
-500598
-403036
-244114
-48028
155370
335114
463839
521948
500595
403030
244107
48021
-155376
-335118
-463841
-521948
-500592
-403025
-244101
-48014
155383
335124
463844
521948
500589
403019
244093
48005
-155391
-335130
-463848
-521949
-500587
-403015
-244087
-47999
155397
335135
463851
521949
500584
403009
244079
47990
-155405
-335141
-463854
-521949
-500581
-403004
-244073
-47983
155412
335146
463857
521949
500579
402999
244066
47976
-155418
-335151
-463860
-521950
-500577
-402995
-244060
-47968
155426
335158
463864
521950
500573
402988
244051
47959
-155434
-335163
-463866
-521949
-500570
-402983
-244045
-47953
155440
335168
463869
521950
500568
402978
244038
47945
-155447
-335174
-463873
-521951
-500566
-402974
-244032
-47938
155454
335180
463877
521953
500565
402970
244026
47930
-155462
-335186
-463881
-521953
-500562
-402964
-244018
-47922
155470
335192
463884
521953
500559
402959
244011
47914
-155477
-335198
-463888
-521955
-500558
-402955
-244005
-47907
155484
335204
463892
521955
500555
402949
243997
47898
-155493
-335211
-463896
-521956
-500553
-402944
-243990
-47890
155501
335218
463901
521958
500551
402939
243983
47882
-155509
-335225
-463905
-521959
-500549
-402934
-243976
-47874
155516
335230
463908
521959
500546
402929
243969
47867
-155523
-335236
-463912
-521961
-500545
-402925
-243963
-47859
155531
335243
463917
521963
500544
402921
243956
47851
-155539
-335250
-463921
-521964
-500542
-402916
-243949
-47842
155548
335257
463926
521966
500540
402911
243942
47834
-155556
-335264
-463931
-521968
-500539
-402906
-243934
-47825
155565
335271
463935
521968
500536
402901
243927
47817
-155572
-335277
-463939
-521969
-500534
-402896
-243920
-47809
155580
335283
463942
521969
500530
402890
243912
47801
-155587
-335289
-463945
-521969
-500528
-402885
-243906
-47794
155594
335294
463948
521970
500526
402880
243899
47786
-155602
-335301
-463952
-521970
-500522
-402873
-243890
-47776
155611
335307
463955
521970
500519
402867
243882
47768
-155619
-335314
-463960
-521971
-500516
-402861
-243874
-47759
155627
335320
463963
521971
500513
402856
243868
47753
-155632
-335324
-463965
-521971
-500511
-402851
-243861
-47745
155640
335330
463968
521971
500508
402846
243854
47737
-155647
-335335
-463971
-521971
-500505
-402841
-243847
-47729
155655
335342
463975
521972
500503
402836
243840
47721
-155663
-335349
-463980
-521974
-500501
-402831
-243833
-47713
155671
335355
463984
521975
500499
402826
243825
47704
-155679
-335362
-463988
-521976
-500497
-402821
-243819
-47697
155687
335369
463993
521978
500496
402817
243812
47689
-155694
-335374
-463996
-521978
-500493
-402812
-243806
-47682
155701
335380
464000
521980
500492
402808
243800
47675
-155708
-335385
-464003
-521980
-500490
-402804
-243794
-47668
155715
335391
464006
521980
500487
402799
243788
47662
-155721
-335396
-464010
-521981
-500485
-402794
-243781
-47654
155728
335402
464014
521983
500484
402790
243774
47646
-155736
-335409
-464018
-521984
-500482
-402785
-243767
-47637
155745
335416
464022
521985
500480
402780
243760
47629
-155753
-335423
-464027
-521987
-500478
-402775
-243753
-47621
155761
335430
464032
521989
500477
402771
243746
47613
-155769
-335436
-464036
-521990
-500475
-402766
-243739
-47605
155777
335443
464041
521992
500473
402761
243732
47597
-155785
-335450
-464045
-521993
-500471
-402756
-243725
-47588
155793
335456
464048
521993
500468
402751
243718
47581
-155800
-335461
-464051
-521993
-500465
-402745
-243710
-47572
155808
335468
464055
521993
500462
402739
243702
47563
-155817
-335475
-464060
-521995
-500460
-402734
-243695
-47555
155825
335482
464064
521996
500458
402729
243687
47546
-155834
-335489
-464068
-521996
-500454
-402722
-243679
-47538
155840
335493
464070
521996
500452
402718
243673
47530
-155849
-335501
-464075
-521997
-500449
-402712
-243665
-47522
155856
335506
464078
521997
500446
402706
243657
47513
-155864
-335512
-464081
-521997
-500443
-402701
-243651
-47507
155870
335517
464084
521998
500442
402697
243645
47499
-155878
-335523
-464088
-521999
-500439
-402691
-243637
-47491
155885
335529
464091
521999
500436
402686
243630
47483
-155893
-335535
-464094
-521999
-500433
-402680
-243622
-47475
155900
335541
464098
522000
500431
402676
243617
47469
-155906
-335546
-464101
-522001
-500430
-402672
-243610
-47461
155914
335552
464105
522001
500426
402665
243602
47452
-155922
-335558
-464108
-522001
-500423
-402660
-243595
-47444
155930
335565
464113
522003
500422
402656
243588
47436
-155938
-335572
-464118
-522005
-500421
-402651
-243581
-47428
155946
335579
464122
522006
500419
402647
243575
47420
-155954
-335585
-464126
-522007
-500417
-402642
-243568
-47412
155962
335591
464129
522007
500414
402636
243560
47404
-155969
-335597
-464133
-522008
-500412
-402632
-243554
-47397
155976
335603
464137
522010
500411
402628
243548
47390
-155983
-335609
-464141
-522011
-500409
-402623
-243541
-47382
155991
335615
464145
522012
500407
402619
243535
47375
-155998
-335621
-464149
-522013
-500405
-402614
-243528
-47367
156005
335627
464152
522013
500402
402609
243521
47359
-156013
-335633
-464156
-522014
-500399
-402602
-243513
-47350
156021
335639
464159
522014
500396
402597
243506
47343
-156028
-335645
-464163
-522015
-500395
-402593
-243500
-47336
156035
335651
464167
522017
500393
402588
243492
47327
-156044
-335658
-464170
-522016
-500389
-402582
-243485
-47319
156051
335664
464175
522018
500388
402578
243478
47311
-156059
-335671
-464179
-522019
-500386
-402573
-243471
-47302
156068
335678
464183
522020
500383
402567
243463
47293
-156077
-335685
-464188
-522022
-500382
-402562
-243455
-47284
156085
335691
464191
522022
500379
402557
243448
47276
-156093
-335698
-464196
-522023
-500376
-402551
-243441
-47269
156100
335704
464199
522024
500374
402546
243434
47261
-156107
-335709
-464202
-522024
-500372
-402542
-243428
-47254
156114
335715
464206
522025
500370
402537
243421
47246
-156122
-335722
-464211
-522027
-500368
-402532
-243414
-47238
156130
335728
464214
522027
500366
402528
243408
47231
-156137
-335734
-464218
-522028
-500364
-402523
-243401
-47223
156144
335740
464222
522029
500361
402517
243393
47214
-156153
-335747
-464226
-522030
-500358
-402511
-243384
-47204
156162
335754
464230
522030
500355
402505
243377
47197
-156168
-335758
-464231
-522029
-500352
-402500
-243370
-47189
156176
335765
464236
522030
500349
402494
243362
47180
-156185
-335772
-464240
-522031
-500347
-402489
-243355
-47172
156193
335778
464244
522032
500344
402483
243347
47163
-156201
-335784
-464247
-522032
-500341
-402477
-243340
-47156
156207
335789
464250
522032
500339
402473
243333
47148
-156215
-335796
-464254
-522033
-500337
-402468
-243326
-47140
156223
335803
464259
522035
500335
402463
243319
47132
-156231
-335809
-464262
-522035
-500332
-402457
-243311
-47123
156240
335816
464267
522037
500330
402452
243304
47114
-156248
-335823
-464271
-522038
-500329
-402448
-243298
-47107
156255
335829
464275
522039
500327
402443
243291
47099
-156263
-335835
-464279
-522040
-500324
-402437
-243282
-47090
156272
335842
464283
522040
500320
402431
243274
47081
-156280
-335848
-464286
-522040
-500317
-402425
-243267
-47073
156287
335854
464290
522041
500316
402421
243260
47065
-156295
-335860
-464293
-522041
-500313
-402416
-243254
-47059
156301
335865
464296
522042
500311
402411
243247
47050
-156310
-335873
-464302
-522044
-500309
-402406
-243239
-47041
156319
335881
464307
522046
500308
402402
243233
47034
-156326
-335886
-464310
-522046
-500305
-402396
-243225
-47025
156334
335892
464313
522046
500302
402390
243217
47016
-156342
-335899
-464317
-522047
-500299
-402384
-243209
-47008
156350
335905
464321
522048
500297
402380
243203
47000
-156358
-335912
-464326
-522050
-500296
-402375
-243196
-46992
156366
335919
464330
522051
500294
402371
243190
46985
-156373
-335924
-464333
-522051
-500291
-402365
-243182
-46977
156380
335929
464336
522051
500288
402360
243175
46969
-156388
-335936
-464340
-522052
-500286
-402355
-243168
-46961
156395
335941
464343
522052
500283
402349
243160
46952
-156404
-335949
-464348
-522054
-500281
-402344
-243153
-46944
156412
335955
464352
522055
500279
402339
243146
46936
-156420
-335962
-464357
-522057
-500278
-402335
-243140
-46929
156427
335968
464361
522058
500276
402330
243133
46921
-156435
-335975
-464365
-522059
-500274
-402326
-243126
-46912
156444
335982
464370
522061
500272
402321
243119
46904
-156452
-335989
-464374
-522062
-500270
-402315
-243111
-46895
156460
335995
464378
522063
500268
402311
243105
46888
-156467
-336001
-464382
-522064
-500266
-402306
-243098
-46880
156475
336008
464387
522066
500265
402302
243092
46873
-156482
-336014
-464390
-522066
-500262
-402297
-243085
-46865
156490
336020
464394
522067
500260
402292
243078
46857
-156498
-336027
-464398
-522068
-500257
-402286
-243070
-46848
156506
336033
464402
522069
500255
402281
243063
46840
-156514
-336040
-464406
-522070
-500253
-402276
-243055
-46831
156523
336047
464410
522070
500249
402269
243047
46823
-156530
-336053
-464414
-522072
-500248
-402265
-243040
-46814
156539
336060
464418
522072
500244
402258
243032
46806
-156546
-336065
-464421
-522072
-500242
-402254
-243026
-46799
156553
336071
464425
522073
500240
402249
243018
46790
-156562
-336078
-464429
-522074
-500237
-402243
-243011
-46782
156569
336084
464433
522075
500235
402238
243004
46774
-156577
-336090
-464436
-522075
-500232
-402232
-242995
-46764
156586
336097
464440
522075
500228
402225
242987
46756
-156593
-336102
-464442
-522074
-500225
-402220
-242980
-46748
156601
336108
464446
522075
500222
402214
242972
46739
-156609
-336115
-464450
-522076
-500220
-402209
-242965
-46731
156617
336122
464455
522078
500218
402204
242958
46723
-156625
-336128
-464458
-522078
-500216
-402199
-242951
-46715
156633
336135
464463
522080
500214
402194
242943
46706
-156642
-336142
-464467
-522080
-500211
-402188
-242935
-46697
156650
336148
464470
522080
500208
402183
242929
46691
-156656
-336153
-464473
-522081
-500206
-402179
-242923
-46684
156662
336158
464476
522081
500203
402174
242917
46677
-156669
-336163
-464479
-522081
-500200
-402168
-242909
-46669
156676
336169
464482
522082
500199
402164
242903
46662
-156683
-336174
-464486
-522083
-500197
-402160
-242897
-46655
156690
336180
464489
522083
500194
402154
242890
46648
-156696
-336184
-464491
-522083
-500191
-402149
-242883
-46640
156704
336191
464495
522084
500189
402144
242876
46632
-156712
-336198
-464500
-522085
-500187
-402139
-242868
-46623
156720
336204
464503
522085
500184
402134
242862
46616
-156727
-336210
-464507
-522087
-500183
-402130
-242856
-46609
156734
336216
464511
522088
500181
402125
242849
46601
-156742
-336222
-464515
-522089
-500179
-402120
-242842
-46593
156750
336229
464519
522090
500177
402116
242836
46586
-156756
-336234
-464522
-522091
-500175
-402111
-242829
-46578
156764
336240
464526
522092
500173
402106
242822
46570
-156772
-336247
-464530
-522092
-500170
-402101
-242815
-46562
156780
336253
464534
522093
500167
402095
242807
46554
-156787
-336258
-464536
-522092
-500164
-402090
-242801
-46547
156793
336263
464539
522093
500162
402085
242794
46539
-156801
-336269
-464543
-522094
-500160
-402080
-242786
-46530
156810
336276
464547
522094
500156
402073
242778
46522
-156817
-336282
-464551
-522095
-500154
-402069
-242772
-46515
156824
336287
464553
522095
500152
402064
242765
46507
-156831
-336293
-464557
-522095
-500148
-402058
-242757
-46498
156840
336300
464561
522096
500146
402053
242750
46490
-156848
-336307
-464566
-522098
-500144
-402047
-242742
-46481
156856
336313
464569
522098
500142
402043
242736
46474
-156863
-336319
-464573
-522099
-500140
-402038
-242729
-46466
156871
336326
464577
522100
500137
402032
242721
46458
-156878
-336331
-464580
-522100
-500135
-402028
-242715
-46451
156885
336336
464583
522101
500133
402023
242708
46443
-156892
-336342
-464586
-522100
-500129
-402017
-242701
-46435
156900
336348
464590
522101
500126
402011
242693
46427
-156908
-336354
-464593
-522102
-500125
-402007
-242687
-46420
156914
336359
464596
522102
500122
402002
242681
46413
-156921
-336365
-464600
-522103
-500120
-401997
-242673
-46404
156929
336371
464603
522103
500117
401992
242667
46398
-156935
-336376
-464606
-522104
-500115
-401988
-242661
-46391
156942
336382
464610
522105
500114
401984
242655
46383
-156950
-336389
-464615
-522107
-500112
-401979
-242648
-46375
156958
336396
464620
522109
500111
401974
242640
46366
-156967
-336403
-464624
-522110
-500108
-401969
-242633
-46358
156974
336408
464626
522108
500104
401963
242626
46351
-156981
-336413
-464629
-522109
-500102
-401958
-242619
-46343
156988
336419
464633
522110
500099
401952
242611
46334
-156997
-336427
-464638
-522111
-500097
-401947
-242603
-46325
157005
336432
464640
522110
500093
401941
242596
46318
-157012
-336438
-464644
-522111
-500091
-401936
-242589
-46310
157020
336445
464648
522112
500089
401931
242582
46302
-157027
-336450
-464651
-522112
-500086
-401925
-242574
-46293
157035
336456
464654
522112
500083
401920
242568
46286
-157042
-336462
-464658
-522114
-500082
-401916
-242561
-46278
157050
336469
464663
522116
500080
401911
242554
46270
-157058
-336475
-464666
-522115
-500076
-401905
-242547
-46263
157065
336481
464670
522117
500075
401900
242539
46254
-157073
-336487
-464674
-522117
-500072
-401895
-242533
-46247
157080
336493
464677
522117
500069
401889
242525
46238
-157088
-336499
-464680
-522117
-500066
-401884
-242518
-46230
157096
336505
464684
522118
500064
401879
242511
46222
-157104
-336512
-464689
-522120
-500062
-401874
-242504
-46214
157112
336519
464693
522121
500060
401869
242497
46206
-157119
-336524
-464696
-522121
-500058
-401865
-242491
-46199
157126
336530
464700
522123
500057
401861
242485
46192
-157133
-336535
-464703
-522123
-500054
-401856
-242478
-46185
157140
336542
464708
522125
500053
401851
242471
46176
-157148
-336548
-464711
-522126
-500051
-401847
-242465
-46169
157155
336554
464715
522127
500049
401842
242458
46161
-157163
-336560
-464719
-522128
-500047
-401837
-242451
-46153
157171
336567
464723
522129
500044
401832
242444
46146
-157178
-336573
-464727
-522130
-500043
-401828
-242438
-46138
157186
336579
464731
522131
500041
401823
242431
46131
-157192
-336584
-464734
-522131
-500038
-401818
-242425
-46124
157199
336590
464737
522132
500036
401813
242418
46116
-157207
-336596
-464741
-522133
-500034
-401808
-242410
-46107
157215
336602
464744
522132
500030
401802
242403
46100
-157221
-336607
-464747
-522133
-500028
-401798
-242397
-46093
157229
336614
464752
522135
500027
401793
242389
46084
-157237
-336620
-464756
-522136
-500025
-401789
-242383
-46076
157245
336627
464760
522137
500023
401784
242377
46070
-157251
-336632
-464763
-522138
-500021
-401780
-242371
-46063
157258
336638
464767
522139
500020
401776
242365
46056
-157265
-336644
-464771
-522140
-500017
-401770
-242357
-46047
157274
336651
464775
522141
500015
401765
242350
46039
-157282
-336657
-464779
-522142
-500012
-401759
-242342
-46030
157290
336664
464783
522143
500010
401755
242335
46022
-157298
-336670
-464787
-522143
-500007
-401749
-242328
-46014
157305
336675
464789
522142
500003
401743
242320
46006
-157312
-336681
-464793
-522144
-500002
-401739
-242314
-45998
157321
336689
464798
522145
500000
401734
242307
45990
-157328
-336694
-464801
-522146
-499998
-401729
-242300
-45983
157335
336700
464805
522147
499996
401724
242293
45975
-157343
-336707
-464810
-522149
-499995
-401721
-242287
-45967
157351
336714
464814
522150
499993
401715
242279
45958
-157359
-336720
-464818
-522151
-499990
-401710
-242272
-45951
157366
336725
464821
522151
499988
401705
242266
45944
-157373
-336731
-464824
-522152
-499986
-401701
-242260
-45936
157381
336738
464829
522154
499985
401697
242254
45930
-157387
-336743
-464832
-522154
-499982
-401692
-242247
-45922
157394
336748
464835
522155
499981
401688
242241
45915
-157401
-336754
-464839
-522156
-499978
-401682
-242234
-45907
157409
336760
464842
522156
499975
401677
242227
45900
-157415
-336765
-464845
-522156
-499973
-401672
-242220
-45892
157423
336771
464848
522156
499969
401666
242212
45883
-157431
-336777
-464852
-522157
-499967
-401661
-242205
-45875
157439
336784
464856
522157
499964
401655
242197
45867
-157447
-336790
-464860
-522158
-499962
-401650
-242190
-45859
157454
336796
464863
522158
499959
401645
242183
45851
-157462
-336802
-464867
-522159
-499957
-401640
-242177
-45844
157468
336807
464870
522160
499955
401636
242171
45837
-157475
-336813
-464874
-522161
-499953
-401631
-242164
-45829
157483
336819
464877
522161
499950
401626
242157
45822
-157489
-336824
-464880
-522162
-499949
-401622
-242151
-45815
157496
336830
464884
522163
499946
401616
242143
45806
-157505
-336837
-464888
-522163
-499943
-401610
-242135
-45797
157513
336843
464891
522163
499940
401605
242128
45789
-157521
-336849
-464894
-522163
-499936
-401598
-242119
-45780
157529
336856
464899
522165
499935
401594
242113
45772
-157537
-336862
-464902
-522164
-499931
-401587
-242105
-45764
157544
336867
464904
522163
499927
401581
242097
45756
-157551
-336872
-464907
-522163
-499924
-401575
-242089
-45747
157560
336880
464912
522165
499922
401569
242081
45738
-157569
-336887
-464916
-522166
-499920
-401565
-242074
-45729
157578
336895
464922
522168
499918
401559
242066
45720
-157586
-336901
-464925
-522168
-499915
-401554
-242059
-45713
157593
336906
464928
522168
499912
401548
242052
45705
-157600
-336911
-464930
-522167
-499908
-401542
-242044
-45697
157607
336917
464934
522168
499906
401537
242037
45688
-157617
-336926
-464940
-522171
-499905
-401533
-242030
-45680
157625
336932
464944
522172
499903
401528
242023
45672
-157632
-336938
-464948
-522173
-499901
-401522
-242015
-45663
157641
336945
464952
522174
499899
401518
242009
45656
-157648
-336951
-464956
-522175
-499897
-401513
-242002
-45648
157655
336957
464959
522175
499894
401508
241995
45640
-157663
-336963
-464963
-522176
-499892
-401503
-241989
-45634
157669
336968
464966
522177
499890
401499
241983
45626
-157677
-336974
-464970
-522178
-499888
-401494
-241975
-45618
157684
336980
464973
522178
499885
401488
241968
45610
-157692
-336986
-464977
-522179
-499883
-401483
-241960
-45601
157701
336994
464982
522180
499881
401479
241954
45594
-157707
-336999
-464985
-522181
-499879
-401474
-241947
-45586
157715
337005
464989
522182
499876
401468
241940
45578
-157723
-337012
-464993
-522183
-499874
-401463
-241933
-45570
157731
337018
464997
522183
499871
401457
241925
45561
-157739
-337024
-465000
-522183
-499868
-401451
-241917
-45553
157747
337031
465004
522184
499866
401447
241910
45544
-157755
-337037
-465008
-522185
-499863
-401441
-241903
-45537
157762
337043
465012
522186
499861
401436
241895
45528
-157770
-337049
-465015
-522186
-499858
-401430
-241887
-45519
157779
337056
465019
522187
499856
401425
241881
45512
-157786
-337062
-465023
-522188
-499854
-401421
-241875
-45505
157793
337068
465027
522189
499852
401416
241868
45497
-157801
-337075
-465031
-522190
-499850
-401411
-241860
-45488
157810
337082
465036
522192
499848
401406
241853
45480
-157817
-337088
-465040
-522193
-499846
-401401
-241846
-45472
157825
337094
465043
522193
499843
401395
241838
45463
-157833
-337100
-465046
-522193
-499839
-401389
-241831
-45456
157840
337106
465050
522194
499838
401385
241825
45448
-157848
-337112
-465054
-522195
-499836
-401380
-241818
-45441
157854
337117
465057
522195
499833
401376
241812
45434
-157861
-337123
-465061
-522197
-499832
-401371
-241805
-45426
157869
337129
465064
522196
499828
401365
241797
45417
-157877
-337135
-465067
-522196
-499825
-401359
-241790
-45410
157883
337140
465070
522197
499823
401355
241784
45403
-157890
-337146
-465074
-522198
-499821
-401350
-241777
-45395
157898
337152
465077
522198
499818
401345
241770
45387
-157905
-337158
-465081
-522199
-499816
-401340
-241763
-45379
157913
337164
465085
522200
499814
401335
241756
45371
-157921
-337171
-465089
-522201
-499812
-401330
-241748
-45362
157930
337178
465093
522201
499808
401323
241740
45354
-157937
-337183
-465096
-522202
-499806
-401318
-241733
-45346
157945
337190
465100
522202
499803
401313
241726
45338
-157952
-337195
-465103
-522202
-499800
-401307
-241718
-45330
157959
337200
465105
522201
499796
401301
241711
45322
-157967
-337207
-465110
-522203
-499795
-401297
-241705
-45315
157974
337213
465113
522203
499792
401292
241698
45307
-157981
-337218
-465116
-522204
-499790
-401287
-241691
-45299
157989
337224
465120
522204
499787
401281
241683
45291
-157996
-337230
-465123
-522205
-499785
-401277
-241678
-45285
158002
337235
465126
522205
499783
401272
241671
45277
-158010
-337241
-465129
-522205
-499779
-401266
-241663
-45269
158017
337247
465133
522206
499777
401261
241656
45261
-158025
-337253
-465136
-522206
-499774
-401255
-241648
-45252
158033
337259
465140
522207
499772
401251
241642
45245
-158040
-337265
-465144
-522208
-499770
-401246
-241635
-45237
158048
337271
465147
522208
499767
401241
241629
45231
-158053
-337274
-465148
-522207
-499764
-401236
-241622
-45223
158061
337281
465152
522208
499762
401231
241616
45216
-158067
-337286
-465155
-522208
-499759
-401226
-241609
-45209
158074
337291
465158
522208
499756
401220
241601
45201
-158081
-337297
-465162
-522209
-499754
-401215
-241594
-45193
158089
337303
465165
522209
499751
401210
241588
45186
-158096
-337309
-465169
-522211
-499750
-401206
-241581
-45177
158105
337317
465175
522213
499749
401202
241575
45170
-158112
-337322
-465178
-522214
-499747
-401197
-241568
-45162
158120
337329
465182
522215
499744
401191
241560
45153
-158128
-337335
-465185
-522214
-499740
-401185
-241552
-45145
158135
337340
465188
522214
499737
401179
241544
45136
-158143
-337346
-465190
-522213
-499733
-401173
-241537
-45128
158151
337352
465194
522214
499731
401167
241529
45120
-158158
-337358
-465198
-522215
-499729
-401163
-241523
-45113
158165
337364
465202
522216
499727
401158
241516
45105
-158173
-337371
-465206
-522218
-499726
-401155
-241511
-45099
158179
337376
465210
522219
499724
401150
241504
45090
-158188
-337383
-465214
-522220
-499722
-401145
-241497
-45083
158195
337389
465218
522221
499720
401141
241491
45076
-158202
-337394
-465221
-522222
-499718
-401136
-241484
-45068
158209
337400
465225
522222
499715
401130
241476
45059
-158217
-337406
-465227
-522221
-499711
-401124
-241469
-45052
158224
337411
465230
522221
499708
401119
241462
45045
-158230
-337416
-465233
-522221
-499706
-401114
-241455
-45036
158239
337423
465237
522222
499703
401108
241448
45029
-158246
-337429
-465241
-522223
-499701
-401103
-241440
-45020
158254
337435
465244
522224
499699
401098
241433
45012
-158262
-337442
-465249
-522225
-499696
-401092
-241425
-45003
158270
337448
465252
522225
499694
401088
241419
44996
-158277
-337454
-465256
-522226
-499691
-401082
-241412
-44988
158285
337460
465260
522227
499689
401077
241405
44980
-158292
-337465
-465262
-522226
-499686
-401072
-241398
-44973
158299
337471
465266
522228
499684
401067
241391
44965
-158307
-337478
-465270
-522228
-499681
-401062
-241384
-44957
158314
337483
465273
522229
499679
401057
241377
44949
-158322
-337490
-465277
-522229
-499676
-401051
-241369
-44940
158331
337497
465282
522231
499675
401047
241362
44932
-158339
-337504
-465286
-522232
-499672
-401041
-241355
-44925
158345
337508
465288
522232
499670
401037
241349
44917
-158353
-337515
-465293
-522234
-499668
-401031
-241341
-44908
158361
337521
465296
522233
499664
401025
241333
44900
-158368
-337526
-465298
-522232
-499660
-401019
-241325
-44892
158376
337532
465302
522233
499658
401014
241318
44883
-158385
-337540
-465307
-522235
-499656
-401009
-241311
-44875
158393
337546
465310
522235
499653
401003
241303
44867
-158400
-337552
-465314
-522235
-499650
-400997
-241295
-44858
158408
337558
465317
522235
499647
400991
241287
44849
-158417
-337565
-465321
-522235
-499643
-400984
-241278
-44840
158425
337571
465324
522235
499640
400978
241270
44831
-158433
-337577
-465327
-522235
-499636
-400972
-241263
-44823
158441
337583
465331
522236
499634
400967
241256
44816
-158447
-337588
-465334
-522236
-499632
-400963
-241250
-44808
158455
337595
465338
522237
499629
400957
241242
44800
-158462
-337599
-465340
-522236
-499626
-400952
-241236
-44794
158468
337605
465344
522238
499625
400948
241230
44786
-158476
-337612
-465349
-522240
-499624
-400944
-241223
-44778
158484
337618
465352
522240
499621
400939
241217
44771
-158491
-337624
-465356
-522241
-499619
-400934
-241210
-44763
158499
337630
465360
522242
499617
400929
241203
44755
-158506
-337636
-465363
-522243
-499615
-400925
-241197
-44748
158513
337642
465367
522244
499613
400920
241190
44741
-158519
-337646
-465369
-522243
-499610
-400915
-241184
-44734
158526
337652
465373
522244
499608
400911
241178
44728
-158532
-337657
-465376
-522245
-499606
-400905
-241170
-44719
158541
337664
465380
522246
499604
400901
241163
44710
-158550
-337672
-465386
-522248
-499602
-400896
-241156
-44702
158558
337678
465389
522248
499599
400890
241149
44694
-158565
-337684
-465393
-522250
-499598
-400886
-241142
-44686
158573
337691
465398
522251
499596
400881
241135
44678
-158581
-337697
-465402
-522253
-499595
-400877
-241129
-44671
158588
337703
465405
522253
499592
400872
241122
44663
-158596
-337710
-465410
-522255
-499590
-400866
-241114
-44654
158604
337716
465413
522254
499586
400860
241106
44646
-158611
-337721
-465416
-522255
-499584
-400855
-241099
-44637
158620
337729
465421
522256
499582
400850
241092
44629
-158628
-337735
-465425
-522257
-499579
-400844
-241084
-44620
158637
337742
465429
522258
499577
400839
241077
44613
-158643
-337747
-465431
-522257
-499573
-400833
-241069
-44604
158651
337753
465435
522258
499571
400828
241062
44596
-158659
-337760
-465439
-522259
-499569
-400824
-241056
-44589
158666
337766
465443
522260
499567
400819
241049
44581
-158674
-337772
-465447
-522261
-499565
-400814
-241042
-44573
158682
337779
465452
522263
499564
400810
241036
44566
-158689
-337785
-465455
-522264
-499562
-400806
-241030
-44559
158696
337791
465459
522265
499560
400801
241022
44550
-158705
-337798
-465464
-522267
-499559
-400797
-241016
-44543
158712
337804
465468
522268
499557
400792
241010
44536
-158719
-337810
-465472
-522269
-499555
-400787
-241003
-44528
158726
337815
465475
522270
499553
400783
240997
44521
-158733
-337821
-465479
-522271
-499551
-400778
-240990
-44513
158741
337828
465483
522272
499549
400774
240984
44506
-158748
-337834
-465487
-522273
-499547
-400769
-240977
-44498
158755
337839
465490
522274
499545
400764
240970
44490
-158763
-337845
-465493
-522273
-499541
-400758
-240962
-44482
158770
337851
465496
522273
499538
400752
240955
44475
-158776
-337855
-465498
-522272
-499535
-400747
-240949
-44468
158783
337861
465502
522274
499534
400744
240944
44462
-158789
-337866
-465505
-522275
-499532
-400739
-240937
-44454
158797
337872
465508
522274
499528
400733
240929
44446
-158804
-337877
-465510
-522273
-499524
-400726
-240921
-44437
158812
337883
465514
522274
499522
400722
240915
44430
-158819
-337889
-465518
-522276
-499521
-400718
-240909
-44424
158824
337893
465520
522275
499518
400713
240902
44416
-158832
-337899
-465524
-522276
-499516
-400709
-240896
-44409
158839
337905
465527
522277
499514
400704
240890
44402
-158846
-337911
-465532
-522279
-499513
-400700
-240884
-44395
158853
337917
465536
522280
499511
400695
240877
44387
-158861
-337923
-465539
-522280
-499508
-400690
-240870
-44379
158868
337929
465542
522280
499505
400684
240862
44371
-158875
-337934
-465545
-522280
-499502
-400679
-240855
-44363
158883
337940
465549
522282
499501
400675
240849
44356
-158890
-337946
-465552
-522282
-499498
-400670
-240843
-44349
158896
337951
465555
522282
499496
400665
240836
44342
-158903
-337956
-465558
-522282
-499493
-400660
-240829
-44334
158911
337963
465562
522283
499490
400654
240822
44326
-158918
-337968
-465565
-522283
-499488
-400650
-240816
-44319
158925
337974
465568
522283
499485
400644
240808
44311
-158932
-337979
-465571
-522284
-499483
-400639
-240801
-44303
158940
337985
465574
522283
499478
400632
240792
44293
-158949
-337992
-465578
-522284
-499476
-400626
-240784
-44285
158956
337997
465581
522283
499472
400620
240777
44277
-158964
-338004
-465585
-522284
-499470
-400615
-240770
-44269
158971
338009
465588
522285
499468
400611
240764
44262
-158978
-338015
-465592
-522286
-499466
-400606
-240757
-44254
158986
338021
465595
522286
499463
400600
240749
44246
-158993
-338027
-465599
-522287
-499461
-400596
-240743
-44239
159000
338033
465603
522288
499459
400591
240736
44231
-159008
-338039
-465606
-522289
-499457
-400587
-240730
-44224
159015
338045
465610
522289
499454
400581
240722
44215
-159023
-338051
-465613
-522289
-499451
-400575
-240715
-44208
159029
338056
465616
522290
499449
400571
240709
44201
-159036
-338061
-465619
-522290
-499447
-400567
-240704
-44196
159041
338065
465622
522291
499445
400562
240697
44187
-159050
-338072
-465625
-522290
-499441
-400556
-240689
-44179
159057
338078
465629
522292
499440
400552
240683
44172
-159064
-338084
-465633
-522293
-499438
-400547
-240676
-44164
159072
338090
465637
522294
499436
400543
240670
44157
-159079
-338096
-465640
-522294
-499433
-400537
-240662
-44148
159087
338102
465644
522295
499431
400533
240657
44142
-159093
-338107
-465647
-522296
-499429
-400528
-240650
-44135
159099
338112
465650
522296
499427
400524
240644
44128
-159106
-338118
-465654
-522298
-499426
-400520
-240638
-44120
159115
338126
465659
522299
499423
400514
240630
44111
-159123
-338132
-465663
-522300
-499421
-400509
-240622
-44103
159131
338138
465666
522300
499418
400503
240615
44095
-159138
-338144
-465670
-522301
-499416
-400498
-240608
-44087
159146
338150
465673
522301
499413
400493
240601
44080
-159152
-338154
-465675
-522301
-499410
-400488
-240595
-44073
159159
338160
465679
522302
499408
400483
240588
44066
-159165
-338165
-465682
-522302
-499406
-400479
-240582
-44058
159173
338171
465685
522302
499403
400474
240576
44052
-159179
-338176
-465688
-522303
-499402
-400470
-240570
-44045
159185
338181
465691
522304
499400
400466
240564
44038
-159192
-338187
-465695
-522305
-499398
-400461
-240557
-44030
159200
338193
465699
522306
499395
400455
240549
44021
-159209
-338200
-465703
-522306
-499392
-400449
-240541
-44012
159217
338207
465707
522307
499390
400444
240534
44005
-159224
-338212
-465710
-522308
-499388
-400440
-240528
-43998
159231
338218
465714
522308
499385
400435
240521
43990
-159238
-338223
-465716
-522308
-499382
-400429
-240514
-43983
159244
338227
465718
522307
499379
400424
240508
43976
-159251
-338233
-465722
-522308
-499377
-400419
-240501
-43968
159259
338240
465726
522309
499374
400414
240493
43959
-159267
-338246
-465730
-522310
-499372
-400408
-240485
-43950
159276
338253
465734
522310
499369
400403
240479
43943
-159283
-338259
-465738
-522312
-499368
-400399
-240472
-43935
159291
338266
465743
522314
499367
400395
240466
43928
-159298
-338272
-465747
-522316
-499366
-400391
-240459
-43919
159307
338279
465751
522316
499362
400384
240451
43911
-159314
-338285
-465754
-522316
-499359
-400379
-240444
-43903
159322
338291
465758
522317
499357
400374
240437
43895
-159330
-338298
-465762
-522318
-499355
-400369
-240430
-43887
159338
338305
465767
522320
499353
400364
240422
43878
-159346
-338311
-465770
-522320
-499350
-400358
-240414
-43869
159354
338317
465774
522320
499347
400353
240408
43863
-159360
-338322
-465777
-522321
-499346
-400349
-240402
-43856
159367
338328
465781
522322
499343
400343
240394
43847
-159376
-338335
-465785
-522323
-499341
-400338
-240387
-43839
159383
338341
465789
522324
499339
400333
240380
43831
-159391
-338347
-465792
-522324
-499336
-400328
-240373
-43823
159398
338352
465795
522324
499333
400323
240367
43816
-159405
-338358
-465799
-522325
-499331
-400318
-240360
-43809
159412
338364
465802
522325
499328
400313
240353
43801
-159419
-338369
-465805
-522325
-499325
-400307
-240345
-43793
159427
338375
465808
522325
499322
400301
240337
43784
-159435
-338381
-465811
-522325
-499319
-400295
-240330
-43776
159443
338388
465816
522327
499318
400291
240323
43767
-159452
-338396
-465821
-522329
-499316
-400286
-240315
-43758
159461
338403
465826
522330
499314
400281
240308
43750
-159469
-338410
-465830
-522331
-499311
-400275
-240301
-43743
159475
338414
465832
522331
499309
400271
240295
43736
-159482
-338420
-465836
-522332
-499307
-400266
-240287
-43726
159492
338428
465841
522333
499304
400260
240279
43718
-159499
-338434
-465845
-522334
-499302
-400255
-240272
-43709
159508
338441
465849
522335
499299
400249
240264
43701
-159515
-338446
-465852
-522335
-499297
-400244
-240257
-43693
159523
338452
465855
522335
499294
400239
240251
43686
-159530
-338459
-465860
-522337
-499292
-400234
-240244
-43678
159537
338464
465862
522336
499289
400229
240237
43671
-159544
-338470
-465866
-522338
-499288
-400225
-240231
-43663
159552
338477
465871
522340
499286
400220
240223
43654
-159561
-338484
-465875
-522340
-499283
-400214
-240216
-43647
159567
338488
465877
522340
499281
400210
240210
43640
-159574
-338495
-465882
-522342
-499279
-400205
-240203
-43632
159582
338501
465885
522342
499276
400199
240195
43623
-159590
-338507
-465889
-522343
-499274
-400194
-240188
-43615
159598
338514
465894
522345
499273
400190
240181
43607
-159606
-338521
-465898
-522346
-499271
-400186
-240175
-43599
159614
338527
465902
522347
499268
400180
240167
43591
-159622
-338533
-465905
-522346
-499264
-400173
-240159
-43583
159628
338537
465907
522346
499262
400169
240153
43576
-159635
-338543
-465910
-522346
-499259
-400164
-240147
-43569
159642
338548
465913
522346
499256
400158
240139
43561
-159649
-338554
-465917
-522347
-499254
-400153
-240132
-43553
159657
338561
465921
522348
499252
400149
240126
43546
-159664
-338566
-465924
-522349
-499250
-400144
-240119
-43538
159671
338572
465928
522350
499248
400139
240112
43530
-159679
-338578
-465932
-522351
-499246
-400135
-240106
-43523
159686
338584
465935
522351
499243
400129
240099
43516
-159692
-338588
-465937
-522351
-499241
-400125
-240093
-43509
159699
338594
465941
522352
499238
400119
240085
43500
-159707
-338600
-465944
-522352
-499235
-400113
-240077
-43491
159716
338607
465948
522352
499231
400106
240068
43482
-159724
-338613
-465951
-522351
-499227
-400100
-240060
-43473
159732
338619
465954
522351
499224
400094
240053
43466
-159739
-338625
-465958
-522352
-499222
-400089
-240045
-43456
159749
338633
465963
522353
499219
400083
240037
43447
-159757
-338639
-465966
-522353
-499216
-400077
-240030
-43440
159764
338645
465970
522355
499215
400074
240024
43433
-159771
-338651
-465974
-522356
-499213
-400069
-240017
-43425
159779
338657
465977
522356
499210
400063
240010
43417
-159786
-338663
-465981
-522357
-499208
-400058
-240002
-43408
159795
338670
465985
522358
499206
400054
239996
43401
-159801
-338675
-465988
-522358
-499203
-400048
-239989
-43393
159809
338681
465992
522359
499201
400044
239983
43386
-159816
-338687
-465995
-522359
-499198
-400038
-239975
-43378
159823
338692
465998
522359
499195
400032
239968
43371
-159829
-338697
-466001
-522360
-499193
-400028
-239962
-43363
159837
338703
466004
522359
499189
400021
239953
43354
-159845
-338709
-466007
-522359
-499186
-400015
-239945
-43345
159853
338715
466010
522359
499183
400010
239938
43338
-159860
-338721
-466014
-522360
-499180
-400004
-239930
-43329
159868
338726
466016
522359
499177
399999
239924
43322
-159875
-338732
-466020
-522360
-499175
-399994
-239917
-43315
159882
338738
466024
522361
499173
399989
239910
43306
-159891
-338745
-466028
-522362
-499170
-399983
-239902
-43298
159898
338751
466032
522363
499168
399978
239895
43289
-159907
-338758
-466036
-522364
-499166
-399974
-239889
-43283
159913
338763
466039
522365
499164
399969
239882
43275
-159920
-338769
-466043
-522365
-499161
-399963
-239874
-43266
159929
338777
466048
522367
499160
399960
239869
43260
-159935
-338781
-466051
-522368
-499158
-399955
-239862
-43252
159943
338787
466054
522367
499154
399949
239855
43245
-159949
-338792
-466056
-522367
-499152
-399945
-239849
-43238
159956
338798
466061
522369
499151
399941
239843
43230
-159964
-338805
-466065
-522371
-499150
-399937
-239837
-43223
159971
338811
466069
522372
499148
399932
239830
43216
-159977
-338815
-466071
-522371
-499144
-399926
-239823
-43208
159985
338821
466074
522371
499141
399921
239816
43201
-159991
-338826
-466077
-522371
-499138
-399915
-239808
-43192
159999
338832
466080
522371
499135
399910
239801
43185
-160006
-338837
-466083
-522372
-499134
-399906
-239796
-43179
160012
338842
466086
522372
499131
399901
239790
43172
-160018
-338847
-466089
-522372
-499128
-399896
-239783
-43165
160024
338851
466090
522371
499125
399891
239776
43158
-160031
-338856
-466093
-522371
-499122
-399885
-239769
-43150
160038
338862
466097
522372
499120
399881
239763
43143
-160046
-338869
-466102
-522374
-499119
-399877
-239757
-43135
160054
338876
466107
522376
499118
399873
239750
43127
-160061
-338881
-466109
-522376
-499115
-399867
-239743
-43120
160068
338887
466113
522377
499113
399863
239737
43113
-160075
-338893
-466117
-522378
-499111
-399858
-239730
-43105
160083
338899
466120
522378
499108
399853
239723
43097
-160091
-338906
-466125
-522380
-499106
-399847
-239715
-43088
160099
338912
466128
522379
499102
399841
239707
43080
-160106
-338917
-466131
-522380
-499100
-399836
-239700
-43071
160115
338925
466136
522381
499098
399831
239693
43063
-160123
-338931
-466139
-522381
-499095
-399826
-239686
-43056
160129
338936
466142
522382
499093
399821
239680
43049
-160136
-338941
-466145
-522382
-499090
-399816
-239673
-43042
160142
338945
466147
522382
499088
399812
239667
43035
-160149
-338952
-466152
-522384
-499087
-399808
-239661
-43027
160157
338959
466157
522386
499085
399803
239654
43019
-160165
-338965
-466160
-522386
-499083
-399798
-239647
-43012
160172
338971
466164
522387
499081
399793
239640
43004
-160179
-338976
-466167
-522387
-499078
-399788
-239634
-42997
160186
338982
466170
522387
499075
399783
239627
42990
-160192
-338986
-466172
-522387
-499073
-399779
-239621
-42983
160199
338992
466176
522388
499070
399773
239614
42975
-160206
-338997
-466178
-522387
-499067
-399768
-239607
-42968
160212
339001
466180
522387
499064
399763
239600
42960
-160220
-339008
-466184
-522387
-499061
-399757
-239593
-42953
160227
339013
466187
522388
499059
399752
239586
42945
-160234
-339018
-466189
-522387
-499055
-399746
-239578
-42937
160241
339024
466193
522388
499053
399741
239571
42929
-160249
-339030
-466196
-522387
-499049
-399735
-239564
-42921
160256
339036
466200
522389
499048
399731
239558
42914
-160263
-339041
-466203
-522389
-499046
-399727
-239552
-42907
160270
339047
466207
522390
499043
399721
239544
42899
-160277
-339052
-466209
-522389
-499040
-399716
-239538
-42892
160284
339058
466213
522391
499039
399712
239532
42885
-160291
-339064
-466217
-522392
-499036
-399706
-239524
-42876
160299
339070
466220
522391
499032
399699
239515
42867
-160308
-339077
-466224
-522392
-499030
-399695
-239509
-42860
160314
339082
466227
522392
499027
399689
239501
42851
-160323
-339089
-466231
-522393
-499025
-399684
-239494
-42843
160331
339096
466236
522395
499024
399680
239488
42836
-160337
-339100
-466238
-522395
-499021
-399675
-239482
-42829
160344
339106
466242
522396
499019
399671
239476
42822
-160351
-339112
-466245
-522396
-499016
-399665
-239468
-42814
160358
339117
466248
522396
499013
399659
239460
42805
-160367
-339124
-466252
-522397
-499011
-399655
-239454
-42798
160374
339130
466256
522398
499009
399649
239446
42789
-160383
-339138
-466261
-522400
-499007
-399644
-239439
-42781
160390
339143
466264
522400
499005
399640
239433
42774
-160398
-339150
-466270
-522404
-499006
-399638
-239428
-42767
160405
339157
466275
522406
499005
399634
239422
42760
-160412
-339162
-466278
-522406
-499002
-399628
-239414
-42751
160421
339170
466283
522408
499001
399625
239409
42745
-160427
-339175
-466286
-522409
-498999
-399620
-239402
-42737
160435
339182
466291
522410
498996
399614
239394
42728
-160443
-339188
-466294
-522410
-498994
-399609
-239387
-42720
160451
339194
466298
522411
498991
399603
239379
42711
-160459
-339200
-466301
-522411
-498988
-399598
-239372
-42704
160466
339206
466304
522411
498985
399592
239364
42695
-160474
-339212
-466308
-522412
-498983
-399588
-239358
-42688
160481
339218
466311
522412
498980
399582
239351
42680
-160488
-339223
-466314
-522412
-498977
-399576
-239343
-42672
160496
339229
466317
522412
498974
399571
239336
42664
-160504
-339236
-466322
-522414
-498972
-399566
-239329
-42656
160512
339243
466327
522416
498971
399561
239321
42646
-160522
-339251
-466332
-522417
-498968
-399555
-239313
-42637
160530
339257
466335
522417
498965
399550
239306
42630
-160536
-339262
-466338
-522417
-498962
-399544
-239299
-42622
160543
339267
466340
522416
498958
399538
239291
42614
-160551
-339273
-466344
-522418
-498957
-399534
-239285
-42607
160558
339279
466347
522418
498955
399529
239278
42599
-160565
-339284
-466350
-522417
-498950
-399522
-239270
-42591
160572
339290
466353
522418
498949
399518
239264
42584
-160580
-339296
-466357
-522419
-498947
-399514
-239258
-42577
160586
339301
466360
522419
498944
399508
239250
42568
-160594
-339307
-466363
-522419
-498940
-399501
-239241
-42559
160603
339314
466368
522420
498938
399496
239234
42551
-160610
-339320
-466371
-522420
-498935
-399491
-239227
-42543
160618
339326
466374
522421
498933
399486
239220
42535
-160625
-339331
-466377
-522420
-498929
-399480
-239213
-42528
160632
339337
466380
522421
498927
399475
239206
42520
-160640
-339344
-466385
-522423
-498926
-399471
-239200
-42512
160648
339350
466389
522424
498924
399466
239193
42504
-160655
-339356
-466392
-522424
-498921
-399461
-239186
-42497
160662
339362
466396
522425
498919
399456
239179
42489
-160669
-339367
-466399
-522425
-498916
-399451
-239172
-42481
160677
339374
466403
522426
498914
399446
239165
42473
-160685
-339380
-466407
-522427
-498911
-399440
-239158
-42466
160691
339384
466408
522425
498907
399434
239151
42458
-160698
-339389
-466411
-522425
-498904
-399429
-239144
-42451
160705
339395
466415
522427
498903
399425
239138
42444
-160712
-339401
-466419
-522428
-498901
-399420
-239131
-42436
160720
339408
466423
522429
498899
399415
239123
42427
-160729
-339415
-466427
-522429
-498895
-399408
-239114
-42417
160737
339420
466429
522428
498891
399402
239107
42410
-160744
-339426
-466433
-522429
-498889
-399397
-239100
-42402
160752
339433
466437
522430
498887
399392
239093
42393
-160761
-339440
-466442
-522431
-498884
-399386
-239085
-42385
160768
339445
466445
522432
498883
399383
239080
42378
-160775
-339451
-466448
-522432
-498880
-399377
-239072
-42370
160782
339457
466452
522433
498878
399373
239067
42364
-160788
-339462
-466455
-522434
-498876
-399368
-239059
-42355
160797
339469
466459
522435
498874
399363
239052
42347
-160805
-339475
-466463
-522435
-498871
-399357
-239044
-42339
160812
339481
466466
522435
498868
399352
239037
42331
-160820
-339487
-466470
-522437
-498866
-399347
-239030
-42323
160827
339493
466474
522437
498863
399341
239022
42314
-160836
-339500
-466477
-522437
-498860
-399335
-239014
-42305
160844
339506
466481
522437
498856
399328
239006
42297
-160852
-339512
-466484
-522437
-498853
-399323
-238999
-42289
160859
339518
466488
522439
498852
399319
238993
42282
-160867
-339525
-466493
-522441
-498851
-399315
-238986
-42274
160875
339531
466496
522441
498848
399309
238979
42266
-160881
-339535
-466498
-522440
-498844
-399303
-238972
-42259
160888
339541
466501
522440
498841
399298
238965
42251
-160896
-339547
-466505
-522441
-498840
-399294
-238958
-42243
160903
339553
466508
522441
498837
399289
238952
42236
-160910
-339559
-466513
-522444
-498836
-399284
-238944
-42227
160919
339566
466517
522444
498832
399277
238935
42217
-160928
-339573
-466521
-522445
-498830
-399272
-238928
-42209
160936
339580
466525
522446
498828
399267
238921
42201
-160944
-339586
-466528
-522445
-498824
-399261
-238913
-42192
160952
339592
466532
522446
498822
399256
238906
42184
-160960
-339599
-466536
-522447
-498819
-399250
-238898
-42176
160967
339604
466539
522447
498816
399244
238890
42167
-160976
-339611
-466543
-522448
-498814
-399239
-238883
-42159
160983
339617
466546
522447
498810
399233
238875
42150
-160991
-339623
-466550
-522448
-498807
-399227
-238867
-42142
160999
339629
466553
522448
498805
399222
238861
42135
-161005
-339634
-466556
-522448
-498802
-399217
-238854
-42127
161013
339640
466559
522448
498799
399211
238846
42119
-161021
-339646
-466563
-522449
-498796
-399205
-238838
-42110
161029
339652
466566
522449
498793
399200
238831
42102
-161036
-339658
-466570
-522450
-498791
-399195
-238824
-42094
161044
339664
466573
522450
498788
399189
238817
42087
-161051
-339670
-466577
-522452
-498787
-399186
-238812
-42080
161058
339676
466581
522452
498784
399180
238804
42072
-161066
-339683
-466586
-522454
-498783
-399176
-238798
-42064
161074
339689
466589
522455
498781
399171
238790
42055
-161083
-339697
-466594
-522456
-498778
-399165
-238782
-42047
161090
339702
466597
522456
498775
399160
238776
42040
-161096
-339706
-466599
-522456
-498773
-399156
-238770
-42033
161103
339713
466604
522458
498772
399151
238763
42025
-161111
-339719
-466608
-522459
-498770
-399147
-238757
-42018
161118
339725
466612
522460
498768
399142
238750
42010
-161126
-339732
-466616
-522462
-498767
-399138
-238743
-42002
161134
339738
466619
522461
498762
399131
238735
41994
-161140
-339742
-466621
-522461
-498760
-399127
-238730
-41988
161146
339747
466624
522461
498757
399122
238723
41981
-161153
-339752
-466627
-522461
-498755
-399117
-238717
-41974
161159
339757
466630
522462
498753
399112
238710
41966
-161167
-339763
-466633
-522461
-498749
-399106
-238702
-41958
161174
339768
466635
522460
498745
399099
238694
41950
-161181
-339773
-466638
-522461
-498743
-399095
-238688
-41942
161189
339780
466642
522462
498740
399089
238680
41933
-161198
-339788
-466648
-522464
-498739
-399085
-238673
-41925
161206
339794
466651
522464
498736
399079
238665
41916
-161214
-339801
-466656
-522466
-498734
-399074
-238658
-41908
161222
339807
466659
522466
498732
399070
238652
41901
-161229
-339813
-466663
-522467
-498729
-399064
-238644
-41893
161236
339819
466667
522469
498729
399061
238639
41886
-161244
-339825
-466671
-522469
-498726
-399055
-238631
-41878
161251
339831
466674
522470
498723
399050
238625
41871
-161258
-339836
-466677
-522470
-498721
-399045
-238618
-41863
161265
339842
466681
522471
498719
399041
238612
41856
-161272
-339848
-466684
-522471
-498716
-399035
-238604
-41848
161279
339853
466687
522471
498713
399030
238597
41840
-161287
-339859
-466691
-522472
-498711
-399025
-238591
-41833
161294
339865
466695
522474
498710
399021
238585
41826
-161301
-339871
-466698
-522474
-498708
-399017
-238579
-41819
161307
339876
466701
522474
498704
399010
238570
41810
-161316
-339883
-466705
-522475
-498702
-399005
-238563
-41801
161324
339889
466708
522475
498699
399000
238556
41794
-161331
-339895
-466712
-522476
-498697
-398995
-238549
-41785
161340
339902
466717
522478
498695
398990
238541
41776
-161349
-339909
-466721
-522478
-498692
-398984
-238533
-41767
161357
339916
466725
522479
498690
398979
238526
41759
-161365
-339923
-466730
-522481
-498688
-398974
-238519
-41751
161373
339929
466734
522482
498687
398970
238513
41744
-161380
-339935
-466737
-522482
-498683
-398964
-238505
-41736
161387
339940
466740
522482
498680
398958
238498
41729
-161393
-339944
-466742
-522482
-498678
-398954
-238492
-41722
161400
339950
466745
522482
498675
398949
238486
41715
-161407
-339956
-466749
-522483
-498673
-398944
-238479
-41707
161414
339961
466752
522483
498670
398939
238472
41699
-161422
-339968
-466756
-522484
-498668
-398933
-238463
-41689
161431
339975
466760
522484
498664
398926
238455
41681
-161439
-339981
-466763
-522484
-498661
-398920
-238447
-41672
161448
339988
466768
522486
498660
398916
238441
41665
-161455
-339994
-466772
-522487
-498658
-398912
-238435
-41658
161461
339999
466775
522488
498656
398907
238428
41650
-161469
-340006
-466779
-522489
-498654
-398903
-238422
-41643
161476
340011
466782
522490
498653
398899
238416
41636
-161483
-340017
-466786
-522490
-498649
-398893
-238409
-41629
161489
340022
466789
522491
498647
398888
238402
41621
-161497
-340028
-466792
-522491
-498645
-398884
-238395
-41612
161506
340036
466798
522493
498643
398878
238387
41604
-161513
-340041
-466800
-522493
-498640
-398873
-238380
-41596
161521
340047
466804
522494
498638
398868
238373
41588
-161529
-340054
-466808
-522494
-498635
-398862
-238366
-41580
161536
340059
466811
522495
498633
398858
238360
41573
-161543
-340065
-466815
-522496
-498631
-398853
-238353
-41566
161549
340070
466818
522496
498628
398848
238346
41558
-161557
-340076
-466821
-522496
-498625
-398842
-238338
-41549
161565
340082
466824
522496
498622
398836
238330
41540
-161574
-340090
-466829
-522497
-498619
-398830
-238323
-41533
161580
340094
466831
522496
498615
398824
238315
41525
-161587
-340099
-466833
-522496
-498613
-398820
-238309
-41517
161595
340105
466837
522497
498610
398814
238302
41510
-161601
-340110
-466840
-522497
-498608
-398809
-238295
-41502
161609
340116
466843
522497
498605
398804
238288
41495
-161616
-340122
-466847
-522498
-498602
-398798
-238280
-41485
161626
340130
466852
522499
498600
398793
238273
41477
-161633
-340136
-466856
-522501
-498599
-398789
-238266
-41469
161641
340142
466860
522502
498597
398784
238259
41461
-161649
-340149
-466864
-522502
-498594
-398778
-238251
-41453
161656
340154
466867
522503
498591
398773
238245
41446
-161663
-340160
-466871
-522504
-498590
-398769
-238239
-41438
161671
340167
466875
522505
498588
398765
238233
41432
-161677
-340171
-466877
-522505
-498585
-398760
-238226
-41424
161684
340177
466881
522506
498583
398755
238219
41416
-161692
-340184
-466885
-522507
-498581
-398750
-238212
-41408
161700
340190
466889
522508
498579
398745
238205
41400
-161708
-340197
-466893
-522508
-498576
-398739
-238197
-41392
161715
340202
466896
522508
498573
398734
238191
41385
-161722
-340208
-466900
-522510
-498572
-398730
-238185
-41378
161729
340214
466904
522511
498569
398724
238176
41368
-161738
-340221
-466908
-522512
-498567
-398719
-238169
-41360
161746
340227
466911
522512
498564
398714
238162
41352
-161754
-340234
-466916
-522513
-498562
-398709
-238156
-41345
161760
340238
466918
522513
498560
398705
238150
41338
-161767
-340244
-466921
-522513
-498557
-398700
-238143
-41331
161773
340249
466924
522514
498555
398695
238136
41323
-161781
-340255
-466928
-522515
-498553
-398690
-238129
-41315
161789
340262
466933
522517
498552
398686
238123
41308
-161796
-340268
-466936
-522517
-498549
-398681
-238117
-41301
161803
340273
466939
522517
498546
398675
238109
41293
-161810
-340279
-466943
-522518
-498544
-398671
-238103
-41286
161817
340285
466947
522520
498543
398666
238096
41277
-161826
-340292
-466951
-522520
-498540
-398661
-238088
-41268
161834
340298
466955
522521
498537
398655
238081
41261
-161841
-340303
-466957
-522521
-498535
-398650
-238074
-41253
161848
340309
466961
522521
498531
398644
238066
41245
-161856
-340315
-466964
-522521
-498528
-398638
-238058
-41236
161864
340322
466968
522522
498526
398633
238051
41228
-161872
-340328
-466971
-522522
-498523
-398627
-238043
-41219
161880
340334
466975
522523
498521
398623
238037
41212
-161887
-340340
-466979
-522524
-498519
-398618
-238031
-41205
161894
340346
466983
522525
498517
398613
238023
41196
-161903
-340353
-466987
-522526
-498514
-398607
-238016
-41188
161910
340359
466991
522527
498512
398602
238008
41179
-161919
-340366
-466995
-522528
-498510
-398598
-238002
-41172
161926
340372
466999
522529
498508
398593
237995
41164
-161933
-340378
-467002
-522529
-498505
-398587
-237987
-41156
161941
340384
467006
522529
498501
398580
237979
41147
-161949
-340390
-467009
-522529
-498498
-398575
-237972
-41139
161957
340396
467013
522531
498497
398571
237966
41132
-161964
-340402
-467016
-522531
-498495
-398567
-237960
-41125
161971
340408
467021
522533
498494
398563
237954
41118
-161978
-340414
-467024
-522533
-498491
-398557
-237946
-41110
161985
340419
467026
522532
498487
398551
237938
41101
-161993
-340425
-467030
-522533
-498484
-398545
-237931
-41093
162001
340431
467034
522534
498482
398540
237924
41086
-162008
-340437
-467037
-522534
-498479
-398534
-237915
-41076
162017
340444
467041
522535
498477
398529
237908
41068
-162025
-340451
-467046
-522537
-498475
-398524
-237901
-41059
162034
340458
467050
522537
498472
398518
237893
41050
-162042
-340465
-467055
-522539
-498470
-398513
-237885
-41041
162051
340472
467059
522540
498468
398508
237878
41033
-162059
-340478
-467062
-522539
-498464
-398501
-237869
-41024
162067
340484
467065
522539
498460
398494
237861
41015
-162075
-340490
-467068
-522538
-498456
-398488
-237853
-41007
162082
340495
467071
522539
498454
398483
237846
40999
-162090
-340502
-467075
-522539
-498451
-398477
-237838
-40990
162098
340508
467079
522540
498449
398473
237832
40983
-162105
-340514
-467082
-522541
-498447
-398468
-237826
-40976
162112
340520
467086
522542
498445
398463
237818
40967
-162121
-340527
-467090
-522542
-498441
-398456
-237809
-40958
162129
340533
467093
522542
498438
398450
237801
40949
-162137
-340539
-467097
-522543
-498436
-398446
-237795
-40942
162144
340545
467100
522543
498433
398440
237788
40934
-162152
-340551
-467104
-522544
-498430
-398434
-237779
-40925
162160
340557
467107
522544
498427
398429
237773
40918
-162167
-340563
-467110
-522544
-498424
-398423
-237765
-40909
162175
340569
467114
522544
498421
398417
237757
40901
-162182
-340574
-467116
-522544
-498418
-398412
-237751
-40894
162189
340580
467120
522545
498416
398407
237744
40886
-162197
-340586
-467124
-522546
-498414
-398402
-237737
-40878
162204
340592
467127
522546
498411
398397
237730
40870
-162212
-340598
-467131
-522547
-498409
-398392
-237723
-40863
162218
340603
467134
522547
498406
398387
237716
40854
-162227
-340611
-467139
-522549
-498405
-398383
-237710
-40848
162233
340615
467141
522549
498403
398379
237705
40842
-162239
-340620
-467144
-522550
-498401
-398375
-237699
-40835
162246
340626
467148
522550
498398
398369
237691
40826
-162254
-340632
-467151
-522550
-498395
-398363
-237684
-40819
162260
340637
467154
522551
498393
398359
237678
40812
-162267
-340642
-467157
-522551
-498391
-398355
-237672
-40806
162273
340647
467160
522551
498388
398350
237666
40799
-162279
-340652
-467163
-522552
-498386
-398345
-237659
-40792
162286
340657
467165
522551
498383
398340
237653
40785
-162293
-340663
-467169
-522552
-498381
-398335
-237645
-40776
162301
340669
467173
522553
498378
398329
237638
40768
-162308
-340674
-467175
-522552
-498374
-398323
-237630
-40760
162316
340681
467179
522553
498372
398318
237623
40752
-162324
-340687
-467183
-522554
-498370
-398313
-237616
-40744
162332
340694
467188
522556
498369
398309
237609
40735
-162341
-340701
-467192
-522557
-498366
-398303
-237601
-40726
162350
340709
467198
522559
498365
398299
237595
40719
-162356
-340714
-467201
-522560
-498363
-398294
-237588
-40710
162365
340721
467205
522561
498361
398289
237581
40703
-162372
-340727
-467209
-522561
-498358
-398283
-237573
-40694
162380
340733
467212
522562
498355
398278
237566
40687
-162387
-340738
-467214
-522561
-498352
-398273
-237560
-40680
162394
340744
467219
522563
498351
398269
237553
40672
-162402
-340751
-467224
-522565
-498349
-398264
-237546
-40663
162410
340757
467227
522565
498346
398258
237538
40655
-162417
-340763
-467230
-522565
-498343
-398252
-237530
-40646
162426
340769
467233
522564
498339
398246
237523
40639
-162432
-340774
-467236
-522565
-498337
-398242
-237517
-40632
162439
340780
467240
522566
498335
398236
237509
40623
-162447
-340786
-467243
-522566
-498332
-398231
-237502
-40616
162454
340792
467247
522567
498330
398226
237495
40607
-162463
-340799
-467251
-522568
-498328
-398221
-237488
-40599
162471
340806
467256
522570
498326
398216
237481
40591
-162479
-340813
-467261
-522572
-498325
-398212
-237474
-40583
162487
340819
467264
522572
498322
398206
237466
40574
-162495
-340825
-467267
-522571
-498318
-398200
-237459
-40567
162502
340831
467271
522573
498317
398196
237453
40559
-162510
-340837
-467274
-522573
-498314
-398190
-237445
-40551
162517
340843
467278
522573
498311
398185
237438
40543
-162524
-340848
-467281
-522574
-498309
-398180
-237431
-40536
162531
340853
467283
522573
498305
398174
237423
40527
-162539
-340860
-467287
-522574
-498303
-398169
-237417
-40520
162546
340866
467291
522575
498301
398164
237410
40512
-162554
-340872
-467295
-522576
-498299
-398159
-237403
-40504
162561
340878
467299
522577
498297
398155
237397
40497
-162568
-340884
-467303
-522579
-498296
-398151
-237391
-40490
162575
340890
467307
522580
498294
398146
237383
40481
-162584
-340897
-467311
-522581
-498292
-398142
-237377
-40474
162591
340903
467315
522582
498290
398137
237371
40467
-162598
-340909
-467319
-522583
-498288
-398132
-237364
-40459
162606
340915
467322
522583
498285
398127
237357
40451
-162613
-340921
-467326
-522584
-498283
-398122
-237350
-40444
162620
340926
467329
522585
498281
398117
237343
40435
-162628
-340932
-467332
-522584
-498277
-398111
-237336
-40428
162635
340938
467336
522585
498275
398106
237329
40420
-162643
-340945
-467340
-522586
-498273
-398101
-237322
-40412
162650
340950
467343
522587
498271
398097
237316
40405
-162657
-340956
-467347
-522588
-498269
-398092
-237308
-40396
162666
340963
467351
522589
498267
398087
237301
40388
-162674
-340970
-467356
-522590
-498264
-398081
-237293
-40379
162682
340976
467359
522590
498261
398075
237285
40371
-162689
-340981
-467362
-522590
-498258
-398070
-237279
-40364
162696
340987
467365
522590
498255
398065
237272
40357
-162703
-340992
-467368
-522591
-498253
-398060
-237265
-40348
162712
341000
467373
522592
498251
398055
237258
40340
-162719
-341005
-467376
-522593
-498249
-398050
-237251
-40333
162726
341011
467379
522593
498246
398044
237243
40324
-162734
-341017
-467383
-522593
-498242
-398038
-237236
-40317
162740
341021
467385
522593
498240
398034
237230
40310
-162747
-341027
-467388
-522593
-498237
-398028
-237222
-40301
162755
341033
467392
522594
498235
398023
237215
40293
-162763
-341040
-467396
-522595
-498233
-398019
-237209
-40286
162770
341046
467400
522596
498231
398014
237203
40279
-162777
-341051
-467403
-522596
-498228
-398008
-237195
-40271
162784
341057
467407
522598
498227
398005
237189
40263
-162793
-341065
-467412
-522599
-498224
-397999
-237181
-40254
162801
341071
467415
522599
498221
397993
237173
40246
-162808
-341076
-467418
-522599
-498218
-397988
-237167
-40239
162815
341082
467422
522600
498216
397983
237160
40231
-162823
-341088
-467425
-522600
-498213
-397977
-237152
-40222
162831
341094
467428
522600
498210
397972
237145
40215
-162838
-341100
-467432
-522601
-498208
-397966
-237137
-40206
162847
341107
467436
522602
498206
397962
237131
40199
-162853
-341112
-467439
-522602
-498203
-397957
-237125
-40192
162860
341118
467443
522603
498201
397952
237118
40184
-162867
-341123
-467446
-522604
-498199
-397947
-237111
-40176
162875
341130
467450
522605
498197
397942
237104
40168
-162883
-341136
-467454
-522606
-498195
-397938
-237098
-40162
162889
341142
467458
522607
498193
397933
237091
40154
-162896
-341147
-467460
-522606
-498189
-397927
-237083
-40145
162905
341154
467465
522608
498188
397922
237076
40137
-162913
-341160
-467468
-522608
-498185
-397917
-237069
-40129
162920
341166
467472
522609
498182
397911
237061
40120
-162929
-341173
-467476
-522609
-498179
-397905
-237053
-40111
162938
341180
467481
522611
498177
397900
237045
40102
-162946
-341187
-467485
-522612
-498175
-397895
-237038
-40094
162954
341193
467488
522611
498171
397888
237029
40084
-162963
-341200
-467492
-522612
-498169
-397883
-237022
-40077
162970
341206
467496
522613
498166
397877
237014
40067
-162979
-341213
-467500
-522614
-498164
-397872
-237007
-40059
162987
341220
467505
522616
498162
397867
236999
40050
-162996
-341227
-467509
-522616
-498159
-397861
-236992
-40043
163003
341233
467512
522616
498156
397855
236984
40034
-163011
-341239
-467516
-522617
-498154
-397851
-236978
-40027
163018
341245
467520
522618
498152
397846
236971
40019
-163026
-341251
-467523
-522619
-498150
-397841
-236964
-40011
163033
341257
467527
522619
498146
397834
236955
40001
-163043
-341264
-467531
-522620
-498144
-397829
-236948
-39993
163051
341271
467535
522621
498141
397823
236939
39983
-163060
-341278
-467539
-522621
-498137
-397816
-236930
-39974
163068
341284
467542
522621
498134
397810
236923
39966
-163075
-341289
-467545
-522620
-498131
-397805
-236916
-39959
163082
341295
467548
522621
498128
397799
236908
39950
-163090
-341301
-467551
-522620
-498124
-397793
-236901
-39942
163098
341307
467555
522621
498122
397788
236894
39934
-163106
-341314
-467559
-522622
-498120
-397783
-236887
-39926
163113
341319
467562
522622
498117
397777
236878
39916
-163123
-341328
-467568
-522624
-498115
-397771
-236870
-39907
163131
341334
467571
522624
498112
397766
236863
39899
-163139
-341340
-467575
-522625
-498109
-397760
-236855
-39891
163146
341345
467577
522624
498106
397755
236849
39884
-163153
-341351
-467581
-522625
-498104
-397750
-236842
-39876
163161
341357
467584
522625
498100
397744
236834
39868
-163168
-341363
-467588
-522626
-498098
-397738
-236826
-39859
163176
341369
467591
522626
498095
397733
236819
39851
-163184
-341375
-467594
-522626
-498092
-397727
-236811
-39842
163193
341383
467600
522628
498090
397722
236804
39834
-163201
-341390
-467605
-522630
-498089
-397718
-236797
-39825
163210
341397
467609
522631
498087
397713
236790
39817
-163218
-341404
-467614
-522633
-498085
-397707
-236782
-39809
163225
341409
467616
522632
498081
397701
236775
39802
-163231
-341413
-467618
-522632
-498079
-397697
-236769
-39795
163238
341419
467621
522631
498075
397691
236761
39786
-163246
-341425
-467624
-522631
-498072
-397685
-236753
-39778
163253
341431
467629
522633
498071
397681
236747
39770
-163262
-341438
-467633
-522635
-498070
-397677
-236741
-39763
163269
341444
467637
522636
498068
397673
236735
39756
-163275
-341449
-467640
-522637
-498066
-397668
-236728
-39748
163283
341456
467645
522638
498064
397663
236721
39740
-163291
-341462
-467649
-522640
-498063
-397660
-236716
-39734
163297
341468
467653
522641
498061
397655
236709
39726
-163305
-341474
-467656
-522641
-498058
-397650
-236702
-39718
163312
341479
467659
522642
498056
397645
236696
39711
-163320
-341486
-467664
-522643
-498054
-397640
-236689
-39703
163327
341492
467667
522644
498052
397635
236682
39696
-163334
-341498
-467671
-522645
-498050
-397631
-236675
-39687
163343
341505
467675
522645
498046
397624
236666
39678
-163351
-341511
-467678
-522645
-498043
-397618
-236658
-39669
163359
341517
467682
522646
498041
397613
236651
39661
-163367
-341524
-467686
-522646
-498038
-397607
-236643
-39652
163376
341531
467691
522648
498036
397602
236636
39644
-163383
-341536
-467693
-522647
-498032
-397596
-236629
-39637
163389
341540
467695
522647
498030
397591
236622
39629
-163397
-341547
-467699
-522648
-498027
-397586
-236615
-39622
163404
341553
467703
522648
498024
397580
236607
39613
-163412
-341558
-467705
-522647
-498020
-397573
-236599
-39604
163420
341564
467708
522647
498017
397568
236592
39597
-163427
-341570
-467712
-522648
-498015
-397563
-236585
-39589
163434
341576
467715
522648
498012
397558
236578
39581
-163442
-341582
-467719
-522649
-498010
-397553
-236572
-39574
163448
341587
467722
522650
498008
397548
236565
39566
-163456
-341593
-467725
-522650
-498005
-397543
-236558
-39559
163463
341599
467729
522651
498003
397538
236551
39551
-163470
-341604
-467732
-522651
-498000
-397533
-236544
-39544
163477
341609
467734
522650
497996
397526
236536
39535
-163485
-341615
-467737
-522650
-497993
-397521
-236529
-39527
163492
341621
467740
522650
497990
397515
236521
39519
-163500
-341627
-467744
-522650
-497987
-397509
-236513
-39510
163508
341633
467747
522650
497984
397503
236506
39502
-163516
-341640
-467752
-522652
-497982
-397498
-236498
-39493
163524
341646
467755
522652
497979
397493
236491
39485
-163532
-341653
-467760
-522654
-497978
-397488
-236484
-39477
163540
341659
467764
522655
497976
397484
236478
39470
-163547
-341666
-467769
-522658
-497976
-397481
-236472
-39462
163555
341673
467773
522658
497973
397475
236465
39454
-163563
-341679
-467777
-522660
-497972
-397471
-236458
-39446
163571
341685
467780
522659
497967
397464
236450
39438
-163578
-341690
-467783
-522659
-497965
-397459
-236443
-39430
163585
341696
467786
522659
497962
397454
236436
39423
-163592
-341701
-467789
-522660
-497959
-397448
-236429
-39415
163599
341707
467793
522660
497956
397442
236421
39407
-163607
-341713
-467796
-522660
-497953
-397437
-236414
-39398
163616
341720
467800
522661
497951
397432
236407
39391
-163623
-341726
-467804
-522662
-497949
-397427
-236399
-39381
163632
341734
467809
522664
497947
397422
236392
39373
-163640
-341740
-467813
-522665
-497945
-397417
-236386
-39366
163647
341746
467817
522666
497943
397412
236378
39357
-163655
-341752
-467820
-522666
-497940
-397407
-236372
-39351
163661
341757
467823
522666
497937
397401
236364
39343
-163668
-341762
-467825
-522666
-497935
-397397
-236358
-39335
163676
341769
467830
522667
497932
397391
236350
39327
-163684
-341775
-467833
-522667
-497929
-397385
-236342
-39318
163692
341781
467836
522667
497926
397379
236335
39310
-163699
-341786
-467839
-522667
-497923
-397374
-236328
-39303
163706
341792
467843
522668
497921
397369
236321
39295
-163713
-341797
-467845
-522667
-497917
-397363
-236314
-39287
163721
341803
467848
522667
497914
397357
236306
39279
-163728
-341808
-467851
-522667
-497911
-397352
-236299
-39271
163735
341814
467854
522667
497908
397346
236292
39264
-163742
-341819
-467857
-522667
-497905
-397341
-236284
-39255
163751
341827
467862
522669
497903
397335
236276
39246
-163759
-341833
-467865
-522668
-497899
-397329
-236269
-39239
163765
341837
467867
522668
497896
397324
236262
39231
-163772
-341842
-467869
-522667
-497893
-397318
-236255
-39223
163780
341849
467874
522669
497892
397314
236248
39215
-163788
-341856
-467879
-522671
-497890
-397309
-236241
-39207
163796
341862
467882
522671
497887
397304
236234
39200
-163802
-341866
-467884
-522670
-497884
-397298
-236227
-39192
163810
341873
467888
522671
497881
397293
236220
39184
-163817
-341878
-467891
-522671
-497878
-397287
-236213
-39177
163823
341882
467893
522670
497875
397282
236206
39170
-163829
-341887
-467895
-522670
-497872
-397277
-236200
-39163
163836
341893
467899
522671
497870
397272
236193
39155
-163844
-341899
-467903
-522672
-497868
-397268
-236187
-39148
163851
341905
467907
522673
497866
397263
236180
39140
-163859
-341911
-467910
-522673
-497863
-397258
-236173
-39132
163866
341917
467914
522674
497861
397252
236165
39124
-163874
-341923
-467917
-522674
-497858
-397247
-236158
-39116
163881
341929
467920
522674
497855
397242
236152
39109
-163888
-341934
-467923
-522675
-497853
-397237
-236144
-39100
163896
341941
467928
522676
497851
397232
236137
39092
-163904
-341947
-467931
-522677
-497849
-397228
-236132
-39086
163910
341952
467935
522678
497847
397223
236125
39079
-163917
-341958
-467938
-522678
-497844
-397217
-236117
-39070
163925
341963
467940
522677
497840
397211
236110
39063
-163931
-341968
-467943
-522677
-497838
-397207
-236104
-39056
163938
341974
467947
522678
497835
397201
236096
39047
-163947
-341981
-467951
-522679
-497833
-397196
-236089
-39039
163954
341986
467954
522679
497831
397192
236083
39033
-163960
-341991
-467957
-522680
-497828
-397186
-236075
-39024
163968
341997
467960
522680
497825
397180
236067
39015
-163977
-342004
-467964
-522680
-497822
-397174
-236060
-39008
163983
342009
467967
522680
497819
397169
236053
39000
-163991
-342016
-467971
-522681
-497817
-397164
-236046
-38992
163998
342021
467973
522680
497813
397158
236038
38983
-164006
-342027
-467977
-522681
-497811
-397153
-236031
-38976
164013
342033
467981
522682
497809
397149
236025
38968
-164021
-342039
-467984
-522683
-497807
-397143
-236018
-38961
164028
342045
467988
522683
497804
397138
236011
38953
-164035
-342050
-467990
-522682
-497800
-397132
-236003
-38945
164042
342055
467993
522683
497798
397127
235996
38937
-164050
-342062
-467998
-522684
-497796
-397122
-235990
-38930
164057
342068
468001
522685
497794
397117
235982
38921
-164066
-342075
-468005
-522685
-497790
-397110
-235974
-38912
164074
342081
468008
522685
497787
397104
235965
38903
-164082
-342087
-468012
-522686
-497785
-397100
-235959
-38895
164090
342094
468016
522686
497781
397093
235951
38887
-164097
-342099
-468019
-522686
-497778
-397088
-235944
-38879
164105
342105
468022
522687
497777
397084
235938
38872
-164112
-342111
-468026
-522687
-497773
-397077
-235930
-38864
164119
342116
468028
522687
497771
397073
235923
38856
-164127
-342123
-468033
-522689
-497770
-397069
-235917
-38849
164134
342129
468037
522690
497767
397063
235909
38840
-164142
-342135
-468041
-522691
-497765
-397059
-235903
-38833
164149
342140
468043
522690
497762
397054
235897
38826
-164156
-342146
-468047
-522691
-497760
-397048
-235889
-38818
164163
342151
468050
522692
497758
397044
235883
38811
-164170
-342157
-468053
-522692
-497755
-397039
-235876
-38803
164177
342163
468057
522693
497753
397033
235868
38794
-164186
-342170
-468061
-522694
-497750
-397028
-235862
-38787
164193
342176
468065
522694
497747
397022
235854
38779
-164200
-342181
-468068
-522695
-497746
-397018
-235848
-38772
164207
342187
468072
522696
497743
397013
235840
38762
-164217
-342195
-468076
-522696
-497740
-397007
-235833
-38755
164223
342200
468080
522698
497739
397003
235826
38746
-164232
-342208
-468085
-522699
-497736
-396997
-235818
-38738
164240
342214
468088
522699
497733
396991
235810
38729
-164248
-342220
-468091
-522699
-497730
-396985
-235802
-38720
164257
342227
468096
522700
497728
396980
235795
38712
-164265
-342234
-468100
-522702
-497726
-396975
-235788
-38704
164272
342239
468103
522702
497723
396970
235781
38696
-164280
-342246
-468108
-522704
-497722
-396966
-235775
-38689
164287
342252
468111
522704
497719
396960
235767
38680
-164295
-342258
-468114
-522704
-497716
-396954
-235759
-38672
164303
342264
468118
522705
497714
396950
235754
38666
-164309
-342269
-468122
-522707
-497713
-396946
-235748
-38659
164316
342275
468125
522707
497711
396942
235742
38652
-164322
-342280
-468128
-522707
-497708
-396937
-235735
-38644
164330
342286
468132
522708
497705
396931
235727
38635
-164339
-342294
-468137
-522710
-497704
-396927
-235721
-38628
164346
342299
468140
522710
497702
396922
235714
38620
-164353
-342305
-468144
-522711
-497699
-396916
-235706
-38612
164361
342311
468147
522711
497696
396911
235699
38603
-164370
-342319
-468152
-522712
-497693
-396905
-235691
-38595
164377
342324
468155
522713
497692
396901
235685
38587
-164385
-342331
-468159
-522714
-497690
-396896
-235678
-38580
164392
342336
468162
522714
497687
396890
235670
38571
-164400
-342343
-468167
-522716
-497685
-396885
-235662
-38562
164409
342350
468171
522716
497682
396879
235654
38553
-164418
-342357
-468175
-522717
-497679
-396873
-235646
-38544
164426
342364
468180
522719
497677
396868
235639
38536
-164434
-342370
-468183
-522719
-497675
-396864
-235633
-38529
164441
342376
468187
522720
497673
396859
235627
38522
-164448
-342382
-468191
-522721
-497671
-396854
-235619
-38513
164456
342388
468194
522721
497667
396847
235610
38503
-164465
-342395
-468198
-522721
-497663
-396840
-235601
-38494
164473
342401
468201
522721
497660
396835
235594
38486
-164481
-342407
-468205
-522722
-497659
-396831
-235588
-38479
164488
342414
468210
522724
497658
396827
235582
38472
-164495
-342419
-468213
-522725
-497656
-396822
-235575
-38464
164503
342426
468217
522725
497653
396817
235569
38457
-164510
-342431
-468220
-522726
-497651
-396812
-235561
-38448
164519
342439
468225
522728
497649
396807
235554
38440
-164526
-342445
-468229
-522729
-497647
-396802
-235547
-38432
164534
342451
468233
522730
497645
396798
235541
38425
-164541
-342457
-468237
-522731
-497643
-396793
-235534
-38417
164549
342464
468241
522732
497641
396788
235527
38409
-164557
-342470
-468245
-522733
-497639
-396783
-235520
-38401
164564
342476
468248
522733
497636
396778
235513
38393
-164572
-342482
-468252
-522734
-497634
-396773
-235506
-38385
164580
342489
468257
522736
497632
396768
235499
38377
-164588
-342496
-468261
-522737
-497630
-396763
-235492
-38369
164596
342502
468265
522738
497629
396759
235486
38362
-164602
-342507
-468268
-522739
-497626
-396754
-235479
-38354
164610
342513
468271
522739
497623
396748
235471
38345
-164619
-342521
-468276
-522740
-497621
-396743
-235464
-38337
164626
342526
468279
522740
497618
396737
235456
38329
-164633
-342531
-468281
-522739
-497614
-396731
-235449
-38322
164640
342536
468284
522739
497611
396725
235441
38313
-164648
-342542
-468287
-522739
-497608
-396720
-235434
-38305
164655
342548
468291
522740
497606
396715
235428
38298
-164662
-342554
-468294
-522740
-497603
-396710
-235421
-38291
164669
342559
468297
522740
497600
396704
235413
38282
-164677
-342565
-468300
-522740
-497597
-396699
-235406
-38274
164684
342571
468304
522741
497595
396694
235399
38266
-164692
-342577
-468307
-522741
-497592
-396688
-235392
-38259
164699
342582
468310
522742
497590
396684
235386
38252
-164705
-342587
-468313
-522742
-497587
-396678
-235378
-38244
164713
342593
468316
522741
497583
396672
235371
38236
-164720
-342598
-468318
-522741
-497580
-396667
-235364
-38229
164726
342603
468321
522741
497578
396662
235357
38221
-164734
-342609
-468325
-522742
-497575
-396656
-235349
-38212
164742
342616
468329
522742
497572
396650
235341
38203
-164751
-342623
-468333
-522743
-497570
-396645
-235334
-38195
164758
342628
468336
522743
497566
396639
235326
38187
-164766
-342635
-468340
-522744
-497564
-396634
-235319
-38179
164774
342641
468344
522745
497562
396629
235312
38170
-164783
-342649
-468349
-522746
-497559
-396623
-235304
-38162
164790
342654
468352
522747
497557
396618
235297
38154
-164798
-342661
-468356
-522748
-497555
-396614
-235291
-38147
164804
342665
468358
522747
497552
396608
235284
38140
-164811
-342671
-468362
-522748
-497550
-396604
-235278
-38133
164818
342676
468365
522749
497548
396599
235271
38124
-164827
-342684
-468370
-522750
-497545
-396593
-235263
-38115
164835
342690
468373
522750
497542
396587
235255
38107
-164842
-342695
-468376
-522750
-497539
-396582
-235248
-38099
164850
342702
468380
522751
497537
396577
235241
38092
-164857
-342708
-468384
-522752
-497535
-396572
-235234
-38084
164864
342713
468386
522751
497532
396567
235228
38077
-164871
-342719
-468390
-522752
-497529
-396561
-235220
-38068
164879
342725
468393
522752
497526
396555
235212
38059
-164888
-342732
-468398
-522754
-497524
-396550
-235204
-38051
164895
342737
468400
522753
497521
396545
235198
38044
-164902
-342742
-468403
-522753
-497518
-396539
-235190
-38035
164911
342750
468408
522755
497516
396534
235183
38027
-164918
-342756
-468412
-522756
-497514
-396530
-235177
-38020
164925
342762
468416
522757
497512
396525
235170
38012
-164933
-342768
-468420
-522758
-497510
-396520
-235163
-38005
164939
342773
468422
522758
497508
