27244
18205
6394
-6390
-18201
-27241
-32135
-32136
-27246
-18209
-6400
6383
18195
27237
32133
32137
27249
18213
6404
-6379
-18191
-27234
-32131
-32137
-27251
-18217
-6410
6373
18186
27231
32130
32138
27254
18221
6414
-6369
-18182
-27228
-32129
-32138
-27256
-18225
-6419
6364
18178
27225
32128
32140
27260
18230
6424
-6359
-18174
-27223
-32128
-32142
-27263
-18234
-6429
6354
18170
27220
32126
32142
27265
18237
6433
-6350
-18167
-27218
-32125
-32142
-27266
-18240
-6437
6346
18163
27215
32124
32142
27268
18243
6440
-6343
-18160
-27213
-32123
-32143
-27270
-18246
-6444
6339
18157
27211
32122
32143
27272
18249
6448
-6335
-18154
-27209
-32122
-32145
-27275
-18252
-6451
6332
18151
27207
32121
32145
27276
18255
6455
-6327
-18146
-27203
-32118
-32144
-27277
-18258
-6459
6323
18142
27200
32117
32145
27280
18262
6464
-6318
-18139
-27198
-32117
-32146
-27282
-18265
-6468
6314
18135
27195
32115
32146
27284
18269
6472
-6310
-18131
-27192
-32114
-32147
-27287
-18273
-6477
6305
18127
27190
32113
32148
27290
18277
6481
-6301
-18124
-27188
-32113
-32149
-27292
-18280
-6485
6297
18120
27185
32111
32148
27292
18282
6488
-6293
-18116
-27181
-32109
-32148
-27294
-18285
-6493
6288
18112
27178
32107
32148
27296
18288
6496
-6284
-18108
-27175
-32105
-32148
-27298
-18292
-6501
6279
18104
27173
32105
32150
27301
18296
6506
-6274
-18099
-27169
-32103
-32150
-27303
-18300
-6511
6269
18095
27166
32102
32151
27306
18304
6516
-6264
-18090
-27162
-32099
-32150
-27307
-18307
-6520
6260
18087
27160
32098
32150
27308
18309
6523
-6256
-18083
-27157
-32097
-32150
-27310
-18312
-6527
6252
18079
27154
32095
32150
27311
18315
6530
-6248
-18076
-27152
-32094
-32150
-27313
-18318
-6534
6244
18072
27149
32093
32151
27315
18321
6538
-6240
-18069
-27147
-32092
-32152
-27318
-18325
-6542
6237
18066
27145
32092
32153
27320
18328
6546
-6232
-18062
-27142
-32090
-32153
-27322
-18332
-6551
6227
18057
27138
32088
32153
27324
18335
6555
-6223
-18053
-27135
-32086
-32153
-27326
-18339
-6560
6218
18049
27132
32085
32153
27327
18341
6563
-6214
-18045
-27129
-32083
-32153
-27329
-18344
-6567
6210
18041
27126
32081
32152
27329
18346
6570
-6206
-18037
-27123
-32080
-32153
-27332
-18350
-6575
6201
18033
27120
32078
32153
27334
18354
6580
-6196
-18029
-27117
-32077
-32154
-27337
-18359
-6586
6190
18023
27113
32075
32154
27339
18362
6589
-6186
-18020
-27110
-32073
-32154
-27341
-18365
-6594
6181
18015
27107
32072
32155
27343
18369
6598
-6177
-18012
-27105
-32072
-32156
-27346
-18373
-6603
6172
18007
27101
32069
32155
27347
18376
6607
-6167
-18003
-27098
-32068
-32156
-27349
-18379
-6611
6163
17999
27096
32068
32158
27353
18384
6616
-6159
-17996
-27094
-32067
-32158
-27355
-18387
-6620
6155
17993
27092
32067
32160
27358
18391
6624
-6151
-17989
-27089
-32065
-32159
-27359
-18393
-6628
6146
17985
27086
32063
32159
27361
18397
6633
-6141
-17980
-27082
-32061
-32160
-27364
-18402
-6638
6136
17976
27080
32061
32161
27366
18405
6642
-6132
-17972
-27076
-32059
-32161
-27368
-18409
-6647
6126
17967
27073
32057
32161
27370
18412
6651
-6123
-17965
-27072
-32057
-32162
-27371
-18414
-6654
6119
17961
27069
32056
32163
27374
18418
6658
-6115
-17957
-27066
-32054
-32163
-27376
-18422
-6664
6109
17952
27062
32052
32163
27378
18425
6667
-6106
-17949
-27060
-32051
-32163
-27379
-18428
-6671
6101
17945
27057
32050
32163
27381
18431
6675
-6097
-17941
-27054
-32048
-32163
-27383
-18434
-6679
6093
17937
27051
32047
32164
27386
18438
6683
-6089
-17934
-27049
-32046
-32165
-27388
-18441
-6687
6085
17931
27047
32046
32166
27390
18444
6691
-6081
-17927
-27044
-32044
-32166
-27392
-18448
-6695
6077
17924
27042
32043
32166
27393
18450
6699
-6072
-17919
-27038
-32041
-32166
-27395
-18454
-6703
6068
17915
27035
32039
32166
27397
18457
6708
-6063
-17911
-27032
-32038
-32167
-27399
-18460
-6711
6059
17907
27029
32036
32166
27400
18463
6715
-6055
-17904
-27027
-32036
-32168
-27404
-18468
-6720
6051
17900
27024
32034
32167
27404
18469
6723
-6047
-17896
-27021
-32032
-32167
-27406
-18472
-6726
6043
17893
27019
32032
32168
27408
18475
6730
-6039
-17889
-27016
-32030
-32168
-27409
-18478
-6734
6035
17886
27014
32029
32168
27411
18481
6738
-6031
-17882
-27011
-32027
-32168
-27413
-18484
-6741
6028
17879
27008
32026
32168
27414
18486
6744
-6024
-17875
-27005
-32024
-32168
-27416
-18490
-6749
6019
17871
27003
32024
32169
27418
18493
6753
-6015
-17867
-27000
-32022
-32169
-27420
-18497
-6758
6009
17862
26996
32020
32169
27422
18501
6763
-6004
-17857
-26992
-32018
-32170
-27425
-18505
-6768
5999
17853
26989
32017
32171
27428
18510
6774
-5993
-17848
-26986
-32016
-32172
-27431
-18514
-6779
5988
17844
26984
32016
32174
27435
18519
6784
-5984
-17841
-26982
-32016
-32176
-27438
-18523
-6788
5980
17838
26980
32014
32175
27438
18524
6791
-5976
-17834
-26977
-32013
-32176
-27441
-18529
-6796
5971
17830
26975
32013
32178
27445
18534
6801
-5967
-17827
-26973
-32013
-32179
-27447
-18537
-6805
5963
17823
26970
32011
32179
27449
18540
6808
-5960
-17821
-26969
-32011
-32180
-27451
-18543
-6812
5956
17817
26966
32010
32181
27454
18547
6817
-5950
-17812
-26962
-32008
-32181
-27456
-18551
-6822
5945
17807
26958
32005
32180
27457
18554
6826
-5941
-17803
-26955
-32003
-32179
-27457
-18555
-6829
5937
17799
26951
32001
32179
27459
18559
6833
-5933
-17796
-26950
-32001
-32180
-27461
-18562
-6837
5929
17792
26946
31998
32179
27462
18564
6840
-5925
-17788
-26943
-31997
-32180
-27464
-18567
-6844
5921
17785
26941
31996
32180
27466
18571
6848
-5917
-17782
-26940
-31996
-32181
-27468
-18573
-6851
5914
17779
26937
31994
32180
27468
18575
6854
-5910
-17775
-26934
-31992
-32180
-27470
-18578
-6858
5906
17771
26931
31991
32181
27472
18581
6861
-5903
-17769
-26930
-31991
-32182
-27475
-18585
-6866
5899
17766
26928
31991
32184
27478
18589
6870
-5895
-17762
-26925
-31989
-32184
-27480
-18593
-6875
5889
17757
26922
31988
32185
27483
18597
6880
-5885
-17754
-26920
-31988
-32186
-27485
-18600
-6883
5881
17750
26917
31987
32187
27488
18604
6888
-5876
-17746
-26914
-31985
-32186
-27488
-18606
-6891
5873
17743
26911
31983
32185
27488
18607
6893
-5870
-17740
-26909
-31982
-32186
-27491
-18611
-6898
5865
17735
26906
31981
32187
27494
18615
6903
-5860
-17731
-26903
-31979
-32187
-27496
-18619
-6908
5855
17727
26900
31978
32188
27498
18622
6911
-5852
-17724
-26898
-31977
-32188
-27500
-18625
-6915
5848
17721
26896
31977
32190
27503
18629
6919
-5844
-17717
-26893
-31975
-32189
-27504
-18632
-6923
5839
17713
26890
31973
32189
27505
18634
6926
-5836
-17710
-26887
-31971
-32188
-27506
-18636
-6929
5832
17706
26884
31970
32188
27507
18639
6933
-5828
-17702
-26881
-31968
-32188
-27509
-18642
-6937
5824
17698
26878
31966
32188
27511
18645
6941
-5819
-17694
-26875
-31965
-32188
-27512
-18648
-6945
5815
17690
26872
31963
32188
27514
18651
6949
-5811
-17687
-26870
-31962
-32188
-27515
-18653
-6952
5808
17684
26867
31960
32187
27515
18655
6955
-5803
-17678
-26862
-31957
-32186
-27516
-18657
-6958
5800
17675
26859
31954
32185
27517
18660
6962
-5795
-17670
-26855
-31952
-32184
-27518
-18662
-6966
5791
17667
26853
31951
32185
27520
18666
6970
-5787
-17663
-26850
-31950
-32186
-27523
-18669
-6973
5784
17661
26849
31949
32186
27524
18672
6977
-5780
-17657
-26846
-31948
-32187
-27527
-18676
-6982
5775
17653
26844
31948
32188
27529
18679
6985
-5772
-17650
-26841
-31946
-32188
-27531
-18683
-6990
5767
17646
26838
31945
32188
27532
18685
6993
-5763
-17642
-26835
-31943
-32188
-27534
-18688
-6997
5759
17638
26832
31941
32188
27535
18690
7000
-5755
-17634
-26829
-31940
-32188
-27537
-18694
-7005
5751
17632
26829
31941
32191
27541
18698
7009
-5747
-17628
-26826
-31940
-32191
-27542
-18701
-7013
5743
17625
26824
31939
32192
27545
18705
7017
-5739
-17621
-26821
-31937
-32191
-27546
-18707
-7020
5735
17618
26818
31936
32192
27549
18711
7025
-5730
-17613
-26815
-31935
-32193
-27551
-18715
-7030
5725
17609
26813
31935
32195
27555
18720
7035
-5720
-17605
-26810
-31933
-32195
-27557
-18724
-7040
5715
17600
26806
31931
32195
27559
18727
7045
-5710
-17596
-26803
-31930
-32196
-27561
-18730
-7048
5707
17593
26801
31929
32196
27563
18734
7053
-5702
-17589
-26798
-31928
-32197
-27566
-18738
-7058
5697
17585
26796
31927
32198
27568
18741
7061
-5694
-17582
-26794
-31927
-32199
-27570
-18744
-7065
5690
17578
26791
31925
32199
27572
18747
7069
-5686
-17575
-26789
-31925
-32200
-27574
-18751
-7073
5681
17571
26786
31923
32200
27576
18754
7077
-5677
-17567
-26782
-31920
-32199
-27577
-18757
-7081
5672
17562
26778
31918
32199
27579
18761
7086
-5667
-17557
-26775
-31916
-32198
-27579
-18762
-7089
5663
17553
26771
31914
32198
27581
18766
7094
-5658
-17549
-26768
-31912
-32198
-27583
-18769
-7098
5654
17545
26765
31911
32198
27585
18772
7101
-5650
-17542
-26763
-31910
-32199
-27587
-18776
-7106
5645
17537
26760
31909
32200
27590
18780
7111
-5640
-17533
-26757
-31907
-32200
-27592
-18784
-7116
5635
17528
26753
31905
32200
27594
18788
7122
-5628
-17522
-26749
-31903
-32200
-27596
-18791
-7126
5624
17518
26745
31900
32199
27597
18794
7130
-5620
-17514
-26742
-31899
-32200
-27600
-18798
-7134
5616
17511
26740
31898
32200
27601
18800
7137
-5612
-17507
-26737
-31897
-32201
-27604
-18804
-7142
5608
17504
26735
31896
32201
27605
18806
7145
-5604
-17500
-26732
-31894
-32201
-27606
-18809
-7148
5601
17497
26729
31892
32200
27607
18812
7153
-5595
-17492
-26726
-31891
-32201
-27609
-18814
-7155
5593
17489
26723
31889
32200
27610
18817
7160
-5587
-17484
-26720
-31888
-32201
-27613
-18821
-7164
5584
17482
26718
31887
32202
27615
18825
7169
-5579
-17478
-26716
-31887
-32203
-27618
-18828
-7172
5576
17475
26714
31886
32204
27620
18832
7177
-5571
-17471
-26711
-31885
-32204
-27622
-18835
-7180
5568
17468
26709
31884
32205
27624
18838
7184
-5564
-17464
-26706
-31882
-32205
-27626
-18841
-7188
5559
17460
26703
31881
32205
27627
18844
7192
-5555
-17456
-26700
-31879
-32205
-27629
-18847
-7196
5550
17451
26696
31876
32204
27630
18850
7200
-5546
-17448
-26694
-31876
-32205
-27633
-18854
-7205
5541
17443
26690
31874
32206
27635
18858
7210
-5536
-17439
-26687
-31873
-32207
-27638
-18862
-7215
5531
17435
26685
31872
32207
27640
18865
7219
-5526
-17430
-26681
-31870
-32207
-27642
-18869
-7223
5522
17427
26679
31870
32209
27645
18873
7228
-5518
-17424
-26677
-31869
-32210
-27648
-18877
-7232
5513
17419
26673
31867
32210
27650
18881
7237
-5508
-17415
-26670
-31865
-32209
-27651
-18883
-7241
5503
17410
26666
31863
32209
27653
18887
7246
-5498
-17406
-26664
-31863
-32211
-27656
-18891
-7250
5494
17402
26661
31861
32211
27658
18895
7255
-5489
-17398
-26658
-31860
-32211
-27660
-18898
-7259
5485
17394
26655
31858
32211
27662
18901
7263
-5480
-17389
-26651
-31856
-32211
-27664
-18905
-7268
5475
17385
26648
31855
32212
27666
18908
7272
-5471
-17381
-26645
-31853
-32212
-27668
-18912
-7277
5466
17377
26643
31853
32213
27671
18916
7282
-5461
-17373
-26640
-31852
-32214
-27673
-18919
-7285
5458
17370
26638
31850
32214
27674
18922
7289
-5454
-17367
-26636
-31850
-32215
-27677
-18925
-7292
5451
17364
26634
31849
32216
27679
18928
7296
-5447
-17360
-26631
-31848
-32216
-27681
-18932
-7301
5442
17356
26628
31846
32216
27683
18935
7305
-5438
-17353
-26626
-31846
-32218
-27686
-18939
-7309
5433
17348
26623
31845
32219
27689
18944
7315
-5428
-17345
-26622
-31846
-32222
-27693
-18948
-7319
5424
17342
26620
31845
32222
27695
18951
7322
-5421
-17339
-26617
-31843
-32221
-27695
-18953
-7325
5418
17336
26615
31842
32222
27697
18956
7329
-5414
-17332
-26612
-31841
-32223
-27700
-18960
-7334
5409
17328
26609
31839
32222
27701
18963
7338
-5405
-17325
-26608
-31840
-32225
-27705
-18967
-7342
5401
17322
26606
31839
32225
27706
18970
7346
-5397
-17318
-26603
-31838
-32226
-27709
-18973
-7349
5394
17316
26601
31837
32226
27710
18975
7352
-5390
-17312
-26598
-31835
-32225
-27711
-18978
-7356
5386
17308
26595
31834
32226
27713
18981
7359
-5383
-17306
-26594
-31834
-32227
-27715
-18984
-7363
5379
17302
26591
31832
32227
27717
18988
7368
-5373
-17297
-26587
-31830
-32227
-27719
-18991
-7372
5369
17293
26584
31828
32227
27721
18995
7377
-5364
-17289
-26582
-31828
-32229
-27724
-18999
-7381
5360
17285
26579
31826
32229
27726
19002
7385
-5356
-17282
-26577
-31826
-32230
-27729
-19006
-7390
5351
17278
26574
31825
32231
27731
19009
7393
-5348
-17275
-26572
-31824
-32231
-27732
-19011
-7397
5344
17271
26569
31822
32231
27734
19015
7401
-5340
-17268
-26567
-31822
-32232
-27736
-19017
-7403
5338
17266
26566
31822
32233
27738
19021
7408
-5333
-17262
-26563
-31820
-32233
-27740
-19024
-7412
5328
17257
26559
31818
32233
27742
19028
7417
-5323
-17253
-26556
-31817
-32234
-27745
-19032
-7422
5318
17248
26553
31815
32234
27747
19035
7426
-5314
-17245
-26551
-31815
-32236
-27750
-19040
-7431
5309
17241
26548
31814
32236
27752
19043
7435
-5305
-17237
-26546
-31813
-32237
-27755
-19047
-7440
5299
17232
26542
31811
32237
27756
19050
7444
-5295
-17228
-26538
-31809
-32237
-27758
-19053
-7448
5291
17225
26537
31809
32238
27760
19056
7451
-5288
-17222
-26534
-31807
-32238
-27762
-19059
-7455
5284
17218
26531
31805
32238
27764
19063
7460
-5279
-17214
-26529
-31805
-32239
-27766
-19066
-7464
5275
17211
26527
31804
32239
27767
19068
7466
-5273
-17209
-26525
-31803
-32240
-27769
-19071
-7469
5270
17206
26523
31802
32240
27771
19074
7474
-5264
-17201
-26520
-31801
-32241
-27774
-19079
-7479
5259
17197
26517
31800
32242
27776
19082
7483
-5255
-17193
-26514
-31798
-32241
-27777
-19084
-7486
5251
17189
26511
31797
32242
27780
19088
7491
-5246
-17185
-26508
-31796
-32243
-27783
-19093
-7496
5241
17181
26506
31795
32244
27785
19096
7500
-5237
-17177
-26502
-31793
-32244
-27787
-19099
-7504
5233
17174
26500
31792
32245
27790
19104
7509
-5228
-17170
-26498
-31792
-32246
-27792
-19107
-7514
5223
17165
26494
31790
32246
27794
19111
7519
-5217
-17159
-26489
-31786
-32244
-27794
-19113
-7523
5212
17154
26485
31784
32244
27796
19116
7526
-5209
-17151
-26482
-31782
-32244
-27798
-19120
-7531
5204
17147
26480
31782
32245
27801
19124
7536
-5199
-17143
-26477
-31781
-32246
-27803
-19128
-7541
5194
17139
26474
31779
32246
27805
19131
7545
-5189
-17134
-26470
-31776
-32245
-27806
-19134
-7549
5185
17130
26467
31775
32245
27808
19137
7553
-5181
-17126
-26464
-31774
-32246
-27810
-19141
-7558
5176
17122
26462
31773
32247
27813
19144
7561
-5173
-17120
-26461
-31773
-32248
-27815
-19148
-7566
5168
17116
26458
31772
32250
27819
19153
7571
-5164
-17113
-26457
-31773
-32252
-27822
-19156
-7574
5161
17111
26456
31773
32253
27824
19159
7578
-5157
-17107
-26453
-31771
-32253
-27826
-19162
-7581
5154
17104
26450
31770
32253
27827
19165
7585
-5149
-17099
-26447
-31768
-32253
-27829
-19168
-7589
5145
17096
26445
31768
32254
27831
19171
7593
-5141
-17093
-26442
-31766
-32254
-27833
-19175
-7598
5136
17088
26438
31764
32254
27835
19178
7602
-5131
-17083
-26434
-31761
-32253
-27836
-19181
-7606
5127
17079
26432
31761
32255
27839
19185
7610
-5123
-17077
-26431
-31761
-32256
-27842
-19189
-7615
5119
17073
26428
31760
32257
27844
19192
7618
-5115
-17070
-26426
-31759
-32258
-27847
-19196
-7623
5110
17066
26424
31759
32259
27849
19200
7628
-5106
-17062
-26421
-31757
-32259
-27851
-19203
-7631
5102
17059
26419
31757
32260
27853
19205
7634
-5099
-17056
-26417
-31756
-32261
-27856
-19210
-7640
5094
17052
26414
31755
32262
27858
19213
7643
-5090
-17048
-26411
-31753
-32261
-27859
-19216
-7648
5085
17044
26408
31752
32262
27861
19219
7651
-5081
-17040
-26405
-31750
-32262
-27863
-19222
-7655
5077
17036
26402
31749
32262
27865
19226
7660
-5072
-17032
-26399
-31747
-32262
-27866
-19228
-7663
5068
17028
26395
31744
32261
27868
19232
7668
-5063
-17023
-26392
-31743
-32261
-27869
-19234
-7671
5059
17020
26390
31742
32262
27871
19238
7676
-5055
-17016
-26387
-31741
-32263
-27874
-19242
-7681
5049
17011
26383
31739
32263
27876
19245
7684
-5046
-17009
-26382
-31739
-32264
-27878
-19248
-7688
5042
17005
26379
31737
32263
27879
19251
7692
-5038
-17001
-26376
-31736
-32265
-27883
-19256
-7697
5033
16997
26374
31736
32267
27886
19260
7702
-5028
-16993
-26371
-31734
-32266
-27887
-19262
-7705
5025
16990
26368
31732
32265
27887
19264
7708
-5021
-16986
-26365
-31730
-32265
-27889
-19267
-7712
5017
16982
26362
31728
32264
27890
19270
7716
-5012
-16977
-26358
-31726
-32264
-27892
-19273
-7720
5008
16974
26356
31726
32266
27895
19277
7725
-5003
-16970
-26353
-31725
-32267
-27897
-19281
-7729
4999
16966
26351
31724
32267
27899
19284
7733
-4995
-16963
-26349
-31724
-32269
-27903
-19289
-7738
4991
16960
26347
31723
32270
27905
19292
7742
-4986
-16956
-26344
-31722
-32271
-27908
-19296
-7747
4981
16951
26340
31719
32269
27908
19298
7751
-4976
-16946
-26336
-31717
-32269
-27910
-19302
-7755
4972
16942
26333
31715
32269
27912
19305
7760
-4967
-16937
-26329
-31713
-32269
-27913
-19308
-7764
4962
16933
26326
31712
32270
27916
19312
7768
-4958
-16930
-26324
-31711
-32270
-27917
-19314
-7771
4955
16927
26322
31710
32271
27920
19319
7777
-4949
-16922
-26319
-31709
-32272
-27922
-19322
-7780
4946
16919
26317
31708
32273
27925
19326
7785
-4941
-16915
-26314
-31707
-32273
-27927
-19329
-7789
4937
16911
26311
31705
32273
27928
19332
7792
-4934
-16909
-26310
-31705
-32274
-27931
-19335
-7796
4930
16905
26307
31704
32274
27932
19338
7800
-4925
-16901
-26304
-31702
-32274
-27934
-19341
-7804
4921
16897
26301
31701
32274
27935
19344
7808
-4917
-16893
-26297
-31698
-32273
-27936
-19346
-7811
4913
16889
26294
31696
32273
27938
19350
7816
-4908
-16885
-26291
-31695
-32274
-27940
-19353
-7820
4904
16881
26289
31695
32276
27944
19358
7825
-4900
-16879
-26289
-31696
-32278
-27947
-19362
-7829
4896
16875
26285
31694
32278
27949
19365
7833
-4891
-16871
-26283
-31693
-32278
-27950
-19367
-7836
4888
16868
26280
31691
32277
27951
19369
7839
-4884
-16864
-26277
-31690
-32278
-27953
-19373
-7844
4879
16860
26274
31688
32278
27955
19377
7849
-4874
-16855
-26270
-31686
-32278
-27957
-19380
-7853
4870
16851
26267
31685
32279
27960
19385
7859
-4864
-16846
-26264
-31684
-32280
-27963
-19389
-7863
4860
16843
26262
31683
32281
27965
19392
7867
-4856
-16840
-26260
-31682
-32281
-27967
-19395
-7871
4852
16836
26257
31680
32280
27967
19396
7872
-4850
-16834
-26255
-31679
-32280
-27968
-19398
-7875
4846
16830
26252
31677
32280
27970
19402
7880
-4841
-16826
-26249
-31676
-32281
-27973
-19406
-7885
4836
16821
26245
31674
32281
27975
19410
7890
-4831
-16817
-26243
-31673
-32282
-27977
-19413
-7894
4827
16813
26240
31672
32283
27980
19417
7898
-4823
-16810
-26238
-31672
-32285
-27983
-19421
-7903
4818
16806
26235
31671
32285
27985
19424
7907
-4814
-16802
-26233
-31670
-32286
-27987
-19428
-7911
4810
16799
26231
31670
32287
27990
19432
7915
-4806
-16796
-26229
-31669
-32288
-27992
-19435
-7919
4802
16793
26227
31668
32288
27994
19438
7923
-4798
-16789
-26224
-31667
-32289
-27996
-19441
-7927
4794
16785
26221
31665
32288
27997
19444
7931
-4789
-16780
-26217
-31663
-32288
-27999
-19447
-7935
4785
16776
26214
31661
32288
28000
19450
7939
-4781
-16773
-26212
-31660
-32289
-28003
-19454
-7943
4777
16770
26210
31660
32290
28005
19457
7947
-4773
-16766
-26207
-31659
-32291
-28008
-19461
-7951
4769
16763
26205
31658
32292
28011
19465
7956
-4764
-16759
-26203
-31658
-32293
-28013
-19468
-7959
4761
16757
26202
31658
32294
28015
19471
7963
-4757
-16753
-26199
-31656
-32294
-28017
-19475
-7968
4752
16748
26195
31654
32295
28020
19480
7974
-4745
-16742
-26191
-31652
-32295
-28022
-19483
-7979
4740
16738
26188
31651
32296
28025
19487
7983
-4736
-16734
-26185
-31650
-32296
-28027
-19491
-7988
4731
16730
26182
31649
32298
28031
19496
7993
-4726
-16726
-26180
-31648
-32298
-28032
-19498
-7996
4723
16723
26177
31646
32298
28033
19501
8000
-4719
-16719
-26174
-31645
-32298
-28035
-19504
-8004
4715
16716
26172
31644
32299
28038
19509
8010
-4709
-16711
-26169
-31643
-32300
-28041
-19513
-8014
4704
16706
26165
31641
32300
28043
19517
8020
-4698
-16701
-26162
-31640
-32301
-28046
-19521
-8024
4694
16697
26159
31639
32302
28048
19525
8029
-4689
-16693
-26156
-31637
-32302
-28050
-19528
-8033
4685
16689
26153
31635
32301
28051
19530
8036
-4681
-16686
-26151
-31635
-32303
-28054
-19534
-8040
4678
16684
26150
31635
32304
28056
19537
8044
-4674
-16680
-26147
-31633
-32304
-28058
-19540
-8048
4670
16677
26145
31632
32304
28059
19542
8050
-4667
-16674
-26142
-31631
-32304
-28060
-19545
-8054
4663
16670
26139
31629
32304
28062
19548
8058
-4659
-16667
-26138
-31630
-32306
-28065
-19552
-8062
4655
16663
26135
31628
32306
28067
19555
8066
-4651
-16660
-26133
-31628
-32308
-28070
-19559
-8071
4646
16656
26131
31628
32310
28074
19564
8076
-4642
-16653
-26129
-31627
-32310
-28075
-19566
-8079
4638
16649
26126
31626
32311
28078
19571
8084
-4634
-16646
-26124
-31625
-32311
-28079
-19573
-8087
4630
16642
26121
31624
32312
28082
19577
8092
-4625
-16638
-26119
-31623
-32313
-28085
-19581
-8096
4621
16634
26115
31620
32312
28086
19584
8101
-4615
-16629
-26112
-31619
-32313
-28089
-19589
-8106
4610
16625
26109
31618
32314
28092
19593
8111
-4605
-16621
-26106
-31617
-32315
-28094
-19596
-8115
4601
16617
26103
31616
32316
28097
19600
8120
-4596
-16613
-26101
-31615
-32316
-28098
-19603
-8124
4592
16609
26098
31614
32317
28101
19607
8128
-4588
-16606
-26096
-31613
-32318
-28104
-19611
-8133
4583
16601
26092
31611
32318
28106
19615
8138
-4578
-16597
-26090
-31611
-32319
-28108
-19618
-8142
4574
16593
26086
31608
32318
28110
19622
8147
-4568
-16588
-26083
-31607
-32319
-28112
-19625
-8151
4564
16585
26081
31606
32320
28114
19628
8154
-4561
-16582
-26078
-31604
-32319
-28114
-19630
-8157
4557
16578
26075
31602
32318
28115
19632
8160
-4554
-16575
-26072
-31600
-32318
-28117
-19636
-8165
4548
16569
26068
31598
32318
28119
19639
8170
-4543
-16564
-26064
-31596
-32318
-28121
-19643
-8174
4539
16561
26062
31595
32319
28123
19646
8178
-4534
-16556
-26058
-31593
-32318
-28124
-19649
-8183
4529
16551
26054
31591
32318
28126
19652
8187
-4524
-16547
-26051
-31589
-32318
-28128
-19656
-8191
4521
16544
26049
31588
32318
28129
19658
8195
-4516
-16539
-26045
-31586
-32318
-28131
-19661
-8198
4513
16537
26043
31585
32318
28133
19665
8203
-4508
-16533
-26041
-31585
-32320
-28136
-19669
-8207
4504
16529
26038
31583
32320
28138
19672
8212
-4499
-16525
-26035
-31582
-32321
-28140
-19675
-8215
4495
16521
26032
31580
32320
28141
19678
8219
-4491
-16517
-26029
-31578
-32320
-28142
-19680
-8222
4487
16514
26027
31577
32320
28144
19683
8226
-4483
-16510
-26023
-31575
-32320
-28146
-19687
-8231
4478
16506
26021
31575
32322
28149
19691
8235
-4475
-16503
-26019
-31574
-32322
-28151
-19694
-8239
4470
16499
26016
31573
32323
28153
19697
8243
-4466
-16495
-26013
-31571
-32323
-28155
-19701
-8248
4461
16491
26011
31571
32324
28157
19704
8251
-4458
-16488
-26008
-31569
-32324
-28159
-19707
-8255
4453
16483
26004
31566
32323
28160
19710
8260
-4447
-16477
-25999
-31563
-32322
-28161
-19713
-8264
4443
16473
25996
31561
32321
28162
19715
8267
-4439
-16469
-25992
-31559
-32321
-28164
-19719
-8272
4434
16465
25990
31558
32322
28166
19723
8277
-4429
-16461
-25987
-31557
-32322
-28168
-19726
-8281
4425
16457
25984
31555
32322
28170
19729
8285
-4420
-16452
-25980
-31553
-32322
-28172
-19733
-8290
4415
16448
25977
31552
32323
28175
19737
8295
-4410
-16444
-25975
-31551
-32324
-28177
-19740
-8298
4407
16441
25972
31550
32324
28178
19743
8302
-4403
-16437
-25969
-31548
-32324
-28180
-19746
-8306
4398
16433
25966
31546
32324
28182
19749
8310
-4394
-16429
-25963
-31544
-32324
-28183
-19752
-8314
4389
16424
25959
31542
32323
28185
19756
8319
-4384
-16419
-25955
-31540
-32323
-28186
-19759
-8324
4378
16414
25951
31538
32323
28189
19763
8329
-4373
-16409
-25947
-31535
-32322
-28190
-19766
-8333
4369
16406
25945
31534
32322
28191
19768
8336
-4365
-16402
-25942
-31532
-32322
-28192
-19770
-8339
4361
16398
25938
31530
32322
28194
19774
8344
-4356
-16393
-25935
-31529
-32323
-28197
-19778
-8348
4353
16391
25934
31529
32324
28199
19781
8351
-4350
-16389
-25933
-31529
-32325
-28201
-19784
-8355
4346
16386
25931
31529
32327
28204
19788
8360
-4341
-16381
-25928
-31527
-32327
-28206
-19791
-8363
4338
16379
25926
31527
32328
28209
19795
8368
-4333
-16375
-25924
-31526
-32329
-28211
-19798
-8372
4329
16371
25921
31525
32329
28213
19802
8376
-4325
-16368
-25919
-31524
-32330
-28215
-19805
-8380
4321
16364
25916
31522
32330
28217
19808
8384
-4316
-16359
-25912
-31520
-32330
-28219
-19812
-8389
4311
16355
25909
31519
32331
28221
19815
8392
-4308
-16352
-25907
-31518
-32331
-28223
-19818
-8396
4304
16349
25905
31517
32331
28224
19820
8399
-4301
-16346
-25903
-31516
-32331
-28225
-19822
-8402
4297
16342
25899
31514
32331
28227
19826
8407
-4292
-16338
-25897
-31514
-32333
-28231
-19831
-8412
4288
16335
25895
31513
32334
28233
19834
8416
-4283
-16330
-25891
-31511
-32333
-28234
-19837
-8420
4279
16327
25889
31510
32334
28236
19840
8423
-4276
-16324
-25887
-31509
-32334
-28238
-19843
-8427
4272
16321
25885
31509
32336
28242
19848
8433
-4266
-16316
-25882
-31508
-32337
-28244
-19852
-8438
4261
16311
25878
31506
32337
28246
19855
8441
-4258
-16309
-25877
-31506
-32338
-28248
-19858
-8445
4254
16305
25875
31505
32339
28251
19862
8449
-4250
-16302
-25872
-31504
-32340
-28253
-19865
-8453
4246
16299
25870
31503
32340
28255
19868
8457
-4241
-16294
-25867
-31502
-32341
-28258
-19873
-8463
4236
16290
25864
31501
32342
28260
19876
8466
-4232
-16286
-25861
-31499
-32342
-28262
-19879
-8470
4228
16283
25859
31498
32342
28264
19883
8475
-4223
-16279
-25857
-31499
-32345
-28268
-19888
-8480
4218
16275
25854
31497
32345
28270
19891
8484
-4214
-16271
-25851
-31496
-32346
-28273
-19895
-8489
4209
16267
25848
31494
32346
28275
19899
8494
-4204
-16263
-25846
-31494
-32348
-28278
-19903
-8498
4200
16259
25843
31492
32347
28279
19905
8501
-4197
-16256
-25840
-31491
-32347
-28280
-19908
-8505
4193
16252
25837
31489
32347
28281
19910
8508
-4189
-16248
-25834
-31487
-32346
-28282
-19913
-8512
4184
16244
25831
31485
32346
28284
19917
8518
-4178
-16238
-25826
-31483
-32347
-28287
-19921
-8522
4174
16235
25824
31482
32347
28289
19924
8526
-4170
-16231
-25821
-31480
-32347
-28290
-19927
-8530
4166
16228
25819
31480
32348
28293
19931
8535
-4161
-16223
-25816
-31479
-32350
-28297
-19936
-8540
4156
16220
25815
31480
32352
28300
19940
8544
-4152
-16216
-25812
-31478
-32352
-28302
-19943
-8548
4148
16213
25809
31476
32351
28303
19946
8552
-4143
-16208
-25805
-31474
-32351
-28304
-19949
-8557
4138
16203
25801
31471
32350
28305
19951
8560
-4134
-16199
-25798
-31470
-32351
-28308
-19955
-8564
4131
16197
25797
31470
32352
28310
19958
8567
-4128
-16194
-25795
-31469
-32353
-28312
-19961
-8572
4122
16189
25791
31467
32353
28314
19965
8576
-4118
-16185
-25788
-31465
-32352
-28315
-19967
-8580
4113
16180
25784
31463
32352
28317
19971
8585
-4108
-16176
-25781
-31462
-32353
-28320
-19976
-8591
4102
16171
25778
31461
32354
28323
19980
8596
-4097
-16166
-25775
-31460
-32355
-28326
-19984
-8600
4093
16163
25772
31458
32355
28327
19987
8604
-4089
-16159
-25770
-31457
-32355
-28328
-19989
-8607
4086
16157
25768
31456
32355
28330
19992
8610
-4082
-16153
-25765
-31455
-32356
-28332
-19995
-8614
4078
16149
25762
31453
32356
28334
19999
8619
-4073
-16145
-25759
-31452
-32357
-28337
-20003
-8624
4068
16141
25757
31452
32358
28339
20006
8627
-4065
-16138
-25755
-31451
-32359
-28342
-20010
-8632
4060
16134
25752
31449
32359
28344
20014
8637
-4055
-16130
-25749
-31449
-32361
-28348
-20019
-8643
4049
16125
25746
31448
32363
28352
20024
8648
-4045
-16122
-25745
-31448
-32364
-28354
-20027
-8651
4042
16119
25742
31446
32363
28354
20029
8655
-4037
-16114
-25738
-31444
-32363
-28356
-20032
-8659
4032
16110
25735
31443
32364
28359
20036
8663
-4028
-16106
-25733
-31442
-32364
-28360
-20039
-8668
4023
16102
25730
31441
32365
28363
20043
8672
-4019
-16098
-25726
-31438
-32364
-28364
-20046
-8677
4013
16093
25723
31437
32365
28366
20049
8680
-4010
-16090
-25720
-31435
-32364
-28367
-20052
-8684
4006
16086
25717
31433
32364
28369
20055
8688
-4001
-16081
-25713
-31431
-32364
-28371
-20059
-8694
3995
16076
25710
31430
32365
28374
20063
8697
-3992
-16074
-25709
-31430
-32366
-28376
-20066
-8702
3987
16069
25705
31428
32367
28379
20071
8707
-3982
-16065
-25703
-31428
-32369
-28383
-20076
-8713
3976
16060
25699
31426
32369
28385
20080
8718
-3971
-16055
-25695
-31424
-32369
-28387
-20083
-8722
3967
16052
25694
31424
32370
28389
20086
8726
-3963
-16048
-25691
-31422
-32370
-28391
-20090
-8730
3959
16045
25689
31422
32371
28393
20093
8734
-3954
-16041
-25686
-31420
-32371
-28395
-20096
-8738
3950
16037
25683
31419
32371
28396
20098
8741
-3946
-16033
-25679
-31416
-32370
-28397
-20101
-8745
3942
16029
25676
31414
32370
28399
20105
8750
-3937
-16025
-25673
-31413
-32371
-28402
-20109
-8755
3932
16021
25671
31412
32371
28403
20111
8758
-3928
-16017
-25667
-31410
-32371
-28405
-20115
-8763
3923
16012
25664
31409
32372
28408
20119
8767
-3919
-16009
-25662
-31408
-32373
-28410
-20122
-8771
3915
16006
25660
31407
32373
28412
20125
8775
-3911
-16002
-25657
-31406
-32374
-28414
-20129
-8779
3907
15999
25655
31405
32375
28417
20133
8784
-3902
-15994
-25652
-31405
-32377
-28421
-20138
-8790
3896
15989
25648
31403
32377
28423
20142
8795
-3891
-15985
-25645
-31401
-32376
-28424
-20144
-8798
3887
15981
25642
31399
32376
28425
20147
8802
-3883
-15977
-25639
-31398
-32377
-28428
-20152
-8808
3877
15972
25635
31396
32377
28430
20155
8812
-3873
-15968
-25632
-31394
-32377
-28432
-20159
-8817
3867
15963
25629
31393
32378
28435
20163
8821
-3863
-15959
-25626
-31392
-32379
-28438
-20167
-8826
3858
15955
25623
31390
32379
28439
20170
8830
-3854
-15952
-25621
-31390
-32380
-28442
-20174
-8835
3849
15948
25619
31390
32382
28446
20179
8840
-3845
-15944
-25616
-31389
-32383
-28448
-20182
-8844
3840
15939
25612
31386
32382
28449
20185
8848
-3836
-15936
-25610
-31385
-32383
-28452
-20189
-8853
3831
15932
25608
31385
32385
28455
20193
8857
-3827
-15928
-25604
-31383
-32384
-28456
-20196
-8861
3823
15925
25603
31383
32386
28459
20200
8866
-3818
-15921
-25600
-31382
-32387
-28462
-20204
-8870
3814
15917
25597
31380
32386
28463
20207
8875
-3808
-15912
-25594
-31379
-32387
-28466
-20211
-8879
3804
15908
25590
31377
32387
28468
20215
8885
-3798
-15903
-25587
-31376
-32388
-28470
-20218
-8888
3794
15899
25584
31374
32388
28472
20221
8892
-3790
-15896
-25582
-31373
-32388
-28473
-20224
-8896
3786
15892
25579
31372
32389
28476
20228
8901
-3781
-15888
-25576
-31370
-32388
-28476
-20230
-8904
3778
15885
25573
31368
32387
28477
20232
8907
-3774
-15881
-25570
-31367
-32389
-28481
-20237
-8912
3769
15877
25568
31366
32389
28483
20240
8916
-3765
-15873
-25564
-31364
-32389
-28484
-20243
-8920
3760
15868
25560
31361
32388
28485
20246
8925
-3755
-15863
-25557
-31360
-32389
-28488
-20250
-8929
3751
15860
25554
31358
32388
28489
20253
8933
-3746
-15855
-25551
-31357
-32389
-28492
-20257
-8938
3741
15851
25548
31356
32390
28494
20260
8942
-3737
-15847
-25545
-31354
-32390
-28496
-20264
-8947
3732
15843
25542
31353
32390
28497
20266
8950
-3729
-15840
-25540
-31352
-32391
-28499
-20269
-8953
3726
15838
25539
31352
32392
28502
20272
8956
-3723
-15835
-25537
-31351
-32392
-28503
-20275
-8961
3718
15831
25534
31350
32393
28505
20278
8964
-3715
-15829
-25533
-31350
-32394
-28507
-20281
-8967
3712
15826
25530
31348
32393
28508
20283
8970
-3709
-15823
-25528
-31347
-32394
-28510
-20286
-8974
3705
15820
25526
31347
32395
28513
20290
8978
-3701
-15816
-25523
-31345
-32395
-28514
-20293
-8982
3696
15811
25519
31342
32394
28515
20295
8986
-3691
-15806
-25515
-31340
-32394
-28517
-20299
-8991
3686
15802
25512
31339
32395
28520
20303
8996
-3681
-15798
-25510
-31338
-32395
-28522
-20307
-9000
3677
15794
25507
31337
32396
28524
20310
9004
-3673
-15791
-25505
-31336
-32397
-28527
-20314
-9009
3668
15787
25502
31335
32398
28529
20317
9012
-3665
-15784
-25500
-31334
-32398
-28530
-20319
-9015
3662
15781
25498
31333
32399
28533
20323
9019
-3658
-15778
-25496
-31332
-32398
-28533
-20324
-9021
3655
15775
25493
31330
32398
28534
20327
9025
-3651
-15771
-25490
-31329
-32398
-28536
-20330
-9029
3646
15767
25487
31327
32398
28538
20333
9033
-3642
-15763
-25484
-31326
-32399
-28541
-20337
-9037
3638
15760
25482
31325
32399
28542
20340
9042
-3633
-15755
-25479
-31324
-32400
-28545
-20344
-9046
3629
15751
25475
31321
32399
28546
20347
9051
-3623
-15746
-25472
-31320
-32400
-28549
-20352
-9056
3618
15742
25469
31319
32401
28551
20355
9060
-3615
-15739
-25467
-31318
-32402
-28554
-20359
-9065
3609
15734
25464
31317
32402
28556
20362
9069
-3605
-15730
-25461
-31316
-32403
-28558
-20366
-9073
3601
15727
25458
31314
32403
28559
20368
9076
-3598
-15724
-25457
-31314
-32404
-28562
-20372
-9081
3593
15720
25454
31313
32405
28565
20377
9087
-3586
-15714
-25449
-31310
-32405
-28568
-20382
-9093
3580
15708
25445
31308
32405
28570
20386
9098
-3575
-15704
-25442
-31307
-32406
-28572
-20388
-9100
3573
15702
25440
31306
32405
28572
20390
9104
-3568
-15697
-25437
-31304
-32405
-28574
-20393
-9107
3565
15694
25434
31302
32405
28576
20397
9113
-3558
-15688
-25430
-31300
-32405
-28578
-20401
-9118
3553
15683
25426
31298
32406
28581
20405
9123
-3548
-15679
-25423
-31297
-32406
-28583
-20408
-9127
3544
15675
25420
31295
32406
28585
20412
9132
-3539
-15671
-25418
-31295
-32408
-28588
-20416
-9136
3534
15667
25414
31292
32407
28589
20419
9140
-3530
-15663
-25411
-31291
-32407
-28591
-20422
-9144
3526
15659
25408
31290
32408
28593
20425
9148
-3522
-15655
-25405
-31288
-32407
-28594
-20428
-9152
3517
15650
25401
31285
32406
28595
20431
9156
-3512
-15646
-25398
-31284
-32407
-28598
-20435
-9161
3507
15642
25395
31282
32407
28600
20439
9166
-3502
-15637
-25391
-31280
-32407
-28602
-20442
-9170
3498
15634
25390
31281
32409
28604
20445
9173
-3495
-15631
-25388
-31280
-32410
-28607
-20450
-9179
3489
15626
25384
31278
32410
28609
20453
9183
-3485
-15623
-25383
-31278
-32411
-28611
-20455
-9185
3483
15620
25380
31276
32411
28612
20458
9189
-3479
-15617
-25378
-31275
-32411
-28614
-20461
-9193
3474
15612
25374
31273
32411
28616
20464
9197
-3470
-15609
-25372
-31272
-32412
-28618
-20468
-9202
3465
15605
25369
31271
32413
28621
20472
9206
-3461
-15601
-25366
-31270
-32413
-28622
-20474
-9210
3456
15596
25362
31267
32412
28624
20479
9216
-3450
-15590
-25357
-31264
-32412
-28627
-20484
-9222
3444
15586
25355
31264
32413
28629
20486
9225
-3441
-15583
-25353
-31263
-32414
-28631
-20489
-9228
3438
15580
25350
31261
32413
28631
20491
9231
-3434
-15576
-25347
-31260
-32414
-28634
-20495
-9236
3429
15572
25345
31259
32415
28637
20499
9241
-3424
-15568
-25342
-31257
-32414
-28638
-20502
-9245
3420
15564
25339
31257
32417
28642
20507
9250
-3415
-15560
-25336
-31255
-32416
-28643
-20509
-9253
3411
15557
25334
31255
32417
28645
20513
9258
-3406
-15552
-25331
-31254
-32419
-28649
-20518
-9263
3402
15549
25329
31253
32420
28652
20522
9268
-3397
-15545
-25326
-31252
-32420
-28654
-20525
-9272
3392
15540
25323
31251
32421
28656
20529
9276
-3389
-15538
-25322
-31251
-32422
-28658
-20532
-9280
3384
15533
25318
31249
32423
28662
20537
9286
-3379
-15530
-25316
-31249
-32425
-28665
-20541
-9291
3374
15525
25313
31248
32425
28667
20545
9295
-3369
-15521
-25310
-31246
-32425
-28669
-20548
-9299
3365
15518
25308
31246
32427
28672
20552
9304
-3361
-15514
-25306
-31245
-32428
-28675
-20557
-9309
3356
15510
25304
31245
32430
28678
20561
9314
-3351
-15506
-25301
-31244
-32430
-28680
-20564
-9318
3346
15501
25296
31240
32428
28681
20568
9323
-3341
-15496
-25292
-31238
-32428
-28683
-20571
-9328
3335
15491
25288
31236
32429
28686
20576
9333
-3330
-15486
-25285
-31235
-32430
-28689
-20580
-9339
3324
15481
25282
31234
32431
28692
20584
9343
-3320
-15478
-25280
-31233
-32432
-28694
-20588
-9348
3315
15474
25277
31232
32433
28697
20592
9352
-3311
-15471
-25275
-31232
-32434
-28699
-20595
-9356
3307
15467
25272
31230
32434
28701
20599
9361
-3302
-15463
-25270
-31230
-32436
-28705
-20604
-9366
3298
15460
25268
31230
32437
28707
20606
9368
-3296
-15458
-25267
-31229
-32437
-28708
-20608
-9371
3292
15454
25264
31228
32438
28711
20613
9377
-3286
-15449
-25260
-31226
-32438
-28713
-20617
-9382
3281
15444
25256
31223
32437
28714
20620
9387
-3275
-15439
-25252
-31221
-32438
-28717
-20625
-9393
3269
15434
25249
31220
32438
28719
20628
9397
-3264
-15429
-25245
-31217
-32437
-28720
-20630
-9400
3261
15426
25243
31217
32438
28722
20634
9404
-3257
-15423
-25241
-31217
-32440
-28726
-20638
-9409
3253
15420
25239
31216
32441
28728
20642
9413
-3248
-15415
-25235
-31214
-32441
-28730
-20645
-9418
3243
15410
25232
31212
32441
28732
20649
9423
-3238
-15406
-25228
-31210
-32441
-28734
-20653
-9428
3233
15402
25226
31210
32443
28738
20657
9432
-3229
-15399
-25225
-31211
-32445
-28741
-20661
-9436
3225
15395
25222
31209
32445
28743
20665
9441
-3220
-15391
-25219
-31208
-32446
-28746
-20669
-9446
3215
15387
25216
31207
32447
28748
20673
9451
-3210
-15382
-25213
-31206
-32448
-28751
-20677
-9455
3206
15379
25211
31205
32449
28754
20681
9460
-3201
-15375
-25208
-31204
-32449
-28755
-20684
-9464
3197
15371
25205
31202
32449
28757
20687
9468
-3193
-15368
-25203
-31202
-32451
-28760
-20691
-9472
3189
15364
25200
31200
32450
28761
20694
9476
-3184
-15360
-25197
-31198
-32450
-28763
-20697
-9481
3179
15355
25193
31196
32450
28765
20701
9485
-3174
-15350
-25190
-31195
-32451
-28768
-20705
-9490
3169
15346
25187
31193
32451
28770
20709
9495
-3164
-15342
-25184
-31192
-32451
-28771
-20711
-9498
3160
15337
25179
31188
32449
28771
20713
9502
-3155
-15332
-25175
-31186
-32449
-28773
-20717
-9507
3150
15328
25173
31185
32450
28776
20721
9512
-3145
-15324
-25170
-31184
-32451
-28779
-20725
-9516
3141
15320
25167
31183
32452
28781
20729
9521
-3136
-15316
-25164
-31181
-32451
-28782
-20731
-9525
3131
15311
25160
31178
32450
28783
20734
9528
-3128
-15308
-25158
-31178
-32451
-28785
-20737
-9532
3124
15305
25156
31178
32453
28788
20741
9537
-3119
-15300
-25152
-31176
-32453
-28791
-20746
-9543
3113
15295
25149
31175
32455
28795
20751
9548
-3108
-15291
-25147
-31174
-32456
-28798
-20756
-9554
3102
15286
25143
31172
32456
28800
20760
9559
-3097
-15282
-25140
-31171
-32457
-28802
-20762
-9561
3095
15280
25139
31171
32457
28803
20764
9564
-3091
-15276
-25135
-31168
-32456
-28804
-20767
-9569
3086
15271
25131
31165
32455
28805
20770
9573
-3082
-15268
-25129
-31165
-32456
-28807
-20773
-9576
3078
15264
25126
31163
32456
28809
20776
9581
-3073
-15259
-25122
-31161
-32456
-28811
-20780
-9585
3069
15255
25119
31159
32455
28812
20783
9590
-3063
-15250
-25115
-31157
-32456
-28815
-20787
-9595
3058
15245
25111
31155
32456
28817
20791
9600
-3052
-15240
-25108
-31154
-32457
-28820
-20795
-9605
3047
15236
25106
31154
32459
28824
20801
9611
-3042
-15232
-25104
-31154
-32461
-28827
-20805
-9616
3037
15228
25101
31152
32461
28829
20808
9620
-3032
-15223
-25096
-31149
-32460
-28830
-20811
-9624
3028
15219
25093
31147
32459
28831
20814
9628
-3023
-15214
-25089
-31145
-32459
-28833
-20817
-9632
3019
15211
25087
31144
32460
28835
20821
9637
-3014
-15206
-25083
-31142
-32460
-28837
-20824
-9641
3009
15201
25079
31139
32459
28839
20828
9647
-3003
-15196
-25076
-31138
-32460
-28841
-20831
-9650
3000
15193
25073
31136
32459
28842
20834
9654
-2995
-15189
-25070
-31135
-32460
-28844
-20837
-9658
2991
15185
25067
31133
32460
28846
20841
9663
-2986
-15180
-25063
-31131
-32459
-28847
-20844
-9668
2980
15175
25059
31129
32459
28849
20847
9671
-2977
-15172
-25057
-31128
-32460
-28851
-20850
-9675
2973
15168
25054
31126
32460
28853
20854
9680
-2967
-15162
-25050
-31124
-32460
-28855
-20857
-9684
2963
15159
25048
31123
32460
28857
20861
9689
-2958
-15155
-25044
-31121
-32460
-28859
-20864
-9693
2954
15151
25042
31121
32462
28862
20868
9697
-2950
-15148
-25040
-31120
-32462
-28863
-20870
-9700
2947
15145
25038
31119
32462
28864
20872
9703
-2943
-15141
-25034
-31116
-32462
-28867
-20877
-9709
2937
15136
25031
31116
32464
28871
20883
9716
-2931
-15132
-25029
-31116
-32466
-28874
-20887
-9720
2927
15128
25026
31114
32466
28876
20890
9724
-2922
-15123
-25022
-31112
-32465
-28877
-20893
-9728
2918
15120
25020
31111
32466
28880
20897
9733
-2913
-15115
-25017
-31110
-32467
-28882
-20900
-9737
2909
15112
25014
31108
32467
28884
20903
9740
-2906
-15110
-25014
-31109
-32468
-28885
-20905
-9743
2902
15106
25010
31107
32468
28887
20908
9747
-2898
-15102
-25007
-31105
-32468
-28889
-20912
-9752
2893
15098
25004
31104
32468
28890
20914
9754
-2890
-15094
-25001
-31102
-32468
-28892
-20918
-9759
2885
15090
24998
31101
32469
28895
20922
9764
-2880
-15086
-24995
-31099
-32469
-28897
-20926
-9769
2875
15081
24992
31098
32470
28900
20930
9774
-2870
-15078
-24990
-31098
-32472
-28903
-20934
-9778
2867
15075
24988
31097
32472
28905
20937
9782
-2862
-15071
-24985
-31096
-32473
-28907
-20940
-9786
2858
15067
24983
31096
32474
28910
20945
9791
-2854
-15064
-24981
-31095
-32475
-28912
-20948
-9795
2849
15059
24977
31093
32475
28914
20952
9800
-2844
-15055
-24974
-31091
-32475
-28916
-20955
-9804
2840
15051
24971
31090
32476
28919
20959
9809
-2834
-15046
-24968
-31089
-32477
-28922
-20964
-9815
2828
15041
24964
31087
32478
28925
20968
9819
-2824
-15038
-24963
-31087
-32479
-28927
-20972
-9824
2819
15034
24960
31086
32480
28930
20975
9827
-2817
-15032
-24959
-31086
-32480
-28931
-20977
-9830
2813
15028
24956
31085
32481
28934
20982
9836
-2807
-15023
-24952
-31083
-32482
-28937
-20987
-9842
2801
15018
24949
31082
32483
28940
20992
9848
-2795
-15013
-24945
-31080
-32483
-28942
-20995
-9852
2791
15009
24942
31078
32483
28943
20997
9855
-2788
-15006
-24940
-31077
-32483
-28945
-21001
-9859
2783
15002
24937
31076
32484
28947
21004
9863
-2779
-14998
-24934
-31075
-32485
-28950
-21008
-9868
2774
14994
24931
31073
32484
28951
21010
9871
-2770
-14990
-24928
-31071
-32484
-28953
-21014
-9876
2765
14985
24924
31069
32485
28956
21019
9882
-2759
-14981
-24922
-31069
-32486
-28958
-21022
-9886
2755
14977
24919
31068
32487
28961
21026
9890
-2751
-14973
-24916
-31066
-32487
-28963
-21030
-9895
2746
14969
24913
31065
32487
28965
21033
9899
-2742
-14966
-24911
-31064
-32488
-28967
-21036
-9903
2738
14962
24908
31063
32489
28970
21040
9907
-2734
-14959
-24907
-31063
-32490
-28971
-21042
-9909
2732
14957
24905
31062
32490
28973
21045
9914
-2727
-14953
-24902
-31060
-32490
-28974
-21047
-9916
2725
14951
24901
31060
32491
28976
21050
9920
-2720
-14946
-24897
-31058
-32491
-28978
-21054
-9925
2715
14942
24894
31056
32490
28979
21056
9928
-2711
-14938
-24891
-31055
-32491
-28981
-21060
-9932
2707
14934
24888
31053
32491
28983
21063
9937
-2702
-14930
-24885
-31052
-32492
-28986
-21068
-9942
2697
14926
24883
31052
32494
28990
21072
9947
-2692
-14922
-24880
-31051
-32495
-28992
-21076
-9951
2688
14919
24878
31050
32495
28994
21079
9955
-2684
-14915
-24875
-31048
-32495
-28996
-21082
-9959
2680
14911
24872
31047
32495
28997
21084
9962
-2677
-14909
-24871
-31047
-32496
-28999
-21087
-9965
2674
14906
24868
31045
32495
28999
21089
9968
-2670
-14902
-24866
-31044
-32496
-29002
-21093
-9972
2666
14899
24863
31042
32495
29002
21094
9975
-2663
-14896
-24861
-31041
-32496
-29004
-21097
-9978
2660
14893
24859
31040
32496
29006
21100
9982
-2656
-14889
-24856
-31039
-32497
-29008
-21103
-9986
2652
14886
24854
31038
32497
29010
21107
9990
-2647
-14881
-24850
-31036
-32497
-29012
-21110
-9995
2642
14877
24847
31035
32498
29015
21114
9999
-2638
-14874
-24845
-31034
-32499
-29017
-21118
-10004
2633
14869
24842
31033
32500
29020
21122
10009
-2628
-14865
-24839
-31032
-32501
-29023
-21126
-10013
2624
14862
24838
31032
32502
29025
21129
10017
-2620
-14858
-24834
-31030
-32502
-29027
-21133
-10022
2614
14853
24831
31029
32503
29029
21136
10026
-2611
-14851
-24830
-31029
-32504
-29031
-21139
-10029
2608
14848
24828
31028
32505
29034
21143
10034
-2603
-14844
-24825
-31027
-32505
-29036
-21147
-10038
2599
14840
24822
31025
32505
29038
21150
10042
-2595
-14837
-24820
-31025
-32506
-29040
-21153
-10046
2590
14832
24816
31023
32507
29043
21157
10051
-2585
-14828
-24814
-31022
-32507
-29045
-21161
-10056
2580
14823
24810
31020
32508
29048
21165
10060
-2576
-14820
-24808
-31020
-32509
-29050
-21169
-10065
2571
14816
24805
31018
32509
29052
21172
10069
-2566
-14811
-24801
-31015
-32508
-29053
-21175
-10073
2563
14808
24799
31015
32509
29055
21178
10077
-2558
-14803
-24795
-31012
-32508
-29056
-21181
-10081
2553
14799
24792
31011
32509
29059
21185
10086
-2549
-14796
-24790
-31011
-32511
-29062
-21189
-10090
2544
14791
24787
31009
32510
29063
21192
10095
-2539
-14786
-24782
-31006
-32509
-29064
-21194
-10098
2535
14782
24779
31004
32509
29066
21198
10102
-2531
-14779
-24777
-31003
-32510
-29069
-21202
-10108
2525
14774
24774
31002
32510
29070
21205
10112
-2520
-14769
-24770
-31000
-32511
-29073
-21209
-10117
2515
14765
24767
30999
32511
29075
21213
10121
-2511
-14761
-24764
-30997
-32512
-29078
-21217
-10127
2505
14756
24761
30996
32512
29080
21221
10131
-2501
-14753
-24759
-30996
-32514
-29083
-21224
-10134
2498
14750
24757
30995
32515
29086
21229
10140
-2492
-14745
-24753
-30993
-32515
-29088
-21233
-10146
2486
14739
24749
30991
32515
29090
21236
10150
-2481
-14735
-24745
-30988
-32514
-29091
-21239
-10154
2477
14731
24743
30988
32515
29093
21242
10157
-2474
-14728
-24740
-30986
-32515
-29095
-21245
-10161
2470
14725
24738
30985
32515
29096
21248
10165
-2465
-14720
-24734
-30983
-32515
-29098
-21252
-10170
2460
14716
24732
30983
32517
29101
21255
10174
-2456
-14712
-24729
-30981
-32517
-29103
-21259
-10179
2451
14708
24726
30980
32518
29106
21263
10183
-2447
-14705
-24724
-30979
-32518
-29108
-21267
-10188
2442
14701
24722
30979
32520
29111
21270
10191
-2439
-14698
-24720
-30978
-32520
-29113
-21274
-10196
2434
14694
24717
30977
32521
29115
21277
10200
-2430
-14690
-24714
-30975
-32521
-29117
-21280
-10204
2426
14687
24712
30975
32522
29119
21283
10207
-2422
-14683
-24708
-30972
-32521
-29120
-21286
-10211
2418
14679
24706
30972
32523
29124
21291
10217
-2412
-14674
-24702
-30970
-32523
-29126
-21295
-10222
2407
14669
24698
30967
32522
29127
21298
10227
-2401
-14664
-24695
-30966
-32523
-29130
-21302
-10231
2397
14660
24691
30963
32521
29129
21303
10234
-2393
-14656
-24688
-30962
-32523
-29134
-21309
-10240
2387
14651
24685
30961
32524
29136
21313
10245
-2382
-14647
-24682
-30960
-32524
-29138
-21316
-10249
2379
14645
24681
30960
32525
29140
21319
10252
-2375
-14641
-24678
-30959
-32527
-29144
-21324
-10258
2370
14637
24676
30958
32527
29145
21327
10262
-2365
-14633
-24673
-30957
-32528
-29148
-21331
-10266
2361
14629
24670
30955
32528
29150
21334
10270
-2357
-14625
-24667
-30954
-32529
-29152
-21338
-10275
2352
14621
24665
30954
32531
29156
21342
10279
-2348
-14618
-24663
-30953
-32531
-29157
-21344
-10282
2345
14615
24660
30951
32530
29158
21347
10287
-2339
-14609
-24655
-30948
-32530
-29160
-21351
-10292
2333
14603
24651
30946
32530
29162
21355
10297
-2328
-14599
-24648
-30944
-32530
-29164
-21358
-10301
2324
14596
24645
30942
32529
29165
21361
10305
-2320
-14592
-24642
-30941
-32530
-29167
-21364
-10309
2315
14587
24638
30939
32530
29169
21368
10314
-2310
-14583
-24636
-30938
-32530
-29171
-21371
-10318
2306
14579
24633
30937
32531
29173
21374
10321
-2303
-14577
-24632
-30936
-32531
-29174
-21376
-10324
2300
14574
24629
30935
32532
29177
21380
10328
-2296
-14571
-24627
-30934
-32532
-29178
-21383
-10332
2291
14566
24624
30933
32533
29181
21387
10338
-2285
-14560
-24619
-30930
-32532
-29183
-21391
-10343
2280
14556
24616
30929
32533
29186
21396
10348
-2275
-14552
-24614
-30929
-32535
-29189
-21399
-10352
2271
14548
24611
30927
32535
29191
21403
10357
-2266
-14544
-24608
-30926
-32536
-29194
-21407
-10361
2262
14541
24606
30925
32536
29195
21409
10364
-2258
-14537
-24602
-30922
-32535
-29196
-21412
-10368
2254
14533
24600
30922
32536
29198
21415
10372
-2250
-14530
-24598
-30922
-32538
-29202
-21420
-10377
2245
14526
24596
30922
32540
29205
21424
10382
-2241
-14523
-24594
-30921
-32541
-29208
-21428
-10386
2237
14519
24591
30919
32540
29208
21430
10389
-2233
-14515
-24587
-30916
-32539
-29209
-21433
-10394
2227
14509
24583
30914
32539
29211
21436
10398
-2223
-14505
-24579
-30912
-32539
-29213
-21439
-10402
2219
14502
24578
30912
32540
29215
21443
10406
-2215
-14499
-24575
-30910
-32540
-29217
-21446
-10411
2209
14493
24571
30909
32541
29220
21451
10416
-2204
-14489
-24569
-30908
-32542
-29223
-21455
-10421
2200
14486
24567
30908
32544
29226
21459
10425
-2196
-14483
-24565
-30907
-32544
-29228
-21462
-10428
2193
14480
24563
30907
32545
29230
21465
10432
-2189
-14477
-24561
-30906
-32546
-29232
-21468
-10436
2184
14472
24557
30904
32546
29234
21472
10441
-2179
-14468
-24554
-30902
-32546
-29236
-21475
-10445
2175
14464
24551
30901
32546
29238
21479
10450
-2170
-14460
-24548
-30899
-32546
-29240
-21482
-10454
2165
14454
24543
30896
32545
29241
21485
10458
-2161
-14451
-24541
-30895
-32546
-29243
-21488
-10462
2157
14448
24539
30895
32547
29245
21491
10466
-2152
-14443
-24535
-30892
-32546
-29247
-21495
-10471
2147
14438
24532
30891
32547
29249
21498
10475
-2143
-14435
-24529
-30889
-32547
-29251
-21502
-10479
2139
14431
24527
30888
32547
29252
21504
10483
-2134
-14427
-24523
-30886
-32547
-29254
-21507
-10486
2131
14424
24521
30885
32547
29255
21510
10490
-2127
-14420
-24518
-30884
-32548
-29258
-21514
-10495
2121
14415
24514
30882
32548
29260
21518
10500
-2116
-14410
-24510
-30879
-32547
-29261
-21520
-10503
2113
14407
24508
30878
32547
29262
21522
10506
-2109
-14404
-24506
-30877
-32548
-29265
-21527
-10511
2105
14400
24503
30876
32549
29267
21530
10515
-2100
-14396
-24500
-30874
-32548
-29268
-21533
-10520
2095
14391
24496
30872
32548
29270
21536
10524
-2091
-14388
-24494
-30871
-32549
-29272
-21539
-10527
2088
14385
24492
30871
32550
29274
21542
10530
-2085
-14382
-24490
-30870
-32550
-29276
-21545
-10534
2081
14379
24488
30869
32551
29278
21548
10538
-2076
-14374
-24484
-30867
-32551
-29280
-21552
-10543
2071
14370
24482
30866
32552
29283
21556
10547
-2067
-14367
-24480
-30866
-32553
-29285
-21559
-10551
2063
14363
24476
30863
32552
29286
21562
10555
-2059
-14359
-24474
-30863
-32553
-29288
-21565
-10559
2054
14355
24470
30860
32552
29289
21567
10562
-2051
-14352
-24468
-30859
-32552
-29291
-21571
-10567
2046
14348
24465
30858
32553
29293
21574
10571
-2041
-14343
-24461
-30855
-32552
-29294
-21576
-10574
2038
14340
24459
30854
32552
29295
21578
10576
-2035
-14337
-24456
-30852
-32551
-29296
-21581
-10581
2030
14332
24452
30850
32551
29298
21585
10585
-2026
-14329
-24451
-30850
-32553
-29301
-21588
-10589
2022
14326
24449
30850
32554
29303
21591
10592
-2019
-14323
-24447
-30849
-32555
-29306
-21595
-10597
2014
14319
24444
30848
32556
29309
21600
10603
-2008
-14314
-24441
-30847
-32557
-29312
-21604
-10607
2004
14311
24439
30847
32559
29315
21609
10613
-1999
-14306
-24436
-30846
-32560
-29318
-21613
-10617
1995
14303
24434
30845
32561
29321
21617
10622
-1990
-14299
-24431
-30844
-32562
-29323
-21620
-10626
1986
14296
24429
30844
32563
29326
21624
10630
-1982
-14292
-24427
-30843
-32563
-29327
-21626
-10633
1978
14289
24424
30841
32563
29329
21630
10638
-1973
-14284
-24420
-30839
-32563
-29331
-21634
-10643
1968
14280
24418
30839
32565
29334
21638
10648
-1963
-14276
-24415
-30837
-32565
-29336
-21641
-10652
1959
14272
24412
30836
32566
29339
21645
10656
-1955
-14268
-24409
-30834
-32566
-29341
-21649
-10661
1950
14264
24407
30834
32567
29343
21652
10665
-1946
-14261
-24405
-30834
-32569
-29347
-21657
-10670
1941
14257
24403
30834
32571
29351
21662
10675
-1937
-14254
-24401
-30834
-32573
-29354
-21666
-10680
1932
14250
24399
30833
32573
29355
21668
10683
-1928
-14246
-24395
-30831
-32573
-29357
-21672
-10688
1923
14242
24393
30830
32574
29360
21676
10692
-1919
-14238
-24390
-30829
-32575
-29362
-21679
-10696
1915
14235
24387
30827
32574
29363
21682
10700
-1910
-14230
-24383
-30824
-32573
-29364
-21685
-10704
1906
14226
24381
30824
32574
29366
21688
10708
-1902
-14223
-24379
-30823
-32575
-29369
-21691
-10711
1899
14220
24377
30823
32576
29371
21695
10716
-1895
-14217
-24375
-30822
-32577
-29373
-21698
-10720
1890
14213
24372
30821
32578
29376
21702
10724
-1886
-14209
-24369
-30819
-32577
-29377
-21705
-10728
1881
14204
24365
30817
32577
29379
21708
10732
-1877
-14201
-24363
-30816
-32578
-29381
-21711
-10736
1873
14198
24361
30816
32580
29384
21715
10740
-1869
-14194
-24358
-30814
-32579
-29385
-21718
-10744
1865
14191
24356
30813
32580
29388
21722
10749
-1860
-14187
-24354
-30813
-32582
-29392
-21727
-10754
1856
14183
24351
30812
32583
29394
21730
10758
-1851
-14179
-24348
-30811
-32583
-29396
-21734
-10763
1846
14175
24346
30810
32584
29399
21738
10768
-1841
-14170
-24342
-30809
-32585
-29402
-21742
-10772
1837
14167
24341
30809
32587
29405
21746
10777
-1833
-14164
-24339
-30809
-32588
-29407
-21749
-10780
1830
14162
24338
30809
32589
29409
21752
10784
-1826
-14158
-24335
-30807
-32589
-29411
-21755
-10787
1822
14154
24332
30806
32590
29414
21760
10793
-1817
-14151
-24330
-30805
-32591
-29416
-21763
-10797
1812
14146
24326
30803
32591
29418
21767
10802
-1807
-14141
-24323
-30802
-32592
-29421
-21771
-10807
1802
14137
24320
30800
32591
29422
21774
10811
-1798
-14133
-24317
-30799
-32592
-29424
-21777
-10815
1794
14130
24314
30797
32592
29426
21780
10819
-1789
-14125
-24311
-30796
-32592
-29428
-21784
-10823
1785
14121
24308
30794
32592
29430
21787
10828
-1779
-14116
-24304
-30792
-32592
-29432
-21791
-10833
1774
14111
24300
30790
32593
29435
21795
10837
-1770
-14108
-24299
-30790
-32594
-29437
-21799
-10842
1765
14104
24295
30788
32594
29439
21802
10847
-1760
-14099
-24292
-30787
-32595
-29441
-21805
-10850
1757
14096
24289
30785
32594
29442
21808
10854
-1752
-14092
-24287
-30784
-32595
-29444
-21811
-10857
1749
14089
24284
30782
32594
29445
21814
10862
-1744
-14084
-24280
-30780
-32594
-29447
-21817
-10866
1739
14079
24276
30777
32593
29448
21820
10870
-1735
-14076
-24274
-30777
-32594
-29450
-21823
-10874
1730
14071
24270
30774
32593
29451
21825
10877
-1727
-14068
-24268
-30773
-32594
-29453
-21829
-10881
1723
14065
24266
30773
32595
29455
21831
10884
-1720
-14062
-24264
-30772
-32595
-29457
-21834
-10888
1716
14059
24262
30771
32596
29459
21838
10892
-1712
-14055
-24258
-30768
-32594
-29459
-21839
-10894
1709
14052
24256
30767
32595
29461
21842
10898
-1705
-14049
-24254
-30767
-32596
-29464
-21846
-10903
1700
14045
24251
30765
32596
29466
21850
10907
-1696
-14041
-24248
-30764
-32597
-29468
-21853
-10912
1690
14035
24244
30762
32597
29471
21858
10917
-1685
-14031
-24241
-30761
-32598
-29473
-21861
-10922
1680
14026
24237
30759
32598
29475
21865
10927
-1675
-14022
-24234
-30757
-32598
-29477
-21869
-10931
1671
14018
24231
30756
32598
29479
21872
10935
-1667
-14015
-24230
-30756
-32600
-29482
-21875
-10938
1664
14012
24227
30754
32599
29483
21878
10943
-1658
-14007
-24223
-30752
-32599
-29485
-21882
-10948
1653
14002
24220
30750
32599
29486
21885
10952
-1648
-13998
-24217
-30749
-32600
-29489
-21889
-10957
1643
13993
24213
30747
32601
29492
21894
10963
-1637
-13988
-24210
-30746
-32602
-29495
-21898
-10968
1632
13984
24207
30745
32602
29497
21901
10971
-1629
-13981
-24204
-30743
-32601
-29497
-21903
-10974
1625
13977
24201
30741
32601
29499
21906
10978
-1621
-13973
-24198
-30739
-32601
-29501
-21910
-10983
1616
13969
24195
30738
32601
29502
21912
10986
-1612
-13965
-24192
-30736
-32601
-29504
-21915
-10990
1608
13961
24189
30734
32601
29505
21918
10994
-1604
-13958
-24187
-30734
-32602
-29508
-21922
-10999
1599
13954
24185
30734
32604
29511
21926
11003
-1595
-13950
-24182
-30732
-32604
-29513
-21929
-11007
1591
13947
24180
30732
32605
29516
21933
11011
-1587
-13943
-24177
-30730
-32605
-29517
-21935
-11014
1583
13940
24174
30728
32604
29518
21938
11018
-1579
-13936
-24171
-30726
-32604
-29519
-21941
-11022
1575
13932
24168
30725
32604
29521
21944
11026
-1571
-13928
-24165
-30723
-32604
-29523
-21947
-11030
1566
13923
24161
30721
32604
29524
21950
11034
-1561
-13919
-24158
-30719
-32604
-29526
-21953
-11038
1557
13915
24155
30718
32604
29528
21957
11043
-1552
-13911
-24152
-30717
-32605
-29531
-21961
-11048
1547
13906
24149
30715
32605
29533
21965
11053
-1542
-13902
-24146
-30714
-32606
-29535
-21967
-11055
1540
13901
24146
30715
32608
29537
21970
11058
-1537
-13898
-24144
-30714
-32608
-29539
-21973
-11062
1533
13895
24142
30713
32609
29541
21976
11066
-1529
-13891
-24138
-30711
-32608
-29542
-21979
-11070
1524
13886
24134
30708
32608
29544
21983
11075
-1519
-13882
-24132
-30708
-32609
-29547
-21987
-11080
1514
13878
24129
30707
32610
29550
21991
11085
-1509
-13873
-24125
-30705
-32610
-29552
-21995
-11089
1504
13869
24123
30704
32611
29554
21998
11093
-1501
-13867
-24122
-30704
-32612
-29556
-22001
-11096
1498
13864
24119
30703
32613
29559
22005
11101
-1493
-13860
-24117
-30702
-32613
-29560
-22007
-11104
1489
13855
24112
30698
32611
29560
22009
11108
-1484
-13850
-24108
-30696
-32611
-29562
-22012
-11112
1480
13847
24106
30695
32611
29564
22016
11116
-1476
-13844
-24104
-30695
-32613
-29567
-22020
-11121
1471
13840
24102
30694
32614
29569
22023
11124
-1468
-13837
-24100
-30694
-32615
-29572
-22027
-11129
1463
13833
24097
30693
32616
29575
22031
11133
-1459
-13829
-24094
-30691
-32616
-29576
-22033
-11136
1456
13826
24092
30690
32616
29577
22036
11140
-1452
-13823
-24090
-30689
-32616
-29579
-22039
-11144
1448
13819
24087
30688
32617
29582
22043
11149
-1443
-13815
-24084
-30686
-32617
-29583
-22046
-11153
1438
13810
24080
30684
32617
29585
22049
11157
-1434
-13807
-24078
-30683
-32617
-29587
-22052
-11160
1431
13804
24075
30681
32617
29588
22055
11164
-1426
-13799
-24072
-30680
-32618
-29591
-22059
-11169
1421
13795
24069
30679
32619
29594
22063
11173
-1417
-13792
-24067
-30679
-32620
-29596
-22067
-11178
1412
13788
24065
30679
32622
29600
22072
11183
-1408
-13785
-24063
-30678
-32623
-29603
-22076
-11188
1403
13780
24060
30677
32624
29605
22079
11192
-1398
-13776
-24056
-30674
-32622
-29605
-22081
-11196
1394
13772
24053
30672
32622
29607
22084
11200
-1390
-13768
-24050
-30671
-32623
-29609
-22088
-11204
1385
13763
24046
30668
32622
29610
22090
11207
-1381
-13759
-24043
-30667
-32622
-29612
-22094
-11212
1376
13755
24041
30667
32624
29615
22098
11217
-1372
-13752
-24039
-30666
-32625
-29618
-22102
-11221
1368
13749
24037
30666
32626
29620
22105
11224
-1365
-13747
-24036
-30666
-32627
-29622
-22108
-11228
1362
13744
24034
30665
32628
29625
22112
11233
-1356
-13738
-24029
-30662
-32627
-29626
-22115
-11238
1350
13733
24025
30660
32627
29628
22118
11241
-1347
-13731
-24024
-30660
-32628
-29630
-22121
-11245
1343
13727
24021
30658
32628
29631
22124
11249
-1339
-13723
-24018
-30657
-32629
-29634
-22128
-11254
1334
13719
24015
30655
32628
29635
22131
11257
-1330
-13715
-24012
-30654
-32629
-29638
-22134
-11261
1326
13711
24009
30653
32630
29641
22139
11267
-1321
-13708
-24008
-30653
-32632
-29644
-22143
-11271
1317
13704
24005
30652
32632
29646
22146
11275
-1313
-13701
-24003
-30651
-32633
-29648
-22150
-11280
1308
13697
24000
30650
32634
29650
22153
11283
-1304
-13693
-23998
-30649
-32635
-29653
-22157
-11288
1300
13690
23996
30649
32636
29655
22160
11292
-1295
-13685
-23992
-30646
-32635
-29657
-22164
-11297
1290
13681
23989
30645
32635
29658
22166
11299
-1287
-13678
-23987
-30644
-32636
-29660
-22169
-11303
1283
13674
23984
30642
32635
29661
22172
11307
-1279
-13670
-23980
-30640
-32635
-29663
-22175
-11311
1275
13667
23978
30639
32636
29665
22178
11315
-1270
-13662
-23974
-30637
-32635
-29666
-22181
-11319
1266
13658
23971
30634
32634
29667
22183
11322
-1262
-13654
-23968
-30633
-32635
-29669
-22187
-11327
1257
13650
23965
30632
32636
29672
22191
11332
-1252
-13646
-23963
-30632
-32637
-29675
-22195
-11336
1248
13643
23961
30631
32638
29677
22198
11340
-1244
-13639
-23958
-30629
-32638
-29679
-22202
-11345
1239
13635
23955
30628
32639
29681
22205
11348
-1236
-13632
-23953
-30627
-32639
-29683
-22208
-11352
1232
13629
23951
30627
32640
29685
22211
11356
-1228
-13625
-23948
-30625
-32639
-29685
-22212
-11358
1225
13621
23944
30622
32638
29686
22215
11363
-1219
-13616
-23940
-30619
-32637
-29687
-22218
-11366
1216
13613
23938
30618
32637
29688
22220
11369
-1212
-13609
-23934
-30616
-32637
-29690
-22224
-11374
1207
13605
23931
30614
32637
29692
22227
11378
-1203
-13601
-23929
-30614
-32638
-29695
-22231
-11382
1199
13598
23927
30614
32640
29698
22235
11387
-1194
-13594
-23924
-30612
-32640
-29700
-22239
-11392
1189
13589
23921
30611
32641
29703
22243
11397
-1184
-13584
-23916
-30608
-32640
-29704
-22246
-11401
1180
13581
23915
30608
32641
29706
22249
11405
-1176
-13578
-23913
-30608
-32643
-29710
-22254
-11410
1171
13574
23911
30608
32645
29714
22259
11416
-1165
-13569
-23908
-30607
-32646
-29717
-22263
-11420
1161
13565
23904
30605
32646
29719
22267
11425
-1156
-13561
-23901
-30603
-32646
-29720
-22270
-11429
1152
13557
23899
30602
32646
29722
22273
11433
-1147
-13553
-23895
-30600
-32646
-29724
-22277
-11438
1142
13548
23892
30598
32646
29726
22280
11442
-1137
-13544
-23889
-30597
-32647
-29728
-22283
-11446
1134
13541
23887
30596
32648
29730
22286
11450
-1129
-13537
-23884
-30595
-32648
-29732
-22290
-11455
1124
13532
23880
30593
32649
29735
22294
11459
-1120
-13529
-23878
-30592
-32649
-29736
-22296
-11462
1117
13526
23876
30591
32649
29737
22298
11465
-1114
-13523
-23874
-30590
-32649
-29739
-22301
-11468
1110
13519
23870
30588
32649
29741
22305
11473
-1105
-13515
-23868
-30587
-32650
-29743
-22308
-11477
1101
13512
23866
30586
32650
29744
22310
11480
-1098
-13509
-23863
-30585
-32651
-29747
-22314
-11485
1093
13505
23861
30584
32651
29749
22318
11489
-1089
-13501
-23858
-30583
-32652
-29751
-22321
-11493
1084
13497
23855
30582
32653
29754
22325
11498
-1079
-13492
-23851
-30579
-32652
-29755
-22328
-11502
1075
13488
23848
30577
32652
29757
22332
11507
-1070
-13484
-23845
-30576
-32652
-29758
-22334
-11510
1066
13480
23842
30575
32653
29761
22339
11516
-1060
-13475
-23839
-30574
-32654
-29764
-22343
-11521
1055
13471
23836
30572
32654
29766
22346
11524
-1052
-13468
-23834
-30571
-32654
-29767
-22348
-11527
1049
13465
23831
30569
32654
29768
22351
11531
-1045
-13462
-23829
-30569
-32655
-29771
-22354
-11534
1042
13459
23827
30568
32655
29772
22357
11538
-1037
-13454
-23823
-30566
-32655
-29774
-22360
-11542
1033
13450
23820
30564
32655
29776
22363
11546
-1029
-13447
-23818
-30563
-32655
-29777
-22366
-11550
1024
13442
23814
30561
32655
29779
22370
11555
-1019
-13438
-23811
-30560
-32656
-29782
-22374
-11560
1014
13434
23809
30559
32657
29785
22378
11565
-1009
-13430
-23806
-30558
-32658
-29787
-22381
-11568
1006
13427
23803
30556
32657
29787
22383
11571
-1002
-13423
-23801
-30555
-32658
-29790
-22387
-11576
998
13420
23799
30555
32659
29792
22390
11579
-995
-13417
-23797
-30554
-32659
-29793
-22392
-11582
991
13414
23795
30553
32660
29796
22396
11586
-987
-13410
-23792
-30551
-32659
-29796
-22397
-11589
983
13406
23788
30549
32659
29798
22401
11593
-979
-13402
-23785
-30547
-32659
-29800
-22404
-11598
974
13398
23782
30546
32660
29802
22407
11601
-971
-13395
-23780
-30545
-32660
-29804
-22410
-11604
968
13393
23779
30545
32661
29806
22413
11608
-964
-13389
-23776
-30543
-32660
-29806
-22415
-11612
959
13384
23771
30539
32658
29807
22418
11616
-954
-13379
-23768
-30538
-32659
-29809
-22421
-11620
950
13375
23764
30536
32659
29811
22425
11625
-945
-13371
-23761
-30534
-32659
-29813
-22428
-11629
941
13367
23759
30534
32660
29815
22431
11632
-937
-13364
-23756
-30532
-32660
-29816
-22433
-11636
933
13360
23753
30530
32659
29817
22436
11639
-930
-13358
-23752
-30530
-32660
-29819
-22439
-11643
925
13353
23748
30528
32660
29821
22442
11647
-921
-13349
-23745
-30526
-32660
-29823
-22446
-11652
916
13345
23742
30525
32661
29826
22450
11656
-912
-13341
-23739
-30523
-32661
-29828
-22454
-11661
907
13337
23737
30523
32663
29831
22458
11666
-902
-13333
-23734
-30522
-32663
-29833
-22461
-11670
898
13329
23731
30520
32663
29835
22465
11675
-893
-13325
-23728
-30519
-32664
-29837
-22468
-11679
888
13320
23724
30517
32664
29839
22472
11684
-883
-13316
-23722
-30517
-32666
-29843
-22476
-11688
879
13312
23719
30515
32666
29845
22480
11693
-874
-13308
-23716
-30514
-32667
-29847
-22484
-11698
869
13304
23713
30512
32666
29848
22486
11701
-865
-13300
-23710
-30510
-32666
-29850
-22490
-11706
860
13295
23707
30509
32667
29852
22493
11710
-856
-13292
-23704
-30508
-32668
-29855
-22497
-11715
851
13287
23701
30506
32668
29857
22501
11720
-845
-13282
-23697
-30504
-32667
-29858
-22504
-11724
841
13278
23694
30503
32668
29861
22508
11728
-837
-13275
-23692
-30503
-32670
-29864
-22512
-11733
832
13271
23690
30502
32671
29867
22516
11737
-828
-13267
-23687
-30501
-32672
-29869
-22519
-11741
824
13264
23685
30500
32672
29871
22522
11745
-820
-13261
-23683
-30499
-32672
-29872
-22525
-11749
816
13257
23680
30498
32673
29875
22529
11753
-812
-13253
-23677
-30496
-32672
-29875
-22530
-11756
808
13249
23673
30494
32672
29877
22534
11760
-804
-13246
-23671
-30492
-32671
-29878
-22536
-11764
799
13241
23667
30490
32672
29881
22541
11769
-795
-13238
-23666
-30491
-32674
-29883
-22543
-11772
791
13234
23663
30490
32675
29886
22548
11777
-787
-13231
-23661
-30489
-32675
-29888
-22551
-11780
784
13229
23660
30489
32677
29891
22554
11784
-780
-13225
-23657
-30487
-32676
-29892
-22557
-11788
775
13221
23654
30486
32677
29894
22560
11791
-772
-13218
-23652
-30485
-32677
-29895
-22562
-11795
768
13214
23649
30484
32678
29898
22567
11800
-763
-13211
-23648
-30484
-32679
-29901
-22571
-11805
758
13206
23644
30483
32681
29905
22576
11811
-752
-13201
-23641
-30482
-32682
-29908
-22581
-11816
747
13197
23638
30480
32682
29910
22584
11821
-742
-13192
-23634
-30478
-32682
-29912
-22588
-11825
738
13189
23632
30477
32683
29914
22591
11829
-734
-13185
-23629
-30476
-32683
-29916
-22594
-11833
730
13182
23627
30475
32684
29918
22598
11838
-725
-13178
-23625
-30475
-32686
-29922
-22602
-11842
721
13174
23622
30474
32687
29925
22607
11847
-716
-13170
-23619
-30473
-32688
-29927
-22610
-11851
712
13167
23618
30473
32689
29930
22614
11856
-707
-13163
-23615
-30472
-32690
-29932
-22618
-11860
703
13159
23612
30470
32690
29934
22621
11864
-699
-13156
-23610
-30470
-32691
-29936
-22624
-11868
695
13152
23607
30468
32690
29937
22626
11871
-691
-13148
-23604
-30466
-32690
-29939
-22630
-11876
686
13144
23601
30465
32691
29941
22633
11880
-682
-13140
-23598
-30463
-32690
-29942
-22636
-11883
678
13136
23595
30462
32691
29945
22640
11888
-673
-13132
-23592
-30461
-32692
-29948
-22644
-11893
668
13128
23589
30459
32692
29949
22647
11898
-663
-13123
-23585
-30457
-32692
-29951
-22651
-11902
658
13118
23581
30455
32692
29953
22654
11907
-653
-13114
-23579
-30454
-32693
-29956
-22658
-11911
649
13111
23577
30453
32693
29957
22661
11915
-645
-13107
-23574
-30452
-32694
-29960
-22665
-11919
641
13103
23571
30450
32693
29960
22666
11922
-637
-13099
-23567
-30447
-32692
-29961
-22669
-11926
633
13095
23564
30446
32693
29963
22672
11929
-630
-13093
-23563
-30446
-32694
-29966
-22676
-11934
625
13089
23560
30445
32695
29968
22679
11937
-622
-13086
-23558
-30444
-32696
-29971
-22683
-11942
617
13082
23556
30443
32696
29972
22685
11945
-613
-13078
-23552
-30441
-32696
-29974
-22689
-11950
608
13073
23549
30440
32696
29976
22692
11953
-605
-13071
-23547
-30438
-32696
-29977
-22694
-11957
601
13067
23544
30437
32696
29978
22697
11960
-597
-13064
-23542
-30436
-32697
-29981
-22701
-11965
593
13060
23539
30435
32698
29984
22705
11969
-589
-13058
-23539
-30436
-32700
-29987
-22709
-11974
584
13054
23537
30437
32703
29991
22713
11978
-581
-13052
-23536
-30437
-32704
-29993
-22716
-11981
578
13049
23534
30436
32704
29995
22719
11985
-574
-13046
-23532
-30435
-32705
-29997
-22723
-11989
570
13042
23529
30434
32706
30000
22727
11994
-565
-13038
-23526
-30433
-32707
-30002
-22730
-11998
561
13035
23524
30432
32707
30004
22733
12001
-558
-13032
-23522
-30432
-32709
-30007
-22737
-12005
554
13029
23521
30432
32710
30009
22740
12009
-550
-13026
-23519
-30431
-32711
-30012
-22744
-12013
547
13023
23517
30431
32712
30014
22747
12017
-542
-13018
-23513
-30428
-32711
-30015
-22749
-12020
539
13016
23511
30427
32711
30016
22752
12024
-534
-13011
-23508
-30426
-32712
-30019
-22756
-12029
529
13007
23505
30424
32712
30021
22760
12034
-524
-13002
-23501
-30422
-32712
-30023
-22763
-12038
520
12999
23499
30422
32713
30025
22766
12041
-517
-12997
-23498
-30422
-32714
-30027
-22769
-12044
514
12994
23496
30421
32715
30030
22773
12049
-509
-12990
-23493
-30420
-32716
-30032
-22776
-12053
505
12986
23490
30418
32715
30033
22779
12057
-500
-12981
-23486
-30416
-32716
-30036
-22783
-12062
495
12977
23483
30415
32716
30037
22786
12066
-490
-12972
-23479
-30412
-32715
-30038
-22788
-12069
487
12969
23477
30410
32714
30039
22791
12073
-483
-12965
-23474
-30409
-32715
-30041
-22794
-12077
479
12962
23472
30409
32716
30043
22797
12080
-476
-12960
-23471
-30409
-32717
-30045
-22799
-12083
473
12957
23468
30407
32717
30047
22803
12087
-469
-12953
-23465
-30405
-32716
-30048
-22805
-12090
465
12950
23463
30405
32718
30051
22809
12095
-461
-12947
-23462
-30405
-32719
-30053
-22812
-12098
457
12943
23458
30402
32718
30054
22815
12102
-453
-12940
-23457
-30403
-32721
-30058
-22819
-12106
450
12937
23455
30403
32722
30061
22823
12111
-445
-12933
-23453
-30402
-32723
-30064
-22828
-12116
440
12929
23450
30401
32724
30067
22832
12122
-434
-12924
-23446
-30399
-32724
-30068
-22834
-12124
431
12921
23444
30398
32724
30069
22837
12128
-427
-12917
-23441
-30396
-32724
-30071
-22840
-12132
423
12913
23438
30394
32723
30072
22843
12136
-418
-12908
-23433
-30391
-32722
-30073
-22846
-12141
413
12904
23431
30391
32724
30076
22849
12144
-410
-12902
-23429
-30390
-32724
-30077
-22852
-12148
405
12897
23425
30387
32723
30078
22855
12152
-400
-12892
-23421
-30385
-32723
-30080
-22858
-12157
395
12887
23417
30382
32722
30082
22862
12162
-390
-12882
-23413
-30380
-32722
-30084
-22866
-12167
384
12877
23410
30379
32723
30087
22870
12172
-379
-12873
-23407
-30378
-32724
-30090
-22875
-12177
374
12869
23405
30377
32725
30092
22878
12181
-370
-12865
-23401
-30375
-32725
-30094
-22882
-12186
365
12861
23399
30375
32727
30097
22885
12189
-362
-12858
-23397
-30374
-32727
-30098
-22888
-12193
358
12855
23395
30373
32727
30100
22891
12197
-354
-12851
-23392
-30372
-32728
-30103
-22895
-12201
350
12848
23390
30371
32728
30104
22897
12204
-347
-12845
-23388
-30370
-32729
-30106
-22900
-12208
343
12842
23386
30370
32731
30109
22904
12212
-339
-12838
-23383
-30368
-32730
-30110
-22907
-12216
334
12833
23379
30366
32730
30112
22910
12220
-331
-12831
-23378
-30366
-32731
-30114
-22913
-12224
326
12827
23375
30365
32732
30117
22917
12228
-322
-12823
-23372
-30363
-32732
-30119
-22921
-12233
317
12819
23370
30363
32734
30122
22924
12237
-313
-12816
-23368
-30362
-32734
-30124
-22928
-12241
309
12812
23365
30361
32735
30126
22931
12245
-305
-12808
-23362
-30359
-32734
-30127
-22933
-12248
301
12805
23359
30357
32734
30128
22936
12252
-297
-12801
-23357
-30357
-32735
-30131
-22940
-12257
292
12797
23354
30355
32735
30133
22943
12261
-288
-12793
-23351
-30354
-32736
-30135
-22946
-12264
285
12791
23350
30354
32737
30137
22950
12269
-280
-12786
-23346
-30352
-32737
-30140
-22954
-12274
275
12782
23343
30351
32738
30142
22958
12279
-270
-12778
-23341
-30350
-32739
-30144
-22960
-12281
267
12775
23338
30348
32738
30145
22963
12285
-263
-12771
-23335
-30347
-32739
-30148
-22967
-12290
258
12767
23333
30346
32740
30150
22970
12294
-254
-12763
-23329
-30344
-32740
-30152
-22974
-12299
248
12758
23326
30343
32741
30155
22979
12304
-243
-12754
-23323
-30342
-32742
-30158
-22983
-12309
239
12751
23321
30341
32742
30159
22985
12312
-235
-12747
-23318
-30339
-32742
-30161
-22988
-12316
231
12743
23315
30337
32741
30162
22991
12320
-226
-12738
-23311
-30335
-32741
-30164
-22994
-12324
222
12734
23308
30334
32742
30166
22998
12329
-217
-12730
-23305
-30332
-32742
-30168
-23001
-12333
213
12726
23302
30331
32742
30170
23005
12337
-208
-12722
-23299
-30330
-32743
-30173
-23009
-12342
203
12718
23297
30329
32744
30175
23012
12346
-199
-12714
-23294
-30328
-32745
-30178
-23017
-12352
193
12709
23290
30326
32745
30180
23021
12357
-188
-12705
-23287
-30324
-32745
-30182
-23024
-12361
184
12701
23285
30324
32747
30185
23028
12365
-180
-12698
-23283
-30323
-32747
-30187
-23031
-12369
176
12695
23281
30323
32749
30190
23035
12373
-172
-12691
-23278
-30321
-32749
-30192
-23038
-12377
168
12688
23276
30321
32750
30194
23042
12382
-163
-12683
-23273
-30320
-32751
-30197
-23046
-12387
158
12679
23270
30319
32752
30200
23050
12391
-154
-12675
-23267
-30317
-32751
-30200
-23052
-12395
149
12671
23264
30315
32751
30202
23055
12398
-146
-12668
-23262
-30314
-32751
-30204
-23058
-12402
142
12664
23259
30313
32752
30206
23061
12406
-138
-12661
-23257
-30312
-32753
-30208
-23065
-12410
134
12658
23255
30312
32754
30210
23067
12413
-131
-12655
-23253
-30311
-32755
-30213
-23072
-12418
126
12651
23250
30310
32756
30216
23076
12423
-121
-12647
-23247
-30308
-32756
-30218
-23080
-12428
116
12642
23244
30307
32756
30220
23083
12432
-111
-12637
-23240
-30305
-32756
-30222
-23087
-12437
106
12633
23237
30304
32757
30224
23090
12441
-102
-12630
-23235
-30303
-32758
-30227
-23094
-12446
97
12626
23233
30303
32760
30230
23098
12450
-94
-12623
-23231
-30302
-32760
-30232
-23101
-12453
90
12619
23228
30300
32760
30233
23104
12458
-85
-12615
-23224
-30298
-32760
-30235
-23107
-12462
80
12610
23221
30296
32759
30236
23110
12466
-76
-12607
-23219
-30296
-32761
-30239
-23114
-12470
72
12603
23215
30293
32760
30240
23117
12474
-68
-12599
-23213
-30293
-32761
-30243
-23121
-12479
63
12596
23211
30293
32763
30246
23125
12483
-59
-12592
-23208
-30291
-32762
-30247
-23127
-12486
55
12588
23205
30289
32762
30248
23129
12489
-52
-12585
-23203
-30288
-32762
-30250
-23132
-12493
48
12582
23200
30286
32762
30251
23135
12497
-44
-12578
-23198
-30286
-32763
-30253
-23138
-12500
41
12576
23196
30285
32764
30256
23142
12505
-36
-12571
-23192
-30283
-32764
-30258
-23145
-12509
31
12566
23188
30280
32763
30259
23148
12514
-25
-12561
-23184
-30278
-32763
-30261
-23152
-12518
21
12557
23182
30277
32763
30262
23155
12523
-16
-12552
-23178
-30275
-32764
-30266
-23160
-12528
11
12548
23175
30274
32764
30267
23163
12533
-5
-12543
-23171
-30272
-32765
-30271
-23168
-12538
0
12538
23168
30271
32765
30272
23171
12543
5
-12533
-23163
-30267
-32764
-30274
-23175
-12548
-11
12528
23160
30266
32764
30275
23178
12552
16
-12523
-23155
-30262
-32763
-30277
-23182
-12557
-21
12518
23152
30261
32763
30278
23184
12561
25
-12514
-23148
-30259
-32763
-30280
-23188
-12566
-31
12509
23145
30258
32764
30283
23192
12571
36
-12505
-23142
-30256
-32764
-30285
-23196
-12576
-41
12500
23138
30253
32763
30286
23198
12578
44
-12497
-23135
-30251
-32762
-30286
-23200
-12582
-48
12493
23132
30250
32762
30288
23203
12585
52
-12489
-23129
-30248
-32762
-30289
-23205
-12588
-55
12486
23127
30247
32762
30291
23208
12592
59
-12483
-23125
-30246
-32763
-30293
-23211
-12596
-63
12479
23121
30243
32761
30293
23213
12599
68
-12474
-23117
-30240
-32760
-30293
-23215
-12603
-72
12470
23114
30239
32761
30296
23219
12607
76
-12466
-23110
-30236
-32759
-30296
-23221
-12610
-80
12462
23107
30235
32760
30298
23224
12615
85
-12458
-23104
-30233
-32760
-30300
-23228
-12619
-90
12453
23101
30232
32760
30302
23231
12623
94
-12450
-23098
-30230
-32760
-30303
-23233
-12626
-97
12446
23094
30227
32758
30303
23235
12630
102
-12441
-23090
-30224
-32757
-30304
-23237
-12633
-106
12437
23087
30222
32756
30305
23240
12637
111
-12432
-23083
-30220
-32756
-30307
-23244
-12642
-116
12428
23080
30218
32756
30308
23247
12647
121
-12423
-23076
-30216
-32756
-30310
-23250
-12651
-126
12418
23072
30213
32755
30311
23253
12655
131
-12413
-23067
-30210
-32754
-30312
-23255
-12658
-134
12410
23065
30208
32753
30312
23257
12661
138
-12406
-23061
-30206
-32752
-30313
-23259
-12664
-142
12402
23058
30204
32751
30314
23262
12668
146
-12398
-23055
-30202
-32751
-30315
-23264
-12671
-149
12395
23052
30200
32751
30317
23267
12675
154
-12391
-23050
-30200
-32752
-30319
-23270
-12679
-158
12387
23046
30197
32751
30320
23273
12683
163
-12382
-23042
-30194
-32750
-30321
-23276
-12688
-168
12377
23038
30192
32749
30321
23278
12691
172
-12373
-23035
-30190
-32749
-30323
-23281
-12695
-176
12369
23031
30187
32747
30323
23283
12698
180
-12365
-23028
-30185
-32747
-30324
-23285
-12701
-184
12361
23024
30182
32745
30324
23287
12705
188
-12357
-23021
-30180
-32745
-30326
-23290
-12709
-193
12352
23017
30178
32745
30328
23294
12714
199
-12346
-23012
-30175
-32744
-30329
-23297
-12718
-203
12342
23009
30173
32743
30330
23299
12722
208
-12337
-23005
-30170
-32742
-30331
-23302
-12726
-213
12333
23001
30168
32742
30332
23305
12730
217
-12329
-22998
-30166
-32742
-30334
-23308
-12734
-222
12324
22994
30164
32741
30335
23311
12738
226
-12320
-22991
-30162
-32741
-30337
-23315
-12743
-231
12316
22988
30161
32742
30339
23318
12747
235
-12312
-22985
-30159
-32742
-30341
-23321
-12751
-239
12309
22983
30158
32742
30342
23323
12754
243
-12304
-22979
-30155
-32741
-30343
-23326
-12758
-248
12299
22974
30152
32740
30344
23329
12763
254
-12294
-22970
-30150
-32740
-30346
-23333
-12767
-258
12290
22967
30148
32739
30347
23335
12771
263
-12285
-22963
-30145
-32738
-30348
-23338
-12775
-267
12281
22960
30144
32739
30350
23341
12778
270
-12279
-22958
-30142
-32738
-30351
-23343
-12782
-275
12274
22954
30140
32737
30352
23346
12786
280
-12269
-22950
-30137
-32737
-30354
-23350
-12791
-285
12264
22946
30135
32736
30354
23351
12793
288
-12261
-22943
-30133
-32735
-30355
-23354
-12797
-292
12257
22940
30131
32735
30357
23357
12801
297
-12252
-22936
-30128
-32734
-30357
-23359
-12805
-301
12248
22933
30127
32734
30359
23362
12808
305
-12245
-22931
-30126
-32735
-30361
-23365
-12812
-309
12241
22928
30124
32734
30362
23368
12816
313
-12237
-22924
-30122
-32734
-30363
-23370
-12819
-317
12233
22921
30119
32732
30363
23372
12823
322
-12228
-22917
-30117
-32732
-30365
-23375
-12827
-326
12224
22913
30114
32731
30366
23378
12831
331
-12220
-22910
-30112
-32730
-30366
-23379
-12833
-334
12216
22907
30110
32730
30368
23383
12838
339
-12212
-22904
-30109
-32731
-30370
-23386
-12842
-343
12208
22900
30106
32729
30370
23388
12845
347
-12204
-22897
-30104
-32728
-30371
-23390
-12848
-350
12201
22895
30103
32728
30372
23392
12851
354
-12197
-22891
-30100
-32727
-30373
-23395
-12855
-358
12193
22888
30098
32727
30374
23397
12858
362
-12189
-22885
-30097
-32727
-30375
-23399
-12861
-365
12186
22882
30094
32725
30375
23401
12865
370
-12181
-22878
-30092
-32725
-30377
-23405
-12869
-374
12177
22875
30090
32724
30378
23407
12873
379
-12172
-22870
-30087
-32723
-30379
-23410
-12877
-384
12167
22866
30084
32722
30380
23413
12882
390
-12162
-22862
-30082
-32722
-30382
-23417
-12887
-395
12157
22858
30080
32723
30385
23421
12892
400
-12152
-22855
-30078
-32723
-30387
-23425
-12897
-405
12148
22852
30077
32724
30390
23429
12902
410
-12144
-22849
-30076
-32724
-30391
-23431
-12904
-413
12141
22846
30073
32722
30391
23433
12908
418
-12136
-22843
-30072
-32723
-30394
-23438
-12913
-423
12132
22840
30071
32724
30396
23441
12917
427
-12128
-22837
-30069
-32724
-30398
-23444
-12921
-431
12124
22834
30068
32724
30399
23446
12924
434
-12122
-22832
-30067
-32724
-30401
-23450
-12929
-440
12116
22828
30064
32723
30402
23453
12933
445
-12111
-22823
-30061
-32722
-30403
-23455
-12937
-450
12106
22819
30058
32721
30403
23457
12940
453
-12102
-22815
-30054
-32718
-30402
-23458
-12943
-457
12098
22812
30053
32719
30405
23462
12947
461
-12095
-22809
-30051
-32718
-30405
-23463
-12950
-465
12090
22805
30048
32716
30405
23465
12953
469
-12087
-22803
-30047
-32717
-30407
-23468
-12957
-473
12083
22799
30045
32717
30409
23471
12960
476
-12080
-22797
-30043
-32716
-30409
-23472
-12962
-479
12077
22794
30041
32715
30409
23474
12965
483
-12073
-22791
-30039
-32714
-30410
-23477
-12969
-487
12069
22788
30038
32715
30412
23479
12972
490
-12066
-22786
-30037
-32716
-30415
-23483
-12977
-495
12062
22783
30036
32716
30416
23486
12981
500
-12057
-22779
-30033
-32715
-30418
-23490
-12986
-505
12053
22776
30032
32716
30420
23493
12990
509
-12049
-22773
-30030
-32715
-30421
-23496
-12994
-514
12044
22769
30027
32714
30422
23498
12997
517
-12041
-22766
-30025
-32713
-30422
-23499
-12999
-520
12038
22763
30023
32712
30422
23501
13002
524
-12034
-22760
-30021
-32712
-30424
-23505
-13007
-529
12029
22756
30019
32712
30426
23508
13011
534
-12024
-22752
-30016
-32711
-30427
-23511
-13016
-539
12020
22749
30015
32711
30428
23513
13018
542
-12017
-22747
-30014
-32712
-30431
-23517
-13023
-547
12013
22744
30012
32711
30431
23519
13026
550
-12009
-22740
-30009
-32710
-30432
-23521
-13029
-554
12005
22737
30007
32709
30432
23522
13032
558
-12001
-22733
-30004
-32707
-30432
-23524
-13035
-561
11998
22730
30002
32707
30433
23526
13038
565
-11994
-22727
-30000
-32706
-30434
-23529
-13042
-570
11989
22723
29997
32705
30435
23532
13046
574
-11985
-22719
-29995
-32704
-30436
-23534
-13049
-578
11981
22716
29993
32704
30437
23536
13052
581
-11978
-22713
-29991
-32703
-30437
-23537
-13054
-584
11974
22709
29987
32700
30436
23539
13058
589
-11969
-22705
-29984
-32698
-30435
-23539
-13060
-593
11965
22701
29981
32697
30436
23542
13064
597
-11960
-22697
-29978
-32696
-30437
-23544
-13067
-601
11957
22694
29977
32696
30438
23547
13071
605
-11953
-22692
-29976
-32696
-30440
-23549
-13073
-608
11950
22689
29974
32696
30441
23552
13078
613
-11945
-22685
-29972
-32696
-30443
-23556
-13082
-617
11942
22683
29971
32696
30444
23558
13086
622
-11937
-22679
-29968
-32695
-30445
-23560
-13089
-625
11934
22676
29966
32694
30446
23563
13093
630
-11929
-22672
-29963
-32693
-30446
-23564
-13095
-633
11926
22669
29961
32692
30447
23567
13099
637
-11922
-22666
-29960
-32693
-30450
-23571
-13103
-641
11919
22665
29960
32694
30452
23574
13107
645
-11915
-22661
-29957
-32693
-30453
-23577
-13111
-649
11911
22658
29956
32693
30454
23579
13114
653
-11907
-22654
-29953
-32692
-30455
-23581
-13118
-658
11902
22651
29951
32692
30457
23585
13123
663
-11898
-22647
-29949
-32692
-30459
-23589
-13128
-668
11893
22644
29948
32692
30461
23592
13132
673
-11888
-22640
-29945
-32691
-30462
-23595
-13136
-678
11883
22636
29942
32690
30463
23598
13140
682
-11880
-22633
-29941
-32691
-30465
-23601
-13144
-686
11876
22630
29939
32690
30466
23604
13148
691
-11871
-22626
-29937
-32690
-30468
-23607
-13152
-695
11868
22624
29936
32691
30470
23610
13156
699
-11864
-22621
-29934
-32690
-30470
-23612
-13159
-703
11860
22618
29932
32690
30472
23615
13163
707
-11856
-22614
-29930
-32689
-30473
-23618
-13167
-712
11851
22610
29927
32688
30473
23619
13170
716
-11847
-22607
-29925
-32687
-30474
-23622
-13174
-721
11842
22602
29922
32686
30475
23625
13178
725
-11838
-22598
-29918
-32684
-30475
-23627
-13182
-730
11833
22594
29916
32683
30476
23629
13185
734
-11829
-22591
-29914
-32683
-30477
-23632
-13189
-738
11825
22588
29912
32682
30478
23634
13192
742
-11821
-22584
-29910
-32682
-30480
-23638
-13197
-747
11816
22581
29908
32682
30482
23641
13201
752
-11811
-22576
-29905
-32681
-30483
-23644
-13206
-758
11805
22571
29901
32679
30484
23648
13211
763
-11800
-22567
-29898
-32678
-30484
-23649
-13214
-768
11795
22562
29895
32677
30485
23652
13218
772
-11791
-22560
-29894
-32677
-30486
-23654
-13221
-775
11788
22557
29892
32676
30487
23657
13225
780
-11784
-22554
-29891
-32677
-30489
-23660
-13229
-784
11780
22551
29888
32675
30489
23661
13231
787
-11777
-22548
-29886
-32675
-30490
-23663
-13234
-791
11772
22543
29883
32674
30491
23666
13238
795
-11769
-22541
-29881
-32672
-30490
-23667
-13241
-799
11764
22536
29878
32671
30492
23671
13246
804
-11760
-22534
-29877
-32672
-30494
-23673
-13249
-808
11756
22530
29875
32672
30496
23677
13253
812
-11753
-22529
-29875
-32673
-30498
-23680
-13257
-816
11749
22525
29872
32672
30499
23683
13261
820
-11745
-22522
-29871
-32672
-30500
-23685
-13264
-824
11741
22519
29869
32672
30501
23687
13267
828
-11737
-22516
-29867
-32671
-30502
-23690
-13271
-832
11733
22512
29864
32670
30503
23692
13275
837
-11728
-22508
-29861
-32668
-30503
-23694
-13278
-841
11724
22504
29858
32667
30504
23697
13282
845
-11720
-22501
-29857
-32668
-30506
-23701
-13287
-851
11715
22497
29855
32668
30508
23704
13292
856
-11710
-22493
-29852
-32667
-30509
-23707
-13295
-860
11706
22490
29850
32666
30510
23710
13300
865
-11701
-22486
-29848
-32666
-30512
-23713
-13304
-869
11698
22484
29847
32667
30514
23716
13308
874
-11693
-22480
-29845
-32666
-30515
-23719
-13312
-879
11688
22476
29843
32666
30517
23722
13316
883
-11684
-22472
-29839
-32664
-30517
-23724
-13320
-888
11679
22468
29837
32664
30519
23728
13325
893
-11675
-22465
-29835
-32663
-30520
-23731
-13329
-898
11670
22461
29833
32663
30522
23734
13333
902
-11666
-22458
-29831
-32663
-30523
-23737
-13337
-907
11661
22454
29828
32661
30523
23739
13341
912
-11656
-22450
-29826
-32661
-30525
-23742
-13345
-916
11652
22446
29823
32660
30526
23745
13349
921
-11647
-22442
-29821
-32660
-30528
-23748
-13353
-925
11643
22439
29819
32660
30530
23752
13358
930
-11639
-22436
-29817
-32659
-30530
-23753
-13360
-933
11636
22433
29816
32660
30532
23756
13364
937
-11632
-22431
-29815
-32660
-30534
-23759
-13367
-941
11629
22428
29813
32659
30534
23761
13371
945
-11625
-22425
-29811
-32659
-30536
-23764
-13375
-950
11620
22421
29809
32659
30538
23768
13379
954
-11616
-22418
-29807
-32658
-30539
-23771
-13384
-959
11612
22415
29806
32660
30543
23776
13389
964
-11608
-22413
-29806
-32661
-30545
-23779
-13393
-968
11604
22410
29804
32660
30545
23780
13395
971
-11601
-22407
-29802
-32660
-30546
-23782
-13398
-974
11598
22404
29800
32659
30547
23785
13402
979
-11593
-22401
-29798
-32659
-30549
-23788
-13406
-983
11589
22397
29796
32659
30551
23792
13410
987
-11586
-22396
-29796
-32660
-30553
-23795
-13414
-991
11582
22392
29793
32659
30554
23797
13417
995
-11579
-22390
-29792
-32659
-30555
-23799
-13420
-998
11576
22387
29790
32658
30555
23801
13423
1002
-11571
-22383
-29787
-32657
-30556
-23803
-13427
-1006
11568
22381
29787
32658
30558
23806
13430
1009
-11565
-22378
-29785
-32657
-30559
-23809
-13434
-1014
11560
22374
29782
32656
30560
23811
13438
1019
-11555
-22370
-29779
-32655
-30561
-23814
-13442
-1024
11550
22366
29777
32655
30563
23818
13447
1029
-11546
-22363
-29776
-32655
-30564
-23820
-13450
-1033
11542
22360
29774
32655
30566
23823
13454
1037
-11538
-22357
-29772
-32655
-30568
-23827
-13459
-1042
11534
22354
29771
32655
30569
23829
13462
1045
-11531
-22351
-29768
-32654
-30569
-23831
-13465
-1049
11527
22348
29767
32654
30571
23834
13468
1052
-11524
-22346
-29766
-32654
-30572
-23836
-13471
-1055
11521
22343
29764
32654
30574
23839
13475
1060
-11516
-22339
-29761
-32653
-30575
-23842
-13480
-1066
11510
22334
29758
32652
30576
23845
13484
1070
-11507
-22332
-29757
-32652
-30577
-23848
-13488
-1075
11502
22328
29755
32652
30579
23851
13492
1079
-11498
-22325
-29754
-32653
-30582
-23855
-13497
-1084
11493
22321
29751
32652
30583
23858
13501
1089
-11489
-22318
-29749
-32651
-30584
-23861
-13505
-1093
11485
22314
29747
32651
30585
23863
13509
1098
-11480
-22310
-29744
-32650
-30586
-23866
-13512
-1101
11477
22308
29743
32650
30587
23868
13515
1105
-11473
-22305
-29741
-32649
-30588
-23870
-13519
-1110
11468
22301
29739
32649
30590
23874
13523
1114
-11465
-22298
-29737
-32649
-30591
-23876
-13526
-1117
11462
22296
29736
32649
30592
23878
13529
1120
-11459
-22294
-29735
-32649
-30593
-23880
-13532
-1124
11455
22290
29732
32648
30595
23884
13537
1129
-11450
-22286
-29730
-32648
-30596
-23887
-13541
-1134
11446
22283
29728
32647
30597
23889
13544
1137
-11442
-22280
-29726
-32646
-30598
-23892
-13548
-1142
11438
22277
29724
32646
30600
23895
13553
1147
-11433
-22273
-29722
-32646
-30602
-23899
-13557
-1152
11429
22270
29720
32646
30603
23901
13561
1156
-11425
-22267
-29719
-32646
-30605
-23904
-13565
-1161
11420
22263
29717
32646
30607
23908
13569
1165
-11416
-22259
-29714
-32645
-30608
-23911
-13574
-1171
11410
22254
29710
32643
30608
23913
13578
1176
-11405
-22249
-29706
-32641
-30608
-23915
-13581
-1180
11401
22246
29704
32640
30608
23916
13584
1184
-11397
-22243
-29703
-32641
-30611
-23921
-13589
-1189
11392
22239
29700
32640
30612
23924
13594
1194
-11387
-22235
-29698
-32640
-30614
-23927
-13598
-1199
11382
22231
29695
32638
30614
23929
13601
1203
-11378
-22227
-29692
-32637
-30614
-23931
-13605
-1207
11374
22224
29690
32637
30616
23934
13609
1212
-11369
-22220
-29688
-32637
-30618
-23938
-13613
-1216
11366
22218
29687
32637
30619
23940
13616
1219
-11363
-22215
-29686
-32638
-30622
-23944
-13621
-1225
11358
22212
29685
32639
30625
23948
13625
1228
-11356
-22211
-29685
-32640
-30627
-23951
-13629
-1232
11352
22208
29683
32639
30627
23953
13632
1236
-11348
-22205
-29681
-32639
-30628
-23955
-13635
-1239
11345
22202
29679
32638
30629
23958
13639
1244
-11340
-22198
-29677
-32638
-30631
-23961
-13643
-1248
11336
22195
29675
32637
30632
23963
13646
1252
-11332
-22191
-29672
-32636
-30632
-23965
-13650
-1257
11327
22187
29669
32635
30633
23968
13654
1262
-11322
-22183
-29667
-32634
-30634
-23971
-13658
-1266
11319
22181
29666
32635
30637
23974
13662
1270
-11315
-22178
-29665
-32636
-30639
-23978
-13667
-1275
11311
22175
29663
32635
30640
23980
13670
1279
-11307
-22172
-29661
-32635
-30642
-23984
-13674
-1283
11303
22169
29660
32636
30644
23987
13678
1287
-11299
-22166
-29658
-32635
-30645
-23989
-13681
-1290
11297
22164
29657
32635
30646
23992
13685
1295
-11292
-22160
-29655
-32636
-30649
-23996
-13690
-1300
11288
22157
29653
32635
30649
23998
13693
1304
-11283
-22153
-29650
-32634
-30650
-24000
-13697
-1308
11280
22150
29648
32633
30651
24003
13701
1313
-11275
-22146
-29646
-32632
-30652
-24005
-13704
-1317
11271
22143
29644
32632
30653
24008
13708
1321
-11267
-22139
-29641
-32630
-30653
-24009
-13711
-1326
11261
22134
29638
32629
30654
24012
13715
1330
-11257
-22131
-29635
-32628
-30655
-24015
-13719
-1334
11254
22128
29634
32629
30657
24018
13723
1339
-11249
-22124
-29631
-32628
-30658
-24021
-13727
-1343
11245
22121
29630
32628
30660
24024
13731
1347
-11241
-22118
-29628
-32627
-30660
-24025
-13733
-1350
11238
22115
29626
32627
30662
24029
13738
1356
-11233
-22112
-29625
-32628
-30665
-24034
-13744
-1362
11228
22108
29622
32627
30666
24036
13747
1365
-11224
-22105
-29620
-32626
-30666
-24037
-13749
-1368
11221
22102
29618
32625
30666
24039
13752
1372
-11217
-22098
-29615
-32624
-30667
-24041
-13755
-1376
11212
22094
29612
32622
30667
24043
13759
1381
-11207
-22090
-29610
-32622
-30668
-24046
-13763
-1385
11204
22088
29609
32623
30671
24050
13768
1390
-11200
-22084
-29607
-32622
-30672
-24053
-13772
-1394
11196
22081
29605
32622
30674
24056
13776
1398
-11192
-22079
-29605
-32624
-30677
-24060
-13780
-1403
11188
22076
29603
32623
30678
24063
13785
1408
-11183
-22072
-29600
-32622
-30679
-24065
-13788
-1412
11178
22067
29596
32620
30679
24067
13792
1417
-11173
-22063
-29594
-32619
-30679
-24069
-13795
-1421
11169
22059
29591
32618
30680
24072
13799
1426
-11164
-22055
-29588
-32617
-30681
-24075
-13804
-1431
11160
22052
29587
32617
30683
24078
13807
1434
-11157
-22049
-29585
-32617
-30684
-24080
-13810
-1438
11153
22046
29583
32617
30686
24084
13815
1443
-11149
-22043
-29582
-32617
-30688
-24087
-13819
-1448
11144
22039
29579
32616
30689
24090
13823
1452
-11140
-22036
-29577
-32616
-30690
-24092
-13826
-1456
11136
22033
29576
32616
30691
24094
13829
1459
-11133
-22031
-29575
-32616
-30693
-24097
-13833
-1463
11129
22027
29572
32615
30694
24100
13837
1468
-11124
-22023
-29569
-32614
-30694
-24102
-13840
-1471
11121
22020
29567
32613
30695
24104
13844
1476
-11116
-22016
-29564
-32611
-30695
-24106
-13847
-1480
11112
22012
29562
32611
30696
24108
13850
1484
-11108
-22009
-29560
-32611
-30698
-24112
-13855
-1489
11104
22007
29560
32613
30702
24117
13860
1493
-11101
-22005
-29559
-32613
-30703
-24119
-13864
-1498
11096
22001
29556
32612
30704
24122
13867
1501
-11093
-21998
-29554
-32611
-30704
-24123
-13869
-1504
11089
21995
29552
32610
30705
24125
13873
1509
-11085
-21991
-29550
-32610
-30707
-24129
-13878
-1514
11080
21987
29547
32609
30708
24132
13882
1519
-11075
-21983
-29544
-32608
-30708
-24134
-13886
-1524
11070
21979
29542
32608
30711
24138
13891
1529
-11066
-21976
-29541
-32609
-30713
-24142
-13895
-1533
11062
21973
29539
32608
30714
24144
13898
1537
-11058
-21970
-29537
-32608
-30715
-24146
-13901
-1540
11055
21967
29535
32606
30714
24146
13902
1542
-11053
-21965
-29533
-32605
-30715
-24149
-13906
-1547
11048
21961
29531
32605
30717
24152
13911
1552
-11043
-21957
-29528
-32604
-30718
-24155
-13915
-1557
11038
21953
29526
32604
30719
24158
13919
1561
-11034
-21950
-29524
-32604
-30721
-24161
-13923
-1566
11030
21947
29523
32604
30723
24165
13928
1571
-11026
-21944
-29521
-32604
-30725
-24168
-13932
-1575
11022
21941
29519
32604
30726
24171
13936
1579
-11018
-21938
-29518
-32604
-30728
-24174
-13940
-1583
11014
21935
29517
32605
30730
24177
13943
1587
-11011
-21933
-29516
-32605
-30732
-24180
-13947
-1591
11007
21929
29513
32604
30732
24182
13950
1595
-11003
-21926
-29511
-32604
-30734
-24185
-13954
-1599
10999
21922
29508
32602
30734
24187
13958
1604
-10994
-21918
-29505
-32601
-30734
-24189
-13961
-1608
10990
21915
29504
32601
30736
24192
13965
1612
-10986
-21912
-29502
-32601
-30738
-24195
-13969
-1616
10983
21910
29501
32601
30739
24198
13973
1621
-10978
-21906
-29499
-32601
-30741
-24201
-13977
-1625
10974
21903
29497
32601
30743
24204
13981
1629
-10971
-21901
-29497
-32602
-30745
-24207
-13984
-1632
10968
21898
29495
32602
30746
24210
13988
1637
-10963
-21894
-29492
-32601
-30747
-24213
-13993
-1643
10957
21889
29489
32600
30749
24217
13998
1648
-10952
-21885
-29486
-32599
-30750
-24220
-14002
-1653
10948
21882
29485
32599
30752
24223
14007
1658
-10943
-21878
-29483
-32599
-30754
-24227
-14012
-1664
10938
21875
29482
32600
30756
24230
14015
1667
-10935
-21872
-29479
-32598
-30756
-24231
-14018
-1671
10931
21869
29477
32598
30757
24234
14022
1675
-10927
-21865
-29475
-32598
-30759
-24237
-14026
-1680
10922
21861
29473
32598
30761
24241
14031
1685
-10917
-21858
-29471
-32597
-30762
-24244
-14035
-1690
10912
21853
29468
32597
30764
24248
14041
1696
-10907
-21850
-29466
-32596
-30765
-24251
-14045
-1700
10903
21846
29464
32596
30767
24254
14049
1705
-10898
-21842
-29461
-32595
-30767
-24256
-14052
-1709
10894
21839
29459
32594
30768
24258
14055
1712
-10892
-21838
-29459
-32596
-30771
-24262
-14059
-1716
10888
21834
29457
32595
30772
24264
14062
1720
-10884
-21831
-29455
-32595
-30773
-24266
-14065
-1723
10881
21829
29453
32594
30773
24268
14068
1727
-10877
-21825
-29451
-32593
-30774
-24270
-14071
-1730
10874
21823
29450
32594
30777
24274
14076
1735
-10870
-21820
-29448
-32593
-30777
-24276
-14079
-1739
10866
21817
29447
32594
30780
24280
14084
1744
-10862
-21814
-29445
-32594
-30782
-24284
-14089
-1749
10857
21811
29444
32595
30784
24287
14092
1752
-10854
-21808
-29442
-32594
-30785
-24289
-14096
-1757
10850
21805
29441
32595
30787
24292
14099
1760
-10847
-21802
-29439
-32594
-30788
-24295
-14104
-1765
10842
21799
29437
32594
30790
24299
14108
1770
-10837
-21795
-29435
-32593
-30790
-24300
-14111
-1774
10833
21791
29432
32592
30792
24304
14116
1779
-10828
-21787
-29430
-32592
-30794
-24308
-14121
-1785
10823
21784
29428
32592
30796
24311
14125
1789
-10819
-21780
-29426
-32592
-30797
-24314
-14130
-1794
10815
21777
29424
32592
30799
24317
14133
1798
-10811
-21774
-29422
-32591
-30800
-24320
-14137
-1802
10807
21771
29421
32592
30802
24323
14141
1807
-10802
-21767
-29418
-32591
-30803
-24326
-14146
-1812
10797
21763
29416
32591
30805
24330
14151
1817
-10793
-21760
-29414
-32590
-30806
-24332
-14154
-1822
10787
21755
29411
32589
30807
24335
14158
1826
-10784
-21752
-29409
-32589
-30809
-24338
-14162
-1830
10780
21749
29407
32588
30809
24339
14164
1833
-10777
-21746
-29405
-32587
-30809
-24341
-14167
-1837
10772
21742
29402
32585
30809
24342
14170
1841
-10768
-21738
-29399
-32584
-30810
-24346
-14175
-1846
10763
21734
29396
32583
30811
24348
14179
1851
-10758
-21730
-29394
-32583
-30812
-24351
-14183
-1856
10754
21727
29392
32582
30813
24354
14187
1860
-10749
-21722
-29388
-32580
-30813
-24356
-14191
-1865
10744
21718
29385
32579
30814
24358
14194
1869
-10740
-21715
-29384
-32580
-30816
-24361
-14198
-1873
10736
21711
29381
32578
30816
24363
14201
1877
-10732
-21708
-29379
-32577
-30817
-24365
-14204
-1881
10728
21705
29377
32577
30819
24369
14209
1886
-10724
-21702
-29376
-32578
-30821
-24372
-14213
-1890
10720
21698
29373
32577
30822
24375
14217
1895
-10716
-21695
-29371
-32576
-30823
-24377
-14220
-1899
10711
21691
29369
32575
30823
24379
14223
1902
-10708
-21688
-29366
-32574
-30824
-24381
-14226
-1906
10704
21685
29364
32573
30824
24383
14230
1910
-10700
-21682
-29363
-32574
-30827
-24387
-14235
-1915
10696
21679
29362
32575
30829
24390
14238
1919
-10692
-21676
-29360
-32574
-30830
-24393
-14242
-1923
10688
21672
29357
32573
30831
24395
14246
1928
-10683
-21668
-29355
-32573
-30833
-24399
-14250
-1932
10680
21666
29354
32573
30834
24401
14254
1937
-10675
-21662
-29351
-32571
-30834
-24403
-14257
-1941
10670
21657
29347
32569
30834
24405
14261
1946
-10665
-21652
-29343
-32567
-30834
-24407
-14264
-1950
10661
21649
29341
32566
30834
24409
14268
1955
-10656
-21645
-29339
-32566
-30836
-24412
-14272
-1959
10652
21641
29336
32565
30837
24415
14276
1963
-10648
-21638
-29334
-32565
-30839
-24418
-14280
-1968
10643
21634
29331
32563
30839
24420
14284
1973
-10638
-21630
-29329
-32563
-30841
-24424
-14289
-1978
10633
21626
29327
32563
30843
24427
14292
1982
-10630
-21624
-29326
-32563
-30844
-24429
-14296
-1986
10626
21620
29323
32562
30844
24431
14299
1990
-10622
-21617
-29321
-32561
-30845
-24434
-14303
-1995
10617
21613
29318
32560
30846
24436
14306
1999
-10613
-21609
-29315
-32559
-30847
-24439
-14311
-2004
10607
21604
29312
32557
30847
24441
14314
2008
-10603
-21600
-29309
-32556
-30848
-24444
-14319
-2014
10597
21595
29306
32555
30849
24447
14323
2019
-10592
-21591
-29303
-32554
-30850
-24449
-14326
-2022
10589
21588
29301
32553
30850
24451
14329
2026
-10585
-21585
-29298
-32551
-30850
-24452
-14332
-2030
10581
21581
29296
32551
30852
24456
14337
2035
-10576
-21578
-29295
-32552
-30854
-24459
-14340
-2038
10574
21576
29294
32552
30855
24461
14343
2041
-10571
-21574
-29293
-32553
-30858
-24465
-14348
-2046
10567
21571
29291
32552
30859
24468
14352
2051
-10562
-21567
-29289
-32552
-30860
-24470
-14355
-2054
10559
21565
29288
32553
30863
24474
14359
2059
-10555
-21562
-29286
-32552
-30863
-24476
-14363
-2063
10551
21559
29285
32553
30866
24480
14367
2067
-10547
-21556
-29283
-32552
-30866
-24482
-14370
-2071
10543
21552
29280
32551
30867
24484
14374
2076
-10538
-21548
-29278
-32551
-30869
-24488
-14379
-2081
10534
21545
29276
32550
30870
24490
14382
2085
-10530
-21542
-29274
-32550
-30871
-24492
-14385
-2088
10527
21539
29272
32549
30871
24494
14388
2091
-10524
-21536
-29270
-32548
-30872
-24496
-14391
-2095
10520
21533
29268
32548
30874
24500
14396
2100
-10515
-21530
-29267
-32549
-30876
-24503
-14400
-2105
10511
21527
29265
32548
30877
24506
14404
2109
-10506
-21522
-29262
-32547
-30878
-24508
-14407
-2113
10503
21520
29261
32547
30879
24510
14410
2116
-10500
-21518
-29260
-32548
-30882
-24514
-14415
-2121
10495
21514
29258
32548
30884
24518
14420
2127
-10490
-21510
-29255
-32547
-30885
-24521
-14424
-2131
10486
21507
29254
32547
30886
24523
14427
2134
-10483
-21504
-29252
-32547
-30888
-24527
-14431
-2139
10479
21502
29251
32547
30889
24529
14435
2143
-10475
-21498
-29249
-32547
-30891
-24532
-14438
-2147
10471
21495
29247
32546
30892
24535
14443
2152
-10466
-21491
-29245
-32547
-30895
-24539
-14448
-2157
10462
21488
29243
32546
30895
24541
14451
2161
-10458
-21485
-29241
-32545
-30896
-24543
-14454
-2165
10454
21482
29240
32546
30899
24548
14460
2170
-10450
-21479
-29238
-32546
-30901
-24551
-14464
-2175
10445
21475
29236
32546
30902
24554
14468
2179
-10441
-21472
-29234
-32546
-30904
-24557
-14472
-2184
10436
21468
29232
32546
30906
24561
14477
2189
-10432
-21465
-29230
-32545
-30907
-24563
-14480
-2193
10428
21462
29228
32544
30907
24565
14483
2196
-10425
-21459
-29226
-32544
-30908
-24567
-14486
-2200
10421
21455
29223
32542
30908
24569
14489
2204
-10416
-21451
-29220
-32541
-30909
-24571
-14493
-2209
10411
21446
29217
32540
30910
24575
14499
2215
-10406
-21443
-29215
-32540
-30912
-24578
-14502
-2219
10402
21439
29213
32539
30912
24579
14505
2223
-10398
-21436
-29211
-32539
-30914
-24583
-14509
-2227
10394
21433
29209
32539
30916
24587
14515
2233
-10389
-21430
-29208
-32540
-30919
-24591
-14519
-2237
10386
21428
29208
32541
30921
24594
14523
2241
-10382
-21424
-29205
-32540
-30922
-24596
-14526
-2245
10377
21420
29202
32538
30922
24598
14530
2250
-10372
-21415
-29198
-32536
-30922
-24600
-14533
-2254
10368
21412
29196
32535
30922
24602
14537
2258
-10364
-21409
-29195
-32536
-30925
-24606
-14541
-2262
10361
21407
29194
32536
30926
24608
14544
2266
-10357
-21403
-29191
-32535
-30927
-24611
-14548
-2271
10352
21399
29189
32535
30929
24614
14552
2275
-10348
-21396
-29186
-32533
-30929
-24616
-14556
-2280
10343
21391
29183
32532
30930
24619
14560
2285
-10338
-21387
-29181
-32533
-30933
-24624
-14566
-2291
10332
21383
29178
32532
30934
24627
14571
2296
-10328
-21380
-29177
-32532
-30935
-24629
-14574
-2300
10324
21376
29174
32531
30936
24632
14577
2303
-10321
-21374
-29173
-32531
-30937
-24633
-14579
-2306
10318
21371
29171
32530
30938
24636
14583
2310
-10314
-21368
-29169
-32530
-30939
-24638
-14587
-2315
10309
21364
29167
32530
30941
24642
14592
2320
-10305
-21361
-29165
-32529
-30942
-24645
-14596
-2324
10301
21358
29164
32530
30944
24648
14599
2328
-10297
-21355
-29162
-32530
-30946
-24651
-14603
-2333
10292
21351
29160
32530
30948
24655
14609
2339
-10287
-21347
-29158
-32530
-30951
-24660
-14615
-2345
10282
21344
29157
32531
30953
24663
14618
2348
-10279
-21342
-29156
-32531
-30954
-24665
-14621
-2352
10275
21338
29152
32529
30954
24667
14625
2357
-10270
-21334
-29150
-32528
-30955
-24670
-14629
-2361
10266
21331
29148
32528
30957
24673
14633
2365
-10262
-21327
-29145
-32527
-30958
-24676
-14637
-2370
10258
21324
29144
32527
30959
24678
14641
2375
-10252
-21319
-29140
-32525
-30960
-24681
-14645
-2379
10249
21316
29138
32524
30960
24682
14647
2382
-10245
-21313
-29136
-32524
-30961
-24685
-14651
-2387
10240
21309
29134
32523
30962
24688
14656
2393
-10234
-21303
-29129
-32521
-30963
-24691
-14660
-2397
10231
21302
29130
32523
30966
24695
14664
2401
-10227
-21298
-29127
-32522
-30967
-24698
-14669
-2407
10222
21295
29126
32523
30970
24702
14674
2412
-10217
-21291
-29124
-32523
-30972
-24706
-14679
-2418
10211
21286
29120
32521
30972
24708
14683
2422
-10207
-21283
-29119
-32522
-30975
-24712
-14687
-2426
10204
21280
29117
32521
30975
24714
14690
2430
-10200
-21277
-29115
-32521
-30977
-24717
-14694
-2434
10196
21274
29113
32520
30978
24720
14698
2439
-10191
-21270
-29111
-32520
-30979
-24722
-14701
-2442
10188
21267
29108
32518
30979
24724
14705
2447
-10183
-21263
-29106
-32518
-30980
-24726
-14708
-2451
10179
21259
29103
32517
30981
24729
14712
2456
-10174
-21255
-29101
-32517
-30983
-24732
-14716
-2460
10170
21252
29098
32515
30983
24734
14720
2465
-10165
-21248
-29096
-32515
-30985
-24738
-14725
-2470
10161
21245
29095
32515
30986
24740
14728
2474
-10157
-21242
-29093
-32515
-30988
-24743
-14731
-2477
10154
21239
29091
32514
30988
24745
14735
2481
-10150
-21236
-29090
-32515
-30991
-24749
-14739
-2486
10146
21233
29088
32515
30993
24753
14745
2492
-10140
-21229
-29086
-32515
-30995
-24757
-14750
-2498
10134
21224
29083
32514
30996
24759
14753
2501
-10131
-21221
-29080
-32512
-30996
-24761
-14756
-2505
10127
21217
29078
32512
30997
24764
14761
2511
-10121
-21213
-29075
-32511
-30999
-24767
-14765
-2515
10117
21209
29073
32511
31000
24770
14769
2520
-10112
-21205
-29070
-32510
-31002
-24774
-14774
-2525
10108
21202
29069
32510
31003
24777
14779
2531
-10102
-21198
-29066
-32509
-31004
-24779
-14782
-2535
10098
21194
29064
32509
31006
24782
14786
2539
-10095
-21192
-29063
-32510
-31009
-24787
-14791
-2544
10090
21189
29062
32511
31011
24790
14796
2549
-10086
-21185
-29059
-32509
-31011
-24792
-14799
-2553
10081
21181
29056
32508
31012
24795
14803
2558
-10077
-21178
-29055
-32509
-31015
-24799
-14808
-2563
10073
21175
29053
32508
31015
24801
14811
2566
-10069
-21172
-29052
-32509
-31018
-24805
-14816
-2571
10065
21169
29050
32509
31020
24808
14820
2576
-10060
-21165
-29048
-32508
-31020
-24810
-14823
-2580
10056
21161
29045
32507
31022
24814
14828
2585
-10051
-21157
-29043
-32507
-31023
-24816
-14832
-2590
10046
21153
29040
32506
31025
24820
14837
2595
-10042
-21150
-29038
-32505
-31025
-24822
-14840
-2599
10038
21147
29036
32505
31027
24825
14844
2603
-10034
-21143
-29034
-32505
-31028
-24828
-14848
-2608
10029
21139
29031
32504
31029
24830
14851
2611
-10026
-21136
-29029
-32503
-31029
-24831
-14853
-2614
10022
21133
29027
32502
31030
24834
14858
2620
-10017
-21129
-29025
-32502
-31032
-24838
-14862
-2624
10013
21126
29023
32501
31032
24839
14865
2628
-10009
-21122
-29020
-32500
-31033
-24842
-14869
-2633
10004
21118
29017
32499
31034
24845
14874
2638
-9999
-21114
-29015
-32498
-31035
-24847
-14877
-2642
9995
21110
29012
32497
31036
24850
14881
2647
-9990
-21107
-29010
-32497
-31038
-24854
-14886
-2652
9986
21103
29008
32497
31039
24856
14889
2656
-9982
-21100
-29006
-32496
-31040
-24859
-14893
-2660
9978
21097
29004
32496
31041
24861
14896
2663
-9975
-21094
-29002
-32495
-31042
-24863
-14899
-2666
9972
21093
29002
32496
31044
24866
14902
2670
-9968
-21089
-28999
-32495
-31045
-24868
-14906
-2674
9965
21087
28999
32496
31047
24871
14909
2677
-9962
-21084
-28997
-32495
-31047
-24872
-14911
-2680
9959
21082
28996
32495
31048
24875
14915
2684
-9955
-21079
-28994
-32495
-31050
-24878
-14919
-2688
9951
21076
28992
32495
31051
24880
14922
2692
-9947
-21072
-28990
-32494
-31052
-24883
-14926
-2697
9942
21068
28986
32492
31052
24885
14930
2702
-9937
-21063
-28983
-32491
-31053
-24888
-14934
-2707
9932
21060
28981
32491
31055
24891
14938
2711
-9928
-21056
-28979
-32490
-31056
-24894
-14942
-2715
9925
21054
28978
32491
31058
24897
14946
2720
-9920
-21050
-28976
-32491
-31060
-24901
-14951
-2725
9916
21047
28974
32490
31060
24902
14953
2727
-9914
-21045
-28973
-32490
-31062
-24905
-14957
-2732
9909
21042
28971
32490
31063
24907
14959
2734
-9907
-21040
-28970
-32489
-31063
-24908
-14962
-2738
9903
21036
28967
32488
31064
24911
14966
2742
-9899
-21033
-28965
-32487
-31065
-24913
-14969
-2746
9895
21030
28963
32487
31066
24916
14973
2751
-9890
-21026
-28961
-32487
-31068
-24919
-14977
-2755
9886
21022
28958
32486
31069
24922
14981
2759
-9882
-21019
-28956
-32485
-31069
-24924
-14985
-2765
9876
21014
28953
32484
31071
24928
14990
2770
-9871
-21010
-28951
-32484
-31073
-24931
-14994
-2774
9868
21008
28950
32485
31075
24934
14998
2779
-9863
-21004
-28947
-32484
-31076
-24937
-15002
-2783
9859
21001
28945
32483
31077
24940
15006
2788
-9855
-20997
-28943
-32483
-31078
-24942
-15009
-2791
9852
20995
28942
32483
31080
24945
15013
2795
-9848
-20992
-28940
-32483
-31082
-24949
-15018
-2801
9842
20987
28937
32482
31083
24952
15023
2807
-9836
-20982
-28934
-32481
-31085
-24956
-15028
-2813
9830
20977
28931
32480
31086
24959
15032
2817
-9827
-20975
-28930
-32480
-31086
-24960
-15034
-2819
9824
20972
28927
32479
31087
24963
15038
2824
-9819
-20968
-28925
-32478
-31087
-24964
-15041
-2828
9815
20964
28922
32477
31089
24968
15046
2834
-9809
-20959
-28919
-32476
-31090
-24971
-15051
-2840
9804
20955
28916
32475
31091
24974
15055
2844
-9800
-20952
-28914
-32475
-31093
-24977
-15059
-2849
9795
20948
28912
32475
31095
24981
15064
2854
-9791
-20945
-28910
-32474
-31096
-24983
-15067
-2858
9786
20940
28907
32473
31096
24985
15071
2862
-9782
-20937
-28905
-32472
-31097
-24988
-15075
-2867
9778
20934
28903
32472
31098
24990
15078
2870
-9774
-20930
-28900
-32470
-31098
-24992
-15081
-2875
9769
20926
28897
32469
31099
24995
15086
2880
-9764
-20922
-28895
-32469
-31101
-24998
-15090
-2885
9759
20918
28892
32468
31102
25001
15094
2890
-9754
-20914
-28890
-32468
-31104
-25004
-15098
-2893
9752
20912
28889
32468
31105
25007
15102
2898
-9747
-20908
-28887
-32468
-31107
-25010
-15106
-2902
9743
20905
28885
32468
31109
25014
15110
2906
-9740
-20903
-28884
-32467
-31108
-25014
-15112
-2909
9737
20900
28882
32467
31110
25017
15115
2913
-9733
-20897
-28880
-32466
-31111
-25020
-15120
-2918
9728
20893
28877
32465
31112
25022
15123
2922
-9724
-20890
-28876
-32466
-31114
-25026
-15128
-2927
9720
20887
28874
32466
31116
25029
15132
2931
-9716
-20883
-28871
-32464
-31116
-25031
-15136
-2937
9709
20877
28867
32462
31116
25034
15141
2943
-9703
-20872
-28864
-32462
-31119
-25038
-15145
-2947
9700
20870
28863
32462
31120
25040
15148
2950
-9697
-20868
-28862
-32462
-31121
-25042
-15151
-2954
9693
20864
28859
32460
31121
25044
15155
2958
-9689
-20861
-28857
-32460
-31123
-25048
-15159
-2963
9684
20857
28855
32460
31124
25050
15162
2967
-9680
-20854
-28853
-32460
-31126
-25054
-15168
-2973
9675
20850
28851
32460
31128
25057
15172
2977
-9671
-20847
-28849
-32459
-31129
-25059
-15175
-2980
9668
20844
28847
32459
31131
25063
15180
2986
-9663
-20841
-28846
-32460
-31133
-25067
-15185
-2991
9658
20837
28844
32460
31135
25070
15189
2995
-9654
-20834
-28842
-32459
-31136
-25073
-15193
-3000
9650
20831
28841
32460
31138
25076
15196
3003
-9647
-20828
-28839
-32459
-31139
-25079
-15201
-3009
9641
20824
28837
32460
31142
25083
15206
3014
-9637
-20821
-28835
-32460
-31144
-25087
-15211
-3019
9632
20817
28833
32459
31145
25089
15214
3023
-9628
-20814
-28831
-32459
-31147
-25093
-15219
-3028
9624
20811
28830
32460
31149
25096
15223
3032
-9620
-20808
-28829
-32461
-31152
-25101
-15228
-3037
9616
20805
28827
32461
31154
25104
15232
3042
-9611
-20801
-28824
-32459
-31154
-25106
-15236
-3047
9605
20795
28820
32457
31154
25108
15240
3052
-9600
-20791
-28817
-32456
-31155
-25111
-15245
-3058
9595
20787
28815
32456
31157
25115
15250
3063
-9590
-20783
-28812
-32455
-31159
-25119
-15255
-3069
9585
20780
28811
32456
31161
25122
15259
3073
-9581
-20776
-28809
-32456
-31163
-25126
-15264
-3078
9576
20773
28807
32456
31165
25129
15268
3082
-9573
-20770
-28805
-32455
-31165
-25131
-15271
-3086
9569
20767
28804
32456
31168
25135
15276
3091
-9564
-20764
-28803
-32457
-31171
-25139
-15280
-3095
9561
20762
28802
32457
31171
25140
15282
3097
-9559
-20760
-28800
-32456
-31172
-25143
-15286
-3102
9554
20756
28798
32456
31174
25147
15291
3108
-9548
-20751
-28795
-32455
-31175
-25149
-15295
-3113
9543
20746
28791
32453
31176
25152
15300
3119
-9537
-20741
-28788
-32453
-31178
-25156
-15305
-3124
9532
20737
28785
32451
31178
25158
15308
3128
-9528
-20734
-28783
-32450
-31178
-25160
-15311
-3131
9525
20731
28782
32451
31181
25164
15316
3136
-9521
-20729
-28781
-32452
-31183
-25167
-15320
-3141
9516
20725
28779
32451
31184
25170
15324
3145
-9512
-20721
-28776
-32450
-31185
-25173
-15328
-3150
9507
20717
28773
32449
31186
25175
15332
3155
-9502
-20713
-28771
-32449
-31188
-25179
-15337
-3160
9498
20711
28771
32451
31192
25184
15342
3164
-9495
-20709
-28770
-32451
-31193
-25187
-15346
-3169
9490
20705
28768
32451
31195
25190
15350
3174
-9485
-20701
-28765
-32450
-31196
-25193
-15355
-3179
9481
20697
28763
32450
31198
25197
15360
3184
-9476
-20694
-28761
-32450
-31200
-25200
-15364
-3189
9472
20691
28760
32451
31202
25203
15368
3193
-9468
-20687
-28757
-32449
-31202
-25205
-15371
-3197
9464
20684
28755
32449
31204
25208
15375
3201
-9460
-20681
-28754
-32449
-31205
-25211
-15379
-3206
9455
20677
28751
32448
31206
25213
15382
3210
-9451
-20673
-28748
-32447
-31207
-25216
-15387
-3215
9446
20669
28746
32446
31208
25219
15391
3220
-9441
-20665
-28743
-32445
-31209
-25222
-15395
-3225
9436
20661
28741
32445
31211
25225
15399
3229
-9432
-20657
-28738
-32443
-31210
-25226
-15402
-3233
9428
20653
28734
32441
31210
25228
15406
3238
-9423
-20649
-28732
-32441
-31212
-25232
-15410
-3243
9418
20645
28730
32441
31214
25235
15415
3248
-9413
-20642
-28728
-32441
-31216
-25239
-15420
-3253
9409
20638
28726
32440
31217
25241
15423
3257
-9404
-20634
-28722
-32438
-31217
-25243
-15426
-3261
9400
20630
28720
32437
31217
25245
15429
3264
-9397
-20628
-28719
-32438
-31220
-25249
-15434
-3269
9393
20625
28717
32438
31221
25252
15439
3275
-9387
-20620
-28714
-32437
-31223
-25256
-15444
-3281
9382
20617
28713
32438
31226
25260
15449
3286
-9377
-20613
-28711
-32438
-31228
-25264
-15454
-3292
9371
20608
28708
32437
31229
25267
15458
3296
-9368
-20606
-28707
-32437
-31230
-25268
-15460
-3298
9366
20604
28705
32436
31230
25270
15463
3302
-9361
-20599
-28701
-32434
-31230
-25272
-15467
-3307
9356
20595
28699
32434
31232
25275
15471
3311
-9352
-20592
-28697
-32433
-31232
-25277
-15474
-3315
9348
20588
28694
32432
31233
25280
15478
3320
-9343
-20584
-28692
-32431
-31234
-25282
-15481
-3324
9339
20580
28689
32430
31235
25285
15486
3330
-9333
-20576
-28686
-32429
-31236
-25288
-15491
-3335
9328
20571
28683
32428
31238
25292
15496
3341
-9323
-20568
-28681
-32428
-31240
-25296
-15501
-3346
9318
20564
28680
32430
31244
25301
15506
3351
-9314
-20561
-28678
-32430
-31245
-25304
-15510
-3356
9309
20557
28675
32428
31245
25306
15514
3361
-9304
-20552
-28672
-32427
-31246
-25308
-15518
-3365
9299
20548
28669
32425
31246
25310
15521
3369
-9295
-20545
-28667
-32425
-31248
-25313
-15525
-3374
9291
20541
28665
32425
31249
25316
15530
3379
-9286
-20537
-28662
-32423
-31249
-25318
-15533
-3384
9280
20532
28658
32422
31251
25322
15538
3389
-9276
-20529
-28656
-32421
-31251
-25323
-15540
-3392
9272
20525
28654
32420
31252
25326
15545
3397
-9268
-20522
-28652
-32420
-31253
-25329
-15549
-3402
9263
20518
28649
32419
31254
25331
15552
3406
-9258
-20513
-28645
-32417
-31255
-25334
-15557
-3411
9253
20509
28643
32416
31255
25336
15560
3415
-9250
-20507
-28642
-32417
-31257
-25339
-15564
-3420
9245
20502
28638
32414
31257
25342
15568
3424
-9241
-20499
-28637
-32415
-31259
-25345
-15572
-3429
9236
20495
28634
32414
31260
25347
15576
3434
-9231
-20491
-28631
-32413
-31261
-25350
-15580
-3438
9228
20489
28631
32414
31263
25353
15583
3441
-9225
-20486
-28629
-32413
-31264
-25355
-15586
-3444
9222
20484
28627
32412
31264
25357
15590
3450
-9216
-20479
-28624
-32412
-31267
-25362
-15596
-3456
9210
20474
28622
32413
31270
25366
15601
3461
-9206
-20472
-28621
-32413
-31271
-25369
-15605
-3465
9202
20468
28618
32412
31272
25372
15609
3470
-9197
-20464
-28616
-32411
-31273
-25374
-15612
-3474
9193
20461
28614
32411
31275
25378
15617
3479
-9189
-20458
-28612
-32411
-31276
-25380
-15620
-3483
9185
20455
28611
32411
31278
25383
15623
3485
-9183
-20453
-28609
-32410
-31278
-25384
-15626
-3489
9179
20450
28607
32410
31280
25388
15631
3495
-9173
-20445
-28604
-32409
-31281
-25390
-15634
-3498
9170
20442
28602
32407
31280
25391
15637
3502
-9166
-20439
-28600
-32407
-31282
-25395
-15642
-3507
9161
20435
28598
32407
31284
25398
15646
3512
-9156
-20431
-28595
-32406
-31285
-25401
-15650
-3517
9152
20428
28594
32407
31288
25405
15655
3522
-9148
-20425
-28593
-32408
-31290
-25408
-15659
-3526
9144
20422
28591
32407
31291
25411
15663
3530
-9140
-20419
-28589
-32407
-31292
-25414
-15667
-3534
9136
20416
28588
32408
31295
25418
15671
3539
-9132
-20412
-28585
-32406
-31295
-25420
-15675
-3544
9127
20408
28583
32406
31297
25423
15679
3548
-9123
-20405
-28581
-32406
-31298
-25426
-15683
-3553
9118
20401
28578
32405
31300
25430
15688
3558
-9113
-20397
-28576
-32405
-31302
-25434
-15694
-3565
9107
20393
28574
32405
31304
25437
15697
3568
-9104
-20390
-28572
-32405
-31306
-25440
-15702
-3573
9100
20388
28572
32406
31307
25442
15704
3575
-9098
-20386
-28570
-32405
-31308
-25445
-15708
-3580
9093
20382
28568
32405
31310
25449
15714
3586
-9087
-20377
-28565
-32405
-31313
-25454
-15720
-3593
9081
20372
28562
32404
31314
25457
15724
3598
-9076
-20368
-28559
-32403
-31314
-25458
-15727
-3601
9073
20366
28558
32403
31316
25461
15730
3605
-9069
-20362
-28556
-32402
-31317
-25464
-15734
-3609
9065
20359
28554
32402
31318
25467
15739
3615
-9060
-20355
-28551
-32401
-31319
-25469
-15742
-3618
9056
20352
28549
32400
31320
25472
15746
3623
-9051
-20347
-28546
-32399
-31321
-25475
-15751
-3629
9046
20344
28545
32400
31324
25479
15755
3633
-9042
-20340
-28542
-32399
-31325
-25482
-15760
-3638
9037
20337
28541
32399
31326
25484
15763
3642
-9033
-20333
-28538
-32398
-31327
-25487
-15767
-3646
9029
20330
28536
32398
31329
25490
15771
3651
-9025
-20327
-28534
-32398
-31330
-25493
-15775
-3655
9021
20324
28533
32398
31332
25496
15778
3658
-9019
-20323
-28533
-32399
-31333
-25498
-15781
-3662
9015
20319
28530
32398
31334
25500
15784
3665
-9012
-20317
-28529
-32398
-31335
-25502
-15787
-3668
9009
20314
28527
32397
31336
25505
15791
3673
-9004
-20310
-28524
-32396
-31337
-25507
-15794
-3677
9000
20307
28522
32395
31338
25510
15798
3681
-8996
-20303
-28520
-32395
-31339
-25512
-15802
-3686
8991
20299
28517
32394
31340
25515
15806
3691
-8986
-20295
-28515
-32394
-31342
-25519
-15811
-3696
8982
20293
28514
32395
31345
25523
15816
3701
-8978
-20290
-28513
-32395
-31347
-25526
-15820
-3705
8974
20286
28510
32394
31347
25528
15823
3709
-8970
-20283
-28508
-32393
-31348
-25530
-15826
-3712
8967
20281
28507
32394
31350
25533
15829
3715
-8964
-20278
-28505
-32393
-31350
-25534
-15831
-3718
8961
20275
28503
32392
31351
25537
15835
3723
-8956
-20272
-28502
-32392
-31352
-25539
-15838
-3726
8953
20269
28499
32391
31352
25540
15840
3729
-8950
-20266
-28497
-32390
-31353
-25542
-15843
-3732
8947
20264
28496
32390
31354
25545
15847
3737
-8942
-20260
-28494
-32390
-31356
-25548
-15851
-3741
8938
20257
28492
32389
31357
25551
15855
3746
-8933
-20253
-28489
-32388
-31358
-25554
-15860
-3751
8929
20250
28488
32389
31360
25557
15863
3755
-8925
-20246
-28485
-32388
-31361
-25560
-15868
-3760
8920
20243
28484
32389
31364
25564
15873
3765
-8916
-20240
-28483
-32389
-31366
-25568
-15877
-3769
8912
20237
28481
32389
31367
25570
15881
3774
-8907
-20232
-28477
-32387
-31368
-25573
-15885
-3778
8904
20230
28476
32388
31370
25576
15888
3781
-8901
-20228
-28476
-32389
-31372
-25579
-15892
-3786
8896
20224
28473
32388
31373
25582
15896
3790
-8892
-20221
-28472
-32388
-31374
-25584
-15899
-3794
8888
20218
28470
32388
31376
25587
15903
3798
-8885
-20215
-28468
-32387
-31377
-25590
-15908
-3804
8879
20211
28466
32387
31379
25594
15912
3808
-8875
-20207
-28463
-32386
-31380
-25597
-15917
-3814
8870
20204
28462
32387
31382
25600
15921
3818
-8866
-20200
-28459
-32386
-31383
-25603
-15925
-3823
8861
20196
28456
32384
31383
25604
15928
3827
-8857
-20193
-28455
-32385
-31385
-25608
-15932
-3831
8853
20189
28452
32383
31385
25610
15936
3836
-8848
-20185
-28449
-32382
-31386
-25612
-15939
-3840
8844
20182
28448
32383
31389
25616
15944
3845
-8840
-20179
-28446
-32382
-31390
-25619
-15948
-3849
8835
20174
28442
32380
31390
25621
15952
3854
-8830
-20170
-28439
-32379
-31390
-25623
-15955
-3858
8826
20167
28438
32379
31392
25626
15959
3863
-8821
-20163
-28435
-32378
-31393
-25629
-15963
-3867
8817
20159
28432
32377
31394
25632
15968
3873
-8812
-20155
-28430
-32377
-31396
-25635
-15972
-3877
8808
20152
28428
32377
31398
25639
15977
3883
-8802
-20147
-28425
-32376
-31399
-25642
-15981
-3887
8798
20144
28424
32376
31401
25645
15985
3891
-8795
-20142
-28423
-32377
-31403
-25648
-15989
-3896
8790
20138
28421
32377
31405
25652
15994
3902
-8784
-20133
-28417
-32375
-31405
-25655
-15999
-3907
8779
20129
28414
32374
31406
25657
16002
3911
-8775
-20125
-28412
-32373
-31407
-25660
-16006
-3915
8771
20122
28410
32373
31408
25662
16009
3919
-8767
-20119
-28408
-32372
-31409
-25664
-16012
-3923
8763
20115
28405
32371
31410
25667
16017
3928
-8758
-20111
-28403
-32371
-31412
-25671
-16021
-3932
8755
20109
28402
32371
31413
25673
16025
3937
-8750
-20105
-28399
-32370
-31414
-25676
-16029
-3942
8745
20101
28397
32370
31416
25679
16033
3946
-8741
-20098
-28396
-32371
-31419
-25683
-16037
-3950
8738
20096
28395
32371
31420
25686
16041
3954
-8734
-20093
-28393
-32371
-31422
-25689
-16045
-3959
8730
20090
28391
32370
31422
25691
16048
3963
-8726
-20086
-28389
-32370
-31424
-25694
-16052
-3967
8722
20083
28387
32369
31424
25695
16055
3971
-8718
-20080
-28385
-32369
-31426
-25699
-16060
-3976
8713
20076
28383
32369
31428
25703
16065
3982
-8707
-20071
-28379
-32367
-31428
-25705
-16069
-3987
8702
20066
28376
32366
31430
25709
16074
3992
-8697
-20063
-28374
-32365
-31430
-25710
-16076
-3995
8694
20059
28371
32364
31431
25713
16081
4001
-8688
-20055
-28369
-32364
-31433
-25717
-16086
-4006
8684
20052
28367
32364
31435
25720
16090
4010
-8680
-20049
-28366
-32365
-31437
-25723
-16093
-4013
8677
20046
28364
32364
31438
25726
16098
4019
-8672
-20043
-28363
-32365
-31441
-25730
-16102
-4023
8668
20039
28360
32364
31442
25733
16106
4028
-8663
-20036
-28359
-32364
-31443
-25735
-16110
-4032
8659
20032
28356
32363
31444
25738
16114
4037
-8655
-20029
-28354
-32363
-31446
-25742
-16119
-4042
8651
20027
28354
32364
31448
25745
16122
4045
-8648
-20024
-28352
-32363
-31448
-25746
-16125
-4049
8643
20019
28348
32361
31449
25749
16130
4055
-8637
-20014
-28344
-32359
-31449
-25752
-16134
-4060
8632
20010
28342
32359
31451
25755
16138
4065
-8627
-20006
-28339
-32358
-31452
-25757
-16141
-4068
8624
20003
28337
32357
31452
25759
16145
4073
-8619
-19999
-28334
-32356
-31453
-25762
-16149
-4078
8614
19995
28332
32356
31455
25765
16153
4082
-8610
-19992
-28330
-32355
-31456
-25768
-16157
-4086
8607
19989
28328
32355
31457
25770
16159
4089
-8604
-19987
-28327
-32355
-31458
-25772
-16163
-4093
8600
19984
28326
32355
31460
25775
16166
4097
-8596
-19980
-28323
-32354
-31461
-25778
-16171
-4102
8591
19976
28320
32353
31462
25781
16176
4108
-8585
-19971
-28317
-32352
-31463
-25784
-16180
-4113
8580
19967
28315
32352
31465
25788
16185
4118
-8576
-19965
-28314
-32353
-31467
-25791
-16189
-4122
8572
19961
28312
32353
31469
25795
16194
4128
-8567
-19958
-28310
-32352
-31470
-25797
-16197
-4131
8564
19955
28308
32351
31470
25798
16199
4134
-8560
-19951
-28305
-32350
-31471
-25801
-16203
-4138
8557
19949
28304
32351
31474
25805
16208
4143
-8552
-19946
-28303
-32351
-31476
-25809
-16213
-4148
8548
19943
28302
32352
31478
25812
16216
4152
-8544
-19940
-28300
-32352
-31480
-25815
-16220
-4156
8540
19936
28297
32350
31479
25816
16223
4161
-8535
-19931
-28293
-32348
-31480
-25819
-16228
-4166
8530
19927
28290
32347
31480
25821
16231
4170
-8526
-19924
-28289
-32347
-31482
-25824
-16235
-4174
8522
19921
28287
32347
31483
25826
16238
4178
-8518
-19917
-28284
-32346
-31485
-25831
-16244
-4184
8512
19913
28282
32346
31487
25834
16248
4189
-8508
-19910
-28281
-32347
-31489
-25837
-16252
-4193
8505
19908
28280
32347
31491
25840
16256
4197
-8501
-19905
-28279
-32347
-31492
-25843
-16259
-4200
8498
19903
28278
32348
31494
25846
16263
4204
-8494
-19899
-28275
-32346
-31494
-25848
-16267
-4209
8489
19895
28273
32346
31496
25851
16271
4214
-8484
-19891
-28270
-32345
-31497
-25854
-16275
-4218
8480
19888
28268
32345
31499
25857
16279
4223
-8475
-19883
-28264
-32342
-31498
-25859
-16283
-4228
8470
19879
28262
32342
31499
25861
16286
4232
-8466
-19876
-28260
-32342
-31501
-25864
-16290
-4236
8463
19873
28258
32341
31502
25867
16294
4241
-8457
-19868
-28255
-32340
-31503
-25870
-16299
-4246
8453
19865
28253
32340
31504
25872
16302
4250
-8449
-19862
-28251
-32339
-31505
-25875
-16305
-4254
8445
19858
28248
32338
31506
25877
16309
4258
-8441
-19855
-28246
-32337
-31506
-25878
-16311
-4261
8438
19852
28244
32337
31508
25882
16316
4266
-8433
-19848
-28242
-32336
-31509
-25885
-16321
-4272
8427
19843
28238
32334
31509
25887
16324
4276
-8423
-19840
-28236
-32334
-31510
-25889
-16327
-4279
8420
19837
28234
32333
31511
25891
16330
4283
-8416
-19834
-28233
-32334
-31513
-25895
-16335
-4288
8412
19831
28231
32333
31514
25897
16338
4292
-8407
-19826
-28227
-32331
-31514
-25899
-16342
-4297
8402
19822
28225
32331
31516
25903
16346
4301
-8399
-19820
-28224
-32331
-31517
-25905
-16349
-4304
8396
19818
28223
32331
31518
25907
16352
4308
-8392
-19815
-28221
-32331
-31519
-25909
-16355
-4311
8389
19812
28219
32330
31520
25912
16359
4316
-8384
-19808
-28217
-32330
-31522
-25916
-16364
-4321
8380
19805
28215
32330
31524
25919
16368
4325
-8376
-19802
-28213
-32329
-31525
-25921
-16371
-4329
8372
19798
28211
32329
31526
25924
16375
4333
-8368
-19795
-28209
-32328
-31527
-25926
-16379
-4338
8363
19791
28206
32327
31527
25928
16381
4341
-8360
-19788
-28204
-32327
-31529
-25931
-16386
-4346
8355
19784
28201
32325
31529
25933
16389
4350
-8351
-19781
-28199
-32324
-31529
-25934
-16391
-4353
8348
19778
28197
32323
31529
25935
16393
4356
-8344
-19774
-28194
-32322
-31530
-25938
-16398
-4361
8339
19770
28192
32322
31532
25942
16402
4365
-8336
-19768
-28191
-32322
-31534
-25945
-16406
-4369
8333
19766
28190
32322
31535
25947
16409
4373
-8329
-19763
-28189
-32323
-31538
-25951
-16414
-4378
8324
19759
28186
32323
31540
25955
16419
4384
-8319
-19756
-28185
-32323
-31542
-25959
-16424
-4389
8314
19752
28183
32324
31544
25963
16429
4394
-8310
-19749
-28182
-32324
-31546
-25966
-16433
-4398
8306
19746
28180
32324
31548
25969
16437
4403
-8302
-19743
-28178
-32324
-31550
-25972
-16441
-4407
8298
19740
28177
32324
31551
25975
16444
4410
-8295
-19737
-28175
-32323
-31552
-25977
-16448
-4415
8290
19733
28172
32322
31553
25980
16452
4420
-8285
-19729
-28170
-32322
-31555
-25984
-16457
-4425
8281
19726
28168
32322
31557
25987
16461
4429
-8277
-19723
-28166
-32322
-31558
-25990
-16465
-4434
8272
19719
28164
32321
31559
25992
16469
4439
-8267
-19715
-28162
-32321
-31561
-25996
-16473
-4443
8264
19713
28161
32322
31563
25999
16477
4447
-8260
-19710
-28160
-32323
-31566
-26004
-16483
-4453
8255
19707
28159
32324
31569
26008
16488
4458
-8251
-19704
-28157
-32324
-31571
-26011
-16491
-4461
8248
19701
28155
32323
31571
26013
16495
4466
-8243
-19697
-28153
-32323
-31573
-26016
-16499
-4470
8239
19694
28151
32322
31574
26019
16503
4475
-8235
-19691
-28149
-32322
-31575
-26021
-16506
-4478
8231
19687
28146
32320
31575
26023
16510
4483
-8226
-19683
-28144
-32320
-31577
-26027
-16514
-4487
8222
19680
28142
32320
31578
26029
16517
4491
-8219
-19678
-28141
-32320
-31580
-26032
-16521
-4495
8215
19675
28140
32321
31582
26035
16525
4499
-8212
-19672
-28138
-32320
-31583
-26038
-16529
-4504
8207
19669
28136
32320
31585
26041
16533
4508
-8203
-19665
-28133
-32318
-31585
-26043
-16537
-4513
8198
19661
28131
32318
31586
26045
16539
4516
-8195
-19658
-28129
-32318
-31588
-26049
-16544
-4521
8191
19656
28128
32318
31589
26051
16547
4524
-8187
-19652
-28126
-32318
-31591
-26054
-16551
-4529
8183
19649
28124
32318
31593
26058
16556
4534
-8178
-19646
-28123
-32319
-31595
-26062
-16561
-4539
8174
19643
28121
32318
31596
26064
16564
4543
-8170
-19639
-28119
-32318
-31598
-26068
-16569
-4548
8165
19636
28117
32318
31600
26072
16575
4554
-8160
-19632
-28115
-32318
-31602
-26075
-16578
-4557
8157
19630
28114
32319
31604
26078
16582
4561
-8154
-19628
-28114
-32320
-31606
-26081
-16585
-4564
8151
19625
28112
32319
31607
26083
16588
4568
-8147
-19622
-28110
-32318
-31608
-26086
-16593
-4574
8142
19618
28108
32319
31611
26090
16597
4578
-8138
-19615
-28106
-32318
-31611
-26092
-16601
-4583
8133
19611
28104
32318
31613
26096
16606
4588
-8128
-19607
-28101
-32317
-31614
-26098
-16609
-4592
8124
19603
28098
32316
31615
26101
16613
4596
-8120
-19600
-28097
-32316
-31616
-26103
-16617
-4601
8115
19596
28094
32315
31617
26106
16621
4605
-8111
-19593
-28092
-32314
-31618
-26109
-16625
-4610
8106
19589
28089
32313
31619
26112
16629
4615
-8101
-19584
-28086
-32312
-31620
-26115
-16634
-4621
8096
19581
28085
32313
31623
26119
16638
4625
-8092
-19577
-28082
-32312
-31624
-26121
-16642
-4630
8087
19573
28079
32311
31625
26124
16646
4634
-8084
-19571
-28078
-32311
-31626
-26126
-16649
-4638
8079
19566
28075
32310
31627
26129
16653
4642
-8076
-19564
-28074
-32310
-31628
-26131
-16656
-4646
8071
19559
28070
32308
31628
26133
16660
4651
-8066
-19555
-28067
-32306
-31628
-26135
-16663
-4655
8062
19552
28065
32306
31630
26138
16667
4659
-8058
-19548
-28062
-32304
-31629
-26139
-16670
-4663
8054
19545
28060
32304
31631
26142
16674
4667
-8050
-19542
-28059
-32304
-31632
-26145
-16677
-4670
8048
19540
28058
32304
31633
26147
16680
4674
-8044
-19537
-28056
-32304
-31635
-26150
-16684
-4678
8040
19534
28054
32303
31635
26151
16686
4681
-8036
-19530
-28051
-32301
-31635
-26153
-16689
-4685
8033
19528
28050
32302
31637
26156
16693
4689
-8029
-19525
-28048
-32302
-31639
-26159
-16697
-4694
8024
19521
28046
32301
31640
26162
16701
4698
-8020
-19517
-28043
-32300
-31641
-26165
-16706
-4704
8014
19513
28041
32300
31643
26169
16711
4709
-8010
-19509
-28038
-32299
-31644
-26172
-16716
-4715
8004
19504
28035
32298
31645
26174
16719
4719
-8000
-19501
-28033
-32298
-31646
-26177
-16723
-4723
7996
19498
28032
32298
31648
26180
16726
4726
-7993
-19496
-28031
-32298
-31649
-26182
-16730
-4731
7988
19491
28027
32296
31650
26185
16734
4736
-7983
-19487
-28025
-32296
-31651
-26188
-16738
-4740
7979
19483
28022
32295
31652
26191
16742
4745
-7974
-19480
-28020
-32295
-31654
-26195
-16748
-4752
7968
19475
28017
32294
31656
26199
16753
4757
-7963
-19471
-28015
-32294
-31658
-26202
-16757
-4761
7959
19468
28013
32293
31658
26203
16759
4764
-7956
-19465
-28011
-32292
-31658
-26205
-16763
-4769
7951
19461
28008
32291
31659
26207
16766
4773
-7947
-19457
-28005
-32290
-31660
-26210
-16770
-4777
7943
19454
28003
32289
31660
26212
16773
4781
-7939
-19450
-28000
-32288
-31661
-26214
-16776
-4785
7935
19447
27999
32288
31663
26217
16780
4789
-7931
-19444
-27997
-32288
-31665
-26221
-16785
-4794
7927
19441
27996
32289
31667
26224
16789
4798
-7923
-19438
-27994
-32288
-31668
-26227
-16793
-4802
7919
19435
27992
32288
31669
26229
16796
4806
-7915
-19432
-27990
-32287
-31670
-26231
-16799
-4810
7911
19428
27987
32286
31670
26233
16802
4814
-7907
-19424
-27985
-32285
-31671
-26235
-16806
-4818
7903
19421
27983
32285
31672
26238
16810
4823
-7898
-19417
-27980
-32283
-31672
-26240
-16813
-4827
7894
19413
27977
32282
31673
26243
16817
4831
-7890
-19410
-27975
-32281
-31674
-26245
-16821
-4836
7885
19406
27973
32281
31676
26249
16826
4841
-7880
-19402
-27970
-32280
-31677
-26252
-16830
-4846
7875
19398
27968
32280
31679
26255
16834
4850
-7872
-19396
-27967
-32280
-31680
-26257
-16836
-4852
7871
19395
27967
32281
31682
26260
16840
4856
-7867
-19392
-27965
-32281
-31683
-26262
-16843
-4860
7863
19389
27963
32280
31684
26264
16846
4864
-7859
-19385
-27960
-32279
-31685
-26267
-16851
-4870
7853
19380
27957
32278
31686
26270
16855
4874
-7849
-19377
-27955
-32278
-31688
-26274
-16860
-4879
7844
19373
27953
32278
31690
26277
16864
4884
-7839
-19369
-27951
-32277
-31691
-26280
-16868
-4888
7836
19367
27950
32278
31693
26283
16871
4891
-7833
-19365
-27949
-32278
-31694
-26285
-16875
-4896
7829
19362
27947
32278
31696
26289
16879
4900
-7825
-19358
-27944
-32276
-31695
-26289
-16881
-4904
7820
19353
27940
32274
31695
26291
16885
4908
-7816
-19350
-27938
-32273
-31696
-26294
-16889
-4913
7811
19346
27936
32273
31698
26297
16893
4917
-7808
-19344
-27935
-32274
-31701
-26301
-16897
-4921
7804
19341
27934
32274
31702
26304
16901
4925
-7800
-19338
-27932
-32274
-31704
-26307
-16905
-4930
7796
19335
27931
32274
31705
26310
16909
4934
-7792
-19332
-27928
-32273
-31705
-26311
-16911
-4937
7789
19329
27927
32273
31707
26314
16915
4941
-7785
-19326
-27925
-32273
-31708
-26317
-16919
-4946
7780
19322
27922
32272
31709
26319
16922
4949
-7777
-19319
-27920
-32271
-31710
-26322
-16927
-4955
7771
19314
27917
32270
31711
26324
16930
4958
-7768
-19312
-27916
-32270
-31712
-26326
-16933
-4962
7764
19308
27913
32269
31713
26329
16937
4967
-7760
-19305
-27912
-32269
-31715
-26333
-16942
-4972
7755
19302
27910
32269
31717
26336
16946
4976
-7751
-19298
-27908
-32269
-31719
-26340
-16951
-4981
7747
19296
27908
32271
31722
26344
16956
4986
-7742
-19292
-27905
-32270
-31723
-26347
-16960
-4991
7738
19289
27903
32269
31724
26349
16963
4995
-7733
-19284
-27899
-32267
-31724
-26351
-16966
-4999
7729
19281
27897
32267
31725
26353
16970
5003
-7725
-19277
-27895
-32266
-31726
-26356
-16974
-5008
7720
19273
27892
32264
31726
26358
16977
5012
-7716
-19270
-27890
-32264
-31728
-26362
-16982
-5017
7712
19267
27889
32265
31730
26365
16986
5021
-7708
-19264
-27887
-32265
-31732
-26368
-16990
-5025
7705
19262
27887
32266
31734
26371
16993
5028
-7702
-19260
-27886
-32267
-31736
-26374
-16997
-5033
7697
19256
27883
32265
31736
26376
17001
5038
-7692
-19251
-27879
-32263
-31737
-26379
-17005
-5042
7688
19248
27878
32264
31739
26382
17009
5046
-7684
-19245
-27876
-32263
-31739
-26383
-17011
-5049
7681
19242
27874
32263
31741
26387
17016
5055
-7676
-19238
-27871
-32262
-31742
-26390
-17020
-5059
7671
19234
27869
32261
31743
26392
17023
5063
-7668
-19232
-27868
-32261
-31744
-26395
-17028
-5068
7663
19228
27866
32262
31747
26399
17032
5072
-7660
-19226
-27865
-32262
-31749
-26402
-17036
-5077
7655
19222
27863
32262
31750
26405
17040
5081
-7651
-19219
-27861
-32262
-31752
-26408
-17044
-5085
7648
19216
27859
32261
31753
26411
17048
5090
-7643
-19213
-27858
-32262
-31755
-26414
-17052
-5094
7640
19210
27856
32261
31756
26417
17056
5099
-7634
-19205
-27853
-32260
-31757
-26419
-17059
-5102
7631
19203
27851
32259
31757
26421
17062
5106
-7628
-19200
-27849
-32259
-31759
-26424
-17066
-5110
7623
19196
27847
32258
31759
26426
17070
5115
-7618
-19192
-27844
-32257
-31760
-26428
-17073
-5119
7615
19189
27842
32256
31761
26431
17077
5123
-7610
-19185
-27839
-32255
-31761
-26432
-17079
-5127
7606
19181
27836
32253
31761
26434
17083
5131
-7602
-19178
-27835
-32254
-31764
-26438
-17088
-5136
7598
19175
27833
32254
31766
26442
17093
5141
-7593
-19171
-27831
-32254
-31768
-26445
-17096
-5145
7589
19168
27829
32253
31768
26447
17099
5149
-7585
-19165
-27827
-32253
-31770
-26450
-17104
-5154
7581
19162
27826
32253
31771
26453
17107
5157
-7578
-19159
-27824
-32253
-31773
-26456
-17111
-5161
7574
19156
27822
32252
31773
26457
17113
5164
-7571
-19153
-27819
-32250
-31772
-26458
-17116
-5168
7566
19148
27815
32248
31773
26461
17120
5173
-7561
-19144
-27813
-32247
-31773
-26462
-17122
-5176
7558
19141
27810
32246
31774
26464
17126
5181
-7553
-19137
-27808
-32245
-31775
-26467
-17130
-5185
7549
19134
27806
32245
31776
26470
17134
5189
-7545
-19131
-27805
-32246
-31779
-26474
-17139
-5194
7541
19128
27803
32246
31781
26477
17143
5199
-7536
-19124
-27801
-32245
-31782
-26480
-17147
-5204
7531
19120
27798
32244
31782
26482
17151
5209
-7526
-19116
-27796
-32244
-31784
-26485
-17154
-5212
7523
19113
27794
32244
31786
26489
17159
5217
-7519
-19111
-27794
-32246
-31790
-26494
-17165
-5223
7514
19107
27792
32246
31792
26498
17170
5228
-7509
-19104
-27790
-32245
-31792
-26500
-17174
-5233
7504
19099
27787
32244
31793
26502
17177
5237
-7500
-19096
-27785
-32244
-31795
-26506
-17181
-5241
7496
19093
27783
32243
31796
26508
17185
5246
-7491
-19088
-27780
-32242
-31797
-26511
-17189
-5251
7486
19084
27777
32241
31798
26514
17193
5255
-7483
-19082
-27776
-32242
-31800
-26517
-17197
-5259
7479
19079
27774
32241
31801
26520
17201
5264
-7474
-19074
-27771
-32240
-31802
-26523
-17206
-5270
7469
19071
27769
32240
31803
26525
17209
5273
-7466
-19068
-27767
-32239
-31804
-26527
-17211
-5275
7464
19066
27766
32239
31805
26529
17214
5279
-7460
-19063
-27764
-32238
-31805
-26531
-17218
-5284
7455
19059
27762
32238
31807
26534
17222
5288
-7451
-19056
-27760
-32238
-31809
-26537
-17225
-5291
7448
19053
27758
32237
31809
26538
17228
5295
-7444
-19050
-27756
-32237
-31811
-26542
-17232
-5299
7440
19047
27755
32237
31813
26546
17237
5305
-7435
-19043
-27752
-32236
-31814
-26548
-17241
-5309
7431
19040
27750
32236
31815
26551
17245
5314
-7426
-19035
-27747
-32234
-31815
-26553
-17248
-5318
7422
19032
27745
32234
31817
26556
17253
5323
-7417
-19028
-27742
-32233
-31818
-26559
-17257
-5328
7412
19024
27740
32233
31820
26563
17262
5333
-7408
-19021
-27738
-32233
-31822
-26566
-17266
-5338
7403
19017
27736
32232
31822
26567
17268
5340
-7401
-19015
-27734
-32231
-31822
-26569
-17271
-5344
7397
19011
27732
32231
31824
26572
17275
5348
-7393
-19009
-27731
-32231
-31825
-26574
-17278
-5351
7390
19006
27729
32230
31826
26577
17282
5356
-7385
-19002
-27726
-32229
-31826
-26579
-17285
-5360
7381
18999
27724
32229
31828
26582
17289
5364
-7377
-18995
-27721
-32227
-31828
-26584
-17293
-5369
7372
18991
27719
32227
31830
26587
17297
5373
-7368
-18988
-27717
-32227
-31832
-26591
-17302
-5379
7363
18984
27715
32227
31834
26594
17306
5383
-7359
-18981
-27713
-32226
-31834
-26595
-17308
-5386
7356
18978
27711
32225
31835
26598
17312
5390
-7352
-18975
-27710
-32226
-31837
-26601
-17316
-5394
7349
18973
27709
32226
31838
26603
17318
5397
-7346
-18970
-27706
-32225
-31839
-26606
-17322
-5401
7342
18967
27705
32225
31840
26608
17325
5405
-7338
-18963
-27701
-32222
-31839
-26609
-17328
-5409
7334
18960
27700
32223
31841
26612
17332
5414
-7329
-18956
-27697
-32222
-31842
-26615
-17336
-5418
7325
18953
27695
32221
31843
26617
17339
5421
-7322
-18951
-27695
-32222
-31845
-26620
-17342
-5424
7319
18948
27693
32222
31846
26622
17345
5428
-7315
-18944
-27689
-32219
-31845
-26623
-17348
-5433
7309
18939
27686
32218
31846
26626
17353
5438
-7305
-18935
-27683
-32216
-31846
-26628
-17356
-5442
7301
18932
27681
32216
31848
26631
17360
5447
-7296
-18928
-27679
-32216
-31849
-26634
-17364
-5451
7292
18925
27677
32215
31850
26636
17367
5454
-7289
-18922
-27674
-32214
-31850
-26638
-17370
-5458
7285
18919
27673
32214
31852
26640
17373
5461
-7282
-18916
-27671
-32213
-31853
-26643
-17377
-5466
7277
18912
27668
32212
31853
26645
17381
5471
-7272
-18908
-27666
-32212
-31855
-26648
-17385
-5475
7268
18905
27664
32211
31856
26651
17389
5480
-7263
-18901
-27662
-32211
-31858
-26655
-17394
-5485
7259
18898
27660
32211
31860
26658
17398
5489
-7255
-18895
-27658
-32211
-31861
-26661
-17402
-5494
7250
18891
27656
32211
31863
26664
17406
5498
-7246
-18887
-27653
-32209
-31863
-26666
-17410
-5503
7241
18883
27651
32209
31865
26670
17415
5508
-7237
-18881
-27650
-32210
-31867
-26673
-17419
-5513
7232
18877
27648
32210
31869
26677
17424
5518
-7228
-18873
-27645
-32209
-31870
-26679
-17427
-5522
7223
18869
27642
32207
31870
26681
17430
5526
-7219
-18865
-27640
-32207
-31872
-26685
-17435
-5531
7215
18862
27638
32207
31873
26687
17439
5536
-7210
-18858
-27635
-32206
-31874
-26690
-17443
-5541
7205
18854
27633
32205
31876
26694
17448
5546
-7200
-18850
-27630
-32204
-31876
-26696
-17451
-5550
7196
18847
27629
32205
31879
26700
17456
5555
-7192
-18844
-27627
-32205
-31881
-26703
-17460
-5559
7188
18841
27626
32205
31882
26706
17464
5564
-7184
-18838
-27624
-32205
-31884
-26709
-17468
-5568
7180
18835
27622
32204
31885
26711
17471
5571
-7177
-18832
-27620
-32204
-31886
-26714
-17475
-5576
7172
18828
27618
32203
31887
26716
17478
5579
-7169
-18825
-27615
-32202
-31887
-26718
-17482
-5584
7164
18821
27613
32201
31888
26720
17484
5587
-7160
-18817
-27610
-32200
-31889
-26723
-17489
-5593
7155
18814
27609
32201
31891
26726
17492
5595
-7153
-18812
-27607
-32200
-31892
-26729
-17497
-5601
7148
18809
27606
32201
31894
26732
17500
5604
-7145
-18806
-27605
-32201
-31896
-26735
-17504
-5608
7142
18804
27604
32201
31897
26737
17507
5612
-7137
-18800
-27601
-32200
-31898
-26740
-17511
-5616
7134
18798
27600
32200
31899
26742
17514
5620
-7130
-18794
-27597
-32199
-31900
-26745
-17518
-5624
7126
18791
27596
32200
31903
26749
17522
5628
-7122
-18788
-27594
-32200
-31905
-26753
-17528
-5635
7116
18784
27592
32200
31907
26757
17533
5640
-7111
-18780
-27590
-32200
-31909
-26760
-17537
-5645
7106
18776
27587
32199
31910
26763
17542
5650
-7101
-18772
-27585
-32198
-31911
-26765
-17545
-5654
7098
18769
27583
32198
31912
26768
17549
5658
-7094
-18766
-27581
-32198
-31914
-26771
-17553
-5663
7089
18762
27579
32198
31916
26775
17557
5667
-7086
-18761
-27579
-32199
-31918
-26778
-17562
-5672
7081
18757
27577
32199
31920
26782
17567
5677
-7077
-18754
-27576
-32200
-31923
-26786
-17571
-5681
7073
18751
27574
32200
31925
26789
17575
5686
-7069
-18747
-27572
-32199
-31925
-26791
-17578
-5690
7065
18744
27570
32199
31927
26794
17582
5694
-7061
-18741
-27568
-32198
-31927
-26796
-17585
-5697
7058
18738
27566
32197
31928
26798
17589
5702
-7053
-18734
-27563
-32196
-31929
-26801
-17593
-5707
7048
18730
27561
32196
31930
26803
17596
5710
-7045
-18727
-27559
-32195
-31931
-26806
-17600
-5715
7040
18724
27557
32195
31933
26810
17605
5720
-7035
-18720
-27555
-32195
-31935
-26813
-17609
-5725
7030
18715
27551
32193
31935
26815
17613
5730
-7025
-18711
-27549
-32192
-31936
-26818
-17618
-5735
7020
18707
27546
32191
31937
26821
17621
5739
-7017
-18705
-27545
-32192
-31939
-26824
-17625
-5743
7013
18701
27542
32191
31940
26826
17628
5747
-7009
-18698
-27541
-32191
-31941
-26829
-17632
-5751
7005
18694
27537
32188
31940
26829
17634
5755
-7000
-18690
-27535
-32188
-31941
-26832
-17638
-5759
6997
18688
27534
32188
31943
26835
17642
5763
-6993
-18685
-27532
-32188
-31945
-26838
-17646
-5767
6990
18683
27531
32188
31946
26841
17650
5772
-6985
-18679
-27529
-32188
-31948
-26844
-17653
-5775
6982
18676
27527
32187
31948
26846
17657
5780
-6977
-18672
-27524
-32186
-31949
-26849
-17661
-5784
6973
18669
27523
32186
31950
26850
17663
5787
-6970
-18666
-27520
-32185
-31951
-26853
-17667
-5791
6966
18662
27518
32184
31952
26855
17670
5795
-6962
-18660
-27517
-32185
-31954
-26859
-17675
-5800
6958
18657
27516
32186
31957
26862
17678
5803
-6955
-18655
-27515
-32187
-31960
-26867
-17684
-5808
6952
18653
27515
32188
31962
26870
17687
5811
-6949
-18651
-27514
-32188
-31963
-26872
-17690
-5815
6945
18648
27512
32188
31965
26875
17694
5819
-6941
-18645
-27511
-32188
-31966
-26878
-17698
-5824
6937
18642
27509
32188
31968
26881
17702
5828
-6933
-18639
-27507
-32188
-31970
-26884
-17706
-5832
6929
18636
27506
32188
31971
26887
17710
5836
-6926
-18634
-27505
-32189
-31973
-26890
-17713
-5839
6923
18632
27504
32189
31975
26893
17717
5844
-6919
-18629
-27503
-32190
-31977
-26896
-17721
-5848
6915
18625
27500
32188
31977
26898
17724
5852
-6911
-18622
-27498
-32188
-31978
-26900
-17727
-5855
6908
18619
27496
32187
31979
26903
17731
5860
-6903
-18615
-27494
-32187
-31981
-26906
-17735
-5865
6898
18611
27491
32186
31982
26909
17740
5870
-6893
-18607
-27488
-32185
-31983
-26911
-17743
-5873
6891
18606
27488
32186
31985
26914
17746
5876
-6888
-18604
-27488
-32187
-31987
-26917
-17750
-5881
6883
18600
27485
32186
31988
26920
17754
5885
-6880
-18597
-27483
-32185
-31988
-26922
-17757
-5889
6875
18593
27480
32184
31989
26925
17762
5895
-6870
-18589
-27478
-32184
-31991
-26928
-17766
-5899
6866
18585
27475
32182
31991
26930
17769
5903
-6861
-18581
-27472
-32181
-31991
-26931
-17771
-5906
6858
18578
27470
32180
31992
26934
17775
5910
-6854
-18575
-27468
-32180
-31994
-26937
-17779
-5914
6851
18573
27468
32181
31996
26940
17782
5917
-6848
-18571
-27466
-32180
-31996
-26941
-17785
-5921
6844
18567
27464
32180
31997
26943
17788
5925
-6840
-18564
-27462
-32179
-31998
-26946
-17792
-5929
6837
18562
27461
32180
32001
26950
17796
5933
-6833
-18559
-27459
-32179
-32001
-26951
-17799
-5937
6829
18555
27457
32179
32003
26955
17803
5941
-6826
-18554
-27457
-32180
-32005
-26958
-17807
-5945
6822
18551
27456
32181
32008
26962
17812
5950
-6817
-18547
-27454
-32181
-32010
-26966
-17817
-5956
6812
18543
27451
32180
32011
26969
17821
5960
-6808
-18540
-27449
-32179
-32011
-26970
-17823
-5963
6805
18537
27447
32179
32013
26973
17827
5967
-6801
-18534
-27445
-32178
-32013
-26975
-17830
-5971
6796
18529
27441
32176
32013
26977
17834
5976
-6791
-18524
-27438
-32175
-32014
-26980
-17838
-5980
6788
18523
27438
32176
32016
26982
17841
5984
-6784
-18519
-27435
-32174
-32016
-26984
-17844
-5988
6779
18514
27431
32172
32016
26986
17848
5993
-6774
-18510
-27428
-32171
-32017
-26989
-17853
-5999
6768
18505
27425
32170
32018
26992
17857
6004
-6763
-18501
-27422
-32169
-32020
-26996
-17862
-6009
6758
18497
27420
32169
32022
27000
17867
6015
-6753
-18493
-27418
-32169
-32024
-27003
-17871
-6019
6749
18490
27416
32168
32024
27005
17875
6024
-6744
-18486
-27414
-32168
-32026
-27008
-17879
-6028
6741
18484
27413
32168
32027
27011
17882
6031
-6738
-18481
-27411
-32168
-32029
-27014
-17886
-6035
6734
18478
27409
32168
32030
27016
17889
6039
-6730
-18475
-27408
-32168
-32032
-27019
-17893
-6043
6726
18472
27406
32167
32032
27021
17896
6047
-6723
-18469
-27404
-32167
-32034
-27024
-17900
-6051
6720
18468
27404
32168
32036
27027
17904
6055
-6715
-18463
-27400
-32166
-32036
-27029
-17907
-6059
6711
18460
27399
32167
32038
27032
17911
6063
-6708
-18457
-27397
-32166
-32039
-27035
-17915
-6068
6703
18454
27395
32166
32041
27038
17919
6072
-6699
-18450
-27393
-32166
-32043
-27042
-17924
-6077
6695
18448
27392
32166
32044
27044
17927
6081
-6691
-18444
-27390
-32166
-32046
-27047
-17931
-6085
6687
18441
27388
32165
32046
27049
17934
6089
-6683
-18438
-27386
-32164
-32047
-27051
-17937
-6093
6679
18434
27383
32163
32048
27054
17941
6097
-6675
-18431
-27381
-32163
-32050
-27057
-17945
-6101
6671
18428
27379
32163
32051
27060
17949
6106
-6667
-18425
-27378
-32163
-32052
-27062
-17952
-6109
6664
18422
27376
32163
32054
27066
17957
6115
-6658
-18418
-27374
-32163
-32056
-27069
-17961
-6119
6654
18414
27371
32162
32057
27072
17965
6123
-6651
-18412
-27370
-32161
-32057
-27073
-17967
-6126
6647
18409
27368
32161
32059
27076
17972
6132
-6642
-18405
-27366
-32161
-32061
-27080
-17976
-6136
6638
18402
27364
32160
32061
27082
17980
6141
-6633
-18397
-27361
-32159
-32063
-27086
-17985
-6146
6628
18393
27359
32159
32065
27089
17989
6151
-6624
-18391
-27358
-32160
-32067
-27092
-17993
-6155
6620
18387
27355
32158
32067
27094
17996
6159
-6616
-18384
-27353
-32158
-32068
-27096
-17999
-6163
6611
18379
27349
32156
32068
27098
18003
6167
-6607
-18376
-27347
-32155
-32069
-27101
-18007
-6172
6603
18373
27346
32156
32072
27105
18012
6177
-6598
-18369
-27343
-32155
-32072
-27107
-18015
-6181
6594
18365
27341
32154
32073
27110
18020
6186
-6589
-18362
-27339
-32154
-32075
-27113
-18023
-6190
6586
18359
27337
32154
32077
27117
18029
6196
-6580
-18354
-27334
-32153
-32078
-27120
-18033
-6201
6575
18350
27332
32153
32080
27123
18037
6206
-6570
-18346
-27329
-32152
-32081
-27126
-18041
-6210
6567
18344
27329
32153
32083
27129
18045
6214
-6563
-18341
-27327
-32153
-32085
-27132
-18049
-6218
6560
18339
27326
32153
32086
27135
18053
6223
-6555
-18335
-27324
-32153
-32088
-27138
-18057
-6227
6551
18332
27322
32153
32090
27142
18062
6232
-6546
-18328
-27320
-32153
-32092
-27145
-18066
-6237
6542
18325
27318
32152
32092
27147
18069
6240
-6538
-18321
-27315
-32151
-32093
-27149
-18072
-6244
6534
18318
27313
32150
32094
27152
18076
6248
-6530
-18315
-27311
-32150
-32095
-27154
-18079
-6252
6527
18312
27310
32150
32097
27157
18083
6256
-6523
-18309
-27308
-32150
-32098
-27160
-18087
-6260
6520
18307
27307
32150
32099
27162
18090
6264
-6516
-18304
-27306
-32151
-32102
-27166
-18095
-6269
6511
18300
27303
32150
32103
27169
18099
6274
-6506
-18296
-27301
-32150
-32105
-27173
-18104
-6279
6501
18292
27298
32148
32105
27175
18108
6284
-6496
-18288
-27296
-32148
-32107
-27178
-18112
-6288
6493
18285
27294
32148
32109
27181
18116
6293
-6488
-18282
-27292
-32148
-32111
-27185
-18120
-6297
6485
18280
27292
32149
32113
27188
18124
6301
-6481
-18277
-27290
-32148
-32113
-27190
-18127
-6305
6477
18273
27287
32147
32114
27192
18131
6310
-6472
-18269
-27284
-32146
-32115
-27195
-18135
-6314
6468
18265
27282
32146
32117
27198
18139
6318
-6464
-18262
-27280
-32145
-32117
-27200
-18142
-6323
6459
18258
27277
32144
32118
27203
18146
6327
-6455
-18255
-27276
-32145
-32121
-27207
-18151
-6332
6451
18252
27275
32145
32122
27209
18154
6335
-6448
-18249
-27272
-32143
-32122
-27211
-18157
-6339
6444
18246
27270
32143
32123
27213
18160
6343
-6440
-18243
-27268
-32142
-32124
-27215
-18163
-6346
6437
18240
27266
32142
32125
27218
18167
6350
-6433
-18237
-27265
-32142
-32126
-27220
-18170
-6354
6429
18234
27263
32142
32128
27223
18174
6359
-6424
-18230
-27260
-32140
-32128
-27225
-18178
-6364
6419
18225
27256
32138
32129
27228
18182
6369
-6414
-18221
-27254
-32138
-32130
-27231
-18186
-6373
6410
18217
27251
32137
32131
27234
18191
6379
-6404
-18213
-27249
-32137
-32133
-27237
-18195
-6383
6400
18209
27246
32136
32135
27241
18201
6390
-6394
-18205
-27244
-32136
-32136
-27244
-18205
-6394
6390
18201
27241
32135
32136
27246
18209
6400
-6383
-18195
-27237
-32133
-32137
-27249
-18213
-6404
6379
18191
27234
32131
32137
27251
18217
6410
-6373
-18186
-27231
-32130
-32138
-27254
-18221
-6414
6369
18182
27228
32129
32138
27256
18225
6419
-6364
-18178
-27225
-32128
-32140
-27260
-18230
-6424
6359
18174
27223
32128
32142
27263
18234
6429
-6354
-18170
-27220
-32126
-32142
-27265
-18237
-6433
6350
18167
27218
32125
32142
27266
18240
6437
-6346
-18163
-27215
-32124
-32142
-27268
-18243
-6440
6343
18160
27213
32123
32143
27270
18246
6444
-6339
-18157
-27211
-32122
-32143
-27272
-18249
-6448
6335
18154
27209
32122
32145
27275
18252
6451
-6332
-18151
-27207
-32121
-32145
-27276
-18255
-6455
6327
18146
27203
32118
32144
27277
18258
6459
-6323
-18142
-27200
-32117
-32145
-27280
-18262
-6464
6318
18139
27198
32117
32146
27282
18265
6468
-6314
-18135
-27195
-32115
-32146
-27284
-18269
-6472
6310
18131
27192
32114
32147
27287
18273
6477
-6305
-18127
-27190
-32113
-32148
-27290
-18277
-6481
6301
18124
27188
32113
32149
27292
18280
6485
-6297
-18120
-27185
-32111
-32148
-27292
-18282
-6488
6293
18116
27181
32109
32148
27294
18285
6493
-6288
-18112
-27178
-32107
-32148
-27296
-18288
-6496
6284
18108
27175
32105
32148
27298
18292
6501
-6279
-18104
-27173
-32105
-32150
-27301
-18296
-6506
6274
18099
27169
32103
32150
27303
18300
6511
-6269
-18095
-27166
-32102
-32151
-27306
-18304
-6516
6264
18090
27162
32099
32150
27307
18307
6520
-6260
-18087
-27160
-32098
-32150
-27308
-18309
-6523
6256
18083
27157
32097
32150
27310
18312
6527
-6252
-18079
-27154
-32095
-32150
-27311
-18315
-6530
6248
18076
27152
32094
32150
27313
18318
6534
-6244
-18072
-27149
-32093
-32151
-27315
-18321
-6538
6240
18069
27147
32092
32152
27318
18325
6542
-6237
-18066
-27145
-32092
-32153
-27320
-18328
-6546
6232
18062
27142
32090
32153
27322
18332
6551
-6227
-18057
-27138
-32088
-32153
-27324
-18335
-6555
6223
18053
27135
32086
32153
27326
18339
6560
-6218
-18049
-27132
-32085
-32153
-27327
-18341
-6563
6214
18045
27129
32083
32153
27329
18344
6567
-6210
-18041
-27126
-32081
-32152
-27329
-18346
-6570
6206
18037
27123
32080
32153
27332
18350
6575
-6201
-18033
-27120
-32078
-32153
-27334
-18354
-6580
6196
18029
27117
32077
32154
27337
18359
6586
-6190
-18023
-27113
-32075
-32154
-27339
-18362
-6589
6186
18020
27110
32073
32154
27341
18365
6594
-6181
-18015
-27107
-32072
-32155
-27343
-18369
-6598
6177
18012
27105
32072
32156
27346
18373
6603
-6172
-18007
-27101
-32069
-32155
-27347
-18376
-6607
6167
18003
27098
32068
32156
27349
18379
6611
-6163
-17999
-27096
-32068
-32158
-27353
-18384
-6616
6159
17996
27094
32067
32158
27355
18387
6620
-6155
-17993
-27092
-32067
-32160
-27358
-18391
-6624
6151
17989
27089
32065
32159
27359
18393
6628
-6146
-17985
-27086
-32063
-32159
-27361
-18397
-6633
6141
17980
27082
32061
32160
27364
18402
6638
-6136
-17976
-27080
-32061
-32161
-27366
-18405
-6642
6132
17972
27076
32059
32161
27368
18409
6647
-6126
-17967
-27073
-32057
-32161
-27370
-18412
-6651
6123
17965
27072
32057
32162
27371
18414
6654
-6119
-17961
-27069
-32056
-32163
-27374
-18418
-6658
6115
17957
27066
32054
32163
27376
18422
6664
-6109
-17952
-27062
-32052
-32163
-27378
-18425
-6667
6106
17949
27060
32051
32163
27379
18428
6671
-6101
-17945
-27057
-32050
-32163
-27381
-18431
-6675
6097
17941
27054
32048
32163
27383
18434
6679
-6093
-17937
-27051
-32047
-32164
-27386
-18438
-6683
6089
17934
27049
32046
32165
27388
18441
6687
-6085
-17931
-27047
-32046
-32166
-27390
-18444
-6691
6081
17927
27044
32044
32166
27392
18448
6695
-6077
-17924
-27042
-32043
-32166
-27393
-18450
-6699
6072
17919
27038
32041
32166
27395
18454
6703
-6068
-17915
-27035
-32039
-32166
-27397
-18457
-6708
6063
17911
27032
32038
32167
27399
18460
6711
-6059
-17907
-27029
-32036
-32166
-27400
-18463
-6715
6055
17904
27027
32036
32168
27404
18468
6720
-6051
-17900
-27024
-32034
-32167
-27404
-18469
-6723
6047
17896
27021
32032
32167
27406
18472
6726
-6043
-17893
-27019
-32032
-32168
-27408
-18475
-6730
6039
17889
27016
32030
32168
27409
18478
6734
-6035
-17886
-27014
-32029
-32168
-27411
-18481
-6738
6031
17882
27011
32027
32168
27413
18484
6741
-6028
-17879
-27008
-32026
-32168
-27414
-18486
-6744
6024
17875
27005
32024
32168
27416
18490
6749
-6019
-17871
-27003
-32024
-32169
-27418
-18493
-6753
6015
17867
27000
32022
32169
27420
18497
6758
-6009
-17862
-26996
-32020
-32169
-27422
-18501
-6763
6004
17857
26992
32018
32170
27425
18505
6768
-5999
-17853
-26989
-32017
-32171
-27428
-18510
-6774
5993
17848
26986
32016
32172
27431
18514
6779
-5988
-17844
-26984
-32016
-32174
-27435
-18519
-6784
5984
17841
26982
32016
32176
27438
18523
6788
-5980
-17838
-26980
-32014
-32175
-27438
-18524
-6791
5976
17834
26977
32013
32176
27441
18529
6796
-5971
-17830
-26975
-32013
-32178
-27445
-18534
-6801
5967
17827
26973
32013
32179
27447
18537
6805
-5963
-17823
-26970
-32011
-32179
-27449
-18540
-6808
5960
17821
26969
32011
32180
27451
18543
6812
-5956
-17817
-26966
-32010
-32181
-27454
-18547
-6817
5950
17812
26962
32008
32181
27456
18551
6822
-5945
-17807
-26958
-32005
-32180
-27457
-18554
-6826
5941
17803
26955
32003
32179
27457
18555
6829
-5937
-17799
-26951
-32001
-32179
-27459
-18559
-6833
5933
17796
26950
32001
32180
27461
18562
6837
-5929
-17792
-26946
-31998
-32179
-27462
-18564
-6840
5925
17788
26943
31997
32180
27464
18567
6844
-5921
-17785
-26941
-31996
-32180
-27466
-18571
-6848
5917
17782
26940
31996
32181
27468
18573
6851
-5914
-17779
-26937
-31994
-32180
-27468
-18575
-6854
5910
17775
26934
31992
32180
27470
18578
6858
-5906
-17771
-26931
-31991
-32181
-27472
-18581
-6861
5903
17769
26930
31991
32182
27475
18585
6866
-5899
-17766
-26928
-31991
-32184
-27478
-18589
-6870
5895
17762
26925
31989
32184
27480
18593
6875
-5889
-17757
-26922
-31988
-32185
-27483
-18597
-6880
5885
17754
26920
31988
32186
27485
18600
6883
-5881
-17750
-26917
-31987
-32187
-27488
-18604
-6888
5876
17746
26914
31985
32186
27488
18606
6891
-5873
-17743
-26911
-31983
-32185
-27488
-18607
-6893
5870
17740
26909
31982
32186
27491
18611
6898
-5865
-17735
-26906
-31981
-32187
-27494
-18615
-6903
5860
17731
26903
31979
32187
27496
18619
6908
-5855
-17727
-26900
-31978
-32188
-27498
-18622
-6911
5852
17724
26898
31977
32188
27500
18625
6915
-5848
-17721
-26896
-31977
-32190
-27503
-18629
-6919
5844
17717
26893
31975
32189
27504
18632
6923
-5839
-17713
-26890
-31973
-32189
-27505
-18634
-6926
5836
17710
26887
31971
32188
27506
18636
6929
-5832
-17706
-26884
-31970
-32188
-27507
-18639
-6933
5828
17702
26881
31968
32188
27509
18642
6937
-5824
-17698
-26878
-31966
-32188
-27511
-18645
-6941
5819
17694
26875
31965
32188
27512
18648
6945
-5815
-17690
-26872
-31963
-32188
-27514
-18651
-6949
5811
17687
26870
31962
32188
27515
18653
6952
-5808
-17684
-26867
-31960
-32187
-27515
-18655
-6955
5803
17678
26862
31957
32186
27516
18657
6958
-5800
-17675
-26859
-31954
-32185
-27517
-18660
-6962
5795
17670
26855
31952
32184
27518
18662
6966
-5791
-17667
-26853
-31951
-32185
-27520
-18666
-6970
5787
17663
26850
31950
32186
27523
18669
6973
-5784
-17661
-26849
-31949
-32186
-27524
-18672
-6977
5780
17657
26846
31948
32187
27527
18676
6982
-5775
-17653
-26844
-31948
-32188
-27529
-18679
-6985
5772
17650
26841
31946
32188
27531
18683
6990
-5767
-17646
-26838
-31945
-32188
-27532
-18685
-6993
5763
17642
26835
31943
32188
27534
18688
6997
-5759
-17638
-26832
-31941
-32188
-27535
-18690
-7000
5755
17634
26829
31940
32188
27537
18694
7005
-5751
-17632
-26829
-31941
-32191
-27541
-18698
-7009
5747
17628
26826
31940
32191
27542
18701
7013
-5743
-17625
-26824
-31939
-32192
-27545
-18705
-7017
5739
17621
26821
31937
32191
27546
18707
7020
-5735
-17618
-26818
-31936
-32192
-27549
-18711
-7025
5730
17613
26815
31935
32193
27551
18715
7030
-5725
-17609
-26813
-31935
-32195
-27555
-18720
-7035
5720
17605
26810
31933
32195
27557
18724
7040
-5715
-17600
-26806
-31931
-32195
-27559
-18727
-7045
5710
17596
26803
31930
32196
27561
18730
7048
-5707
-17593
-26801
-31929
-32196
-27563
-18734
-7053
5702
17589
26798
31928
32197
27566
18738
7058
-5697
-17585
-26796
-31927
-32198
-27568
-18741
-7061
5694
17582
26794
31927
32199
27570
18744
7065
-5690
-17578
-26791
-31925
-32199
-27572
-18747
-7069
5686
17575
26789
31925
32200
27574
18751
7073
-5681
-17571
-26786
-31923
-32200
-27576
-18754
-7077
5677
17567
26782
31920
32199
27577
18757
7081
-5672
-17562
-26778
-31918
-32199
-27579
-18761
-7086
5667
17557
26775
31916
32198
27579
18762
7089
-5663
-17553
-26771
-31914
-32198
-27581
-18766
-7094
5658
17549
26768
31912
32198
27583
18769
7098
-5654
-17545
-26765
-31911
-32198
-27585
-18772
-7101
5650
17542
26763
31910
32199
27587
18776
7106
-5645
-17537
-26760
-31909
-32200
-27590
-18780
-7111
5640
17533
26757
31907
32200
27592
18784
7116
-5635
-17528
-26753
-31905
-32200
-27594
-18788
-7122
5628
17522
26749
31903
32200
27596
18791
7126
-5624
-17518
-26745
-31900
-32199
-27597
-18794
-7130
5620
17514
26742
31899
32200
27600
18798
7134
-5616
-17511
-26740
-31898
-32200
-27601
-18800
-7137
5612
17507
26737
31897
32201
27604
18804
7142
-5608
-17504
-26735
-31896
-32201
-27605
-18806
-7145
5604
17500
26732
31894
32201
27606
18809
7148
-5601
-17497
-26729
-31892
-32200
-27607
-18812
-7153
5595
17492
26726
31891
32201
27609
18814
7155
-5593
-17489
-26723
-31889
-32200
-27610
-18817
-7160
5587
17484
26720
31888
32201
27613
18821
7164
-5584
-17482
-26718
-31887
-32202
-27615
-18825
-7169
5579
17478
26716
31887
32203
27618
18828
7172
-5576
-17475
-26714
-31886
-32204
-27620
-18832
-7177
5571
17471
26711
31885
32204
27622
18835
7180
-5568
-17468
-26709
-31884
-32205
-27624
-18838
-7184
5564
17464
26706
31882
32205
27626
18841
7188
-5559
-17460
-26703
-31881
-32205
-27627
-18844
-7192
5555
17456
26700
31879
32205
27629
18847
7196
-5550
-17451
-26696
-31876
-32204
-27630
-18850
-7200
5546
17448
26694
31876
32205
27633
18854
7205
-5541
-17443
-26690
-31874
-32206
-27635
-18858
-7210
5536
17439
26687
31873
32207
27638
18862
7215
-5531
-17435
-26685
-31872
-32207
-27640
-18865
-7219
5526
17430
26681
31870
32207
27642
18869
7223
-5522
-17427
-26679
-31870
-32209
-27645
-18873
-7228
5518
17424
26677
31869
32210
27648
18877
7232
-5513
-17419
-26673
-31867
-32210
-27650
-18881
-7237
5508
17415
26670
31865
32209
27651
18883
7241
-5503
-17410
-26666
-31863
-32209
-27653
-18887
-7246
5498
17406
26664
31863
32211
27656
18891
7250
-5494
-17402
-26661
-31861
-32211
-27658
-18895
-7255
5489
17398
26658
31860
32211
27660
18898
7259
-5485
-17394
-26655
-31858
-32211
-27662
-18901
-7263
5480
17389
26651
31856
32211
27664
18905
7268
-5475
-17385
-26648
-31855
-32212
-27666
-18908
-7272
5471
17381
26645
31853
32212
27668
18912
7277
-5466
-17377
-26643
-31853
-32213
-27671
-18916
-7282
5461
17373
26640
31852
32214
27673
18919
7285
-5458
-17370
-26638
-31850
-32214
-27674
-18922
-7289
5454
17367
26636
31850
32215
27677
18925
7292
-5451
-17364
-26634
-31849
-32216
-27679
-18928
-7296
5447
17360
26631
31848
32216
27681
18932
7301
-5442
-17356
-26628
-31846
-32216
-27683
-18935
-7305
5438
17353
26626
31846
32218
27686
18939
7309
-5433
-17348
-26623
-31845
-32219
-27689
-18944
-7315
5428
17345
26622
31846
32222
27693
18948
7319
-5424
-17342
-26620
-31845
-32222
-27695
-18951
-7322
5421
17339
26617
31843
32221
27695
18953
7325
-5418
-17336
-26615
-31842
-32222
-27697
-18956
-7329
5414
17332
26612
31841
32223
27700
18960
7334
-5409
-17328
-26609
-31839
-32222
-27701
-18963
-7338
5405
17325
26608
31840
32225
27705
18967
7342
-5401
-17322
-26606
-31839
-32225
-27706
-18970
-7346
5397
17318
26603
31838
32226
27709
18973
7349
-5394
-17316
-26601
-31837
-32226
-27710
-18975
-7352
5390
17312
26598
31835
32225
27711
18978
7356
-5386
-17308
-26595
-31834
-32226
-27713
-18981
-7359
5383
17306
26594
31834
32227
27715
18984
7363
-5379
-17302
-26591
-31832
-32227
-27717
-18988
-7368
5373
17297
26587
31830
32227
27719
18991
7372
-5369
-17293
-26584
-31828
-32227
-27721
-18995
-7377
5364
17289
26582
31828
32229
27724
18999
7381
-5360
-17285
-26579
-31826
-32229
-27726
-19002
-7385
5356
17282
26577
31826
32230
27729
19006
7390
-5351
-17278
-26574
-31825
-32231
-27731
-19009
-7393
5348
17275
26572
31824
32231
27732
19011
7397
-5344
-17271
-26569
-31822
-32231
-27734
-19015
-7401
5340
17268
26567
31822
32232
27736
19017
7403
-5338
-17266
-26566
-31822
-32233
-27738
-19021
-7408
5333
17262
26563
31820
32233
27740
19024
7412
-5328
-17257
-26559
-31818
-32233
-27742
-19028
-7417
5323
17253
26556
31817
32234
27745
19032
7422
-5318
-17248
-26553
-31815
-32234
-27747
-19035
-7426
5314
17245
26551
31815
32236
27750
19040
7431
-5309
-17241
-26548
-31814
-32236
-27752
-19043
-7435
5305
17237
26546
31813
32237
27755
19047
7440
-5299
-17232
-26542
-31811
-32237
-27756
-19050
-7444
5295
17228
26538
31809
32237
27758
19053
7448
-5291
-17225
-26537
-31809
-32238
-27760
-19056
-7451
5288
17222
26534
31807
32238
27762
19059
7455
-5284
-17218
-26531
-31805
-32238
-27764
-19063
-7460
5279
17214
26529
31805
32239
27766
19066
7464
-5275
-17211
-26527
-31804
-32239
-27767
-19068
-7466
5273
17209
26525
31803
32240
27769
19071
7469
-5270
-17206
-26523
-31802
-32240
-27771
-19074
-7474
5264
17201
26520
31801
32241
27774
19079
7479
-5259
-17197
-26517
-31800
-32242
-27776
-19082
-7483
5255
17193
26514
31798
32241
27777
19084
7486
-5251
-17189
-26511
-31797
-32242
-27780
-19088
-7491
5246
17185
26508
31796
32243
27783
19093
7496
-5241
-17181
-26506
-31795
-32244
-27785
-19096
-7500
5237
17177
26502
31793
32244
27787
19099
7504
-5233
-17174
-26500
-31792
-32245
-27790
-19104
-7509
5228
17170
26498
31792
32246
27792
19107
7514
-5223
-17165
-26494
-31790
-32246
-27794
-19111
-7519
5217
17159
26489
31786
32244
27794
19113
7523
-5212
-17154
-26485
-31784
-32244
-27796
-19116
-7526
5209
17151
26482
31782
32244
27798
19120
7531
-5204
-17147
-26480
-31782
-32245
-27801
-19124
-7536
5199
17143
26477
31781
32246
27803
19128
7541
-5194
-17139
-26474
-31779
-32246
-27805
-19131
-7545
5189
17134
26470
31776
32245
27806
19134
7549
-5185
-17130
-26467
-31775
-32245
-27808
-19137
-7553
5181
17126
26464
31774
32246
27810
19141
7558
-5176
-17122
-26462
-31773
-32247
-27813
-19144
-7561
5173
17120
26461
31773
32248
27815
19148
7566
-5168
-17116
-26458
-31772
-32250
-27819
-19153
-7571
5164
17113
26457
31773
32252
27822
19156
7574
-5161
-17111
-26456
-31773
-32253
-27824
-19159
-7578
5157
17107
26453
31771
32253
27826
19162
7581
-5154
-17104
-26450
-31770
-32253
-27827
-19165
-7585
5149
17099
26447
31768
32253
27829
19168
7589
-5145
-17096
-26445
-31768
-32254
-27831
-19171
-7593
5141
17093
26442
31766
32254
27833
19175
7598
-5136
-17088
-26438
-31764
-32254
-27835
-19178
-7602
5131
17083
26434
31761
32253
27836
19181
7606
-5127
-17079
-26432
-31761
-32255
-27839
-19185
-7610
5123
17077
26431
31761
32256
27842
19189
7615
-5119
-17073
-26428
-31760
-32257
-27844
-19192
-7618
5115
17070
26426
31759
32258
27847
19196
7623
-5110
-17066
-26424
-31759
-32259
-27849
-19200
-7628
5106
17062
26421
31757
32259
27851
19203
7631
-5102
-17059
-26419
-31757
-32260
-27853
-19205
-7634
5099
17056
26417
31756
32261
27856
19210
7640
-5094
-17052
-26414
-31755
-32262
-27858
-19213
-7643
5090
17048
26411
31753
32261
27859
19216
7648
-5085
-17044
-26408
-31752
-32262
-27861
-19219
-7651
5081
17040
26405
31750
32262
27863
19222
7655
-5077
-17036
-26402
-31749
-32262
-27865
-19226
-7660
5072
17032
26399
31747
32262
27866
19228
7663
-5068
-17028
-26395
-31744
-32261
-27868
-19232
-7668
5063
17023
26392
31743
32261
27869
19234
7671
-5059
-17020
-26390
-31742
-32262
-27871
-19238
-7676
5055
17016
26387
31741
32263
27874
19242
7681
-5049
-17011
-26383
-31739
-32263
-27876
-19245
-7684
5046
17009
26382
31739
32264
27878
19248
7688
-5042
-17005
-26379
-31737
-32263
-27879
-19251
-7692
5038
17001
26376
31736
32265
27883
19256
7697
-5033
-16997
-26374
-31736
-32267
-27886
-19260
-7702
5028
16993
26371
31734
32266
27887
19262
7705
-5025
-16990
-26368
-31732
-32265
-27887
-19264
-7708
5021
16986
26365
31730
32265
27889
19267
7712
-5017
-16982
-26362
-31728
-32264
-27890
-19270
-7716
5012
16977
26358
31726
32264
27892
19273
7720
-5008
-16974
-26356
-31726
-32266
-27895
-19277
-7725
5003
16970
26353
31725
32267
27897
19281
7729
-4999
-16966
-26351
-31724
-32267
-27899
-19284
-7733
4995
16963
26349
31724
32269
27903
19289
7738
-4991
-16960
-26347
-31723
-32270
-27905
-19292
-7742
4986
16956
26344
31722
32271
27908
19296
7747
-4981
-16951
-26340
-31719
-32269
-27908
-19298
-7751
4976
16946
26336
31717
32269
27910
19302
7755
-4972
-16942
-26333
-31715
-32269
-27912
-19305
-7760
4967
16937
26329
31713
32269
27913
19308
7764
-4962
-16933
-26326
-31712
-32270
-27916
-19312
-7768
4958
16930
26324
31711
32270
27917
19314
7771
-4955
-16927
-26322
-31710
-32271
-27920
-19319
-7777
4949
16922
26319
31709
32272
27922
19322
7780
-4946
-16919
-26317
-31708
-32273
-27925
-19326
-7785
4941
16915
26314
31707
32273
27927
19329
7789
-4937
-16911
-26311
-31705
-32273
-27928
-19332
-7792
4934
16909
26310
31705
32274
27931
19335
7796
-4930
-16905
-26307
-31704
-32274
-27932
-19338
-7800
4925
16901
26304
31702
32274
27934
19341
7804
-4921
-16897
-26301
-31701
-32274
-27935
-19344
-7808
4917
16893
26297
31698
32273
27936
19346
7811
-4913
-16889
-26294
-31696
-32273
-27938
-19350
-7816
4908
16885
26291
31695
32274
27940
19353
7820
-4904
-16881
-26289
-31695
-32276
-27944
-19358
-7825
4900
16879
26289
31696
32278
27947
19362
7829
-4896
-16875
-26285
-31694
-32278
-27949
-19365
-7833
4891
16871
26283
31693
32278
27950
19367
7836
-4888
-16868
-26280
-31691
-32277
-27951
-19369
-7839
4884
16864
26277
31690
32278
27953
19373
7844
-4879
-16860
-26274
-31688
-32278
-27955
-19377
-7849
4874
16855
26270
31686
32278
27957
19380
7853
-4870
-16851
-26267
-31685
-32279
-27960
-19385
-7859
4864
16846
26264
31684
32280
27963
19389
7863
-4860
-16843
-26262
-31683
-32281
-27965
-19392
-7867
4856
16840
26260
31682
32281
27967
19395
7871
-4852
-16836
-26257
-31680
-32280
-27967
-19396
-7872
4850
16834
26255
31679
32280
27968
19398
7875
-4846
-16830
-26252
-31677
-32280
-27970
-19402
-7880
4841
16826
26249
31676
32281
27973
19406
7885
-4836
-16821
-26245
-31674
-32281
-27975
-19410
-7890
4831
16817
26243
31673
32282
27977
19413
7894
-4827
-16813
-26240
-31672
-32283
-27980
-19417
-7898
4823
16810
26238
31672
32285
27983
19421
7903
-4818
-16806
-26235
-31671
-32285
-27985
-19424
-7907
4814
16802
26233
31670
32286
27987
19428
7911
-4810
-16799
-26231
-31670
-32287
-27990
-19432
-7915
4806
16796
26229
31669
32288
27992
19435
7919
-4802
-16793
-26227
-31668
-32288
-27994
-19438
-7923
4798
16789
26224
31667
32289
27996
19441
7927
-4794
-16785
-26221
-31665
-32288
-27997
-19444
-7931
4789
16780
26217
31663
32288
27999
19447
7935
-4785
-16776
-26214
-31661
-32288
-28000
-19450
-7939
4781
16773
26212
31660
32289
28003
19454
7943
-4777
-16770
-26210
-31660
-32290
-28005
-19457
-7947
4773
16766
26207
31659
32291
28008
19461
7951
-4769
-16763
-26205
-31658
-32292
-28011
-19465
-7956
4764
16759
26203
31658
32293
28013
19468
7959
-4761
-16757
-26202
-31658
-32294
-28015
-19471
-7963
4757
16753
26199
31656
32294
28017
19475
7968
-4752
-16748
-26195
-31654
-32295
-28020
-19480
-7974
4745
16742
26191
31652
32295
28022
19483
7979
-4740
-16738
-26188
-31651
-32296
-28025
-19487
-7983
4736
16734
26185
31650
32296
28027
19491
7988
-4731
-16730
-26182
-31649
-32298
-28031
-19496
-7993
4726
16726
26180
31648
32298
28032
19498
7996
-4723
-16723
-26177
-31646
-32298
-28033
-19501
-8000
4719
16719
26174
31645
32298
28035
19504
8004
-4715
-16716
-26172
-31644
-32299
-28038
-19509
-8010
4709
16711
26169
31643
32300
28041
19513
8014
-4704
-16706
-26165
-31641
-32300
-28043
-19517
-8020
4698
16701
26162
31640
32301
28046
19521
8024
-4694
-16697
-26159
-31639
-32302
-28048
-19525
-8029
4689
16693
26156
31637
32302
28050
19528
8033
-4685
-16689
-26153
-31635
-32301
-28051
-19530
-8036
4681
16686
26151
31635
32303
28054
19534
8040
-4678
-16684
-26150
-31635
-32304
-28056
-19537
-8044
4674
16680
26147
31633
32304
28058
19540
8048
-4670
-16677
-26145
-31632
-32304
-28059
-19542
-8050
4667
16674
26142
31631
32304
28060
19545
8054
-4663
-16670
-26139
-31629
-32304
-28062
-19548
-8058
4659
16667
26138
31630
32306
28065
19552
8062
-4655
-16663
-26135
-31628
-32306
-28067
-19555
-8066
4651
16660
26133
31628
32308
28070
19559
8071
-4646
-16656
-26131
-31628
-32310
-28074
-19564
-8076
4642
16653
26129
31627
32310
28075
19566
8079
-4638
-16649
-26126
-31626
-32311
-28078
-19571
-8084
4634
16646
26124
31625
32311
28079
19573
8087
-4630
-16642
-26121
-31624
-32312
-28082
-19577
-8092
4625
16638
26119
31623
32313
28085
19581
8096
-4621
-16634
-26115
-31620
-32312
-28086
-19584
-8101
4615
16629
26112
31619
32313
28089
19589
8106
-4610
-16625
-26109
-31618
-32314
-28092
-19593
-8111
4605
16621
26106
31617
32315
28094
19596
8115
-4601
-16617
-26103
-31616
-32316
-28097
-19600
-8120
4596
16613
26101
31615
32316
28098
19603
8124
-4592
-16609
-26098
-31614
-32317
-28101
-19607
-8128
4588
16606
26096
31613
32318
28104
19611
8133
-4583
-16601
-26092
-31611
-32318
-28106
-19615
-8138
4578
16597
26090
31611
32319
28108
19618
8142
-4574
-16593
-26086
-31608
-32318
-28110
-19622
-8147
4568
16588
26083
31607
32319
28112
19625
8151
-4564
-16585
-26081
-31606
-32320
-28114
-19628
-8154
4561
16582
26078
31604
32319
28114
19630
8157
-4557
-16578
-26075
-31602
-32318
-28115
-19632
-8160
4554
16575
26072
31600
32318
28117
19636
8165
-4548
-16569
-26068
-31598
-32318
-28119
-19639
-8170
4543
16564
26064
31596
32318
28121
19643
8174
-4539
-16561
-26062
-31595
-32319
-28123
-19646
-8178
4534
16556
26058
31593
32318
28124
19649
8183
-4529
-16551
-26054
-31591
-32318
-28126
-19652
-8187
4524
16547
26051
31589
32318
28128
19656
8191
-4521
-16544
-26049
-31588
-32318
-28129
-19658
-8195
4516
16539
26045
31586
32318
28131
19661
8198
-4513
-16537
-26043
-31585
-32318
-28133
-19665
-8203
4508
16533
26041
31585
32320
28136
19669
8207
-4504
-16529
-26038
-31583
-32320
-28138
-19672
-8212
4499
16525
26035
31582
32321
28140
19675
8215
-4495
-16521
-26032
-31580
-32320
-28141
-19678
-8219
4491
16517
26029
31578
32320
28142
19680
8222
-4487
-16514
-26027
-31577
-32320
-28144
-19683
-8226
4483
16510
26023
31575
32320
28146
19687
8231
-4478
-16506
-26021
-31575
-32322
-28149
-19691
-8235
4475
16503
26019
31574
32322
28151
19694
8239
-4470
-16499
-26016
-31573
-32323
-28153
-19697
-8243
4466
16495
26013
31571
32323
28155
19701
8248
-4461
-16491
-26011
-31571
-32324
-28157
-19704
-8251
4458
16488
26008
31569
32324
28159
19707
8255
-4453
-16483
-26004
-31566
-32323
-28160
-19710
-8260
4447
16477
25999
31563
32322
28161
19713
8264
-4443
-16473
-25996
-31561
-32321
-28162
-19715
-8267
4439
16469
25992
31559
32321
28164
19719
8272
-4434
-16465
-25990
-31558
-32322
-28166
-19723
-8277
4429
16461
25987
31557
32322
28168
19726
8281
-4425
-16457
-25984
-31555
-32322
-28170
-19729
-8285
4420
16452
25980
31553
32322
28172
19733
8290
-4415
-16448
-25977
-31552
-32323
-28175
-19737
-8295
4410
16444
25975
31551
32324
28177
19740
8298
-4407
-16441
-25972
-31550
-32324
-28178
-19743
-8302
4403
16437
25969
31548
32324
28180
19746
8306
-4398
-16433
-25966
-31546
-32324
-28182
-19749
-8310
4394
16429
25963
31544
32324
28183
19752
8314
-4389
-16424
-25959
-31542
-32323
-28185
-19756
-8319
4384
16419
25955
31540
32323
28186
19759
8324
-4378
-16414
-25951
-31538
-32323
-28189
-19763
-8329
4373
16409
25947
31535
32322
28190
19766
8333
-4369
-16406
-25945
-31534
-32322
-28191
-19768
-8336
4365
16402
25942
31532
32322
28192
19770
8339
-4361
-16398
-25938
-31530
-32322
-28194
-19774
-8344
4356
16393
25935
31529
32323
28197
19778
8348
-4353
-16391
-25934
-31529
-32324
-28199
-19781
-8351
4350
16389
25933
31529
32325
28201
19784
8355
-4346
-16386
-25931
-31529
-32327
-28204
-19788
-8360
4341
16381
25928
31527
32327
28206
19791
8363
-4338
-16379
-25926
-31527
-32328
-28209
-19795
-8368
4333
16375
25924
31526
32329
28211
19798
8372
-4329
-16371
-25921
-31525
-32329
-28213
-19802
-8376
4325
16368
25919
31524
32330
28215
19805
8380
-4321
-16364
-25916
-31522
-32330
-28217
-19808
-8384
4316
16359
25912
31520
32330
28219
19812
8389
-4311
-16355
-25909
-31519
-32331
-28221
-19815
-8392
4308
16352
25907
31518
32331
28223
19818
8396
-4304
-16349
-25905
-31517
-32331
-28224
-19820
-8399
4301
16346
25903
31516
32331
28225
19822
8402
-4297
-16342
-25899
-31514
-32331
-28227
-19826
-8407
4292
16338
25897
31514
32333
28231
19831
8412
-4288
-16335
-25895
-31513
-32334
-28233
-19834
-8416
4283
16330
25891
31511
32333
28234
19837
8420
-4279
-16327
-25889
-31510
-32334
-28236
-19840
-8423
4276
16324
25887
31509
32334
28238
19843
8427
-4272
-16321
-25885
-31509
-32336
-28242
-19848
-8433
4266
16316
25882
31508
32337
28244
19852
8438
-4261
-16311
-25878
-31506
-32337
-28246
-19855
-8441
4258
16309
25877
31506
32338
28248
19858
8445
-4254
-16305
-25875
-31505
-32339
-28251
-19862
-8449
4250
16302
25872
31504
32340
28253
19865
8453
-4246
-16299
-25870
-31503
-32340
-28255
-19868
-8457
4241
16294
25867
31502
32341
28258
19873
8463
-4236
-16290
-25864
-31501
-32342
-28260
-19876
-8466
4232
16286
25861
31499
32342
28262
19879
8470
-4228
-16283
-25859
-31498
-32342
-28264
-19883
-8475
4223
16279
25857
31499
32345
28268
19888
8480
-4218
-16275
-25854
-31497
-32345
-28270
-19891
-8484
4214
16271
25851
31496
32346
28273
19895
8489
-4209
-16267
-25848
-31494
-32346
-28275
-19899
-8494
4204
16263
25846
31494
32348
28278
19903
8498
-4200
-16259
-25843
-31492
-32347
-28279
-19905
-8501
4197
16256
25840
31491
32347
28280
19908
8505
-4193
-16252
-25837
-31489
-32347
-28281
-19910
-8508
4189
16248
25834
31487
32346
28282
19913
8512
-4184
-16244
-25831
-31485
-32346
-28284
-19917
-8518
4178
16238
25826
31483
32347
28287
19921
8522
-4174
-16235
-25824
-31482
-32347
-28289
-19924
-8526
4170
16231
25821
31480
32347
28290
19927
8530
-4166
-16228
-25819
-31480
-32348
-28293
-19931
-8535
4161
16223
25816
31479
32350
28297
19936
8540
-4156
-16220
-25815
-31480
-32352
-28300
-19940
-8544
4152
16216
25812
31478
32352
28302
19943
8548
-4148
-16213
-25809
-31476
-32351
-28303
-19946
-8552
4143
16208
25805
31474
32351
28304
19949
8557
-4138
-16203
-25801
-31471
-32350
-28305
-19951
-8560
4134
16199
25798
31470
32351
28308
19955
8564
-4131
-16197
-25797
-31470
-32352
-28310
-19958
-8567
4128
16194
25795
31469
32353
28312
19961
8572
-4122
-16189
-25791
-31467
-32353
-28314
-19965
-8576
4118
16185
25788
31465
32352
28315
19967
8580
-4113
-16180
-25784
-31463
-32352
-28317
-19971
-8585
4108
16176
25781
31462
32353
28320
19976
8591
-4102
-16171
-25778
-31461
-32354
-28323
-19980
-8596
4097
16166
25775
31460
32355
28326
19984
8600
-4093
-16163
-25772
-31458
-32355
-28327
-19987
-8604
4089
16159
25770
31457
32355
28328
19989
8607
-4086
-16157
-25768
-31456
-32355
-28330
-19992
-8610
4082
16153
25765
31455
32356
28332
19995
8614
-4078
-16149
-25762
-31453
-32356
-28334
-19999
-8619
4073
16145
25759
31452
32357
28337
20003
8624
-4068
-16141
-25757
-31452
-32358
-28339
-20006
-8627
4065
16138
25755
31451
32359
28342
20010
8632
-4060
-16134
-25752
-31449
-32359
-28344
-20014
-8637
4055
16130
25749
31449
32361
28348
20019
8643
-4049
-16125
-25746
-31448
-32363
-28352
-20024
-8648
4045
16122
25745
31448
32364
28354
20027
8651
-4042
-16119
-25742
-31446
-32363
-28354
-20029
-8655
4037
16114
25738
31444
32363
28356
20032
8659
-4032
-16110
-25735
-31443
-32364
-28359
-20036
-8663
4028
16106
25733
31442
32364
28360
20039
8668
-4023
-16102
-25730
-31441
-32365
-28363
-20043
-8672
4019
16098
25726
31438
32364
28364
20046
8677
-4013
-16093
-25723
-31437
-32365
-28366
-20049
-8680
4010
16090
25720
31435
32364
28367
20052
8684
-4006
-16086
-25717
-31433
-32364
-28369
-20055
-8688
4001
16081
25713
31431
32364
28371
20059
8694
-3995
-16076
-25710
-31430
-32365
-28374
-20063
-8697
3992
16074
25709
31430
32366
28376
20066
8702
-3987
-16069
-25705
-31428
-32367
-28379
-20071
-8707
3982
16065
25703
31428
32369
28383
20076
8713
-3976
-16060
-25699
-31426
-32369
-28385
-20080
-8718
3971
16055
25695
31424
32369
28387
20083
8722
-3967
-16052
-25694
-31424
-32370
-28389
-20086
-8726
3963
16048
25691
31422
32370
28391
20090
8730
-3959
-16045
-25689
-31422
-32371
-28393
-20093
-8734
3954
16041
25686
31420
32371
28395
20096
8738
-3950
-16037
-25683
-31419
-32371
-28396
-20098
-8741
3946
16033
25679
31416
32370
28397
20101
8745
-3942
-16029
-25676
-31414
-32370
-28399
-20105
-8750
3937
16025
25673
31413
32371
28402
20109
8755
-3932
-16021
-25671
-31412
-32371
-28403
-20111
-8758
3928
16017
25667
31410
32371
28405
20115
8763
-3923
-16012
-25664
-31409
-32372
-28408
-20119
-8767
3919
16009
25662
31408
32373
28410
20122
8771
-3915
-16006
-25660
-31407
-32373
-28412
-20125
-8775
3911
16002
25657
31406
32374
28414
20129
8779
-3907
-15999
-25655
-31405
-32375
-28417
-20133
-8784
3902
15994
25652
31405
32377
28421
20138
8790
-3896
-15989
-25648
-31403
-32377
-28423
-20142
-8795
3891
15985
25645
31401
32376
28424
20144
8798
-3887
-15981
-25642
-31399
-32376
-28425
-20147
-8802
3883
15977
25639
31398
32377
28428
20152
8808
-3877
-15972
-25635
-31396
-32377
-28430
-20155
-8812
3873
15968
25632
31394
32377
28432
20159
8817
-3867
-15963
-25629
-31393
-32378
-28435
-20163
-8821
3863
15959
25626
31392
32379
28438
20167
8826
-3858
-15955
-25623
-31390
-32379
-28439
-20170
-8830
3854
15952
25621
31390
32380
28442
20174
8835
-3849
-15948
-25619
-31390
-32382
-28446
-20179
-8840
3845
15944
25616
31389
32383
28448
20182
8844
-3840
-15939
-25612
-31386
-32382
-28449
-20185
-8848
3836
15936
25610
31385
32383
28452
20189
8853
-3831
-15932
-25608
-31385
-32385
-28455
-20193
-8857
3827
15928
25604
31383
32384
28456
20196
8861
-3823
-15925
-25603
-31383
-32386
-28459
-20200
-8866
3818
15921
25600
31382
32387
28462
20204
8870
-3814
-15917
-25597
-31380
-32386
-28463
-20207
-8875
3808
15912
25594
31379
32387
28466
20211
8879
-3804
-15908
-25590
-31377
-32387
-28468
-20215
-8885
3798
15903
25587
31376
32388
28470
20218
8888
-3794
-15899
-25584
-31374
-32388
-28472
-20221
-8892
3790
15896
25582
31373
32388
28473
20224
8896
-3786
-15892
-25579
-31372
-32389
-28476
-20228
-8901
3781
15888
25576
31370
32388
28476
20230
8904
-3778
-15885
-25573
-31368
-32387
-28477
-20232
-8907
3774
15881
25570
31367
32389
28481
20237
8912
-3769
-15877
-25568
-31366
-32389
-28483
-20240
-8916
3765
15873
25564
31364
32389
28484
20243
8920
-3760
-15868
-25560
-31361
-32388
-28485
-20246
-8925
3755
15863
25557
31360
32389
28488
20250
8929
-3751
-15860
-25554
-31358
-32388
-28489
-20253
-8933
3746
15855
25551
31357
32389
28492
20257
8938
-3741
-15851
-25548
-31356
-32390
-28494
-20260
-8942
3737
15847
25545
31354
32390
28496
20264
8947
-3732
-15843
-25542
-31353
-32390
-28497
-20266
-8950
3729
15840
25540
31352
32391
28499
20269
8953
-3726
-15838
-25539
-31352
-32392
-28502
-20272
-8956
3723
15835
25537
31351
32392
28503
20275
8961
-3718
-15831
-25534
-31350
-32393
-28505
-20278
-8964
3715
15829
25533
31350
32394
28507
20281
8967
-3712
-15826
-25530
-31348
-32393
-28508
-20283
-8970
3709
15823
25528
31347
32394
28510
20286
8974
-3705
-15820
-25526
-31347
-32395
-28513
-20290
-8978
3701
15816
25523
31345
32395
28514
20293
8982
-3696
-15811
-25519
-31342
-32394
-28515
-20295
-8986
3691
15806
25515
31340
32394
28517
20299
8991
-3686
-15802
-25512
-31339
-32395
-28520
-20303
-8996
3681
15798
25510
31338
32395
28522
20307
9000
-3677
-15794
-25507
-31337
-32396
-28524
-20310
-9004
3673
15791
25505
31336
32397
28527
20314
9009
-3668
-15787
-25502
-31335
-32398
-28529
-20317
-9012
3665
15784
25500
31334
32398
28530
20319
9015
-3662
-15781
-25498
-31333
-32399
-28533
-20323
-9019
3658
15778
25496
31332
32398
28533
20324
9021
-3655
-15775
-25493
-31330
-32398
-28534
-20327
-9025
3651
15771
25490
31329
32398
28536
20330
9029
-3646
-15767
-25487
-31327
-32398
-28538
-20333
-9033
3642
15763
25484
31326
32399
28541
20337
9037
-3638
-15760
-25482
-31325
-32399
-28542
-20340
-9042
3633
15755
25479
31324
32400
28545
20344
9046
-3629
-15751
-25475
-31321
-32399
-28546
-20347
-9051
3623
15746
25472
31320
32400
28549
20352
9056
-3618
-15742
-25469
-31319
-32401
-28551
-20355
-9060
3615
15739
25467
31318
32402
28554
20359
9065
-3609
-15734
-25464
-31317
-32402
-28556
-20362
-9069
3605
15730
25461
31316
32403
28558
20366
9073
-3601
-15727
-25458
-31314
-32403
-28559
-20368
-9076
3598
15724
25457
31314
32404
28562
20372
9081
-3593
-15720
-25454
-31313
-32405
-28565
-20377
-9087
3586
15714
25449
31310
32405
28568
20382
9093
-3580
-15708
-25445
-31308
-32405
-28570
-20386
-9098
3575
15704
25442
31307
32406
28572
20388
9100
-3573
-15702
-25440
-31306
-32405
-28572
-20390
-9104
3568
15697
25437
31304
32405
28574
20393
9107
-3565
-15694
-25434
-31302
-32405
-28576
-20397
-9113
3558
15688
25430
31300
32405
28578
20401
9118
-3553
-15683
-25426
-31298
-32406
-28581
-20405
-9123
3548
15679
25423
31297
32406
28583
20408
9127
-3544
-15675
-25420
-31295
-32406
-28585
-20412
-9132
3539
15671
25418
31295
32408
28588
20416
9136
-3534
-15667
-25414
-31292
-32407
-28589
-20419
-9140
3530
15663
25411
31291
32407
28591
20422
9144
-3526
-15659
-25408
-31290
-32408
-28593
-20425
-9148
3522
15655
25405
31288
32407
28594
20428
9152
-3517
-15650
-25401
-31285
-32406
-28595
-20431
-9156
3512
15646
25398
31284
32407
28598
20435
9161
-3507
-15642
-25395
-31282
-32407
-28600
-20439
-9166
3502
15637
25391
31280
32407
28602
20442
9170
-3498
-15634
-25390
-31281
-32409
-28604
-20445
-9173
3495
15631
25388
31280
32410
28607
20450
9179
-3489
-15626
-25384
-31278
-32410
-28609
-20453
-9183
3485
15623
25383
31278
32411
28611
20455
9185
-3483
-15620
-25380
-31276
-32411
-28612
-20458
-9189
3479
15617
25378
31275
32411
28614
20461
9193
-3474
-15612
-25374
-31273
-32411
-28616
-20464
-9197
3470
15609
25372
31272
32412
28618
20468
9202
-3465
-15605
-25369
-31271
-32413
-28621
-20472
-9206
3461
15601
25366
31270
32413
28622
20474
9210
-3456
-15596
-25362
-31267
-32412
-28624
-20479
-9216
3450
15590
25357
31264
32412
28627
20484
9222
-3444
-15586
-25355
-31264
-32413
-28629
-20486
-9225
3441
15583
25353
31263
32414
28631
20489
9228
-3438
-15580
-25350
-31261
-32413
-28631
-20491
-9231
3434
15576
25347
31260
32414
28634
20495
9236
-3429
-15572
-25345
-31259
-32415
-28637
-20499
-9241
3424
15568
25342
31257
32414
28638
20502
9245
-3420
-15564
-25339
-31257
-32417
-28642
-20507
-9250
3415
15560
25336
31255
32416
28643
20509
9253
-3411
-15557
-25334
-31255
-32417
-28645
-20513
-9258
3406
15552
25331
31254
32419
28649
20518
9263
-3402
-15549
-25329
-31253
-32420
-28652
-20522
-9268
3397
15545
25326
31252
32420
28654
20525
9272
-3392
-15540
-25323
-31251
-32421
-28656
-20529
-9276
3389
15538
25322
31251
32422
28658
20532
9280
-3384
-15533
-25318
-31249
-32423
-28662
-20537
-9286
3379
15530
25316
31249
32425
28665
20541
9291
-3374
-15525
-25313
-31248
-32425
-28667
-20545
-9295
3369
15521
25310
31246
32425
28669
20548
9299
-3365
-15518
-25308
-31246
-32427
-28672
-20552
-9304
3361
15514
25306
31245
32428
28675
20557
9309
-3356
-15510
-25304
-31245
-32430
-28678
-20561
-9314
3351
15506
25301
31244
32430
28680
20564
9318
-3346
-15501
-25296
-31240
-32428
-28681
-20568
-9323
3341
15496
25292
31238
32428
28683
20571
9328
-3335
-15491
-25288
-31236
-32429
-28686
-20576
-9333
3330
15486
25285
31235
32430
28689
20580
9339
-3324
-15481
-25282
-31234
-32431
-28692
-20584
-9343
3320
15478
25280
31233
32432
28694
20588
9348
-3315
-15474
-25277
-31232
-32433
-28697
-20592
-9352
3311
15471
25275
31232
32434
28699
20595
9356
-3307
-15467
-25272
-31230
-32434
-28701
-20599
-9361
3302
15463
25270
31230
32436
28705
20604
9366
-3298
-15460
-25268
-31230
-32437
-28707
-20606
-9368
3296
15458
25267
31229
32437
28708
20608
9371
-3292
-15454
-25264
-31228
-32438
-28711
-20613
-9377
3286
15449
25260
31226
32438
28713
20617
9382
-3281
-15444
-25256
-31223
-32437
-28714
-20620
-9387
3275
15439
25252
31221
32438
28717
20625
9393
-3269
-15434
-25249
-31220
-32438
-28719
-20628
-9397
3264
15429
25245
31217
32437
28720
20630
9400
-3261
-15426
-25243
-31217
-32438
-28722
-20634
-9404
3257
15423
25241
31217
32440
28726
20638
9409
-3253
-15420
-25239
-31216
-32441
-28728
-20642
-9413
3248
15415
25235
31214
32441
28730
20645
9418
-3243
-15410
-25232
-31212
-32441
-28732
-20649
-9423
3238
15406
25228
31210
32441
28734
20653
9428
-3233
-15402
-25226
-31210
-32443
-28738
-20657
-9432
3229
15399
25225
31211
32445
28741
20661
9436
-3225
-15395
-25222
-31209
-32445
-28743
-20665
-9441
3220
15391
25219
31208
32446
28746
20669
9446
-3215
-15387
-25216
-31207
-32447
-28748
-20673
-9451
3210
15382
25213
31206
32448
28751
20677
9455
-3206
-15379
-25211
-31205
-32449
-28754
-20681
-9460
3201
15375
25208
31204
32449
28755
20684
9464
-3197
-15371
-25205
-31202
-32449
-28757
-20687
-9468
3193
15368
25203
31202
32451
28760
20691
9472
-3189
-15364
-25200
-31200
-32450
-28761
-20694
-9476
3184
15360
25197
31198
32450
28763
20697
9481
-3179
-15355
-25193
-31196
-32450
-28765
-20701
-9485
3174
15350
25190
31195
32451
28768
20705
9490
-3169
-15346
-25187
-31193
-32451
-28770
-20709
-9495
3164
15342
25184
31192
32451
28771
20711
9498
-3160
-15337
-25179
-31188
-32449
-28771
-20713
-9502
3155
15332
25175
31186
32449
28773
20717
9507
-3150
-15328
-25173
-31185
-32450
-28776
-20721
-9512
3145
15324
25170
31184
32451
28779
20725
9516
-3141
-15320
-25167
-31183
-32452
-28781
-20729
-9521
3136
15316
25164
31181
32451
28782
20731
9525
-3131
-15311
-25160
-31178
-32450
-28783
-20734
-9528
3128
15308
25158
31178
32451
28785
20737
9532
-3124
-15305
-25156
-31178
-32453
-28788
-20741
-9537
3119
15300
25152
31176
32453
28791
20746
9543
-3113
-15295
-25149
-31175
-32455
-28795
-20751
-9548
3108
15291
25147
31174
32456
28798
20756
9554
-3102
-15286
-25143
-31172
-32456
-28800
-20760
-9559
3097
15282
25140
31171
32457
28802
20762
9561
-3095
-15280
-25139
-31171
-32457
-28803
-20764
-9564
3091
15276
25135
31168
32456
28804
20767
9569
-3086
-15271
-25131
-31165
-32455
-28805
-20770
-9573
3082
15268
25129
31165
32456
28807
20773
9576
-3078
-15264
-25126
-31163
-32456
-28809
-20776
-9581
3073
15259
25122
31161
32456
28811
20780
9585
-3069
-15255
-25119
-31159
-32455
-28812
-20783
-9590
3063
15250
25115
31157
32456
28815
20787
9595
-3058
-15245
-25111
-31155
-32456
-28817
-20791
-9600
3052
15240
25108
31154
32457
28820
20795
9605
-3047
-15236
-25106
-31154
-32459
-28824
-20801
-9611
3042
15232
25104
31154
32461
28827
20805
9616
-3037
-15228
-25101
-31152
-32461
-28829
-20808
-9620
3032
15223
25096
31149
32460
28830
20811
9624
-3028
-15219
-25093
-31147
-32459
-28831
-20814
-9628
3023
15214
25089
31145
32459
28833
20817
9632
-3019
-15211
-25087
-31144
-32460
-28835
-20821
-9637
3014
15206
25083
31142
32460
28837
20824
9641
-3009
-15201
-25079
-31139
-32459
-28839
-20828
-9647
3003
15196
25076
31138
32460
28841
20831
9650
-3000
-15193
-25073
-31136
-32459
-28842
-20834
-9654
2995
15189
25070
31135
32460
28844
20837
9658
-2991
-15185
-25067
-31133
-32460
-28846
-20841
-9663
2986
15180
25063
31131
32459
28847
20844
9668
-2980
-15175
-25059
-31129
-32459
-28849
-20847
-9671
2977
15172
25057
31128
32460
28851
20850
9675
-2973
-15168
-25054
-31126
-32460
-28853
-20854
-9680
2967
15162
25050
31124
32460
28855
20857
9684
-2963
-15159
-25048
-31123
-32460
-28857
-20861
-9689
2958
15155
25044
31121
32460
28859
20864
9693
-2954
-15151
-25042
-31121
-32462
-28862
-20868
-9697
2950
15148
25040
31120
32462
28863
20870
9700
-2947
-15145
-25038
-31119
-32462
-28864
-20872
-9703
2943
15141
25034
31116
32462
28867
20877
9709
-2937
-15136
-25031
-31116
-32464
-28871
-20883
-9716
2931
15132
25029
31116
32466
28874
20887
9720
-2927
-15128
-25026
-31114
-32466
-28876
-20890
-9724
2922
15123
25022
31112
32465
28877
20893
9728
-2918
-15120
-25020
-31111
-32466
-28880
-20897
-9733
2913
15115
25017
31110
32467
28882
20900
9737
-2909
-15112
-25014
-31108
-32467
-28884
-20903
-9740
2906
15110
25014
31109
32468
28885
20905
9743
-2902
-15106
-25010
-31107
-32468
-28887
-20908
-9747
2898
15102
25007
31105
32468
28889
20912
9752
-2893
-15098
-25004
-31104
-32468
-28890
-20914
-9754
2890
15094
25001
31102
32468
28892
20918
9759
-2885
-15090
-24998
-31101
-32469
-28895
-20922
-9764
2880
15086
24995
31099
32469
28897
20926
9769
-2875
-15081
-24992
-31098
-32470
-28900
-20930
-9774
2870
15078
24990
31098
32472
28903
20934
9778
-2867
-15075
-24988
-31097
-32472
-28905
-20937
-9782
2862
15071
24985
31096
32473
28907
20940
9786
-2858
-15067
-24983
-31096
-32474
-28910
-20945
-9791
2854
15064
24981
31095
32475
28912
20948
9795
-2849
-15059
-24977
-31093
-32475
-28914
-20952
-9800
2844
15055
24974
31091
32475
28916
20955
9804
-2840
-15051
-24971
-31090
-32476
-28919
-20959
-9809
2834
15046
24968
31089
32477
28922
20964
9815
-2828
-15041
-24964
-31087
-32478
-28925
-20968
-9819
2824
15038
24963
31087
32479
28927
20972
9824
-2819
-15034
-24960
-31086
-32480
-28930
-20975
-9827
2817
15032
24959
31086
32480
28931
20977
9830
-2813
-15028
-24956
-31085
-32481
-28934
-20982
-9836
2807
15023
24952
31083
32482
28937
20987
9842
-2801
-15018
-24949
-31082
-32483
-28940
-20992
-9848
2795
15013
24945
31080
32483
28942
20995
9852
-2791
-15009
-24942
-31078
-32483
-28943
-20997
-9855
2788
15006
24940
31077
32483
28945
21001
9859
-2783
-15002
-24937
-31076
-32484
-28947
-21004
-9863
2779
14998
24934
31075
32485
28950
21008
9868
-2774
-14994
-24931
-31073
-32484
-28951
-21010
-9871
2770
14990
24928
31071
32484
28953
21014
9876
-2765
-14985
-24924
-31069
-32485
-28956
-21019
-9882
2759
14981
24922
31069
32486
28958
21022
9886
-2755
-14977
-24919
-31068
-32487
-28961
-21026
-9890
2751
14973
24916
31066
32487
28963
21030
9895
-2746
-14969
-24913
-31065
-32487
-28965
-21033
-9899
2742
14966
24911
31064
32488
28967
21036
9903
-2738
-14962
-24908
-31063
-32489
-28970
-21040
-9907
2734
14959
24907
31063
32490
28971
21042
9909
-2732
-14957
-24905
-31062
-32490
-28973
-21045
-9914
2727
14953
24902
31060
32490
28974
21047
9916
-2725
-14951
-24901
-31060
-32491
-28976
-21050
-9920
2720
14946
24897
31058
32491
28978
21054
9925
-2715
-14942
-24894
-31056
-32490
-28979
-21056
-9928
2711
14938
24891
31055
32491
28981
21060
9932
-2707
-14934
-24888
-31053
-32491
-28983
-21063
-9937
2702
14930
24885
31052
32492
28986
21068
9942
-2697
-14926
-24883
-31052
-32494
-28990
-21072
-9947
2692
14922
24880
31051
32495
28992
21076
9951
-2688
-14919
-24878
-31050
-32495
-28994
-21079
-9955
2684
14915
24875
31048
32495
28996
21082
9959
-2680
-14911
-24872
-31047
-32495
-28997
-21084
-9962
2677
14909
24871
31047
32496
28999
21087
9965
-2674
-14906
-24868
-31045
-32495
-28999
-21089
-9968
2670
14902
24866
31044
32496
29002
21093
9972
-2666
-14899
-24863
-31042
-32495
-29002
-21094
-9975
2663
14896
24861
31041
32496
29004
21097
9978
-2660
-14893
-24859
-31040
-32496
-29006
-21100
-9982
2656
14889
24856
31039
32497
29008
21103
9986
-2652
-14886
-24854
-31038
-32497
-29010
-21107
-9990
2647
14881
24850
31036
32497
29012
21110
9995
-2642
-14877
-24847
-31035
-32498
-29015
-21114
-9999
2638
14874
24845
31034
32499
29017
21118
10004
-2633
-14869
-24842
-31033
-32500
-29020
-21122
-10009
2628
14865
24839
31032
32501
29023
21126
10013
-2624
-14862
-24838
-31032
-32502
-29025
-21129
-10017
2620
14858
24834
31030
32502
29027
21133
10022
-2614
-14853
-24831
-31029
-32503
-29029
-21136
-10026
2611
14851
24830
31029
32504
29031
21139
10029
-2608
-14848
-24828
-31028
-32505
-29034
-21143
-10034
2603
14844
24825
31027
32505
29036
21147
10038
-2599
-14840
-24822
-31025
-32505
-29038
-21150
-10042
2595
14837
24820
31025
32506
29040
21153
10046
-2590
-14832
-24816
-31023
-32507
-29043
-21157
-10051
2585
14828
24814
31022
32507
29045
21161
10056
-2580
-14823
-24810
-31020
-32508
-29048
-21165
-10060
2576
14820
24808
31020
32509
29050
21169
10065
-2571
-14816
-24805
-31018
-32509
-29052
-21172
-10069
2566
14811
24801
31015
32508
29053
21175
10073
-2563
-14808
-24799
-31015
-32509
-29055
-21178
-10077
2558
14803
24795
31012
32508
29056
21181
10081
-2553
-14799
-24792
-31011
-32509
-29059
-21185
-10086
2549
14796
24790
31011
32511
29062
21189
10090
-2544
-14791
-24787
-31009
-32510
-29063
-21192
-10095
2539
14786
24782
31006
32509
29064
21194
10098
-2535
-14782
-24779
-31004
-32509
-29066
-21198
-10102
2531
14779
24777
31003
32510
29069
21202
10108
-2525
-14774
-24774
-31002
-32510
-29070
-21205
-10112
2520
14769
24770
31000
32511
29073
21209
10117
-2515
-14765
-24767
-30999
-32511
-29075
-21213
-10121
2511
14761
24764
30997
32512
29078
21217
10127
-2505
-14756
-24761
-30996
-32512
-29080
-21221
-10131
2501
14753
24759
30996
32514
29083
21224
10134
-2498
-14750
-24757
-30995
-32515
-29086
-21229
-10140
2492
14745
24753
30993
32515
29088
21233
10146
-2486
-14739
-24749
-30991
-32515
-29090
-21236
-10150
2481
14735
24745
30988
32514
29091
21239
10154
-2477
-14731
-24743
-30988
-32515
-29093
-21242
-10157
2474
14728
24740
30986
32515
29095
21245
10161
-2470
-14725
-24738
-30985
-32515
-29096
-21248
-10165
2465
14720
24734
30983
32515
29098
21252
10170
-2460
-14716
-24732
-30983
-32517
-29101
-21255
-10174
2456
14712
24729
30981
32517
29103
21259
10179
-2451
-14708
-24726
-30980
-32518
-29106
-21263
-10183
2447
14705
24724
30979
32518
29108
21267
10188
-2442
-14701
-24722
-30979
-32520
-29111
-21270
-10191
2439
14698
24720
30978
32520
29113
21274
10196
-2434
-14694
-24717
-30977
-32521
-29115
-21277
-10200
2430
14690
24714
30975
32521
29117
21280
10204
-2426
-14687
-24712
-30975
-32522
-29119
-21283
-10207
2422
14683
24708
30972
32521
29120
21286
10211
-2418
-14679
-24706
-30972
-32523
-29124
-21291
-10217
2412
14674
24702
30970
32523
29126
21295
10222
-2407
-14669
-24698
-30967
-32522
-29127
-21298
-10227
2401
14664
24695
30966
32523
29130
21302
10231
-2397
-14660
-24691
-30963
-32521
-29129
-21303
-10234
2393
14656
24688
30962
32523
29134
21309
10240
-2387
-14651
-24685
-30961
-32524
-29136
-21313
-10245
2382
14647
24682
30960
32524
29138
21316
10249
-2379
-14645
-24681
-30960
-32525
-29140
-21319
-10252
2375
14641
24678
30959
32527
29144
21324
10258
-2370
-14637
-24676
-30958
-32527
-29145
-21327
-10262
2365
14633
24673
30957
32528
29148
21331
10266
-2361
-14629
-24670
-30955
-32528
-29150
-21334
-10270
2357
14625
24667
30954
32529
29152
21338
10275
-2352
-14621
-24665
-30954
-32531
-29156
-21342
-10279
2348
14618
24663
30953
32531
29157
21344
10282
-2345
-14615
-24660
-30951
-32530
-29158
-21347
-10287
2339
14609
24655
30948
32530
29160
21351
10292
-2333
-14603
-24651
-30946
-32530
-29162
-21355
-10297
2328
14599
24648
30944
32530
29164
21358
10301
-2324
-14596
-24645
-30942
-32529
-29165
-21361
-10305
2320
14592
24642
30941
32530
29167
21364
10309
-2315
-14587
-24638
-30939
-32530
-29169
-21368
-10314
2310
14583
24636
30938
32530
29171
21371
10318
-2306
-14579
-24633
-30937
-32531
-29173
-21374
-10321
2303
14577
24632
30936
32531
29174
21376
10324
-2300
-14574
-24629
-30935
-32532
-29177
-21380
-10328
2296
14571
24627
30934
32532
29178
21383
10332
-2291
-14566
-24624
-30933
-32533
-29181
-21387
-10338
2285
14560
24619
30930
32532
29183
21391
10343
-2280
-14556
-24616
-30929
-32533
-29186
-21396
-10348
2275
14552
24614
30929
32535
29189
21399
10352
-2271
-14548
-24611
-30927
-32535
-29191
-21403
-10357
2266
14544
24608
30926
32536
29194
21407
10361
-2262
-14541
-24606
-30925
-32536
-29195
-21409
-10364
2258
14537
24602
30922
32535
29196
21412
10368
-2254
-14533
-24600
-30922
-32536
-29198
-21415
-10372
2250
14530
24598
30922
32538
29202
21420
10377
-2245
-14526
-24596
-30922
-32540
-29205
-21424
-10382
2241
14523
24594
30921
32541
29208
21428
10386
-2237
-14519
-24591
-30919
-32540
-29208
-21430
-10389
2233
14515
24587
30916
32539
29209
21433
10394
-2227
-14509
-24583
-30914
-32539
-29211
-21436
-10398
2223
14505
24579
30912
32539
29213
21439
10402
-2219
-14502
-24578
-30912
-32540
-29215
-21443
-10406
2215
14499
24575
30910
32540
29217
21446
10411
-2209
-14493
-24571
-30909
-32541
-29220
-21451
-10416
2204
14489
24569
30908
32542
29223
21455
10421
-2200
-14486
-24567
-30908
-32544
-29226
-21459
-10425
2196
14483
24565
30907
32544
29228
21462
10428
-2193
-14480
-24563
-30907
-32545
-29230
-21465
-10432
2189
14477
24561
30906
32546
29232
21468
10436
-2184
-14472
-24557
-30904
-32546
-29234
-21472
-10441
2179
14468
24554
30902
32546
29236
21475
10445
-2175
-14464
-24551
-30901
-32546
-29238
-21479
-10450
2170
14460
24548
30899
32546
29240
21482
10454
-2165
-14454
-24543
-30896
-32545
-29241
-21485
-10458
2161
14451
24541
30895
32546
29243
21488
10462
-2157
-14448
-24539
-30895
-32547
-29245
-21491
-10466
2152
14443
24535
30892
32546
29247
21495
10471
-2147
-14438
-24532
-30891
-32547
-29249
-21498
-10475
2143
14435
24529
30889
32547
29251
21502
10479
-2139
-14431
-24527
-30888
-32547
-29252
-21504
-10483
2134
14427
24523
30886
32547
29254
21507
10486
-2131
-14424
-24521
-30885
-32547
-29255
-21510
-10490
2127
14420
24518
30884
32548
29258
21514
10495
-2121
-14415
-24514
-30882
-32548
-29260
-21518
-10500
2116
14410
24510
30879
32547
29261
21520
10503
-2113
-14407
-24508
-30878
-32547
-29262
-21522
-10506
2109
14404
24506
30877
32548
29265
21527
10511
-2105
-14400
-24503
-30876
-32549
-29267
-21530
-10515
2100
14396
24500
30874
32548
29268
21533
10520
-2095
-14391
-24496
-30872
-32548
-29270
-21536
-10524
2091
14388
24494
30871
32549
29272
21539
10527
-2088
-14385
-24492
-30871
-32550
-29274
-21542
-10530
2085
14382
24490
30870
32550
29276
21545
10534
-2081
-14379
-24488
-30869
-32551
-29278
-21548
-10538
2076
14374
24484
30867
32551
29280
21552
10543
-2071
-14370
-24482
-30866
-32552
-29283
-21556
-10547
2067
14367
24480
30866
32553
29285
21559
10551
-2063
-14363
-24476
-30863
-32552
-29286
-21562
-10555
2059
14359
24474
30863
32553
29288
21565
10559
-2054
-14355
-24470
-30860
-32552
-29289
-21567
-10562
2051
14352
24468
30859
32552
29291
21571
10567
-2046
-14348
-24465
-30858
-32553
-29293
-21574
-10571
2041
14343
24461
30855
32552
29294
21576
10574
-2038
-14340
-24459
-30854
-32552
-29295
-21578
-10576
2035
14337
24456
30852
32551
29296
21581
10581
-2030
-14332
-24452
-30850
-32551
-29298
-21585
-10585
2026
14329
24451
30850
32553
29301
21588
10589
-2022
-14326
-24449
-30850
-32554
-29303
-21591
-10592
2019
14323
24447
30849
32555
29306
21595
10597
-2014
-14319
-24444
-30848
-32556
-29309
-21600
-10603
2008
14314
24441
30847
32557
29312
21604
10607
-2004
-14311
-24439
-30847
-32559
-29315
-21609
-10613
1999
14306
24436
30846
32560
29318
21613
10617
-1995
-14303
-24434
-30845
-32561
-29321
-21617
-10622
1990
14299
24431
30844
32562
29323
21620
10626
-1986
-14296
-24429
-30844
-32563
-29326
-21624
-10630
1982
14292
24427
30843
32563
29327
21626
10633
-1978
-14289
-24424
-30841
-32563
-29329
-21630
-10638
1973
14284
24420
30839
32563
29331
21634
10643
-1968
-14280
-24418
-30839
-32565
-29334
-21638
-10648
1963
14276
24415
30837
32565
29336
21641
10652
-1959
-14272
-24412
-30836
-32566
-29339
-21645
-10656
1955
14268
24409
30834
32566
29341
21649
10661
-1950
-14264
-24407
-30834
-32567
-29343
-21652
-10665
1946
14261
24405
30834
32569
29347
21657
10670
-1941
-14257
-24403
-30834
-32571
-29351
-21662
-10675
1937
14254
24401
30834
32573
29354
21666
10680
-1932
-14250
-24399
-30833
-32573
-29355
-21668
-10683
1928
14246
24395
30831
32573
29357
21672
10688
-1923
-14242
-24393
-30830
-32574
-29360
-21676
-10692
1919
14238
24390
30829
32575
29362
21679
10696
-1915
-14235
-24387
-30827
-32574
-29363
-21682
-10700
1910
14230
24383
30824
32573
29364
21685
10704
-1906
-14226
-24381
-30824
-32574
-29366
-21688
-10708
1902
14223
24379
30823
32575
29369
21691
10711
-1899
-14220
-24377
-30823
-32576
-29371
-21695
-10716
1895
14217
24375
30822
32577
29373
21698
10720
-1890
-14213
-24372
-30821
-32578
-29376
-21702
-10724
1886
14209
24369
30819
32577
29377
21705
10728
-1881
-14204
-24365
-30817
-32577
-29379
-21708
-10732
1877
14201
24363
30816
32578
29381
21711
10736
-1873
-14198
-24361
-30816
-32580
-29384
-21715
-10740
1869
14194
24358
30814
32579
29385
21718
10744
-1865
-14191
-24356
-30813
-32580
-29388
-21722
-10749
1860
14187
24354
30813
32582
29392
21727
10754
-1856
-14183
-24351
-30812
-32583
-29394
-21730
-10758
1851
14179
24348
30811
32583
29396
21734
10763
-1846
-14175
-24346
-30810
-32584
-29399
-21738
-10768
1841
14170
24342
30809
32585
29402
21742
10772
-1837
-14167
-24341
-30809
-32587
-29405
-21746
-10777
1833
14164
24339
30809
32588
29407
21749
10780
-1830
-14162
-24338
-30809
-32589
-29409
-21752
-10784
1826
14158
24335
30807
32589
29411
21755
10787
-1822
-14154
-24332
-30806
-32590
-29414
-21760
-10793
1817
14151
24330
30805
32591
29416
21763
10797
-1812
-14146
-24326
-30803
-32591
-29418
-21767
-10802
1807
14141
24323
30802
32592
29421
21771
10807
-1802
-14137
-24320
-30800
-32591
-29422
-21774
-10811
1798
14133
24317
30799
32592
29424
21777
10815
-1794
-14130
-24314
-30797
-32592
-29426
-21780
-10819
1789
14125
24311
30796
32592
29428
21784
10823
-1785
-14121
-24308
-30794
-32592
-29430
-21787
-10828
1779
14116
24304
30792
32592
29432
21791
10833
-1774
-14111
-24300
-30790
-32593
-29435
-21795
-10837
1770
14108
24299
30790
32594
29437
21799
10842
-1765
-14104
-24295
-30788
-32594
-29439
-21802
-10847
1760
14099
24292
30787
32595
29441
21805
10850
-1757
-14096
-24289
-30785
-32594
-29442
-21808
-10854
1752
14092
24287
30784
32595
29444
21811
10857
-1749
-14089
-24284
-30782
-32594
-29445
-21814
-10862
1744
14084
24280
30780
32594
29447
21817
10866
-1739
-14079
-24276
-30777
-32593
-29448
-21820
-10870
1735
14076
24274
30777
32594
29450
21823
10874
-1730
-14071
-24270
-30774
-32593
-29451
-21825
-10877
1727
14068
24268
30773
32594
29453
21829
10881
-1723
-14065
-24266
-30773
-32595
-29455
-21831
-10884
1720
14062
24264
30772
32595
29457
21834
10888
-1716
-14059
-24262
-30771
-32596
-29459
-21838
-10892
1712
14055
24258
30768
32594
29459
21839
10894
-1709
-14052
-24256
-30767
-32595
-29461
-21842
-10898
1705
14049
24254
30767
32596
29464
21846
10903
-1700
-14045
-24251
-30765
-32596
-29466
-21850
-10907
1696
14041
24248
30764
32597
29468
21853
10912
-1690
-14035
-24244
-30762
-32597
-29471
-21858
-10917
1685
14031
24241
30761
32598
29473
21861
10922
-1680
-14026
-24237
-30759
-32598
-29475
-21865
-10927
1675
14022
24234
30757
32598
29477
21869
10931
-1671
-14018
-24231
-30756
-32598
-29479
-21872
-10935
1667
14015
24230
30756
32600
29482
21875
10938
-1664
-14012
-24227
-30754
-32599
-29483
-21878
-10943
1658
14007
24223
30752
32599
29485
21882
10948
-1653
-14002
-24220
-30750
-32599
-29486
-21885
-10952
1648
13998
24217
30749
32600
29489
21889
10957
-1643
-13993
-24213
-30747
-32601
-29492
-21894
-10963
1637
13988
24210
30746
32602
29495
21898
10968
-1632
-13984
-24207
-30745
-32602
-29497
-21901
-10971
1629
13981
24204
30743
32601
29497
21903
10974
-1625
-13977
-24201
-30741
-32601
-29499
-21906
-10978
1621
13973
24198
30739
32601
29501
21910
10983
-1616
-13969
-24195
-30738
-32601
-29502
-21912
-10986
1612
13965
24192
30736
32601
29504
21915
10990
-1608
-13961
-24189
-30734
-32601
-29505
-21918
-10994
1604
13958
24187
30734
32602
29508
21922
10999
-1599
-13954
-24185
-30734
-32604
-29511
-21926
-11003
1595
13950
24182
30732
32604
29513
21929
11007
-1591
-13947
-24180
-30732
-32605
-29516
-21933
-11011
1587
13943
24177
30730
32605
29517
21935
11014
-1583
-13940
-24174
-30728
-32604
-29518
-21938
-11018
1579
13936
24171
30726
32604
29519
21941
11022
-1575
-13932
-24168
-30725
-32604
-29521
-21944
-11026
1571
13928
24165
30723
32604
29523
21947
11030
-1566
-13923
-24161
-30721
-32604
-29524
-21950
-11034
1561
13919
24158
30719
32604
29526
21953
11038
-1557
-13915
-24155
-30718
-32604
-29528
-21957
-11043
1552
13911
24152
30717
32605
29531
21961
11048
-1547
-13906
-24149
-30715
-32605
-29533
-21965
-11053
1542
13902
24146
30714
32606
29535
21967
11055
-1540
-13901
-24146
-30715
-32608
-29537
-21970
-11058
1537
13898
24144
30714
32608
29539
21973
11062
-1533
-13895
-24142
-30713
-32609
-29541
-21976
-11066
1529
13891
24138
30711
32608
29542
21979
11070
-1524
-13886
-24134
-30708
-32608
-29544
-21983
-11075
1519
13882
24132
30708
32609
29547
21987
11080
-1514
-13878
-24129
-30707
-32610
-29550
-21991
-11085
1509
13873
24125
30705
32610
29552
21995
11089
-1504
-13869
-24123
-30704
-32611
-29554
-21998
-11093
1501
13867
24122
30704
32612
29556
22001
11096
-1498
-13864
-24119
-30703
-32613
-29559
-22005
-11101
1493
13860
24117
30702
32613
29560
22007
11104
-1489
-13855
-24112
-30698
-32611
-29560
-22009
-11108
1484
13850
24108
30696
32611
29562
22012
11112
-1480
-13847
-24106
-30695
-32611
-29564
-22016
-11116
1476
13844
24104
30695
32613
29567
22020
11121
-1471
-13840
-24102
-30694
-32614
-29569
-22023
-11124
1468
13837
24100
30694
32615
29572
22027
11129
-1463
-13833
-24097
-30693
-32616
-29575
-22031
-11133
1459
13829
24094
30691
32616
29576
22033
11136
-1456
-13826
-24092
-30690
-32616
-29577
-22036
-11140
1452
13823
24090
30689
32616
29579
22039
11144
-1448
-13819
-24087
-30688
-32617
-29582
-22043
-11149
1443
13815
24084
30686
32617
29583
22046
11153
-1438
-13810
-24080
-30684
-32617
-29585
-22049
-11157
1434
13807
24078
30683
32617
29587
22052
11160
-1431
-13804
-24075
-30681
-32617
-29588
-22055
-11164
1426
13799
24072
30680
32618
29591
22059
11169
-1421
-13795
-24069
-30679
-32619
-29594
-22063
-11173
1417
13792
24067
30679
32620
29596
22067
11178
-1412
-13788
-24065
-30679
-32622
-29600
-22072
-11183
1408
13785
24063
30678
32623
29603
22076
11188
-1403
-13780
-24060
-30677
-32624
-29605
-22079
-11192
1398
13776
24056
30674
32622
29605
22081
11196
-1394
-13772
-24053
-30672
-32622
-29607
-22084
-11200
1390
13768
24050
30671
32623
29609
22088
11204
-1385
-13763
-24046
-30668
-32622
-29610
-22090
-11207
1381
13759
24043
30667
32622
29612
22094
11212
-1376
-13755
-24041
-30667
-32624
-29615
-22098
-11217
1372
13752
24039
30666
32625
29618
22102
11221
-1368
-13749
-24037
-30666
-32626
-29620
-22105
-11224
1365
13747
24036
30666
32627
29622
22108
11228
-1362
-13744
-24034
-30665
-32628
-29625
-22112
-11233
1356
13738
24029
30662
32627
29626
22115
11238
-1350
-13733
-24025
-30660
-32627
-29628
-22118
-11241
1347
13731
24024
30660
32628
29630
22121
11245
-1343
-13727
-24021
-30658
-32628
-29631
-22124
-11249
1339
13723
24018
30657
32629
29634
22128
11254
-1334
-13719
-24015
-30655
-32628
-29635
-22131
-11257
1330
13715
24012
30654
32629
29638
22134
11261
-1326
-13711
-24009
-30653
-32630
-29641
-22139
-11267
1321
13708
24008
30653
32632
29644
22143
11271
-1317
-13704
-24005
-30652
-32632
-29646
-22146
-11275
1313
13701
24003
30651
32633
29648
22150
11280
-1308
-13697
-24000
-30650
-32634
-29650
-22153
-11283
1304
13693
23998
30649
32635
29653
22157
11288
-1300
-13690
-23996
-30649
-32636
-29655
-22160
-11292
1295
13685
23992
30646
32635
29657
22164
11297
-1290
-13681
-23989
-30645
-32635
-29658
-22166
-11299
1287
13678
23987
30644
32636
29660
22169
11303
-1283
-13674
-23984
-30642
-32635
-29661
-22172
-11307
1279
13670
23980
30640
32635
29663
22175
11311
-1275
-13667
-23978
-30639
-32636
-29665
-22178
-11315
1270
13662
23974
30637
32635
29666
22181
11319
-1266
-13658
-23971
-30634
-32634
-29667
-22183
-11322
1262
13654
23968
30633
32635
29669
22187
11327
-1257
-13650
-23965
-30632
-32636
-29672
-22191
-11332
1252
13646
23963
30632
32637
29675
22195
11336
-1248
-13643
-23961
-30631
-32638
-29677
-22198
-11340
1244
13639
23958
30629
32638
29679
22202
11345
-1239
-13635
-23955
-30628
-32639
-29681
-22205
-11348
1236
13632
23953
30627
32639
29683
22208
11352
-1232
-13629
-23951
-30627
-32640
-29685
-22211
-11356
1228
13625
23948
30625
32639
29685
22212
11358
-1225
-13621
-23944
-30622
-32638
-29686
-22215
-11363
1219
13616
23940
30619
32637
29687
22218
11366
-1216
-13613
-23938
-30618
-32637
-29688
-22220
-11369
1212
13609
23934
30616
32637
29690
22224
11374
-1207
-13605
-23931
-30614
-32637
-29692
-22227
-11378
1203
13601
23929
30614
32638
29695
22231
11382
-1199
-13598
-23927
-30614
-32640
-29698
-22235
-11387
1194
13594
23924
30612
32640
29700
22239
11392
-1189
-13589
-23921
-30611
-32641
-29703
-22243
-11397
1184
13584
23916
30608
32640
29704
22246
11401
-1180
-13581
-23915
-30608
-32641
-29706
-22249
-11405
1176
13578
23913
30608
32643
29710
22254
11410
-1171
-13574
-23911
-30608
-32645
-29714
-22259
-11416
1165
13569
23908
30607
32646
29717
22263
11420
-1161
-13565
-23904
-30605
-32646
-29719
-22267
-11425
1156
13561
23901
30603
32646
29720
22270
11429
-1152
-13557
-23899
-30602
-32646
-29722
-22273
-11433
1147
13553
23895
30600
32646
29724
22277
11438
-1142
-13548
-23892
-30598
-32646
-29726
-22280
-11442
1137
13544
23889
30597
32647
29728
22283
11446
-1134
-13541
-23887
-30596
-32648
-29730
-22286
-11450
1129
13537
23884
30595
32648
29732
22290
11455
-1124
-13532
-23880
-30593
-32649
-29735
-22294
-11459
1120
13529
23878
30592
32649
29736
22296
11462
-1117
-13526
-23876
-30591
-32649
-29737
-22298
-11465
1114
13523
23874
30590
32649
29739
22301
11468
-1110
-13519
-23870
-30588
-32649
-29741
-22305
-11473
1105
13515
23868
30587
32650
29743
22308
11477
-1101
-13512
-23866
-30586
-32650
-29744
-22310
-11480
1098
13509
23863
30585
32651
29747
22314
11485
-1093
-13505
-23861
-30584
-32651
-29749
-22318
-11489
1089
13501
23858
30583
32652
29751
22321
11493
-1084
-13497
-23855
-30582
-32653
-29754
-22325
-11498
1079
13492
23851
30579
32652
29755
22328
11502
-1075
-13488
-23848
-30577
-32652
-29757
-22332
-11507
1070
13484
23845
30576
32652
29758
22334
11510
-1066
-13480
-23842
-30575
-32653
-29761
-22339
-11516
1060
13475
23839
30574
32654
29764
22343
11521
-1055
-13471
-23836
-30572
-32654
-29766
-22346
-11524
1052
13468
23834
30571
32654
29767
22348
11527
-1049
-13465
-23831
-30569
-32654
-29768
-22351
-11531
1045
13462
23829
30569
32655
29771
22354
11534
-1042
-13459
-23827
-30568
-32655
-29772
-22357
-11538
1037
13454
23823
30566
32655
29774
22360
11542
-1033
-13450
-23820
-30564
-32655
-29776
-22363
-11546
1029
13447
23818
30563
32655
29777
22366
11550
-1024
-13442
-23814
-30561
-32655
-29779
-22370
-11555
1019
13438
23811
30560
32656
29782
22374
11560
-1014
-13434
-23809
-30559
-32657
-29785
-22378
-11565
1009
13430
23806
30558
32658
29787
22381
11568
-1006
-13427
-23803
-30556
-32657
-29787
-22383
-11571
1002
13423
23801
30555
32658
29790
22387
11576
-998
-13420
-23799
-30555
-32659
-29792
-22390
-11579
995
13417
23797
30554
32659
29793
22392
11582
-991
-13414
-23795
-30553
-32660
-29796
-22396
-11586
987
13410
23792
30551
32659
29796
22397
11589
-983
-13406
-23788
-30549
-32659
-29798
-22401
-11593
979
13402
23785
30547
32659
29800
22404
11598
-974
-13398
-23782
-30546
-32660
-29802
-22407
-11601
971
13395
23780
30545
32660
29804
22410
11604
-968
-13393
-23779
-30545
-32661
-29806
-22413
-11608
964
13389
23776
30543
32660
29806
22415
11612
-959
-13384
-23771
-30539
-32658
-29807
-22418
-11616
954
13379
23768
30538
32659
29809
22421
11620
-950
-13375
-23764
-30536
-32659
-29811
-22425
-11625
945
13371
23761
30534
32659
29813
22428
11629
-941
-13367
-23759
-30534
-32660
-29815
-22431
-11632
937
13364
23756
30532
32660
29816
22433
11636
-933
-13360
-23753
-30530
-32659
-29817
-22436
-11639
930
13358
23752
30530
32660
29819
22439
11643
-925
-13353
-23748
-30528
-32660
-29821
-22442
-11647
921
13349
23745
30526
32660
29823
22446
11652
-916
-13345
-23742
-30525
-32661
-29826
-22450
-11656
912
13341
23739
30523
32661
29828
22454
11661
-907
-13337
-23737
-30523
-32663
-29831
-22458
-11666
902
13333
23734
30522
32663
29833
22461
11670
-898
-13329
-23731
-30520
-32663
-29835
-22465
-11675
893
13325
23728
30519
32664
29837
22468
11679
-888
-13320
-23724
-30517
-32664
-29839
-22472
-11684
883
13316
23722
30517
32666
29843
22476
11688
-879
-13312
-23719
-30515
-32666
-29845
-22480
-11693
874
13308
23716
30514
32667
29847
22484
11698
-869
-13304
-23713
-30512
-32666
-29848
-22486
-11701
865
13300
23710
30510
32666
29850
22490
11706
-860
-13295
-23707
-30509
-32667
-29852
-22493
-11710
856
13292
23704
30508
32668
29855
22497
11715
-851
-13287
-23701
-30506
-32668
-29857
-22501
-11720
845
13282
23697
30504
32667
29858
22504
11724
-841
-13278
-23694
-30503
-32668
-29861
-22508
-11728
837
13275
23692
30503
32670
29864
22512
11733
-832
-13271
-23690
-30502
-32671
-29867
-22516
-11737
828
13267
23687
30501
32672
29869
22519
11741
-824
-13264
-23685
-30500
-32672
-29871
-22522
-11745
820
13261
23683
30499
32672
29872
22525
11749
-816
-13257
-23680
-30498
-32673
-29875
-22529
-11753
812
13253
23677
30496
32672
29875
22530
11756
-808
-13249
-23673
-30494
-32672
-29877
-22534
-11760
804
13246
23671
30492
32671
29878
22536
11764
-799
-13241
-23667
-30490
-32672
-29881
-22541
-11769
795
13238
23666
30491
32674
29883
22543
11772
-791
-13234
-23663
-30490
-32675
-29886
-22548
-11777
787
13231
23661
30489
32675
29888
22551
11780
-784
-13229
-23660
-30489
-32677
-29891
-22554
-11784
780
13225
23657
30487
32676
29892
22557
11788
-775
-13221
-23654
-30486
-32677
-29894
-22560
-11791
772
13218
23652
30485
32677
29895
22562
11795
-768
-13214
-23649
-30484
-32678
-29898
-22567
-11800
763
13211
23648
30484
32679
29901
22571
11805
-758
-13206
-23644
-30483
-32681
-29905
-22576
-11811
752
13201
23641
30482
32682
29908
22581
11816
-747
-13197
-23638
-30480
-32682
-29910
-22584
-11821
742
13192
23634
30478
32682
29912
22588
11825
-738
-13189
-23632
-30477
-32683
-29914
-22591
-11829
734
13185
23629
30476
32683
29916
22594
11833
-730
-13182
-23627
-30475
-32684
-29918
-22598
-11838
725
13178
23625
30475
32686
29922
22602
11842
-721
-13174
-23622
-30474
-32687
-29925
-22607
-11847
716
13170
23619
30473
32688
29927
22610
11851
-712
-13167
-23618
-30473
-32689
-29930
-22614
-11856
707
13163
23615
30472
32690
29932
22618
11860
-703
-13159
-23612
-30470
-32690
-29934
-22621
-11864
699
13156
23610
30470
32691
29936
22624
11868
-695
-13152
-23607
-30468
-32690
-29937
-22626
-11871
691
13148
23604
30466
32690
29939
22630
11876
-686
-13144
-23601
-30465
-32691
-29941
-22633
-11880
682
13140
23598
30463
32690
29942
22636
11883
-678
-13136
-23595
-30462
-32691
-29945
-22640
-11888
673
13132
23592
30461
32692
29948
22644
11893
-668
-13128
-23589
-30459
-32692
-29949
-22647
-11898
663
13123
23585
30457
32692
29951
22651
11902
-658
-13118
-23581
-30455
-32692
-29953
-22654
-11907
653
13114
23579
30454
32693
29956
22658
11911
-649
-13111
-23577
-30453
-32693
-29957
-22661
-11915
645
13107
23574
30452
32694
29960
22665
11919
-641
-13103
-23571
-30450
-32693
-29960
-22666
-11922
637
13099
23567
30447
32692
29961
22669
11926
-633
-13095
-23564
-30446
-32693
-29963
-22672
-11929
630
13093
23563
30446
32694
29966
22676
11934
-625
-13089
-23560
-30445
-32695
-29968
-22679
-11937
622
13086
23558
30444
32696
29971
22683
11942
-617
-13082
-23556
-30443
-32696
-29972
-22685
-11945
613
13078
23552
30441
32696
29974
22689
11950
-608
-13073
-23549
-30440
-32696
-29976
-22692
-11953
605
13071
23547
30438
32696
29977
22694
11957
-601
-13067
-23544
-30437
-32696
-29978
-22697
-11960
597
13064
23542
30436
32697
29981
22701
11965
-593
-13060
-23539
-30435
-32698
-29984
-22705
-11969
589
13058
23539
30436
32700
29987
22709
11974
-584
-13054
-23537
-30437
-32703
-29991
-22713
-11978
581
13052
23536
30437
32704
29993
22716
11981
-578
-13049
-23534
-30436
-32704
-29995
-22719
-11985
574
13046
23532
30435
32705
29997
22723
11989
-570
-13042
-23529
-30434
-32706
-30000
-22727
-11994
565
13038
23526
30433
32707
30002
22730
11998
-561
-13035
-23524
-30432
-32707
-30004
-22733
-12001
558
13032
23522
30432
32709
30007
22737
12005
-554
-13029
-23521
-30432
-32710
-30009
-22740
-12009
550
13026
23519
30431
32711
30012
22744
12013
-547
-13023
-23517
-30431
-32712
-30014
-22747
-12017
542
13018
23513
30428
32711
30015
22749
12020
-539
-13016
-23511
-30427
-32711
-30016
-22752
-12024
534
13011
23508
30426
32712
30019
22756
12029
-529
-13007
-23505
-30424
-32712
-30021
-22760
-12034
524
13002
23501
30422
32712
30023
22763
12038
-520
-12999
-23499
-30422
-32713
-30025
-22766
-12041
517
12997
23498
30422
32714
30027
22769
12044
-514
-12994
-23496
-30421
-32715
-30030
-22773
-12049
509
12990
23493
30420
32716
30032
22776
12053
-505
-12986
-23490
-30418
-32715
-30033
-22779
-12057
500
12981
23486
30416
32716
30036
22783
12062
-495
-12977
-23483
-30415
-32716
-30037
-22786
-12066
490
12972
23479
30412
32715
30038
22788
12069
-487
-12969
-23477
-30410
-32714
-30039
-22791
-12073
483
12965
23474
30409
32715
30041
22794
12077
-479
-12962
-23472
-30409
-32716
-30043
-22797
-12080
476
12960
23471
30409
32717
30045
22799
12083
-473
-12957
-23468
-30407
-32717
-30047
-22803
-12087
469
12953
23465
30405
32716
30048
22805
12090
-465
-12950
-23463
-30405
-32718
-30051
-22809
-12095
461
12947
23462
30405
32719
30053
22812
12098
-457
-12943
-23458
-30402
-32718
-30054
-22815
-12102
453
12940
23457
30403
32721
30058
22819
12106
-450
-12937
-23455
-30403
-32722
-30061
-22823
-12111
445
12933
23453
30402
32723
30064
22828
12116
-440
-12929
-23450
-30401
-32724
-30067
-22832
-12122
434
12924
23446
30399
32724
30068
22834
12124
-431
-12921
-23444
-30398
-32724
-30069
-22837
-12128
427
12917
23441
30396
32724
30071
22840
12132
-423
-12913
-23438
-30394
-32723
-30072
-22843
-12136
418
12908
23433
30391
32722
30073
22846
12141
-413
-12904
-23431
-30391
-32724
-30076
-22849
-12144
410
12902
23429
30390
32724
30077
22852
12148
-405
-12897
-23425
-30387
-32723
-30078
-22855
-12152
400
12892
23421
30385
32723
30080
22858
12157
-395
-12887
-23417
-30382
-32722
-30082
-22862
-12162
390
12882
23413
30380
32722
30084
22866
12167
-384
-12877
-23410
-30379
-32723
-30087
-22870
-12172
379
12873
23407
30378
32724
30090
22875
12177
-374
-12869
-23405
-30377
-32725
-30092
-22878
-12181
370
12865
23401
30375
32725
30094
22882
12186
-365
-12861
-23399
-30375
-32727
-30097
-22885
-12189
362
12858
23397
30374
32727
30098
22888
12193
-358
-12855
-23395
-30373
-32727
-30100
-22891
-12197
354
12851
23392
30372
32728
30103
22895
12201
-350
-12848
-23390
-30371
-32728
-30104
-22897
-12204
347
12845
23388
30370
32729
30106
22900
12208
-343
-12842
-23386
-30370
-32731
-30109
-22904
-12212
339
12838
23383
30368
32730
30110
22907
12216
-334
-12833
-23379
-30366
-32730
-30112
-22910
-12220
331
12831
23378
30366
32731
30114
22913
12224
-326
-12827
-23375
-30365
-32732
-30117
-22917
-12228
322
12823
23372
30363
32732
30119
22921
12233
-317
-12819
-23370
-30363
-32734
-30122
-22924
-12237
313
12816
23368
30362
32734
30124
22928
12241
-309
-12812
-23365
-30361
-32735
-30126
-22931
-12245
305
12808
23362
30359
32734
30127
22933
12248
-301
-12805
-23359
-30357
-32734
-30128
-22936
-12252
297
12801
23357
30357
32735
30131
22940
12257
-292
-12797
-23354
-30355
-32735
-30133
-22943
-12261
288
12793
23351
30354
32736
30135
22946
12264
-285
-12791
-23350
-30354
-32737
-30137
-22950
-12269
280
12786
23346
30352
32737
30140
22954
12274
-275
-12782
-23343
-30351
-32738
-30142
-22958
-12279
270
12778
23341
30350
32739
30144
22960
12281
-267
-12775
-23338
-30348
-32738
-30145
-22963
-12285
263
12771
23335
30347
32739
30148
22967
12290
-258
-12767
-23333
-30346
-32740
-30150
-22970
-12294
254
12763
23329
30344
32740
30152
22974
12299
-248
-12758
-23326
-30343
-32741
-30155
-22979
-12304
243
12754
23323
30342
32742
30158
22983
12309
-239
-12751
-23321
-30341
-32742
-30159
-22985
-12312
235
12747
23318
30339
32742
30161
22988
12316
-231
-12743
-23315
-30337
-32741
-30162
-22991
-12320
226
12738
23311
30335
32741
30164
22994
12324
-222
-12734
-23308
-30334
-32742
-30166
-22998
-12329
217
12730
23305
30332
32742
30168
23001
12333
-213
-12726
-23302
-30331
-32742
-30170
-23005
-12337
208
12722
23299
30330
32743
30173
23009
12342
-203
-12718
-23297
-30329
-32744
-30175
-23012
-12346
199
12714
23294
30328
32745
30178
23017
12352
-193
-12709
-23290
-30326
-32745
-30180
-23021
-12357
188
12705
23287
30324
32745
30182
23024
12361
-184
-12701
-23285
-30324
-32747
-30185
-23028
-12365
180
12698
23283
30323
32747
30187
23031
12369
-176
-12695
-23281
-30323
-32749
-30190
-23035
-12373
172
12691
23278
30321
32749
30192
23038
12377
-168
-12688
-23276
-30321
-32750
-30194
-23042
-12382
163
12683
23273
30320
32751
30197
23046
12387
-158
-12679
-23270
-30319
-32752
-30200
-23050
-12391
154
12675
23267
30317
32751
30200
23052
12395
-149
-12671
-23264
-30315
-32751
-30202
-23055
-12398
146
12668
23262
30314
32751
30204
23058
12402
-142
-12664
-23259
-30313
-32752
-30206
-23061
-12406
138
12661
23257
30312
32753
30208
23065
12410
-134
-12658
-23255
-30312
-32754
-30210
-23067
-12413
131
12655
23253
30311
32755
30213
23072
12418
-126
-12651
-23250
-30310
-32756
-30216
-23076
-12423
121
12647
23247
30308
32756
30218
23080
12428
-116
-12642
-23244
-30307
-32756
-30220
-23083
-12432
111
12637
23240
30305
32756
30222
23087
12437
-106
-12633
-23237
-30304
-32757
-30224
-23090
-12441
102
12630
23235
30303
32758
30227
23094
12446
-97
-12626
-23233
-30303
-32760
-30230
-23098
-12450
94
12623
23231
30302
32760
30232
23101
12453
-90
-12619
-23228
-30300
-32760
-30233
-23104
-12458
85
12615
23224
30298
32760
30235
23107
12462
-80
-12610
-23221
-30296
-32759
-30236
-23110
-12466
76
12607
23219
30296
32761
30239
23114
12470
-72
-12603
-23215
-30293
-32760
-30240
-23117
-12474
68
12599
23213
30293
32761
30243
23121
12479
-63
-12596
-23211
-30293
-32763
-30246
-23125
-12483
59
12592
23208
30291
32762
30247
23127
12486
-55
-12588
-23205
-30289
-32762
-30248
-23129
-12489
52
12585
23203
30288
32762
30250
23132
12493
-48
-12582
-23200
-30286
-32762
-30251
-23135
-12497
44
12578
23198
30286
32763
30253
23138
12500
-41
-12576
-23196
-30285
-32764
-30256
-23142
-12505
36
12571
23192
30283
32764
30258
23145
12509
-31
-12566
-23188
-30280
-32763
-30259
-23148
-12514
25
12561
23184
30278
32763
30261
23152
12518
-21
-12557
-23182
-30277
-32763
-30262
-23155
-12523
16
12552
23178
30275
32764
30266
23160
12528
-11
-12548
-23175
-30274
-32764
-30267
-23163
-12533
5
12543
23171
30272
32765
30271
23168
12538
0
-12538
-23168
-30271
-32765
-30272
-23171
-12543
-5
12533
23163
30267
32764
30274
23175
12548
11
-12528
-23160
-30266
-32764
-30275
-23178
-12552
-16
12523
23155
30262
32763
30277
23182
12557
21
-12518
-23152
-30261
-32763
-30278
-23184
-12561
-25
12514
23148
30259
32763
30280
23188
12566
31
-12509
-23145
-30258
-32764
-30283
-23192
-12571
-36
12505
23142
30256
32764
30285
23196
12576
41
-12500
-23138
-30253
-32763
-30286
-23198
-12578
-44
12497
23135
30251
32762
30286
23200
12582
48
-12493
-23132
-30250
-32762
-30288
-23203
-12585
-52
12489
23129
30248
32762
30289
23205
12588
55
-12486
-23127
-30247
-32762
-30291
-23208
-12592
-59
12483
23125
30246
32763
30293
23211
12596
63
-12479
-23121
-30243
-32761
-30293
-23213
-12599
-68
12474
23117
30240
32760
30293
23215
12603
72
-12470
-23114
-30239
-32761
-30296
-23219
-12607
-76
12466
23110
30236
32759
30296
23221
12610
80
-12462
-23107
-30235
-32760
-30298
-23224
-12615
-85
12458
23104
30233
32760
30300
23228
12619
90
-12453
-23101
-30232
-32760
-30302
-23231
-12623
-94
12450
23098
30230
32760
30303
23233
12626
97
-12446
-23094
-30227
-32758
-30303
-23235
-12630
-102
12441
23090
30224
32757
30304
23237
12633
106
-12437
-23087
-30222
-32756
-30305
-23240
-12637
-111
12432
23083
30220
32756
30307
23244
12642
116
-12428
-23080
-30218
-32756
-30308
-23247
-12647
-121
12423
23076
30216
32756
30310
23250
12651
126
-12418
-23072
-30213
-32755
-30311
-23253
-12655
-131
12413
23067
30210
32754
30312
23255
12658
134
-12410
-23065
-30208
-32753
-30312
-23257
-12661
-138
12406
23061
30206
32752
30313
23259
12664
142
-12402
-23058
-30204
-32751
-30314
-23262
-12668
-146
12398
23055
30202
32751
30315
23264
12671
149
-12395
-23052
-30200
-32751
-30317
-23267
-12675
-154
12391
23050
30200
32752
30319
23270
12679
158
-12387
-23046
-30197
-32751
-30320
-23273
-12683
-163
12382
23042
30194
32750
30321
23276
12688
168
-12377
-23038
-30192
-32749
-30321
-23278
-12691
-172
12373
23035
30190
32749
30323
23281
12695
176
-12369
-23031
-30187
-32747
-30323
-23283
-12698
-180
12365
23028
30185
32747
30324
23285
12701
184
-12361
-23024
-30182
-32745
-30324
-23287
-12705
-188
12357
23021
30180
32745
30326
23290
12709
193
-12352
-23017
-30178
-32745
-30328
-23294
-12714
-199
12346
23012
30175
32744
30329
23297
12718
203
-12342
-23009
-30173
-32743
-30330
-23299
-12722
-208
12337
23005
30170
32742
30331
23302
12726
213
-12333
-23001
-30168
-32742
-30332
-23305
-12730
-217
12329
22998
30166
32742
30334
23308
12734
222
-12324
-22994
-30164
-32741
-30335
-23311
-12738
-226
12320
22991
30162
32741
30337
23315
12743
231
-12316
-22988
-30161
-32742
-30339
-23318
-12747
-235
12312
22985
30159
32742
30341
23321
12751
239
-12309
-22983
-30158
-32742
-30342
-23323
-12754
-243
12304
22979
30155
32741
30343
23326
12758
248
-12299
-22974
-30152
-32740
-30344
-23329
-12763
-254
12294
22970
30150
32740
30346
23333
12767
258
-12290
-22967
-30148
-32739
-30347
-23335
-12771
-263
12285
22963
30145
32738
30348
23338
12775
267
-12281
-22960
-30144
-32739
-30350
-23341
-12778
-270
12279
22958
30142
32738
30351
23343
12782
275
-12274
-22954
-30140
-32737
-30352
-23346
-12786
-280
12269
22950
30137
32737
30354
23350
12791
285
-12264
-22946
-30135
-32736
-30354
-23351
-12793
-288
12261
22943
30133
32735
30355
23354
12797
292
-12257
-22940
-30131
-32735
-30357
-23357
-12801
-297
12252
22936
30128
32734
30357
23359
12805
301
-12248
-22933
-30127
-32734
-30359
-23362
-12808
-305
12245
22931
30126
32735
30361
23365
12812
309
-12241
-22928
-30124
-32734
-30362
-23368
-12816
-313
12237
22924
30122
32734
30363
23370
12819
317
-12233
-22921
-30119
-32732
-30363
-23372
-12823
-322
12228
22917
30117
32732
30365
23375
12827
326
-12224
-22913
-30114
-32731
-30366
-23378
-12831
-331
12220
22910
30112
32730
30366
23379
12833
334
-12216
-22907
-30110
-32730
-30368
-23383
-12838
-339
12212
22904
30109
32731
30370
23386
12842
343
-12208
-22900
-30106
-32729
-30370
-23388
-12845
-347
12204
22897
30104
32728
30371
23390
12848
350
-12201
-22895
-30103
-32728
-30372
-23392
-12851
-354
12197
22891
30100
32727
30373
23395
12855
358
-12193
-22888
-30098
-32727
-30374
-23397
-12858
-362
12189
22885
30097
32727
30375
23399
12861
365
-12186
-22882
-30094
-32725
-30375
-23401
-12865
-370
12181
22878
30092
32725
30377
23405
12869
374
-12177
-22875
-30090
-32724
-30378
-23407
-12873
-379
12172
22870
30087
32723
30379
23410
12877
384
-12167
-22866
-30084
-32722
-30380
-23413
-12882
-390
12162
22862
30082
32722
30382
23417
12887
395
-12157
-22858
-30080
-32723
-30385
-23421
-12892
-400
12152
22855
30078
32723
30387
23425
12897
405
-12148
-22852
-30077
-32724
-30390
-23429
-12902
-410
12144
22849
30076
32724
30391
23431
12904
413
-12141
-22846
-30073
-32722
-30391
-23433
-12908
-418
12136
22843
30072
32723
30394
23438
12913
423
-12132
-22840
-30071
-32724
-30396
-23441
-12917
-427
12128
22837
30069
32724
30398
23444
12921
431
-12124
-22834
-30068
-32724
-30399
-23446
-12924
-434
12122
22832
30067
32724
30401
23450
12929
440
-12116
-22828
-30064
-32723
-30402
-23453
-12933
-445
12111
22823
30061
32722
30403
23455
12937
450
-12106
-22819
-30058
-32721
-30403
-23457
-12940
-453
12102
22815
30054
32718
30402
23458
12943
457
-12098
-22812
-30053
-32719
-30405
-23462
-12947
-461
12095
22809
30051
32718
30405
23463
12950
465
-12090
-22805
-30048
-32716
-30405
-23465
-12953
-469
12087
22803
30047
32717
30407
23468
12957
473
-12083
-22799
-30045
-32717
-30409
-23471
-12960
-476
12080
22797
30043
32716
30409
23472
12962
479
-12077
-22794
-30041
-32715
-30409
-23474
-12965
-483
12073
22791
30039
32714
30410
23477
12969
487
-12069
-22788
-30038
-32715
-30412
-23479
-12972
-490
12066
22786
30037
32716
30415
23483
12977
495
-12062
-22783
-30036
-32716
-30416
-23486
-12981
-500
12057
22779
30033
32715
30418
23490
12986
505
-12053
-22776
-30032
-32716
-30420
-23493
-12990
-509
12049
22773
30030
32715
30421
23496
12994
514
-12044
-22769
-30027
-32714
-30422
-23498
-12997
-517
12041
22766
30025
32713
30422
23499
12999
520
-12038
-22763
-30023
-32712
-30422
-23501
-13002
-524
12034
22760
30021
32712
30424
23505
13007
529
-12029
-22756
-30019
-32712
-30426
-23508
-13011
-534
12024
22752
30016
32711
30427
23511
13016
539
-12020
-22749
-30015
-32711
-30428
-23513
-13018
-542
12017
22747
30014
32712
30431
23517
13023
547
-12013
-22744
-30012
-32711
-30431
-23519
-13026
-550
12009
22740
30009
32710
30432
23521
13029
554
-12005
-22737
-30007
-32709
-30432
-23522
-13032
-558
12001
22733
30004
32707
30432
23524
13035
561
-11998
-22730
-30002
-32707
-30433
-23526
-13038
-565
11994
22727
30000
32706
30434
23529
13042
570
-11989
-22723
-29997
-32705
-30435
-23532
-13046
-574
11985
22719
29995
32704
30436
23534
13049
578
-11981
-22716
-29993
-32704
-30437
-23536
-13052
-581
11978
22713
29991
32703
30437
23537
13054
584
-11974
-22709
-29987
-32700
-30436
-23539
-13058
-589
11969
22705
29984
32698
30435
23539
13060
593
-11965
-22701
-29981
-32697
-30436
-23542
-13064
-597
11960
22697
29978
32696
30437
23544
13067
601
-11957
-22694
-29977
-32696
-30438
-23547
-13071
-605
11953
22692
29976
32696
30440
23549
13073
608
-11950
-22689
-29974
-32696
-30441
-23552
-13078
-613
11945
22685
29972
32696
30443
23556
13082
617
-11942
-22683
-29971
-32696
-30444
-23558
-13086
-622
11937
22679
29968
32695
30445
23560
13089
625
-11934
-22676
-29966
-32694
-30446
-23563
-13093
-630
11929
22672
29963
32693
30446
23564
13095
633
-11926
-22669
-29961
-32692
-30447
-23567
-13099
-637
11922
22666
29960
32693
30450
23571
13103
641
-11919
-22665
-29960
-32694
-30452
-23574
-13107
-645
11915
22661
29957
32693
30453
23577
13111
649
-11911
-22658
-29956
-32693
-30454
-23579
-13114
-653
11907
22654
29953
32692
30455
23581
13118
658
-11902
-22651
-29951
-32692
-30457
-23585
-13123
-663
11898
22647
29949
32692
30459
23589
13128
668
-11893
-22644
-29948
-32692
-30461
-23592
-13132
-673
11888
22640
29945
32691
30462
23595
13136
678
-11883
-22636
-29942
-32690
-30463
-23598
-13140
-682
11880
22633
29941
32691
30465
23601
13144
686
-11876
-22630
-29939
-32690
-30466
-23604
-13148
-691
11871
22626
29937
32690
30468
23607
13152
695
-11868
-22624
-29936
-32691
-30470
-23610
-13156
-699
11864
22621
29934
32690
30470
23612
13159
703
-11860
-22618
-29932
-32690
-30472
-23615
-13163
-707
11856
22614
29930
32689
30473
23618
13167
712
-11851
-22610
-29927
-32688
-30473
-23619
-13170
-716
11847
22607
29925
32687
30474
23622
13174
721
-11842
-22602
-29922
-32686
-30475
-23625
-13178
-725
11838
22598
29918
32684
30475
23627
13182
730
-11833
-22594
-29916
-32683
-30476
-23629
-13185
-734
11829
22591
29914
32683
30477
23632
13189
738
-11825
-22588
-29912
-32682
-30478
-23634
-13192
-742
11821
22584
29910
32682
30480
23638
13197
747
-11816
-22581
-29908
-32682
-30482
-23641
-13201
-752
11811
22576
29905
32681
30483
23644
13206
758
-11805
-22571
-29901
-32679
-30484
-23648
-13211
-763
11800
22567
29898
32678
30484
23649
13214
768
-11795
-22562
-29895
-32677
-30485
-23652
-13218
-772
11791
22560
29894
32677
30486
23654
13221
775
-11788
-22557
-29892
-32676
-30487
-23657
-13225
-780
11784
22554
29891
32677
30489
23660
13229
784
-11780
-22551
-29888
-32675
-30489
-23661
-13231
-787
11777
22548
29886
32675
30490
23663
13234
791
-11772
-22543
-29883
-32674
-30491
-23666
-13238
-795
11769
22541
29881
32672
30490
23667
13241
799
-11764
-22536
-29878
-32671
-30492
-23671
-13246
-804
11760
22534
29877
32672
30494
23673
13249
808
-11756
-22530
-29875
-32672
-30496
-23677
-13253
-812
11753
22529
29875
32673
30498
23680
13257
816
-11749
-22525
-29872
-32672
-30499
-23683
-13261
-820
11745
22522
29871
32672
30500
23685
13264
824
-11741
-22519
-29869
-32672
-30501
-23687
-13267
-828
11737
22516
29867
32671
30502
23690
13271
832
-11733
-22512
-29864
-32670
-30503
-23692
-13275
-837
11728
22508
29861
32668
30503
23694
13278
841
-11724
-22504
-29858
-32667
-30504
-23697
-13282
-845
11720
22501
29857
32668
30506
23701
13287
851
-11715
-22497
-29855
-32668
-30508
-23704
-13292
-856
11710
22493
29852
32667
30509
23707
13295
860
-11706
-22490
-29850
-32666
-30510
-23710
-13300
-865
11701
22486
29848
32666
30512
23713
13304
869
-11698
-22484
-29847
-32667
-30514
-23716
-13308
-874
11693
22480
29845
32666
30515
23719
13312
879
-11688
-22476
-29843
-32666
-30517
-23722
-13316
-883
11684
22472
29839
32664
30517
23724
13320
888
-11679
-22468
-29837
-32664
-30519
-23728
-13325
-893
11675
22465
29835
32663
30520
23731
13329
898
-11670
-22461
-29833
-32663
-30522
-23734
-13333
-902
11666
22458
29831
32663
30523
23737
13337
907
-11661
-22454
-29828
-32661
-30523
-23739
-13341
-912
11656
22450
29826
32661
30525
23742
13345
916
-11652
-22446
-29823
-32660
-30526
-23745
-13349
-921
11647
22442
29821
32660
30528
23748
13353
925
-11643
-22439
-29819
-32660
-30530
-23752
-13358
-930
11639
22436
29817
32659
30530
23753
13360
933
-11636
-22433
-29816
-32660
-30532
-23756
-13364
-937
11632
22431
29815
32660
30534
23759
13367
941
-11629
-22428
-29813
-32659
-30534
-23761
-13371
-945
11625
22425
29811
32659
30536
23764
13375
950
-11620
-22421
-29809
-32659
-30538
-23768
-13379
-954
11616
22418
29807
32658
30539
23771
13384
959
-11612
-22415
-29806
-32660
-30543
-23776
-13389
-964
11608
22413
29806
32661
30545
23779
13393
968
-11604
-22410
-29804
-32660
-30545
-23780
-13395
-971
11601
22407
29802
32660
30546
23782
13398
974
-11598
-22404
-29800
-32659
-30547
-23785
-13402
-979
11593
22401
29798
32659
30549
23788
13406
983
-11589
-22397
-29796
-32659
-30551
-23792
-13410
-987
11586
22396
29796
32660
30553
23795
13414
991
-11582
-22392
-29793
-32659
-30554
-23797
-13417
-995
11579
22390
29792
32659
30555
23799
13420
998
-11576
-22387
-29790
-32658
-30555
-23801
-13423
-1002
11571
22383
29787
32657
30556
23803
13427
1006
-11568
-22381
-29787
-32658
-30558
-23806
-13430
-1009
11565
22378
29785
32657
30559
23809
13434
1014
-11560
-22374
-29782
-32656
-30560
-23811
-13438
-1019
11555
22370
29779
32655
30561
23814
13442
1024
-11550
-22366
-29777
-32655
-30563
-23818
-13447
-1029
11546
22363
29776
32655
30564
23820
13450
1033
-11542
-22360
-29774
-32655
-30566
-23823
-13454
-1037
11538
22357
29772
32655
30568
23827
13459
1042
-11534
-22354
-29771
-32655
-30569
-23829
-13462
-1045
11531
22351
29768
32654
30569
23831
13465
1049
-11527
-22348
-29767
-32654
-30571
-23834
-13468
-1052
11524
22346
29766
32654
30572
23836
13471
1055
-11521
-22343
-29764
-32654
-30574
-23839
-13475
-1060
11516
22339
29761
32653
30575
23842
13480
1066
-11510
-22334
-29758
-32652
-30576
-23845
-13484
-1070
11507
22332
29757
32652
30577
23848
13488
1075
-11502
-22328
-29755
-32652
-30579
-23851
-13492
-1079
11498
22325
29754
32653
30582
23855
13497
1084
-11493
-22321
-29751
-32652
-30583
-23858
-13501
-1089
11489
22318
29749
32651
30584
23861
13505
1093
-11485
-22314
-29747
-32651
-30585
-23863
-13509
-1098
11480
22310
29744
32650
30586
23866
13512
1101
-11477
-22308
-29743
-32650
-30587
-23868
-13515
-1105
11473
22305
29741
32649
30588
23870
13519
1110
-11468
-22301
-29739
-32649
-30590
-23874
-13523
-1114
11465
22298
29737
32649
30591
23876
13526
1117
-11462
-22296
-29736
-32649
-30592
-23878
-13529
-1120
11459
22294
29735
32649
30593
23880
13532
1124
-11455
-22290
-29732
-32648
-30595
-23884
-13537
-1129
11450
22286
29730
32648
30596
23887
13541
1134
-11446
-22283
-29728
-32647
-30597
-23889
-13544
-1137
11442
22280
29726
32646
30598
23892
13548
1142
-11438
-22277
-29724
-32646
-30600
-23895
-13553
-1147
11433
22273
29722
32646
30602
23899
13557
1152
-11429
-22270
-29720
-32646
-30603
-23901
-13561
-1156
11425
22267
29719
32646
30605
23904
13565
1161
-11420
-22263
-29717
-32646
-30607
-23908
-13569
-1165
11416
22259
29714
32645
30608
23911
13574
1171
-11410
-22254
-29710
-32643
-30608
-23913
-13578
-1176
11405
22249
29706
32641
30608
23915
13581
1180
-11401
-22246
-29704
-32640
-30608
-23916
-13584
-1184
11397
22243
29703
32641
30611
23921
13589
1189
-11392
-22239
-29700
-32640
-30612
-23924
-13594
-1194
11387
22235
29698
32640
30614
23927
13598
1199
-11382
-22231
-29695
-32638
-30614
-23929
-13601
-1203
11378
22227
29692
32637
30614
23931
13605
1207
-11374
-22224
-29690
-32637
-30616
-23934
-13609
-1212
11369
22220
29688
32637
30618
23938
13613
1216
-11366
-22218
-29687
-32637
-30619
-23940
-13616
-1219
11363
22215
29686
32638
30622
23944
13621
1225
-11358
-22212
-29685
-32639
-30625
-23948
-13625
-1228
11356
22211
29685
32640
30627
23951
13629
1232
-11352
-22208
-29683
-32639
-30627
-23953
-13632
-1236
11348
22205
29681
32639
30628
23955
13635
1239
-11345
-22202
-29679
-32638
-30629
-23958
-13639
-1244
11340
22198
29677
32638
30631
23961
13643
1248
-11336
-22195
-29675
-32637
-30632
-23963
-13646
-1252
11332
22191
29672
32636
30632
23965
13650
1257
-11327
-22187
-29669
-32635
-30633
-23968
-13654
-1262
11322
22183
29667
32634
30634
23971
13658
1266
-11319
-22181
-29666
-32635
-30637
-23974
-13662
-1270
11315
22178
29665
32636
30639
23978
13667
1275
-11311
-22175
-29663
-32635
-30640
-23980
-13670
-1279
11307
22172
29661
32635
30642
23984
13674
1283
-11303
-22169
-29660
-32636
-30644
-23987
-13678
-1287
11299
22166
29658
32635
30645
23989
13681
1290
-11297
-22164
-29657
-32635
-30646
-23992
-13685
-1295
11292
22160
29655
32636
30649
23996
13690
1300
-11288
-22157
-29653
-32635
-30649
-23998
-13693
-1304
11283
22153
29650
32634
30650
24000
13697
1308
-11280
-22150
-29648
-32633
-30651
-24003
-13701
-1313
11275
22146
29646
32632
30652
24005
13704
1317
-11271
-22143
-29644
-32632
-30653
-24008
-13708
-1321
11267
22139
29641
32630
30653
24009
13711
1326
-11261
-22134
-29638
-32629
-30654
-24012
-13715
-1330
11257
22131
29635
32628
30655
24015
13719
1334
-11254
-22128
-29634
-32629
-30657
-24018
-13723
-1339
11249
22124
29631
32628
30658
24021
13727
1343
-11245
-22121
-29630
-32628
-30660
-24024
-13731
-1347
11241
22118
29628
32627
30660
24025
13733
1350
-11238
-22115
-29626
-32627
-30662
-24029
-13738
-1356
11233
22112
29625
32628
30665
24034
13744
1362
-11228
-22108
-29622
-32627
-30666
-24036
-13747
-1365
11224
22105
29620
32626
30666
24037
13749
1368
-11221
-22102
-29618
-32625
-30666
-24039
-13752
-1372
11217
22098
29615
32624
30667
24041
13755
1376
-11212
-22094
-29612
-32622
-30667
-24043
-13759
-1381
11207
22090
29610
32622
30668
24046
13763
1385
-11204
-22088
-29609
-32623
-30671
-24050
-13768
-1390
11200
22084
29607
32622
30672
24053
13772
1394
-11196
-22081
-29605
-32622
-30674
-24056
-13776
-1398
11192
22079
29605
32624
30677
24060
13780
1403
-11188
-22076
-29603
-32623
-30678
-24063
-13785
-1408
11183
22072
29600
32622
30679
24065
13788
1412
-11178
-22067
-29596
-32620
-30679
-24067
-13792
-1417
11173
22063
29594
32619
30679
24069
13795
1421
-11169
-22059
-29591
-32618
-30680
-24072
-13799
-1426
11164
22055
29588
32617
30681
24075
13804
1431
-11160
-22052
-29587
-32617
-30683
-24078
-13807
-1434
11157
22049
29585
32617
30684
24080
13810
1438
-11153
-22046
-29583
-32617
-30686
-24084
-13815
-1443
11149
22043
29582
32617
30688
24087
13819
1448
-11144
-22039
-29579
-32616
-30689
-24090
-13823
-1452
11140
22036
29577
32616
30690
24092
13826
1456
-11136
-22033
-29576
-32616
-30691
-24094
-13829
-1459
11133
22031
29575
32616
30693
24097
13833
1463
-11129
-22027
-29572
-32615
-30694
-24100
-13837
-1468
11124
22023
29569
32614
30694
24102
13840
1471
-11121
-22020
-29567
-32613
-30695
-24104
-13844
-1476
11116
22016
29564
32611
30695
24106
13847
1480
-11112
-22012
-29562
-32611
-30696
-24108
-13850
-1484
11108
22009
29560
32611
30698
24112
13855
1489
-11104
-22007
-29560
-32613
-30702
-24117
-13860
-1493
11101
22005
29559
32613
30703
24119
13864
1498
-11096
-22001
-29556
-32612
-30704
-24122
-13867
-1501
11093
21998
29554
32611
30704
24123
13869
1504
-11089
-21995
-29552
-32610
-30705
-24125
-13873
-1509
11085
21991
29550
32610
30707
24129
13878
1514
-11080
-21987
-29547
-32609
-30708
-24132
-13882
-1519
11075
21983
29544
32608
30708
24134
13886
1524
-11070
-21979
-29542
-32608
-30711
-24138
-13891
-1529
11066
21976
29541
32609
30713
24142
13895
1533
-11062
-21973
-29539
-32608
-30714
-24144
-13898
-1537
11058
21970
29537
32608
30715
24146
13901
1540
-11055
-21967
-29535
-32606
-30714
-24146
-13902
-1542
11053
21965
29533
32605
30715
24149
13906
1547
-11048
-21961
-29531
-32605
-30717
-24152
-13911
-1552
11043
21957
29528
32604
30718
24155
13915
1557
-11038
-21953
-29526
-32604
-30719
-24158
-13919
-1561
11034
21950
29524
32604
30721
24161
13923
1566
-11030
-21947
-29523
-32604
-30723
-24165
-13928
-1571
11026
21944
29521
32604
30725
24168
13932
1575
-11022
-21941
-29519
-32604
-30726
-24171
-13936
-1579
11018
21938
29518
32604
30728
24174
13940
1583
-11014
-21935
-29517
-32605
-30730
-24177
-13943
-1587
11011
21933
29516
32605
30732
24180
13947
1591
-11007
-21929
-29513
-32604
-30732
-24182
-13950
-1595
11003
21926
29511
32604
30734
24185
13954
1599
-10999
-21922
-29508
-32602
-30734
-24187
-13958
-1604
10994
21918
29505
32601
30734
24189
13961
1608
-10990
-21915
-29504
-32601
-30736
-24192
-13965
-1612
10986
21912
29502
32601
30738
24195
13969
1616
-10983
-21910
-29501
-32601
-30739
-24198
-13973
-1621
10978
21906
29499
32601
30741
24201
13977
1625
-10974
-21903
-29497
-32601
-30743
-24204
-13981
-1629
10971
21901
29497
32602
30745
24207
13984
1632
-10968
-21898
-29495
-32602
-30746
-24210
-13988
-1637
10963
21894
29492
32601
30747
24213
13993
1643
-10957
-21889
-29489
-32600
-30749
-24217
-13998
-1648
10952
21885
29486
32599
30750
24220
14002
1653
-10948
-21882
-29485
-32599
-30752
-24223
-14007
-1658
10943
21878
29483
32599
30754
24227
14012
1664
-10938
-21875
-29482
-32600
-30756
-24230
-14015
-1667
10935
21872
29479
32598
30756
24231
14018
1671
-10931
-21869
-29477
-32598
-30757
-24234
-14022
-1675
10927
21865
29475
32598
30759
24237
14026
1680
-10922
-21861
-29473
-32598
-30761
-24241
-14031
-1685
10917
21858
29471
32597
30762
24244
14035
1690
-10912
-21853
-29468
-32597
-30764
-24248
-14041
-1696
10907
21850
29466
32596
30765
24251
14045
1700
-10903
-21846
-29464
-32596
-30767
-24254
-14049
-1705
10898
21842
29461
32595
30767
24256
14052
1709
-10894
-21839
-29459
-32594
-30768
-24258
-14055
-1712
10892
21838
29459
32596
30771
24262
14059
1716
-10888
-21834
-29457
-32595
-30772
-24264
-14062
-1720
10884
21831
29455
32595
30773
24266
14065
1723
-10881
-21829
-29453
-32594
-30773
-24268
-14068
-1727
10877
21825
29451
32593
30774
24270
14071
1730
-10874
-21823
-29450
-32594
-30777
-24274
-14076
-1735
10870
21820
29448
32593
30777
24276
14079
1739
-10866
-21817
-29447
-32594
-30780
-24280
-14084
-1744
10862
21814
29445
32594
30782
24284
14089
1749
-10857
-21811
-29444
-32595
-30784
-24287
-14092
-1752
10854
21808
29442
32594
30785
24289
14096
1757
-10850
-21805
-29441
-32595
-30787
-24292
-14099
-1760
10847
21802
29439
32594
30788
24295
14104
1765
-10842
-21799
-29437
-32594
-30790
-24299
-14108
-1770
10837
21795
29435
32593
30790
24300
14111
1774
-10833
-21791
-29432
-32592
-30792
-24304
-14116
-1779
10828
21787
29430
32592
30794
24308
14121
1785
-10823
-21784
-29428
-32592
-30796
-24311
-14125
-1789
10819
21780
29426
32592
30797
24314
14130
1794
-10815
-21777
-29424
-32592
-30799
-24317
-14133
-1798
10811
21774
29422
32591
30800
24320
14137
1802
-10807
-21771
-29421
-32592
-30802
-24323
-14141
-1807
10802
21767
29418
32591
30803
24326
14146
1812
-10797
-21763
-29416
-32591
-30805
-24330
-14151
-1817
10793
21760
29414
32590
30806
24332
14154
1822
-10787
-21755
-29411
-32589
-30807
-24335
-14158
-1826
10784
21752
29409
32589
30809
24338
14162
1830
-10780
-21749
-29407
-32588
-30809
-24339
-14164
-1833
10777
21746
29405
32587
30809
24341
14167
1837
-10772
-21742
-29402
-32585
-30809
-24342
-14170
-1841
10768
21738
29399
32584
30810
24346
14175
1846
-10763
-21734
-29396
-32583
-30811
-24348
-14179
-1851
10758
21730
29394
32583
30812
24351
14183
1856
-10754
-21727
-29392
-32582
-30813
-24354
-14187
-1860
10749
21722
29388
32580
30813
24356
14191
1865
-10744
-21718
-29385
-32579
-30814
-24358
-14194
-1869
10740
21715
29384
32580
30816
24361
14198
1873
-10736
-21711
-29381
-32578
-30816
-24363
-14201
-1877
10732
21708
29379
32577
30817
24365
14204
1881
-10728
-21705
-29377
-32577
-30819
-24369
-14209
-1886
10724
21702
29376
32578
30821
24372
14213
1890
-10720
-21698
-29373
-32577
-30822
-24375
-14217
-1895
10716
21695
29371
32576
30823
24377
14220
1899
-10711
-21691
-29369
-32575
-30823
-24379
-14223
-1902
10708
21688
29366
32574
30824
24381
14226
1906
-10704
-21685
-29364
-32573
-30824
-24383
-14230
-1910
10700
21682
29363
32574
30827
24387
14235
1915
-10696
-21679
-29362
-32575
-30829
-24390
-14238
-1919
10692
21676
29360
32574
30830
24393
14242
1923
-10688
-21672
-29357
-32573
-30831
-24395
-14246
-1928
10683
21668
29355
32573
30833
24399
14250
1932
-10680
-21666
-29354
-32573
-30834
-24401
-14254
-1937
10675
21662
29351
32571
30834
24403
14257
1941
-10670
-21657
-29347
-32569
-30834
-24405
-14261
-1946
10665
21652
29343
32567
30834
24407
14264
1950
-10661
-21649
-29341
-32566
-30834
-24409
-14268
-1955
10656
21645
29339
32566
30836
24412
14272
1959
-10652
-21641
-29336
-32565
-30837
-24415
-14276
-1963
10648
21638
29334
32565
30839
24418
14280
1968
-10643
-21634
-29331
-32563
-30839
-24420
-14284
-1973
10638
21630
29329
32563
30841
24424
14289
1978
-10633
-21626
-29327
-32563
-30843
-24427
-14292
-1982
10630
21624
29326
32563
30844
24429
14296
1986
-10626
-21620
-29323
-32562
-30844
-24431
-14299
-1990
10622
21617
29321
32561
30845
24434
14303
1995
-10617
-21613
-29318
-32560
-30846
-24436
-14306
-1999
10613
21609
29315
32559
30847
24439
14311
2004
-10607
-21604
-29312
-32557
-30847
-24441
-14314
-2008
10603
21600
29309
32556
30848
24444
14319
2014
-10597
-21595
-29306
-32555
-30849
-24447
-14323
-2019
10592
21591
29303
32554
30850
24449
14326
2022
-10589
-21588
-29301
-32553
-30850
-24451
-14329
-2026
10585
21585
29298
32551
30850
24452
14332
2030
-10581
-21581
-29296
-32551
-30852
-24456
-14337
-2035
10576
21578
29295
32552
30854
24459
14340
2038
-10574
-21576
-29294
-32552
-30855
-24461
-14343
-2041
10571
21574
29293
32553
30858
24465
14348
2046
-10567
-21571
-29291
-32552
-30859
-24468
-14352
-2051
10562
21567
29289
32552
30860
24470
14355
2054
-10559
-21565
-29288
-32553
-30863
-24474
-14359
-2059
10555
21562
29286
32552
30863
24476
14363
2063
-10551
-21559
-29285
-32553
-30866
-24480
-14367
-2067
10547
21556
29283
32552
30866
24482
14370
2071
-10543
-21552
-29280
-32551
-30867
-24484
-14374
-2076
10538
21548
29278
32551
30869
24488
14379
2081
-10534
-21545
-29276
-32550
-30870
-24490
-14382
-2085
10530
21542
29274
32550
30871
24492
14385
2088
-10527
-21539
-29272
-32549
-30871
-24494
-14388
-2091
10524
21536
29270
32548
30872
24496
14391
2095
-10520
-21533
-29268
-32548
-30874
-24500
-14396
-2100
10515
21530
29267
32549
30876
24503
14400
2105
-10511
-21527
-29265
-32548
-30877
-24506
-14404
-2109
10506
21522
29262
32547
30878
24508
14407
2113
-10503
-21520
-29261
-32547
-30879
-24510
-14410
-2116
10500
21518
29260
32548
30882
24514
14415
2121
-10495
-21514
-29258
-32548
-30884
-24518
-14420
-2127
10490
21510
29255
32547
30885
24521
14424
2131
-10486
-21507
-29254
-32547
-30886
-24523
-14427
-2134
10483
21504
29252
32547
30888
24527
14431
2139
-10479
-21502
-29251
-32547
-30889
-24529
-14435
-2143
10475
21498
29249
32547
30891
24532
14438
2147
-10471
-21495
-29247
-32546
-30892
-24535
-14443
-2152
10466
21491
29245
32547
30895
24539
14448
2157
-10462
-21488
-29243
-32546
-30895
-24541
-14451
-2161
10458
21485
29241
32545
30896
24543
14454
2165
-10454
-21482
-29240
-32546
-30899
-24548
-14460
-2170
10450
21479
29238
32546
30901
24551
14464
2175
-10445
-21475
-29236
-32546
-30902
-24554
-14468
-2179
10441
21472
29234
32546
30904
24557
14472
2184
-10436
-21468
-29232
-32546
-30906
-24561
-14477
-2189
10432
21465
29230
32545
30907
24563
14480
2193
-10428
-21462
-29228
-32544
-30907
-24565
-14483
-2196
10425
21459
29226
32544
30908
24567
14486
2200
-10421
-21455
-29223
-32542
-30908
-24569
-14489
-2204
10416
21451
29220
32541
30909
24571
14493
2209
-10411
-21446
-29217
-32540
-30910
-24575
-14499
-2215
10406
21443
29215
32540
30912
24578
14502
2219
-10402
-21439
-29213
-32539
-30912
-24579
-14505
-2223
10398
21436
29211
32539
30914
24583
14509
2227
-10394
-21433
-29209
-32539
-30916
-24587
-14515
-2233
10389
21430
29208
32540
30919
24591
14519
2237
-10386
-21428
-29208
-32541
-30921
-24594
-14523
-2241
10382
21424
29205
32540
30922
24596
14526
2245
-10377
-21420
-29202
-32538
-30922
-24598
-14530
-2250
10372
21415
29198
32536
30922
24600
14533
2254
-10368
-21412
-29196
-32535
-30922
-24602
-14537
-2258
10364
21409
29195
32536
30925
24606
14541
2262
-10361
-21407
-29194
-32536
-30926
-24608
-14544
-2266
10357
21403
29191
32535
30927
24611
14548
2271
-10352
-21399
-29189
-32535
-30929
-24614
-14552
-2275
10348
21396
29186
32533
30929
24616
14556
2280
-10343
-21391
-29183
-32532
-30930
-24619
-14560
-2285
10338
21387
29181
32533
30933
24624
14566
2291
-10332
-21383
-29178
-32532
-30934
-24627
-14571
-2296
10328
21380
29177
32532
30935
24629
14574
2300
-10324
-21376
-29174
-32531
-30936
-24632
-14577
-2303
10321
21374
29173
32531
30937
24633
14579
2306
-10318
-21371
-29171
-32530
-30938
-24636
-14583
-2310
10314
21368
29169
32530
30939
24638
14587
2315
-10309
-21364
-29167
-32530
-30941
-24642
-14592
-2320
10305
21361
29165
32529
30942
24645
14596
2324
-10301
-21358
-29164
-32530
-30944
-24648
-14599
-2328
10297
21355
29162
32530
30946
24651
14603
2333
-10292
-21351
-29160
-32530
-30948
-24655
-14609
-2339
10287
21347
29158
32530
30951
24660
14615
2345
-10282
-21344
-29157
-32531
-30953
-24663
-14618
-2348
10279
21342
29156
32531
30954
24665
14621
2352
-10275
-21338
-29152
-32529
-30954
-24667
-14625
-2357
10270
21334
29150
32528
30955
24670
14629
2361
-10266
-21331
-29148
-32528
-30957
-24673
-14633
-2365
10262
21327
29145
32527
30958
24676
14637
2370
-10258
-21324
-29144
-32527
-30959
-24678
-14641
-2375
10252
21319
29140
32525
30960
24681
14645
2379
-10249
-21316
-29138
-32524
-30960
-24682
-14647
-2382
10245
21313
29136
32524
30961
24685
14651
2387
-10240
-21309
-29134
-32523
-30962
-24688
-14656
-2393
10234
21303
29129
32521
30963
24691
14660
2397
-10231
-21302
-29130
-32523
-30966
-24695
-14664
-2401
10227
21298
29127
32522
30967
24698
14669
2407
-10222
-21295
-29126
-32523
-30970
-24702
-14674
-2412
10217
21291
29124
32523
30972
24706
14679
2418
-10211
-21286
-29120
-32521
-30972
-24708
-14683
-2422
10207
21283
29119
32522
30975
24712
14687
2426
-10204
-21280
-29117
-32521
-30975
-24714
-14690
-2430
10200
21277
29115
32521
30977
24717
14694
2434
-10196
-21274
-29113
-32520
-30978
-24720
-14698
-2439
10191
21270
29111
32520
30979
24722
14701
2442
-10188
-21267
-29108
-32518
-30979
-24724
-14705
-2447
10183
21263
29106
32518
30980
24726
14708
2451
-10179
-21259
-29103
-32517
-30981
-24729
-14712
-2456
10174
21255
29101
32517
30983
24732
14716
2460
-10170
-21252
-29098
-32515
-30983
-24734
-14720
-2465
10165
21248
29096
32515
30985
24738
14725
2470
-10161
-21245
-29095
-32515
-30986
-24740
-14728
-2474
10157
21242
29093
32515
30988
24743
14731
2477
-10154
-21239
-29091
-32514
-30988
-24745
-14735
-2481
10150
21236
29090
32515
30991
24749
14739
2486
-10146
-21233
-29088
-32515
-30993
-24753
-14745
-2492
10140
21229
29086
32515
30995
24757
14750
2498
-10134
-21224
-29083
-32514
-30996
-24759
-14753
-2501
10131
21221
29080
32512
30996
24761
14756
2505
-10127
-21217
-29078
-32512
-30997
-24764
-14761
-2511
10121
21213
29075
32511
30999
24767
14765
2515
-10117
-21209
-29073
-32511
-31000
-24770
-14769
-2520
10112
21205
29070
32510
31002
24774
14774
2525
-10108
-21202
-29069
-32510
-31003
-24777
-14779
-2531
10102
21198
29066
32509
31004
24779
14782
2535
-10098
-21194
-29064
-32509
-31006
-24782
-14786
-2539
10095
21192
29063
32510
31009
24787
14791
2544
-10090
-21189
-29062
-32511
-31011
-24790
-14796
-2549
10086
21185
29059
32509
31011
24792
14799
2553
-10081
-21181
-29056
-32508
-31012
-24795
-14803
-2558
10077
21178
29055
32509
31015
24799
14808
2563
-10073
-21175
-29053
-32508
-31015
-24801
-14811
-2566
10069
21172
29052
32509
31018
24805
14816
2571
-10065
-21169
-29050
-32509
-31020
-24808
-14820
-2576
10060
21165
29048
32508
31020
24810
14823
2580
-10056
-21161
-29045
-32507
-31022
-24814
-14828
-2585
10051
21157
29043
32507
31023
24816
14832
2590
-10046
-21153
-29040
-32506
-31025
-24820
-14837
-2595
10042
21150
29038
32505
31025
24822
14840
2599
-10038
-21147
-29036
-32505
-31027
-24825
-14844
-2603
10034
21143
29034
32505
31028
24828
14848
2608
-10029
-21139
-29031
-32504
-31029
-24830
-14851
-2611
10026
21136
29029
32503
31029
24831
14853
2614
-10022
-21133
-29027
-32502
-31030
-24834
-14858
-2620
10017
21129
29025
32502
31032
24838
14862
2624
-10013
-21126
-29023
-32501
-31032
-24839
-14865
-2628
10009
21122
29020
32500
31033
24842
14869
2633
-10004
-21118
-29017
-32499
-31034
-24845
-14874
-2638
9999
21114
29015
32498
31035
24847
14877
2642
-9995
-21110
-29012
-32497
-31036
-24850
-14881
-2647
9990
21107
29010
32497
31038
24854
14886
2652
-9986
-21103
-29008
-32497
-31039
-24856
-14889
-2656
9982
21100
29006
32496
31040
24859
14893
2660
-9978
-21097
-29004
-32496
-31041
-24861
-14896
-2663
9975
21094
29002
32495
31042
24863
14899
2666
-9972
-21093
-29002
-32496
-31044
-24866
-14902
-2670
9968
21089
28999
32495
31045
24868
14906
2674
-9965
-21087
-28999
-32496
-31047
-24871
-14909
-2677
9962
21084
28997
32495
31047
24872
14911
2680
-9959
-21082
-28996
-32495
-31048
-24875
-14915
-2684
9955
21079
28994
32495
31050
24878
14919
2688
-9951
-21076
-28992
-32495
-31051
-24880
-14922
-2692
9947
21072
28990
32494
31052
24883
14926
2697
-9942
-21068
-28986
-32492
-31052
-24885
-14930
-2702
9937
21063
28983
32491
31053
24888
14934
2707
-9932
-21060
-28981
-32491
-31055
-24891
-14938
-2711
9928
21056
28979
32490
31056
24894
14942
2715
-9925
-21054
-28978
-32491
-31058
-24897
-14946
-2720
9920
21050
28976
32491
31060
24901
14951
2725
-9916
-21047
-28974
-32490
-31060
-24902
-14953
-2727
9914
21045
28973
32490
31062
24905
14957
2732
-9909
-21042
-28971
-32490
-31063
-24907
-14959
-2734
9907
21040
28970
32489
31063
24908
14962
2738
-9903
-21036
-28967
-32488
-31064
-24911
-14966
-2742
9899
21033
28965
32487
31065
24913
14969
2746
-9895
-21030
-28963
-32487
-31066
-24916
-14973
-2751
9890
21026
28961
32487
31068
24919
14977
2755
-9886
-21022
-28958
-32486
-31069
-24922
-14981
-2759
9882
21019
28956
32485
31069
24924
14985
2765
-9876
-21014
-28953
-32484
-31071
-24928
-14990
-2770
9871
21010
28951
32484
31073
24931
14994
2774
-9868
-21008
-28950
-32485
-31075
-24934
-14998
-2779
9863
21004
28947
32484
31076
24937
15002
2783
-9859
-21001
-28945
-32483
-31077
-24940
-15006
-2788
9855
20997
28943
32483
31078
24942
15009
2791
-9852
-20995
-28942
-32483
-31080
-24945
-15013
-2795
9848
20992
28940
32483
31082
24949
15018
2801
-9842
-20987
-28937
-32482
-31083
-24952
-15023
-2807
9836
20982
28934
32481
31085
24956
15028
2813
-9830
-20977
-28931
-32480
-31086
-24959
-15032
-2817
9827
20975
28930
32480
31086
24960
15034
2819
-9824
-20972
-28927
-32479
-31087
-24963
-15038
-2824
9819
20968
28925
32478
31087
24964
15041
2828
-9815
-20964
-28922
-32477
-31089
-24968
-15046
-2834
9809
20959
28919
32476
31090
24971
15051
2840
-9804
-20955
-28916
-32475
-31091
-24974
-15055
-2844
9800
20952
28914
32475
31093
24977
15059
2849
-9795
-20948
-28912
-32475
-31095
-24981
-15064
-2854
9791
20945
28910
32474
31096
24983
15067
2858
-9786
-20940
-28907
-32473
-31096
-24985
-15071
-2862
9782
20937
28905
32472
31097
24988
15075
2867
-9778
-20934
-28903
-32472
-31098
-24990
-15078
-2870
9774
20930
28900
32470
31098
24992
15081
2875
-9769
-20926
-28897
-32469
-31099
-24995
-15086
-2880
9764
20922
28895
32469
31101
24998
15090
2885
-9759
-20918
-28892
-32468
-31102
-25001
-15094
-2890
9754
20914
28890
32468
31104
25004
15098
2893
-9752
-20912
-28889
-32468
-31105
-25007
-15102
-2898
9747
20908
28887
32468
31107
25010
15106
2902
-9743
-20905
-28885
-32468
-31109
-25014
-15110
-2906
9740
20903
28884
32467
31108
25014
15112
2909
-9737
-20900
-28882
-32467
-31110
-25017
-15115
-2913
9733
20897
28880
32466
31111
25020
15120
2918
-9728
-20893
-28877
-32465
-31112
-25022
-15123
-2922
9724
20890
28876
32466
31114
25026
15128
2927
-9720
-20887
-28874
-32466
-31116
-25029
-15132
-2931
9716
20883
28871
32464
31116
25031
15136
2937
-9709
-20877
-28867
-32462
-31116
-25034
-15141
-2943
9703
20872
28864
32462
31119
25038
15145
2947
-9700
-20870
-28863
-32462
-31120
-25040
-15148
-2950
9697
20868
28862
32462
31121
25042
15151
2954
-9693
-20864
-28859
-32460
-31121
-25044
-15155
-2958
9689
20861
28857
32460
31123
25048
15159
2963
-9684
-20857
-28855
-32460
-31124
-25050
-15162
-2967
9680
20854
28853
32460
31126
25054
15168
2973
-9675
-20850
-28851
-32460
-31128
-25057
-15172
-2977
9671
20847
28849
32459
31129
25059
15175
2980
-9668
-20844
-28847
-32459
-31131
-25063
-15180
-2986
9663
20841
28846
32460
31133
25067
15185
2991
-9658
-20837
-28844
-32460
-31135
-25070
-15189
-2995
9654
20834
28842
32459
31136
25073
15193
3000
-9650
-20831
-28841
-32460
-31138
-25076
-15196
-3003
9647
20828
28839
32459
31139
25079
15201
3009
-9641
-20824
-28837
-32460
-31142
-25083
-15206
-3014
9637
20821
28835
32460
31144
25087
15211
3019
-9632
-20817
-28833
-32459
-31145
-25089
-15214
-3023
9628
20814
28831
32459
31147
25093
15219
3028
-9624
-20811
-28830
-32460
-31149
-25096
-15223
-3032
9620
20808
28829
32461
31152
25101
15228
3037
-9616
-20805
-28827
-32461
-31154
-25104
-15232
-3042
9611
20801
28824
32459
31154
25106
15236
3047
-9605
-20795
-28820
-32457
-31154
-25108
-15240
-3052
9600
20791
28817
32456
31155
25111
15245
3058
-9595
-20787
-28815
-32456
-31157
-25115
-15250
-3063
9590
20783
28812
32455
31159
25119
15255
3069
-9585
-20780
-28811
-32456
-31161
-25122
-15259
-3073
9581
20776
28809
32456
31163
25126
15264
3078
-9576
-20773
-28807
-32456
-31165
-25129
-15268
-3082
9573
20770
28805
32455
31165
25131
15271
3086
-9569
-20767
-28804
-32456
-31168
-25135
-15276
-3091
9564
20764
28803
32457
31171
25139
15280
3095
-9561
-20762
-28802
-32457
-31171
-25140
-15282
-3097
9559
20760
28800
32456
31172
25143
15286
3102
-9554
-20756
-28798
-32456
-31174
-25147
-15291
-3108
9548
20751
28795
32455
31175
25149
15295
3113
-9543
-20746
-28791
-32453
-31176
-25152
-15300
-3119
9537
20741
28788
32453
31178
25156
15305
3124
-9532
-20737
-28785
-32451
-31178
-25158
-15308
-3128
9528
20734
28783
32450
31178
25160
15311
3131
-9525
-20731
-28782
-32451
-31181
-25164
-15316
-3136
9521
20729
28781
32452
31183
25167
15320
3141
-9516
-20725
-28779
-32451
-31184
-25170
-15324
-3145
9512
20721
28776
32450
31185
25173
15328
3150
-9507
-20717
-28773
-32449
-31186
-25175
-15332
-3155
9502
20713
28771
32449
31188
25179
15337
3160
-9498
-20711
-28771
-32451
-31192
-25184
-15342
-3164
9495
20709
28770
32451
31193
25187
15346
3169
-9490
-20705
-28768
-32451
-31195
-25190
-15350
-3174
9485
20701
28765
32450
31196
25193
15355
3179
-9481
-20697
-28763
-32450
-31198
-25197
-15360
-3184
9476
20694
28761
32450
31200
25200
15364
3189
-9472
-20691
-28760
-32451
-31202
-25203
-15368
-3193
9468
20687
28757
32449
31202
25205
15371
3197
-9464
-20684
-28755
-32449
-31204
-25208
-15375
-3201
9460
20681
28754
32449
31205
25211
15379
3206
-9455
-20677
-28751
-32448
-31206
-25213
-15382
-3210
9451
20673
28748
32447
31207
25216
15387
3215
-9446
-20669
-28746
-32446
-31208
-25219
-15391
-3220
9441
20665
28743
32445
31209
25222
15395
3225
-9436
-20661
-28741
-32445
-31211
-25225
-15399
-3229
9432
20657
28738
32443
31210
25226
15402
3233
-9428
-20653
-28734
-32441
-31210
-25228
-15406
-3238
9423
20649
28732
32441
31212
25232
15410
3243
-9418
-20645
-28730
-32441
-31214
-25235
-15415
-3248
9413
20642
28728
32441
31216
25239
15420
3253
-9409
-20638
-28726
-32440
-31217
-25241
-15423
-3257
9404
20634
28722
32438
31217
25243
15426
3261
-9400
-20630
-28720
-32437
-31217
-25245
-15429
-3264
9397
20628
28719
32438
31220
25249
15434
3269
-9393
-20625
-28717
-32438
-31221
-25252
-15439
-3275
9387
20620
28714
32437
31223
25256
15444
3281
-9382
-20617
-28713
-32438
-31226
-25260
-15449
-3286
9377
20613
28711
32438
31228
25264
15454
3292
-9371
-20608
-28708
-32437
-31229
-25267
-15458
-3296
9368
20606
28707
32437
31230
25268
15460
3298
-9366
-20604
-28705
-32436
-31230
-25270
-15463
-3302
9361
20599
28701
32434
31230
25272
15467
3307
-9356
-20595
-28699
-32434
-31232
-25275
-15471
-3311
9352
20592
28697
32433
31232
25277
15474
3315
-9348
-20588
-28694
-32432
-31233
-25280
-15478
-3320
9343
20584
28692
32431
31234
25282
15481
3324
-9339
-20580
-28689
-32430
-31235
-25285
-15486
-3330
9333
20576
28686
32429
31236
25288
15491
3335
-9328
-20571
-28683
-32428
-31238
-25292
-15496
-3341
9323
20568
28681
32428
31240
25296
15501
3346
-9318
-20564
-28680
-32430
-31244
-25301
-15506
-3351
9314
20561
28678
32430
31245
25304
15510
3356
-9309
-20557
-28675
-32428
-31245
-25306
-15514
-3361
9304
20552
28672
32427
31246
25308
15518
3365
-9299
-20548
-28669
-32425
-31246
-25310
-15521
-3369
9295
20545
28667
32425
31248
25313
15525
3374
-9291
-20541
-28665
-32425
-31249
-25316
-15530
-3379
9286
20537
28662
32423
31249
25318
15533
3384
-9280
-20532
-28658
-32422
-31251
-25322
-15538
-3389
9276
20529
28656
32421
31251
25323
15540
3392
-9272
-20525
-28654
-32420
-31252
-25326
-15545
-3397
9268
20522
28652
32420
31253
25329
15549
3402
-9263
-20518
-28649
-32419
-31254
-25331
-15552
-3406
9258
20513
28645
32417
31255
25334
15557
3411
-9253
-20509
-28643
-32416
-31255
-25336
-15560
-3415
9250
20507
28642
32417
31257
25339
15564
3420
-9245
-20502
-28638
-32414
-31257
-25342
-15568
-3424
9241
20499
28637
32415
31259
25345
15572
3429
-9236
-20495
-28634
-32414
-31260
-25347
-15576
-3434
9231
20491
28631
32413
31261
25350
15580
3438
-9228
-20489
-28631
-32414
-31263
-25353
-15583
-3441
9225
20486
28629
32413
31264
25355
15586
3444
-9222
-20484
-28627
-32412
-31264
-25357
-15590
-3450
9216
20479
28624
32412
31267
25362
15596
3456
-9210
-20474
-28622
-32413
-31270
-25366
-15601
-3461
9206
20472
28621
32413
31271
25369
15605
3465
-9202
-20468
-28618
-32412
-31272
-25372
-15609
-3470
9197
20464
28616
32411
31273
25374
15612
3474
-9193
-20461
-28614
-32411
-31275
-25378
-15617
-3479
9189
20458
28612
32411
31276
25380
15620
3483
-9185
-20455
-28611
-32411
-31278
-25383
-15623
-3485
9183
20453
28609
32410
31278
25384
15626
3489
-9179
-20450
-28607
-32410
-31280
-25388
-15631
-3495
9173
20445
28604
32409
31281
25390
15634
3498
-9170
-20442
-28602
-32407
-31280
-25391
-15637
-3502
9166
20439
28600
32407
31282
25395
15642
3507
-9161
-20435
-28598
-32407
-31284
-25398
-15646
-3512
9156
20431
28595
32406
31285
25401
15650
3517
-9152
-20428
-28594
-32407
-31288
-25405
-15655
-3522
9148
20425
28593
32408
31290
25408
15659
3526
-9144
-20422
-28591
-32407
-31291
-25411
-15663
-3530
9140
20419
28589
32407
31292
25414
15667
3534
-9136
-20416
-28588
-32408
-31295
-25418
-15671
-3539
9132
20412
28585
32406
31295
25420
15675
3544
-9127
-20408
-28583
-32406
-31297
-25423
-15679
-3548
9123
20405
28581
32406
31298
25426
15683
3553
-9118
-20401
-28578
-32405
-31300
-25430
-15688
-3558
9113
20397
28576
32405
31302
25434
15694
3565
-9107
-20393
-28574
-32405
-31304
-25437
-15697
-3568
9104
20390
28572
32405
31306
25440
15702
3573
-9100
-20388
-28572
-32406
-31307
-25442
-15704
-3575
9098
20386
28570
32405
31308
25445
15708
3580
-9093
-20382
-28568
-32405
-31310
-25449
-15714
-3586
9087
20377
28565
32405
31313
25454
15720
3593
-9081
-20372
-28562
-32404
-31314
-25457
-15724
-3598
9076
20368
28559
32403
31314
25458
15727
3601
-9073
-20366
-28558
-32403
-31316
-25461
-15730
-3605
9069
20362
28556
32402
31317
25464
15734
3609
-9065
-20359
-28554
-32402
-31318
-25467
-15739
-3615
9060
20355
28551
32401
31319
25469
15742
3618
-9056
-20352
-28549
-32400
-31320
-25472
-15746
-3623
9051
20347
28546
32399
31321
25475
15751
3629
-9046
-20344
-28545
-32400
-31324
-25479
-15755
-3633
9042
20340
28542
32399
31325
25482
15760
3638
-9037
-20337
-28541
-32399
-31326
-25484
-15763
-3642
9033
20333
28538
32398
31327
25487
15767
3646
-9029
-20330
-28536
-32398
-31329
-25490
-15771
-3651
9025
20327
28534
32398
31330
25493
15775
3655
-9021
-20324
-28533
-32398
-31332
-25496
-15778
-3658
9019
20323
28533
32399
31333
25498
15781
3662
-9015
-20319
-28530
-32398
-31334
-25500
-15784
-3665
9012
20317
28529
32398
31335
25502
15787
3668
-9009
-20314
-28527
-32397
-31336
-25505
-15791
-3673
9004
20310
28524
32396
31337
25507
15794
3677
-9000
-20307
-28522
-32395
-31338
-25510
-15798
-3681
8996
20303
28520
32395
31339
25512
15802
3686
-8991
-20299
-28517
-32394
-31340
-25515
-15806
-3691
8986
20295
28515
32394
31342
25519
15811
3696
-8982
-20293
-28514
-32395
-31345
-25523
-15816
-3701
8978
20290
28513
32395
31347
25526
15820
3705
-8974
-20286
-28510
-32394
-31347
-25528
-15823
-3709
8970
20283
28508
32393
31348
25530
15826
3712
-8967
-20281
-28507
-32394
-31350
-25533
-15829
-3715
8964
20278
28505
32393
31350
25534
15831
3718
-8961
-20275
-28503
-32392
-31351
-25537
-15835
-3723
8956
20272
28502
32392
31352
25539
15838
3726
-8953
-20269
-28499
-32391
-31352
-25540
-15840
-3729
8950
20266
28497
32390
31353
25542
15843
3732
-8947
-20264
-28496
-32390
-31354
-25545
-15847
-3737
8942
20260
28494
32390
31356
25548
15851
3741
-8938
-20257
-28492
-32389
-31357
-25551
-15855
-3746
8933
20253
28489
32388
31358
25554
15860
3751
-8929
-20250
-28488
-32389
-31360
-25557
-15863
-3755
8925
20246
28485
32388
31361
25560
15868
3760
-8920
-20243
-28484
-32389
-31364
-25564
-15873
-3765
8916
20240
28483
32389
31366
25568
15877
3769
-8912
-20237
-28481
-32389
-31367
-25570
-15881
-3774
8907
20232
28477
32387
31368
25573
15885
3778
-8904
-20230
-28476
-32388
-31370
-25576
-15888
-3781
8901
20228
28476
32389
31372
25579
15892
3786
-8896
-20224
-28473
-32388
-31373
-25582
-15896
-3790
8892
20221
28472
32388
31374
25584
15899
3794
-8888
-20218
-28470
-32388
-31376
-25587
-15903
-3798
8885
20215
28468
32387
31377
25590
15908
3804
-8879
-20211
-28466
-32387
-31379
-25594
-15912
-3808
8875
20207
28463
32386
31380
25597
15917
3814
-8870
-20204
-28462
-32387
-31382
-25600
-15921
-3818
8866
20200
28459
32386
31383
25603
15925
3823
-8861
-20196
-28456
-32384
-31383
-25604
-15928
-3827
8857
20193
28455
32385
31385
25608
15932
3831
-8853
-20189
-28452
-32383
-31385
-25610
-15936
-3836
8848
20185
28449
32382
31386
25612
15939
3840
-8844
-20182
-28448
-32383
-31389
-25616
-15944
-3845
8840
20179
28446
32382
31390
25619
15948
3849
-8835
-20174
-28442
-32380
-31390
-25621
-15952
-3854
8830
20170
28439
32379
31390
25623
15955
3858
-8826
-20167
-28438
-32379
-31392
-25626
-15959
-3863
8821
20163
28435
32378
31393
25629
15963
3867
-8817
-20159
-28432
-32377
-31394
-25632
-15968
-3873
8812
20155
28430
32377
31396
25635
15972
3877
-8808
-20152
-28428
-32377
-31398
-25639
-15977
-3883
8802
20147
28425
32376
31399
25642
15981
3887
-8798
-20144
-28424
-32376
-31401
-25645
-15985
-3891
8795
20142
28423
32377
31403
25648
15989
3896
-8790
-20138
-28421
-32377
-31405
-25652
-15994
-3902
8784
20133
28417
32375
31405
25655
15999
3907
-8779
-20129
-28414
-32374
-31406
-25657
-16002
-3911
8775
20125
28412
32373
31407
25660
16006
3915
-8771
-20122
-28410
-32373
-31408
-25662
-16009
-3919
8767
20119
28408
32372
31409
25664
16012
3923
-8763
-20115
-28405
-32371
-31410
-25667
-16017
-3928
8758
20111
28403
32371
31412
25671
16021
3932
-8755
-20109
-28402
-32371
-31413
-25673
-16025
-3937
8750
20105
28399
32370
31414
25676
16029
3942
-8745
-20101
-28397
-32370
-31416
-25679
-16033
-3946
8741
20098
28396
32371
31419
25683
16037
3950
-8738
-20096
-28395
-32371
-31420
-25686
-16041
-3954
8734
20093
28393
32371
31422
25689
16045
3959
-8730
-20090
-28391
-32370
-31422
-25691
-16048
-3963
8726
20086
28389
32370
31424
25694
16052
3967
-8722
-20083
-28387
-32369
-31424
-25695
-16055
-3971
8718
20080
28385
32369
31426
25699
16060
3976
-8713
-20076
-28383
-32369
-31428
-25703
-16065
-3982
8707
20071
28379
32367
31428
25705
16069
3987
-8702
-20066
-28376
-32366
-31430
-25709
-16074
-3992
8697
20063
28374
32365
31430
25710
16076
3995
-8694
-20059
-28371
-32364
-31431
-25713
-16081
-4001
8688
20055
28369
32364
31433
25717
16086
4006
-8684
-20052
-28367
-32364
-31435
-25720
-16090
-4010
8680
20049
28366
32365
31437
25723
16093
4013
-8677
-20046
-28364
-32364
-31438
-25726
-16098
-4019
8672
20043
28363
32365
31441
25730
16102
4023
-8668
-20039
-28360
-32364
-31442
-25733
-16106
-4028
8663
20036
28359
32364
31443
25735
16110
4032
-8659
-20032
-28356
-32363
-31444
-25738
-16114
-4037
8655
20029
28354
32363
31446
25742
16119
4042
-8651
-20027
-28354
-32364
-31448
-25745
-16122
-4045
8648
20024
28352
32363
31448
25746
16125
4049
-8643
-20019
-28348
-32361
-31449
-25749
-16130
-4055
8637
20014
28344
32359
31449
25752
16134
4060
-8632
-20010
-28342
-32359
-31451
-25755
-16138
-4065
8627
20006
28339
32358
31452
25757
16141
4068
-8624
-20003
-28337
-32357
-31452
-25759
-16145
-4073
8619
19999
28334
32356
31453
25762
16149
4078
-8614
-19995
-28332
-32356
-31455
-25765
-16153
-4082
8610
19992
28330
32355
31456
25768
16157
4086
-8607
-19989
-28328
-32355
-31457
-25770
-16159
-4089
8604
19987
28327
32355
31458
25772
16163
4093
-8600
-19984
-28326
-32355
-31460
-25775
-16166
-4097
8596
19980
28323
32354
31461
25778
16171
4102
-8591
-19976
-28320
-32353
-31462
-25781
-16176
-4108
8585
19971
28317
32352
31463
25784
16180
4113
-8580
-19967
-28315
-32352
-31465
-25788
-16185
-4118
8576
19965
28314
32353
31467
25791
16189
4122
-8572
-19961
-28312
-32353
-31469
-25795
-16194
-4128
8567
19958
28310
32352
31470
25797
16197
4131
-8564
-19955
-28308
-32351
-31470
-25798
-16199
-4134
8560
19951
28305
32350
31471
25801
16203
4138
-8557
-19949
-28304
-32351
-31474
-25805
-16208
-4143
8552
19946
28303
32351
31476
25809
16213
4148
-8548
-19943
-28302
-32352
-31478
-25812
-16216
-4152
8544
19940
28300
32352
31480
25815
16220
4156
-8540
-19936
-28297
-32350
-31479
-25816
-16223
-4161
8535
19931
28293
32348
31480
25819
16228
4166
-8530
-19927
-28290
-32347
-31480
-25821
-16231
-4170
8526
19924
28289
32347
31482
25824
16235
4174
-8522
-19921
-28287
-32347
-31483
-25826
-16238
-4178
8518
19917
28284
32346
31485
25831
16244
4184
-8512
-19913
-28282
-32346
-31487
-25834
-16248
-4189
8508
19910
28281
32347
31489
25837
16252
4193
-8505
-19908
-28280
-32347
-31491
-25840
-16256
-4197
8501
19905
28279
32347
31492
25843
16259
4200
-8498
-19903
-28278
-32348
-31494
-25846
-16263
-4204
8494
19899
28275
32346
31494
25848
16267
4209
-8489
-19895
-28273
-32346
-31496
-25851
-16271
-4214
8484
19891
28270
32345
31497
25854
16275
4218
-8480
-19888
-28268
-32345
-31499
-25857
-16279
-4223
8475
19883
28264
32342
31498
25859
16283
4228
-8470
-19879
-28262
-32342
-31499
-25861
-16286
-4232
8466
19876
28260
32342
31501
25864
16290
4236
-8463
-19873
-28258
-32341
-31502
-25867
-16294
-4241
8457
19868
28255
32340
31503
25870
16299
4246
-8453
-19865
-28253
-32340
-31504
-25872
-16302
-4250
8449
19862
28251
32339
31505
25875
16305
4254
-8445
-19858
-28248
-32338
-31506
-25877
-16309
-4258
8441
19855
28246
32337
31506
25878
16311
4261
-8438
-19852
-28244
-32337
-31508
-25882
-16316
-4266
8433
19848
28242
32336
31509
25885
16321
4272
-8427
-19843
-28238
-32334
-31509
-25887
-16324
-4276
8423
19840
28236
32334
31510
25889
16327
4279
-8420
-19837
-28234
-32333
-31511
-25891
-16330
-4283
8416
19834
28233
32334
31513
25895
16335
4288
-8412
-19831
-28231
-32333
-31514
-25897
-16338
-4292
8407
19826
28227
32331
31514
25899
16342
4297
-8402
-19822
-28225
-32331
-31516
-25903
-16346
-4301
8399
19820
28224
32331
31517
25905
16349
4304
-8396
-19818
-28223
-32331
-31518
-25907
-16352
-4308
8392
19815
28221
32331
31519
25909
16355
4311
-8389
-19812
-28219
-32330
-31520
-25912
-16359
-4316
8384
19808
28217
32330
31522
25916
16364
4321
-8380
-19805
-28215
-32330
-31524
-25919
-16368
-4325
8376
19802
28213
32329
31525
25921
16371
4329
-8372
-19798
-28211
-32329
-31526
-25924
-16375
-4333
8368
19795
28209
32328
31527
25926
16379
4338
-8363
-19791
-28206
-32327
-31527
-25928
-16381
-4341
8360
19788
28204
32327
31529
25931
16386
4346
-8355
-19784
-28201
-32325
-31529
-25933
-16389
-4350
8351
19781
28199
32324
31529
25934
16391
4353
-8348
-19778
-28197
-32323
-31529
-25935
-16393
-4356
8344
19774
28194
32322
31530
25938
16398
4361
-8339
-19770
-28192
-32322
-31532
-25942
-16402
-4365
8336
19768
28191
32322
31534
25945
16406
4369
-8333
-19766
-28190
-32322
-31535
-25947
-16409
-4373
8329
19763
28189
32323
31538
25951
16414
4378
-8324
-19759
-28186
-32323
-31540
-25955
-16419
-4384
8319
19756
28185
32323
31542
25959
16424
4389
-8314
-19752
-28183
-32324
-31544
-25963
-16429
-4394
8310
19749
28182
32324
31546
25966
16433
4398
-8306
-19746
-28180
-32324
-31548
-25969
-16437
-4403
8302
19743
28178
32324
31550
25972
16441
4407
-8298
-19740
-28177
-32324
-31551
-25975
-16444
-4410
8295
19737
28175
32323
31552
25977
16448
4415
-8290
-19733
-28172
-32322
-31553
-25980
-16452
-4420
8285
19729
28170
32322
31555
25984
16457
4425
-8281
-19726
-28168
-32322
-31557
-25987
-16461
-4429
8277
19723
28166
32322
31558
25990
16465
4434
-8272
-19719
-28164
-32321
-31559
-25992
-16469
-4439
8267
19715
28162
32321
31561
25996
16473
4443
-8264
-19713
-28161
-32322
-31563
-25999
-16477
-4447
8260
19710
28160
32323
31566
26004
16483
4453
-8255
-19707
-28159
-32324
-31569
-26008
-16488
-4458
8251
19704
28157
32324
31571
26011
16491
4461
-8248
-19701
-28155
-32323
-31571
-26013
-16495
-4466
8243
19697
28153
32323
31573
26016
16499
4470
-8239
-19694
-28151
-32322
-31574
-26019
-16503
-4475
8235
19691
28149
32322
31575
26021
16506
4478
-8231
-19687
-28146
-32320
-31575
-26023
-16510
-4483
8226
19683
28144
32320
31577
26027
16514
4487
-8222
-19680
-28142
-32320
-31578
-26029
-16517
-4491
8219
19678
28141
32320
31580
26032
16521
4495
-8215
-19675
-28140
-32321
-31582
-26035
-16525
-4499
8212
19672
28138
32320
31583
26038
16529
4504
-8207
-19669
-28136
-32320
-31585
-26041
-16533
-4508
8203
19665
28133
32318
31585
26043
16537
4513
-8198
-19661
-28131
-32318
-31586
-26045
-16539
-4516
8195
19658
28129
32318
31588
26049
16544
4521
-8191
-19656
-28128
-32318
-31589
-26051
-16547
-4524
8187
19652
28126
32318
31591
26054
16551
4529
-8183
-19649
-28124
-32318
-31593
-26058
-16556
-4534
8178
19646
28123
32319
31595
26062
16561
4539
-8174
-19643
-28121
-32318
-31596
-26064
-16564
-4543
8170
19639
28119
32318
31598
26068
16569
4548
-8165
-19636
-28117
-32318
-31600
-26072
-16575
-4554
8160
19632
28115
32318
31602
26075
16578
4557
-8157
-19630
-28114
-32319
-31604
-26078
-16582
-4561
8154
19628
28114
32320
31606
26081
16585
4564
-8151
-19625
-28112
-32319
-31607
-26083
-16588
-4568
8147
19622
28110
32318
31608
26086
16593
4574
-8142
-19618
-28108
-32319
-31611
-26090
-16597
-4578
8138
19615
28106
32318
31611
26092
16601
4583
-8133
-19611
-28104
-32318
-31613
-26096
-16606
-4588
8128
19607
28101
32317
31614
26098
16609
4592
-8124
-19603
-28098
-32316
-31615
-26101
-16613
-4596
8120
19600
28097
32316
31616
26103
16617
4601
-8115
-19596
-28094
-32315
-31617
-26106
-16621
-4605
8111
19593
28092
32314
31618
26109
16625
4610
-8106
-19589
-28089
-32313
-31619
-26112
-16629
-4615
8101
19584
28086
32312
31620
26115
16634
4621
-8096
-19581
-28085
-32313
-31623
-26119
-16638
-4625
8092
19577
28082
32312
31624
26121
16642
4630
-8087
-19573
-28079
-32311
-31625
-26124
-16646
-4634
8084
19571
28078
32311
31626
26126
16649
4638
-8079
-19566
-28075
-32310
-31627
-26129
-16653
-4642
8076
19564
28074
32310
31628
26131
16656
4646
-8071
-19559
-28070
-32308
-31628
-26133
-16660
-4651
8066
19555
28067
32306
31628
26135
16663
4655
-8062
-19552
-28065
-32306
-31630
-26138
-16667
-4659
8058
19548
28062
32304
31629
26139
16670
4663
-8054
-19545
-28060
-32304
-31631
-26142
-16674
-4667
8050
19542
28059
32304
31632
26145
16677
4670
-8048
-19540
-28058
-32304
-31633
-26147
-16680
-4674
8044
19537
28056
32304
31635
26150
16684
4678
-8040
-19534
-28054
-32303
-31635
-26151
-16686
-4681
8036
19530
28051
32301
31635
26153
16689
4685
-8033
-19528
-28050
-32302
-31637
-26156
-16693
-4689
8029
19525
28048
32302
31639
26159
16697
4694
-8024
-19521
-28046
-32301
-31640
-26162
-16701
-4698
8020
19517
28043
32300
31641
26165
16706
4704
-8014
-19513
-28041
-32300
-31643
-26169
-16711
-4709
8010
19509
28038
32299
31644
26172
16716
4715
-8004
-19504
-28035
-32298
-31645
-26174
-16719
-4719
8000
19501
28033
32298
31646
26177
16723
4723
-7996
-19498
-28032
-32298
-31648
-26180
-16726
-4726
7993
19496
28031
32298
31649
26182
16730
4731
-7988
-19491
-28027
-32296
-31650
-26185
-16734
-4736
7983
19487
28025
32296
31651
26188
16738
4740
-7979
-19483
-28022
-32295
-31652
-26191
-16742
-4745
7974
19480
28020
32295
31654
26195
16748
4752
-7968
-19475
-28017
-32294
-31656
-26199
-16753
-4757
7963
19471
28015
32294
31658
26202
16757
4761
-7959
-19468
-28013
-32293
-31658
-26203
-16759
-4764
7956
19465
28011
32292
31658
26205
16763
4769
-7951
-19461
-28008
-32291
-31659
-26207
-16766
-4773
7947
19457
28005
32290
31660
26210
16770
4777
-7943
-19454
-28003
-32289
-31660
-26212
-16773
-4781
7939
19450
28000
32288
31661
26214
16776
4785
-7935
-19447
-27999
-32288
-31663
-26217
-16780
-4789
7931
19444
27997
32288
31665
26221
16785
4794
-7927
-19441
-27996
-32289
-31667
-26224
-16789
-4798
7923
19438
27994
32288
31668
26227
16793
4802
-7919
-19435
-27992
-32288
-31669
-26229
-16796
-4806
7915
19432
27990
32287
31670
26231
16799
4810
-7911
-19428
-27987
-32286
-31670
-26233
-16802
-4814
7907
19424
27985
32285
31671
26235
16806
4818
-7903
-19421
-27983
-32285
-31672
-26238
-16810
-4823
7898
19417
27980
32283
31672
26240
16813
4827
-7894
-19413
-27977
-32282
-31673
-26243
-16817
-4831
7890
19410
27975
32281
31674
26245
16821
4836
-7885
-19406
-27973
-32281
-31676
-26249
-16826
-4841
7880
19402
27970
32280
31677
26252
16830
4846
-7875
-19398
-27968
-32280
-31679
-26255
-16834
-4850
7872
19396
27967
32280
31680
26257
16836
4852
-7871
-19395
-27967
-32281
-31682
-26260
-16840
-4856
7867
19392
27965
32281
31683
26262
16843
4860
-7863
-19389
-27963
-32280
-31684
-26264
-16846
-4864
7859
19385
27960
32279
31685
26267
16851
4870
-7853
-19380
-27957
-32278
-31686
-26270
-16855
-4874
7849
19377
27955
32278
31688
26274
16860
4879
-7844
-19373
-27953
-32278
-31690
-26277
-16864
-4884
7839
19369
27951
32277
31691
26280
16868
4888
-7836
-19367
-27950
-32278
-31693
-26283
-16871
-4891
7833
19365
27949
32278
31694
26285
16875
4896
-7829
-19362
-27947
-32278
-31696
-26289
-16879
-4900
7825
19358
27944
32276
31695
26289
16881
4904
-7820
-19353
-27940
-32274
-31695
-26291
-16885
-4908
7816
19350
27938
32273
31696
26294
16889
4913
-7811
-19346
-27936
-32273
-31698
-26297
-16893
-4917
7808
19344
27935
32274
31701
26301
16897
4921
-7804
-19341
-27934
-32274
-31702
-26304
-16901
-4925
7800
19338
27932
32274
31704
26307
16905
4930
-7796
-19335
-27931
-32274
-31705
-26310
-16909
-4934
7792
19332
27928
32273
31705
26311
16911
4937
-7789
-19329
-27927
-32273
-31707
-26314
-16915
-4941
7785
19326
27925
32273
31708
26317
16919
4946
-7780
-19322
-27922
-32272
-31709
-26319
-16922
-4949
7777
19319
27920
32271
31710
26322
16927
4955
-7771
-19314
-27917
-32270
-31711
-26324
-16930
-4958
7768
19312
27916
32270
31712
26326
16933
4962
-7764
-19308
-27913
-32269
-31713
-26329
-16937
-4967
7760
19305
27912
32269
31715
26333
16942
4972
-7755
-19302
-27910
-32269
-31717
-26336
-16946
-4976
7751
19298
27908
32269
31719
26340
16951
4981
-7747
-19296
-27908
-32271
-31722
-26344
-16956
-4986
7742
19292
27905
32270
31723
26347
16960
4991
-7738
-19289
-27903
-32269
-31724
-26349
-16963
-4995
7733
19284
27899
32267
31724
26351
16966
4999
-7729
-19281
-27897
-32267
-31725
-26353
-16970
-5003
7725
19277
27895
32266
31726
26356
16974
5008
-7720
-19273
-27892
-32264
-31726
-26358
-16977
-5012
7716
19270
27890
32264
31728
26362
16982
5017
-7712
-19267
-27889
-32265
-31730
-26365
-16986
-5021
7708
19264
27887
32265
31732
26368
16990
5025
-7705
-19262
-27887
-32266
-31734
-26371
-16993
-5028
7702
19260
27886
32267
31736
26374
16997
5033
-7697
-19256
-27883
-32265
-31736
-26376
-17001
-5038
7692
19251
27879
32263
31737
26379
17005
5042
-7688
-19248
-27878
-32264
-31739
-26382
-17009
-5046
7684
19245
27876
32263
31739
26383
17011
5049
-7681
-19242
-27874
-32263
-31741
-26387
-17016
-5055
7676
19238
27871
32262
31742
26390
17020
5059
-7671
-19234
-27869
-32261
-31743
-26392
-17023
-5063
7668
19232
27868
32261
31744
26395
17028
5068
-7663
-19228
-27866
-32262
-31747
-26399
-17032
-5072
7660
19226
27865
32262
31749
26402
17036
5077
-7655
-19222
-27863
-32262
-31750
-26405
-17040
-5081
7651
19219
27861
32262
31752
26408
17044
5085
-7648
-19216
-27859
-32261
-31753
-26411
-17048
-5090
7643
19213
27858
32262
31755
26414
17052
5094
-7640
-19210
-27856
-32261
-31756
-26417
-17056
-5099
7634
19205
27853
32260
31757
26419
17059
5102
-7631
-19203
-27851
-32259
-31757
-26421
-17062
-5106
7628
19200
27849
32259
31759
26424
17066
5110
-7623
-19196
-27847
-32258
-31759
-26426
-17070
-5115
7618
19192
27844
32257
31760
26428
17073
5119
-7615
-19189
-27842
-32256
-31761
-26431
-17077
-5123
7610
19185
27839
32255
31761
26432
17079
5127
-7606
-19181
-27836
-32253
-31761
-26434
-17083
-5131
7602
19178
27835
32254
31764
26438
17088
5136
-7598
-19175
-27833
-32254
-31766
-26442
-17093
-5141
7593
19171
27831
32254
31768
26445
17096
5145
-7589
-19168
-27829
-32253
-31768
-26447
-17099
-5149
7585
19165
27827
32253
31770
26450
17104
5154
-7581
-19162
-27826
-32253
-31771
-26453
-17107
-5157
7578
19159
27824
32253
31773
26456
17111
5161
-7574
-19156
-27822
-32252
-31773
-26457
-17113
-5164
7571
19153
27819
32250
31772
26458
17116
5168
-7566
-19148
-27815
-32248
-31773
-26461
-17120
-5173
7561
19144
27813
32247
31773
26462
17122
5176
-7558
-19141
-27810
-32246
-31774
-26464
-17126
-5181
7553
19137
27808
32245
31775
26467
17130
5185
-7549
-19134
-27806
-32245
-31776
-26470
-17134
-5189
7545
19131
27805
32246
31779
26474
17139
5194
-7541
-19128
-27803
-32246
-31781
-26477
-17143
-5199
7536
19124
27801
32245
31782
26480
17147
5204
-7531
-19120
-27798
-32244
-31782
-26482
-17151
-5209
7526
19116
27796
32244
31784
26485
17154
5212
-7523
-19113
-27794
-32244
-31786
-26489
-17159
-5217
7519
19111
27794
32246
31790
26494
17165
5223
-7514
-19107
-27792
-32246
-31792
-26498
-17170
-5228
7509
19104
27790
32245
31792
26500
17174
5233
-7504
-19099
-27787
-32244
-31793
-26502
-17177
-5237
7500
19096
27785
32244
31795
26506
17181
5241
-7496
-19093
-27783
-32243
-31796
-26508
-17185
-5246
7491
19088
27780
32242
31797
26511
17189
5251
-7486
-19084
-27777
-32241
-31798
-26514
-17193
-5255
7483
19082
27776
32242
31800
26517
17197
5259
-7479
-19079
-27774
-32241
-31801
-26520
-17201
-5264
7474
19074
27771
32240
31802
26523
17206
5270
-7469
-19071
-27769
-32240
-31803
-26525
-17209
-5273
7466
19068
27767
32239
31804
26527
17211
5275
-7464
-19066
-27766
-32239
-31805
-26529
-17214
-5279
7460
19063
27764
32238
31805
26531
17218
5284
-7455
-19059
-27762
-32238
-31807
-26534
-17222
-5288
7451
19056
27760
32238
31809
26537
17225
5291
-7448
-19053
-27758
-32237
-31809
-26538
-17228
-5295
7444
19050
27756
32237
31811
26542
17232
5299
-7440
-19047
-27755
-32237
-31813
-26546
-17237
-5305
7435
19043
27752
32236
31814
26548
17241
5309
-7431
-19040
-27750
-32236
-31815
-26551
-17245
-5314
7426
19035
27747
32234
31815
26553
17248
5318
-7422
-19032
-27745
-32234
-31817
-26556
-17253
-5323
7417
19028
27742
32233
31818
26559
17257
5328
-7412
-19024
-27740
-32233
-31820
-26563
-17262
-5333
7408
19021
27738
32233
31822
26566
17266
5338
-7403
-19017
-27736
-32232
-31822
-26567
-17268
-5340
7401
19015
27734
32231
31822
26569
17271
5344
-7397
-19011
-27732
-32231
-31824
-26572
-17275
-5348
7393
19009
27731
32231
31825
26574
17278
5351
-7390
-19006
-27729
-32230
-31826
-26577
-17282
-5356
7385
19002
27726
32229
31826
26579
17285
5360
-7381
-18999
-27724
-32229
-31828
-26582
-17289
-5364
7377
18995
27721
32227
31828
26584
17293
5369
-7372
-18991
-27719
-32227
-31830
-26587
-17297
-5373
7368
18988
27717
32227
31832
26591
17302
5379
-7363
-18984
-27715
-32227
-31834
-26594
-17306
-5383
7359
18981
27713
32226
31834
26595
17308
5386
-7356
-18978
-27711
-32225
-31835
-26598
-17312
-5390
7352
18975
27710
32226
31837
26601
17316
5394
-7349
-18973
-27709
-32226
-31838
-26603
-17318
-5397
7346
18970
27706
32225
31839
26606
17322
5401
-7342
-18967
-27705
-32225
-31840
-26608
-17325
-5405
7338
18963
27701
32222
31839
26609
17328
5409
-7334
-18960
-27700
-32223
-31841
-26612
-17332
-5414
7329
18956
27697
32222
31842
26615
17336
5418
-7325
-18953
-27695
-32221
-31843
-26617
-17339
-5421
7322
18951
27695
32222
31845
26620
17342
5424
-7319
-18948
-27693
-32222
-31846
-26622
-17345
-5428
7315
18944
27689
32219
31845
26623
17348
5433
-7309
-18939
-27686
-32218
-31846
-26626
-17353
-5438
7305
18935
27683
32216
31846
26628
17356
5442
-7301
-18932
-27681
-32216
-31848
-26631
-17360
-5447
7296
18928
27679
32216
31849
26634
17364
5451
-7292
-18925
-27677
-32215
-31850
-26636
-17367
-5454
7289
18922
27674
32214
31850
26638
17370
5458
-7285
-18919
-27673
-32214
-31852
-26640
-17373
-5461
7282
18916
27671
32213
31853
26643
17377
5466
-7277
-18912
-27668
-32212
-31853
-26645
-17381
-5471
7272
18908
27666
32212
31855
26648
17385
5475
-7268
-18905
-27664
-32211
-31856
-26651
-17389
-5480
7263
18901
27662
32211
31858
26655
17394
5485
-7259
-18898
-27660
-32211
-31860
-26658
-17398
-5489
7255
18895
27658
32211
31861
26661
17402
5494
-7250
-18891
-27656
-32211
-31863
-26664
-17406
-5498
7246
18887
27653
32209
31863
26666
17410
5503
-7241
-18883
-27651
-32209
-31865
-26670
-17415
-5508
7237
18881
27650
32210
31867
26673
17419
5513
-7232
-18877
-27648
-32210
-31869
-26677
-17424
-5518
7228
18873
27645
32209
31870
26679
17427
5522
-7223
-18869
-27642
-32207
-31870
-26681
-17430
-5526
7219
18865
27640
32207
31872
26685
17435
5531
-7215
-18862
-27638
-32207
-31873
-26687
-17439
-5536
7210
18858
27635
32206
31874
26690
17443
5541
-7205
-18854
-27633
-32205
-31876
-26694
-17448
-5546
7200
18850
27630
32204
31876
26696
17451
5550
-7196
-18847
-27629
-32205
-31879
-26700
-17456
-5555
7192
18844
27627
32205
31881
26703
17460
5559
-7188
-18841
-27626
-32205
-31882
-26706
-17464
-5564
7184
18838
27624
32205
31884
26709
17468
5568
-7180
-18835
-27622
-32204
-31885
-26711
-17471
-5571
7177
18832
27620
32204
31886
26714
17475
5576
-7172
-18828
-27618
-32203
-31887
-26716
-17478
-5579
7169
18825
27615
32202
31887
26718
17482
5584
-7164
-18821
-27613
-32201
-31888
-26720
-17484
-5587
7160
18817
27610
32200
31889
26723
17489
5593
-7155
-18814
-27609
-32201
-31891
-26726
-17492
-5595
7153
18812
27607
32200
31892
26729
17497
5601
-7148
-18809
-27606
-32201
-31894
-26732
-17500
-5604
7145
18806
27605
32201
31896
26735
17504
5608
-7142
-18804
-27604
-32201
-31897
-26737
-17507
-5612
7137
18800
27601
32200
31898
26740
17511
5616
-7134
-18798
-27600
-32200
-31899
-26742
-17514
-5620
7130
18794
27597
32199
31900
26745
17518
5624
-7126
-18791
-27596
-32200
-31903
-26749
-17522
-5628
7122
18788
27594
32200
31905
26753
17528
5635
-7116
-18784
-27592
-32200
-31907
-26757
-17533
-5640
7111
18780
27590
32200
31909
26760
17537
5645
-7106
-18776
-27587
-32199
-31910
-26763
-17542
-5650
7101
18772
27585
32198
31911
26765
17545
5654
-7098
-18769
-27583
-32198
-31912
-26768
-17549
-5658
7094
18766
27581
32198
31914
26771
17553
5663
-7089
-18762
-27579
-32198
-31916
-26775
-17557
-5667
7086
18761
27579
32199
31918
26778
17562
5672
-7081
-18757
-27577
-32199
-31920
-26782
-17567
-5677
7077
18754
27576
32200
31923
26786
17571
5681
-7073
-18751
-27574
-32200
-31925
-26789
-17575
-5686
7069
18747
27572
32199
31925
26791
17578
5690
-7065
-18744
-27570
-32199
-31927
-26794
-17582
-5694
7061
18741
27568
32198
31927
26796
17585
5697
-7058
-18738
-27566
-32197
-31928
-26798
-17589
-5702
7053
18734
27563
32196
31929
26801
17593
5707
-7048
-18730
-27561
-32196
-31930
-26803
-17596
-5710
7045
18727
27559
32195
31931
26806
17600
5715
-7040
-18724
-27557
-32195
-31933
-26810
-17605
-5720
7035
18720
27555
32195
31935
26813
17609
5725
-7030
-18715
-27551
-32193
-31935
-26815
-17613
-5730
7025
18711
27549
32192
31936
26818
17618
5735
-7020
-18707
-27546
-32191
-31937
-26821
-17621
-5739
7017
18705
27545
32192
31939
26824
17625
5743
-7013
-18701
-27542
-32191
-31940
-26826
-17628
-5747
7009
18698
27541
32191
31941
26829
17632
5751
-7005
-18694
-27537
-32188
-31940
-26829
-17634
-5755
7000
18690
27535
32188
31941
26832
17638
5759
-6997
-18688
-27534
-32188
-31943
-26835
-17642
-5763
6993
18685
27532
32188
31945
26838
17646
5767
-6990
-18683
-27531
-32188
-31946
-26841
-17650
-5772
6985
18679
27529
32188
31948
26844
17653
5775
-6982
-18676
-27527
-32187
-31948
-26846
-17657
-5780
6977
18672
27524
32186
31949
26849
17661
5784
-6973
-18669
-27523
-32186
-31950
-26850
-17663
-5787
6970
18666
27520
32185
31951
26853
17667
5791
-6966
-18662
-27518
-32184
-31952
-26855
-17670
-5795
6962
18660
27517
32185
31954
26859
17675
5800
-6958
-18657
-27516
-32186
-31957
-26862
-17678
-5803
6955
18655
27515
32187
31960
26867
17684
5808
-6952
-18653
-27515
-32188
-31962
-26870
-17687
-5811
6949
18651
27514
32188
31963
26872
17690
5815
-6945
-18648
-27512
-32188
-31965
-26875
-17694
-5819
6941
18645
27511
32188
31966
26878
17698
5824
-6937
-18642
-27509
-32188
-31968
-26881
-17702
-5828
6933
18639
27507
32188
31970
26884
17706
5832
-6929
-18636
-27506
-32188
-31971
-26887
-17710
-5836
6926
18634
27505
32189
31973
26890
17713
5839
-6923
-18632
-27504
-32189
-31975
-26893
-17717
-5844
6919
18629
27503
32190
31977
26896
17721
5848
-6915
-18625
-27500
-32188
-31977
-26898
-17724
-5852
6911
18622
27498
32188
31978
26900
17727
5855
-6908
-18619
-27496
-32187
-31979
-26903
-17731
-5860
6903
18615
27494
32187
31981
26906
17735
5865
-6898
-18611
-27491
-32186
-31982
-26909
-17740
-5870
6893
18607
27488
32185
31983
26911
17743
5873
-6891
-18606
-27488
-32186
-31985
-26914
-17746
-5876
6888
18604
27488
32187
31987
26917
17750
5881
-6883
-18600
-27485
-32186
-31988
-26920
-17754
-5885
6880
18597
27483
32185
31988
26922
17757
5889
-6875
-18593
-27480
-32184
-31989
-26925
-17762
-5895
6870
18589
27478
32184
31991
26928
17766
5899
-6866
-18585
-27475
-32182
-31991
-26930
-17769
-5903
6861
18581
27472
32181
31991
26931
17771
5906
-6858
-18578
-27470
-32180
-31992
-26934
-17775
-5910
6854
18575
27468
32180
31994
26937
17779
5914
-6851
-18573
-27468
-32181
-31996
-26940
-17782
-5917
6848
18571
27466
32180
31996
26941
17785
5921
-6844
-18567
-27464
-32180
-31997
-26943
-17788
-5925
6840
18564
27462
32179
31998
26946
17792
5929
-6837
-18562
-27461
-32180
-32001
-26950
-17796
-5933
6833
18559
27459
32179
32001
26951
17799
5937
-6829
-18555
-27457
-32179
-32003
-26955
-17803
-5941
6826
18554
27457
32180
32005
26958
17807
5945
-6822
-18551
-27456
-32181
-32008
-26962
-17812
-5950
6817
18547
27454
32181
32010
26966
17817
5956
-6812
-18543
-27451
-32180
-32011
-26969
-17821
-5960
6808
18540
27449
32179
32011
26970
17823
5963
-6805
-18537
-27447
-32179
-32013
-26973
-17827
-5967
6801
18534
27445
32178
32013
26975
17830
5971
-6796
-18529
-27441
-32176
-32013
-26977
-17834
-5976
6791
18524
27438
32175
32014
26980
17838
5980
-6788
-18523
-27438
-32176
-32016
-26982
-17841
-5984
6784
18519
27435
32174
32016
26984
17844
5988
-6779
-18514
-27431
-32172
-32016
-26986
-17848
-5993
6774
18510
27428
32171
32017
26989
17853
5999
-6768
-18505
-27425
-32170
-32018
-26992
-17857
-6004
6763
18501
27422
32169
32020
26996
17862
6009
-6758
-18497
-27420
-32169
-32022
-27000
-17867
-6015
6753
18493
27418
32169
32024
27003
17871
6019
-6749
-18490
-27416
-32168
-32024
-27005
-17875
-6024
6744
18486
27414
32168
32026
27008
17879
6028
-6741
-18484
-27413
-32168
-32027
-27011
-17882
-6031
6738
18481
27411
32168
32029
27014
17886
6035
-6734
-18478
-27409
-32168
-32030
-27016
-17889
-6039
6730
18475
27408
32168
32032
27019
17893
6043
-6726
-18472
-27406
-32167
-32032
-27021
-17896
-6047
6723
18469
27404
32167
32034
27024
17900
6051
-6720
-18468
-27404
-32168
-32036
-27027
-17904
-6055
6715
18463
27400
32166
32036
27029
17907
6059
-6711
-18460
-27399
-32167
-32038
-27032
-17911
-6063
6708
18457
27397
32166
32039
27035
17915
6068
-6703
-18454
-27395
-32166
-32041
-27038
-17919
-6072
6699
18450
27393
32166
32043
27042
17924
6077
-6695
-18448
-27392
-32166
-32044
-27044
-17927
-6081
6691
18444
27390
32166
32046
27047
17931
6085
-6687
-18441
-27388
-32165
-32046
-27049
-17934
-6089
6683
18438
27386
32164
32047
27051
17937
6093
-6679
-18434
-27383
-32163
-32048
-27054
-17941
-6097
6675
18431
27381
32163
32050
27057
17945
6101
-6671
-18428
-27379
-32163
-32051
-27060
-17949
-6106
6667
18425
27378
32163
32052
27062
17952
6109
-6664
-18422
-27376
-32163
-32054
-27066
-17957
-6115
6658
18418
27374
32163
32056
27069
17961
6119
-6654
-18414
-27371
-32162
-32057
-27072
-17965
-6123
6651
18412
27370
32161
32057
27073
17967
6126
-6647
-18409
-27368
-32161
-32059
-27076
-17972
-6132
6642
18405
27366
32161
32061
27080
17976
6136
-6638
-18402
-27364
-32160
-32061
-27082
-17980
-6141
6633
18397
27361
32159
32063
27086
17985
6146
-6628
-18393
-27359
-32159
-32065
-27089
-17989
-6151
6624
18391
27358
32160
32067
27092
17993
6155
-6620
-18387
-27355
-32158
-32067
-27094
-17996
-6159
6616
18384
27353
32158
32068
27096
17999
6163
-6611
-18379
-27349
-32156
-32068
-27098
-18003
-6167
6607
18376
27347
32155
32069
27101
18007
6172
-6603
-18373
-27346
-32156
-32072
-27105
-18012
-6177
6598
18369
27343
32155
32072
27107
18015
6181
-6594
-18365
-27341
-32154
-32073
-27110
-18020
-6186
6589
18362
27339
32154
32075
27113
18023
6190
-6586
-18359
-27337
-32154
-32077
-27117
-18029
-6196
6580
18354
27334
32153
32078
27120
18033
6201
-6575
-18350
-27332
-32153
-32080
-27123
-18037
-6206
6570
18346
27329
32152
32081
27126
18041
6210
-6567
-18344
-27329
-32153
-32083
-27129
-18045
-6214
6563
18341
27327
32153
32085
27132
18049
6218
-6560
-18339
-27326
-32153
-32086
-27135
-18053
-6223
6555
18335
27324
32153
32088
27138
18057
6227
-6551
-18332
-27322
-32153
-32090
-27142
-18062
-6232
6546
18328
27320
32153
32092
27145
18066
6237
-6542
-18325
-27318
-32152
-32092
-27147
-18069
-6240
6538
18321
27315
32151
32093
27149
18072
6244
-6534
-18318
-27313
-32150
-32094
-27152
-18076
-6248
6530
18315
27311
32150
32095
27154
18079
6252
-6527
-18312
-27310
-32150
-32097
-27157
-18083
-6256
6523
18309
27308
32150
32098
27160
18087
6260
-6520
-18307
-27307
-32150
-32099
-27162
-18090
-6264
6516
18304
27306
32151
32102
27166
18095
6269
-6511
-18300
-27303
-32150
-32103
-27169
-18099
-6274
6506
18296
27301
32150
32105
27173
18104
6279
-6501
-18292
-27298
-32148
-32105
-27175
-18108
-6284
6496
18288
27296
32148
32107
27178
18112
6288
-6493
-18285
-27294
-32148
-32109
-27181
-18116
-6293
6488
18282
27292
32148
32111
27185
18120
6297
-6485
-18280
-27292
-32149
-32113
-27188
-18124
-6301
6481
18277
27290
32148
32113
27190
18127
6305
-6477
-18273
-27287
-32147
-32114
-27192
-18131
-6310
6472
18269
27284
32146
32115
27195
18135
6314
-6468
-18265
-27282
-32146
-32117
-27198
-18139
-6318
6464
18262
27280
32145
32117
27200
18142
6323
-6459
-18258
-27277
-32144
-32118
-27203
-18146
-6327
6455
18255
27276
32145
32121
27207
18151
6332
-6451
-18252
-27275
-32145
-32122
-27209
-18154
-6335
6448
18249
27272
32143
32122
27211
18157
6339
-6444
-18246
-27270
-32143
-32123
-27213
-18160
-6343
6440
18243
27268
32142
32124
27215
18163
6346
-6437
-18240
-27266
-32142
-32125
-27218
-18167
-6350
6433
18237
27265
32142
32126
27220
18170
6354
-6429
-18234
-27263
-32142
-32128
-27223
-18174
-6359
6424
18230
27260
32140
32128
27225
18178
6364
-6419
-18225
-27256
-32138
-32129
-27228
-18182
-6369
6414
18221
27254
32138
32130
27231
18186
6373
-6410
-18217
-27251
-32137
-32131
-27234
-18191
-6379
6404
18213
27249
32137
32133
27237
18195
6383
-6400
-18209
-27246
-32136
-32135
-27241
-18201
-6390
6394
18205
27244
32136
32136
27244
18205
6394
-6390
-18201
-27241
-32135
-32136
-27246
-18209
-6400
6383
18195
27237
32133
32137
27249
18213
6404
-6379
-18191
-27234
-32131
-32137
-27251
-18217
-6410
6373
18186
27231
32130
32138
27254
18221
6414
-6369
-18182
-27228
-32129
-32138
-27256
-18225
-6419
6364
18178
27225
32128
32140
27260
18230
6424
-6359
-18174
-27223
-32128
-32142
-27263
-18234
-6429
6354
18170
27220
32126
32142
27265
18237
6433
-6350
-18167
-27218
-32125
-32142
-27266
-18240
-6437
6346
18163
27215
32124
32142
27268
18243
6440
-6343
-18160
-27213
-32123
-32143
-27270
-18246
-6444
6339
18157
27211
32122
32143
27272
18249
6448
-6335
-18154
-27209
-32122
-32145
-27275
-18252
-6451
6332
18151
27207
32121
32145
27276
18255
6455
-6327
-18146
-27203
-32118
-32144
-27277
-18258
-6459
6323
18142
27200
32117
32145
27280
18262
6464
-6318
-18139
-27198
-32117
-32146
-27282
-18265
-6468
6314
18135
27195
32115
32146
27284
18269
6472
-6310
-18131
-27192
-32114
-32147
-27287
-18273
-6477
6305
18127
27190
32113
32148
27290
18277
6481
-6301
-18124
-27188
-32113
-32149
-27292
-18280
-6485
6297
18120
27185
32111
32148
27292
18282
6488
-6293
-18116
-27181
-32109
-32148
-27294
-18285
-6493
6288
18112
27178
32107
32148
27296
18288
6496
-6284
-18108
-27175
-32105
-32148
-27298
-18292
-6501
6279
18104
27173
32105
32150
27301
18296
6506
-6274
-18099
-27169
-32103
-32150
-27303
-18300
-6511
6269
18095
27166
32102
32151
27306
18304
6516
-6264
-18090
-27162
-32099
-32150
-27307
-18307
-6520
6260
18087
27160
32098
32150
27308
18309
6523
-6256
-18083
-27157
-32097
-32150
-27310
-18312
-6527
6252
18079
27154
32095
32150
27311
18315
6530
-6248
-18076
-27152
-32094
-32150
-27313
-18318
-6534
6244
18072
27149
32093
32151
27315
18321
6538
-6240
-18069
-27147
-32092
-32152
-27318
-18325
-6542
6237
18066
27145
32092
32153
27320
18328
6546
-6232
-18062
-27142
-32090
-32153
-27322
-18332
-6551
6227
18057
27138
32088
32153
27324
18335
6555
-6223
-18053
-27135
-32086
-32153
-27326
-18339
-6560
6218
18049
27132
32085
32153
27327
18341
6563
-6214
-18045
-27129
-32083
-32153
-27329
-18344
-6567
6210
18041
27126
32081
32152
27329
18346
6570
-6206
-18037
-27123
-32080
-32153
-27332
-18350
-6575
6201
18033
27120
32078
32153
27334
18354
6580
-6196
-18029
-27117
-32077
-32154
-27337
-18359
-6586
6190
18023
27113
32075
32154
27339
18362
6589
-6186
-18020
-27110
-32073
-32154
-27341
-18365
-6594
6181
18015
27107
32072
32155
27343
18369
6598
-6177
-18012
-27105
-32072
-32156
-27346
-18373
-6603
6172
18007
27101
32069
32155
27347
18376
6607
-6167
-18003
-27098
-32068
-32156
-27349
-18379
-6611
6163
17999
27096
32068
32158
27353
18384
6616
-6159
-17996
-27094
-32067
-32158
-27355
-18387
-6620
6155
17993
27092
32067
32160
27358
18391
6624
-6151
-17989
-27089
-32065
-32159
-27359
-18393
-6628
6146
17985
27086
32063
32159
27361
18397
6633
-6141
-17980
-27082
-32061
-32160
-27364
-18402
-6638
6136
17976
27080
32061
32161
27366
18405
6642
-6132
-17972
-27076
-32059
-32161
-27368
-18409
-6647
6126
17967
27073
32057
32161
27370
18412
6651
-6123
-17965
-27072
-32057
-32162
-27371
-18414
-6654
6119
17961
27069
32056
32163
27374
18418
6658
-6115
-17957
-27066
-32054
-32163
-27376
-18422
-6664
6109
17952
27062
32052
32163
27378
18425
6667
-6106
-17949
-27060
-32051
-32163
-27379
-18428
-6671
6101
17945
27057
32050
32163
27381
18431
6675
-6097
-17941
-27054
-32048
-32163
-27383
-18434
-6679
6093
17937
27051
32047
32164
27386
18438
6683
-6089
-17934
-27049
-32046
-32165
-27388
-18441
-6687
6085
17931
27047
32046
32166
27390
18444
6691
-6081
-17927
-27044
-32044
-32166
-27392
-18448
-6695
6077
17924
27042
32043
32166
27393
18450
6699
-6072
-17919
-27038
-32041
-32166
-27395
-18454
-6703
6068
17915
27035
32039
32166
27397
18457
6708
-6063
-17911
-27032
-32038
-32167
-27399
-18460
-6711
6059
17907
27029
32036
32166
27400
18463
6715
-6055
-17904
-27027
-32036
-32168
-27404
-18468
-6720
6051
17900
27024
32034
32167
27404
18469
6723
-6047
-17896
-27021
-32032
-32167
-27406
-18472
-6726
6043
17893
27019
32032
32168
27408
18475
6730
-6039
-17889
-27016
-32030
-32168
-27409
-18478
-6734
6035
17886
27014
32029
32168
27411
18481
6738
-6031
-17882
-27011
-32027
-32168
-27413
-18484
-6741
6028
17879
27008
32026
32168
27414
18486
6744
-6024
-17875
-27005
-32024
-32168
-27416
-18490
-6749
6019
17871
27003
32024
32169
27418
18493
6753
-6015
-17867
-27000
-32022
-32169
-27420
-18497
-6758
6009
17862
26996
32020
32169
27422
18501
6763
-6004
-17857
-26992
-32018
-32170
-27425
-18505
-6768
5999
17853
26989
32017
32171
27428
18510
6774
-5993
-17848
-26986
-32016
-32172
-27431
-18514
-6779
5988
17844
26984
32016
32174
27435
18519
6784
-5984
-17841
-26982
-32016
-32176
-27438
-18523
-6788
5980
17838
26980
32014
32175
27438
18524
6791
-5976
-17834
-26977
-32013
-32176
-27441
-18529
-6796
5971
17830
26975
32013
32178
27445
18534
6801
-5967
-17827
-26973
-32013
-32179
-27447
-18537
-6805
5963
17823
26970
32011
32179
27449
18540
6808
-5960
-17821
-26969
-32011
-32180
-27451
-18543
-6812
5956
17817
26966
32010
32181
27454
18547
6817
-5950
-17812
-26962
-32008
-32181
-27456
-18551
-6822
5945
17807
26958
32005
32180
27457
18554
6826
-5941
-17803
-26955
-32003
-32179
-27457
-18555
-6829
5937
17799
26951
32001
32179
27459
18559
6833
-5933
-17796
-26950
-32001
-32180
-27461
-18562
-6837
5929
17792
26946
31998
32179
27462
18564
6840
-5925
-17788
-26943
-31997
-32180
-27464
-18567
-6844
5921
17785
26941
31996
32180
27466
18571
6848
-5917
-17782
-26940
-31996
-32181
-27468
-18573
-6851
5914
17779
26937
31994
32180
27468
18575
6854
-5910
-17775
-26934
-31992
-32180
-27470
-18578
-6858
5906
17771
26931
31991
32181
27472
18581
6861
-5903
-17769
-26930
-31991
-32182
-27475
-18585
-6866
5899
17766
26928
31991
32184
27478
18589
6870
-5895
-17762
-26925
-31989
-32184
-27480
-18593
-6875
5889
17757
26922
31988
32185
27483
18597
6880
-5885
-17754
-26920
-31988
-32186
-27485
-18600
-6883
5881
17750
26917
31987
32187
27488
18604
6888
-5876
-17746
-26914
-31985
-32186
-27488
-18606
-6891
5873
17743
26911
31983
32185
27488
18607
6893
-5870
-17740
-26909
-31982
-32186
-27491
-18611
-6898
5865
17735
26906
31981
32187
27494
18615
6903
-5860
-17731
-26903
-31979
-32187
-27496
-18619
-6908
5855
17727
26900
31978
32188
27498
18622
6911
-5852
-17724
-26898
-31977
-32188
-27500
-18625
-6915
5848
17721
26896
31977
32190
27503
18629
6919
-5844
-17717
-26893
-31975
-32189
-27504
-18632
-6923
5839
17713
26890
31973
32189
27505
18634
6926
-5836
-17710
-26887
-31971
-32188
-27506
-18636
-6929
5832
17706
26884
31970
32188
27507
18639
6933
-5828
-17702
-26881
-31968
-32188
-27509
-18642
-6937
5824
17698
26878
31966
32188
27511
18645
6941
-5819
-17694
-26875
-31965
-32188
-27512
-18648
-6945
5815
17690
26872
31963
32188
27514
18651
6949
-5811
-17687
-26870
-31962
-32188
-27515
-18653
-6952
5808
17684
26867
31960
32187
27515
18655
6955
-5803
-17678
-26862
-31957
-32186
-27516
-18657
-6958
5800
17675
26859
31954
32185
27517
18660
6962
-5795
-17670
-26855
-31952
-32184
-27518
-18662
-6966
5791
17667
26853
31951
32185
27520
18666
6970
-5787
-17663
-26850
-31950
-32186
-27523
-18669
-6973
5784
17661
26849
31949
32186
27524
18672
6977
-5780
-17657
-26846
-31948
-32187
-27527
-18676
-6982
5775
17653
26844
31948
32188
27529
18679
6985
-5772
-17650
-26841
-31946
-32188
-27531
-18683
-6990
5767
17646
26838
31945
32188
27532
18685
6993
-5763
-17642
-26835
-31943
-32188
-27534
-18688
-6997
5759
17638
26832
31941
32188
27535
18690
7000
-5755
-17634
-26829
-31940
-32188
-27537
-18694
-7005
5751
17632
26829
31941
32191
27541
18698
7009
-5747
-17628
-26826
-31940
-32191
-27542
-18701
-7013
5743
17625
26824
31939
32192
27545
18705
7017
-5739
-17621
-26821
-31937
-32191
-27546
-18707
-7020
5735
17618
26818
31936
32192
27549
18711
7025
-5730
-17613
-26815
-31935
-32193
-27551
-18715
-7030
5725
17609
26813
31935
32195
27555
18720
7035
-5720
-17605
-26810
-31933
-32195
-27557
-18724
-7040
5715
17600
26806
31931
32195
27559
18727
7045
-5710
-17596
-26803
-31930
-32196
-27561
-18730
-7048
5707
17593
26801
31929
32196
27563
18734
7053
-5702
-17589
-26798
-31928
-32197
-27566
-18738
-7058
5697
17585
26796
31927
32198
27568
18741
7061
-5694
-17582
-26794
-31927
-32199
-27570
-18744
-7065
5690
17578
26791
31925
32199
27572
18747
7069
-5686
-17575
-26789
-31925
-32200
-27574
-18751
-7073
5681
17571
26786
31923
32200
27576
18754
7077
-5677
-17567
-26782
-31920
-32199
-27577
-18757
-7081
5672
17562
26778
31918
32199
27579
18761
7086
-5667
-17557
-26775
-31916
-32198
-27579
-18762
-7089
5663
17553
26771
31914
32198
27581
18766
7094
-5658
-17549
-26768
-31912
-32198
-27583
-18769
-7098
5654
17545
26765
31911
32198
27585
18772
7101
-5650
-17542
-26763
-31910
-32199
-27587
-18776
-7106
5645
17537
26760
31909
32200
27590
18780
7111
-5640
-17533
-26757
-31907
-32200
-27592
-18784
-7116
5635
17528
26753
31905
32200
27594
18788
7122
-5628
-17522
-26749
-31903
-32200
-27596
-18791
-7126
5624
17518
26745
31900
32199
27597
18794
7130
-5620
-17514
-26742
-31899
-32200
-27600
-18798
-7134
5616
17511
26740
31898
32200
27601
18800
7137
-5612
-17507
-26737
-31897
-32201
-27604
-18804
-7142
5608
17504
26735
31896
32201
27605
18806
7145
-5604
-17500
-26732
-31894
-32201
-27606
-18809
-7148
5601
17497
26729
31892
32200
27607
18812
7153
-5595
-17492
-26726
-31891
-32201
-27609
-18814
-7155
5593
17489
26723
31889
32200
27610
18817
7160
-5587
-17484
-26720
-31888
-32201
-27613
-18821
-7164
5584
17482
26718
31887
32202
27615
18825
7169
-5579
-17478
-26716
-31887
-32203
-27618
-18828
-7172
5576
17475
26714
31886
32204
27620
18832
7177
-5571
-17471
-26711
-31885
-32204
-27622
-18835
-7180
5568
17468
26709
31884
32205
27624
18838
7184
-5564
-17464
-26706
-31882
-32205
-27626
-18841
-7188
5559
17460
26703
31881
32205
27627
18844
7192
-5555
-17456
-26700
-31879
-32205
-27629
-18847
-7196
5550
17451
26696
31876
32204
27630
18850
7200
-5546
-17448
-26694
-31876
-32205
-27633
-18854
-7205
5541
17443
26690
31874
32206
27635
18858
7210
-5536
-17439
-26687
-31873
-32207
-27638
-18862
-7215
5531
17435
26685
31872
32207
27640
18865
7219
-5526
-17430
-26681
-31870
-32207
-27642
-18869
-7223
5522
17427
26679
31870
32209
27645
18873
7228
-5518
-17424
-26677
-31869
-32210
-27648
-18877
-7232
5513
17419
26673
31867
32210
27650
18881
7237
-5508
-17415
-26670
-31865
-32209
-27651
-18883
-7241
5503
17410
26666
31863
32209
27653
18887
7246
-5498
-17406
-26664
-31863
-32211
-27656
-18891
-7250
5494
17402
26661
31861
32211
27658
18895
7255
-5489
-17398
-26658
-31860
-32211
-27660
-18898
-7259
5485
17394
26655
31858
32211
27662
18901
7263
-5480
-17389
-26651
-31856
-32211
-27664
-18905
-7268
5475
17385
26648
31855
32212
27666
18908
7272
-5471
-17381
-26645
-31853
-32212
-27668
-18912
-7277
5466
17377
26643
31853
32213
27671
18916
7282
-5461
-17373
-26640
-31852
-32214
-27673
-18919
-7285
5458
17370
26638
31850
32214
27674
18922
7289
-5454
-17367
-26636
-31850
-32215
-27677
-18925
-7292
5451
17364
26634
31849
32216
27679
18928
7296
-5447
-17360
-26631
-31848
-32216
-27681
-18932
-7301
5442
17356
26628
31846
32216
27683
18935
7305
-5438
-17353
-26626
-31846
-32218
-27686
-18939
-7309
5433
17348
26623
31845
32219
27689
18944
7315
-5428
-17345
-26622
-31846
-32222
-27693
-18948
-7319
5424
17342
26620
31845
32222
27695
18951
7322
-5421
-17339
-26617
-31843
-32221
-27695
-18953
-7325
5418
17336
26615
31842
32222
27697
18956
7329
-5414
-17332
-26612
-31841
-32223
-27700
-18960
-7334
5409
17328
26609
31839
32222
27701
18963
7338
-5405
-17325
-26608
-31840
-32225
-27705
-18967
-7342
5401
17322
26606
31839
32225
27706
18970
7346
-5397
-17318
-26603
-31838
-32226
-27709
-18973
-7349
5394
17316
26601
31837
32226
27710
18975
7352
-5390
-17312
-26598
-31835
-32225
-27711
-18978
-7356
5386
17308
26595
31834
32226
27713
18981
7359
-5383
-17306
-26594
-31834
-32227
-27715
-18984
-7363
5379
17302
26591
31832
32227
27717
18988
7368
-5373
-17297
-26587
-31830
-32227
-27719
-18991
-7372
5369
17293
26584
31828
32227
27721
18995
7377
-5364
-17289
-26582
-31828
-32229
-27724
-18999
-7381
5360
17285
26579
31826
32229
27726
19002
7385
-5356
-17282
-26577
-31826
-32230
-27729
-19006
-7390
5351
17278
26574
31825
32231
27731
19009
7393
-5348
-17275
-26572
-31824
-32231
-27732
-19011
-7397
5344
17271
26569
31822
32231
27734
19015
7401
-5340
-17268
-26567
-31822
-32232
-27736
-19017
-7403
5338
17266
26566
31822
32233
27738
19021
7408
-5333
-17262
-26563
-31820
-32233
-27740
-19024
-7412
5328
17257
26559
31818
32233
27742
19028
7417
-5323
-17253
-26556
-31817
-32234
-27745
-19032
-7422
5318
17248
26553
31815
32234
27747
19035
7426
-5314
-17245
-26551
-31815
-32236
-27750
-19040
-7431
5309
17241
26548
31814
32236
27752
19043
7435
-5305
-17237
-26546
-31813
-32237
-27755
-19047
-7440
5299
17232
26542
31811
32237
27756
19050
7444
-5295
-17228
-26538
-31809
-32237
-27758
-19053
-7448
5291
17225
26537
31809
32238
27760
19056
7451
-5288
-17222
-26534
-31807
-32238
-27762
-19059
-7455
5284
17218
26531
31805
32238
27764
19063
7460
-5279
-17214
-26529
-31805
-32239
-27766
-19066
-7464
5275
17211
26527
31804
32239
27767
19068
7466
-5273
-17209
-26525
-31803
-32240
-27769
-19071
-7469
5270
17206
26523
31802
32240
27771
19074
7474
-5264
-17201
-26520
-31801
-32241
-27774
-19079
-7479
5259
17197
26517
31800
32242
27776
19082
7483
-5255
-17193
-26514
-31798
-32241
-27777
-19084
-7486
5251
17189
26511
31797
32242
27780
19088
7491
-5246
-17185
-26508
-31796
-32243
-27783
-19093
-7496
5241
17181
26506
31795
32244
27785
19096
7500
-5237
-17177
-26502
-31793
-32244
-27787
-19099
-7504
5233
17174
26500
31792
32245
27790
19104
7509
-5228
-17170
-26498
-31792
-32246
-27792
-19107
-7514
5223
17165
26494
31790
32246
27794
19111
7519
-5217
-17159
-26489
-31786
-32244
-27794
-19113
-7523
5212
17154
26485
31784
32244
27796
19116
7526
-5209
-17151
-26482
-31782
-32244
-27798
-19120
-7531
5204
17147
26480
31782
32245
27801
19124
7536
-5199
-17143
-26477
-31781
-32246
-27803
-19128
-7541
5194
17139
26474
31779
32246
27805
19131
7545
-5189
-17134
-26470
-31776
-32245
-27806
-19134
-7549
5185
17130
26467
31775
32245
27808
19137
7553
-5181
-17126
-26464
-31774
-32246
-27810
-19141
-7558
5176
17122
26462
31773
32247
27813
19144
7561
-5173
-17120
-26461
-31773
-32248
-27815
-19148
-7566
5168
17116
26458
31772
32250
27819
19153
7571
-5164
-17113
-26457
-31773
-32252
-27822
-19156
-7574
5161
17111
26456
31773
32253
27824
19159
7578
-5157
-17107
-26453
-31771
-32253
-27826
-19162
-7581
5154
17104
26450
31770
32253
27827
19165
7585
-5149
-17099
-26447
-31768
-32253
-27829
-19168
-7589
5145
17096
26445
31768
32254
27831
19171
7593
-5141
-17093
-26442
-31766
-32254
-27833
-19175
-7598
5136
17088
26438
31764
32254
27835
19178
7602
-5131
-17083
-26434
-31761
-32253
-27836
-19181
-7606
5127
17079
26432
31761
32255
27839
19185
7610
-5123
-17077
-26431
-31761
-32256
-27842
-19189
-7615
5119
17073
26428
31760
32257
27844
19192
7618
-5115
-17070
-26426
-31759
-32258
-27847
-19196
-7623
5110
17066
26424
31759
32259
27849
19200
7628
-5106
-17062
-26421
-31757
-32259
-27851
-19203
-7631
5102
17059
26419
31757
32260
27853
19205
7634
-5099
-17056
-26417
-31756
-32261
-27856
-19210
-7640
5094
17052
26414
31755
32262
27858
19213
7643
-5090
-17048
-26411
-31753
-32261
-27859
-19216
-7648
5085
17044
26408
31752
32262
27861
19219
7651
-5081
-17040
-26405
-31750
-32262
-27863
-19222
-7655
5077
17036
26402
31749
32262
27865
19226
7660
-5072
-17032
-26399
-31747
-32262
-27866
-19228
-7663
5068
17028
26395
31744
32261
27868
19232
7668
-5063
-17023
-26392
-31743
-32261
-27869
-19234
-7671
5059
17020
26390
31742
32262
27871
19238
7676
-5055
-17016
-26387
-31741
-32263
-27874
-19242
-7681
5049
17011
26383
31739
32263
27876
19245
7684
-5046
-17009
-26382
-31739
-32264
-27878
-19248
-7688
5042
17005
26379
31737
32263
27879
19251
7692
-5038
-17001
-26376
-31736
-32265
-27883
-19256
-7697
5033
16997
26374
31736
32267
27886
19260
7702
-5028
-16993
-26371
-31734
-32266
-27887
-19262
-7705
5025
16990
26368
31732
32265
27887
19264
7708
-5021
-16986
-26365
-31730
-32265
-27889
-19267
-7712
5017
16982
26362
31728
32264
27890
19270
7716
-5012
-16977
-26358
-31726
-32264
-27892
-19273
-7720
5008
16974
26356
31726
32266
27895
19277
7725
-5003
-16970
-26353
-31725
-32267
-27897
-19281
-7729
4999
16966
26351
31724
32267
27899
19284
7733
-4995
-16963
-26349
-31724
-32269
-27903
-19289
-7738
4991
16960
26347
31723
32270
27905
19292
7742
-4986
-16956
-26344
-31722
-32271
-27908
-19296
-7747
4981
16951
26340
31719
32269
27908
19298
7751
-4976
-16946
-26336
-31717
-32269
-27910
-19302
-7755
4972
16942
26333
31715
32269
27912
19305
7760
-4967
-16937
-26329
-31713
-32269
-27913
-19308
-7764
4962
16933
26326
31712
32270
27916
19312
7768
-4958
-16930
-26324
-31711
-32270
-27917
-19314
-7771
4955
16927
26322
31710
32271
27920
19319
7777
-4949
-16922
-26319
-31709
-32272
-27922
-19322
-7780
4946
16919
26317
31708
32273
27925
19326
7785
-4941
-16915
-26314
-31707
-32273
-27927
-19329
-7789
4937
16911
26311
31705
32273
27928
19332
7792
-4934
-16909
-26310
-31705
-32274
-27931
-19335
-7796
4930
16905
26307
31704
32274
27932
19338
7800
-4925
-16901
-26304
-31702
-32274
-27934
-19341
-7804
4921
16897
26301
31701
32274
27935
19344
7808
-4917
-16893
-26297
-31698
-32273
-27936
-19346
-7811
4913
16889
26294
31696
32273
27938
19350
7816
-4908
-16885
-26291
-31695
-32274
-27940
-19353
-7820
4904
16881
26289
31695
32276
27944
19358
7825
-4900
-16879
-26289
-31696
-32278
-27947
-19362
-7829
4896
16875
26285
31694
32278
27949
19365
7833
-4891
-16871
-26283
-31693
-32278
-27950
-19367
-7836
4888
16868
26280
31691
32277
27951
19369
7839
-4884
-16864
-26277
-31690
-32278
-27953
-19373
-7844
4879
16860
26274
31688
32278
27955
19377
7849
-4874
-16855
-26270
-31686
-32278
-27957
-19380
-7853
4870
16851
26267
31685
32279
27960
19385
7859
-4864
-16846
-26264
-31684
-32280
-27963
-19389
-7863
4860
16843
26262
31683
32281
27965
19392
7867
-4856
-16840
-26260
-31682
-32281
-27967
-19395
-7871
4852
16836
26257
31680
32280
27967
19396
7872
-4850
-16834
-26255
-31679
-32280
-27968
-19398
-7875
4846
16830
26252
31677
32280
27970
19402
7880
-4841
-16826
-26249
-31676
-32281
-27973
-19406
-7885
4836
16821
26245
31674
32281
27975
19410
7890
-4831
-16817
-26243
-31673
-32282
-27977
-19413
-7894
4827
16813
26240
31672
32283
27980
19417
7898
-4823
-16810
-26238
-31672
-32285
-27983
-19421
-7903
4818
16806
26235
31671
32285
27985
19424
7907
-4814
-16802
-26233
-31670
-32286
-27987
-19428
-7911
4810
16799
26231
31670
32287
27990
19432
7915
-4806
-16796
-26229
-31669
-32288
-27992
-19435
-7919
4802
16793
26227
31668
32288
27994
19438
7923
-4798
-16789
-26224
-31667
-32289
-27996
-19441
-7927
4794
16785
26221
31665
32288
27997
19444
7931
-4789
-16780
-26217
-31663
-32288
-27999
-19447
-7935
4785
16776
26214
31661
32288
28000
19450
7939
-4781
-16773
-26212
-31660
-32289
-28003
-19454
-7943
4777
16770
26210
31660
32290
28005
19457
7947
-4773
-16766
-26207
-31659
-32291
-28008
-19461
-7951
4769
16763
26205
31658
32292
28011
19465
7956
-4764
-16759
-26203
-31658
-32293
-28013
-19468
-7959
4761
16757
26202
31658
32294
28015
19471
7963
-4757
-16753
-26199
-31656
-32294
-28017
-19475
-7968
4752
16748
26195
31654
32295
28020
19480
7974
-4745
-16742
-26191
-31652
-32295
-28022
-19483
-7979
4740
16738
26188
31651
32296
28025
19487
7983
-4736
-16734
-26185
-31650
-32296
-28027
-19491
-7988
4731
16730
26182
31649
32298
28031
19496
7993
-4726
-16726
-26180
-31648
-32298
-28032
-19498
-7996
4723
16723
26177
31646
32298
28033
19501
8000
-4719
-16719
-26174
-31645
-32298
-28035
-19504
-8004
4715
16716
26172
31644
32299
28038
19509
8010
-4709
-16711
-26169
-31643
-32300
-28041
-19513
-8014
4704
16706
26165
31641
32300
28043
19517
8020
-4698
-16701
-26162
-31640
-32301
-28046
-19521
-8024
4694
16697
26159
31639
32302
28048
19525
8029
-4689
-16693
-26156
-31637
-32302
-28050
-19528
-8033
4685
16689
26153
31635
32301
28051
19530
8036
-4681
-16686
-26151
-31635
-32303
-28054
-19534
-8040
4678
16684
26150
31635
32304
28056
19537
8044
-4674
-16680
-26147
-31633
-32304
-28058
-19540
-8048
4670
16677
26145
31632
32304
28059
19542
8050
-4667
-16674
-26142
-31631
-32304
-28060
-19545
-8054
4663
16670
26139
31629
32304
28062
19548
8058
-4659
-16667
-26138
-31630
-32306
-28065
-19552
-8062
4655
16663
26135
31628
32306
28067
19555
8066
-4651
-16660
-26133
-31628
-32308
-28070
-19559
-8071
4646
16656
26131
31628
32310
28074
19564
8076
-4642
-16653
-26129
-31627
-32310
-28075
-19566
-8079
4638
16649
26126
31626
32311
28078
19571
8084
-4634
-16646
-26124
-31625
-32311
-28079
-19573
-8087
4630
16642
26121
31624
32312
28082
19577
8092
-4625
-16638
-26119
-31623
-32313
-28085
-19581
-8096
4621
16634
26115
31620
32312
28086
19584
8101
-4615
-16629
-26112
-31619
-32313
-28089
-19589
-8106
4610
16625
26109
31618
32314
28092
19593
8111
-4605
-16621
-26106
-31617
-32315
-28094
-19596
-8115
4601
16617
26103
31616
32316
28097
19600
8120
-4596
-16613
-26101
-31615
-32316
-28098
-19603
-8124
4592
16609
26098
31614
32317
28101
19607
8128
-4588
-16606
-26096
-31613
-32318
-28104
-19611
-8133
4583
16601
26092
31611
32318
28106
19615
8138
-4578
-16597
-26090
-31611
-32319
-28108
-19618
-8142
4574
16593
26086
31608
32318
28110
19622
8147
-4568
-16588
-26083
-31607
-32319
-28112
-19625
-8151
4564
16585
26081
31606
32320
28114
19628
8154
-4561
-16582
-26078
-31604
-32319
-28114
-19630
-8157
4557
16578
26075
31602
32318
28115
19632
8160
-4554
-16575
-26072
-31600
-32318
-28117
-19636
-8165
4548
16569
26068
31598
32318
28119
19639
8170
-4543
-16564
-26064
-31596
-32318
-28121
-19643
-8174
4539
16561
26062
31595
32319
28123
19646
8178
-4534
-16556
-26058
-31593
-32318
-28124
-19649
-8183
4529
16551
26054
31591
32318
28126
19652
8187
-4524
-16547
-26051
-31589
-32318
-28128
-19656
-8191
4521
16544
26049
31588
32318
28129
19658
8195
-4516
-16539
-26045
-31586
-32318
-28131
-19661
-8198
4513
16537
26043
31585
32318
28133
19665
8203
-4508
-16533
-26041
-31585
-32320
-28136
-19669
-8207
4504
16529
26038
31583
32320
28138
19672
8212
-4499
-16525
-26035
-31582
-32321
-28140
-19675
-8215
4495
16521
26032
31580
32320
28141
19678
8219
-4491
-16517
-26029
-31578
-32320
-28142
-19680
-8222
4487
16514
26027
31577
32320
28144
19683
8226
-4483
-16510
-26023
-31575
-32320
-28146
-19687
-8231
4478
16506
26021
31575
32322
28149
19691
8235
-4475
-16503
-26019
-31574
-32322
-28151
-19694
-8239
4470
16499
26016
31573
32323
28153
19697
8243
-4466
-16495
-26013
-31571
-32323
-28155
-19701
-8248
4461
16491
26011
31571
32324
28157
19704
8251
-4458
-16488
-26008
-31569
-32324
-28159
-19707
-8255
4453
16483
26004
31566
32323
28160
19710
8260
-4447
-16477
-25999
-31563
-32322
-28161
-19713
-8264
4443
16473
25996
31561
32321
28162
19715
8267
-4439
-16469
-25992
-31559
-32321
-28164
-19719
-8272
4434
16465
25990
31558
32322
28166
19723
8277
-4429
-16461
-25987
-31557
-32322
-28168
-19726
-8281
4425
16457
25984
31555
32322
28170
19729
8285
-4420
-16452
-25980
-31553
-32322
-28172
-19733
-8290
4415
16448
25977
31552
32323
28175
19737
8295
-4410
-16444
-25975
-31551
-32324
-28177
-19740
-8298
4407
16441
25972
31550
32324
28178
19743
8302
-4403
-16437
-25969
-31548
-32324
-28180
-19746
-8306
4398
16433
25966
31546
32324
28182
19749
8310
-4394
-16429
-25963
-31544
-32324
-28183
-19752
-8314
4389
16424
25959
31542
32323
28185
19756
8319
-4384
-16419
-25955
-31540
-32323
-28186
-19759
-8324
4378
16414
25951
31538
32323
28189
19763
8329
-4373
-16409
-25947
-31535
-32322
-28190
-19766
-8333
4369
16406
25945
31534
32322
28191
19768
8336
-4365
-16402
-25942
-31532
-32322
-28192
-19770
-8339
4361
16398
25938
31530
32322
28194
19774
8344
-4356
-16393
-25935
-31529
-32323
-28197
-19778
-8348
4353
16391
25934
31529
32324
28199
19781
8351
-4350
-16389
-25933
-31529
-32325
-28201
-19784
-8355
4346
16386
25931
31529
32327
28204
19788
8360
-4341
-16381
-25928
-31527
-32327
-28206
-19791
-8363
4338
16379
25926
31527
32328
28209
19795
8368
-4333
-16375
-25924
-31526
-32329
-28211
-19798
-8372
4329
16371
25921
31525
32329
28213
19802
8376
-4325
-16368
-25919
-31524
-32330
-28215
-19805
-8380
4321
16364
25916
31522
32330
28217
19808
8384
-4316
-16359
-25912
-31520
-32330
-28219
-19812
-8389
4311
16355
25909
31519
32331
28221
19815
8392
-4308
-16352
-25907
-31518
-32331
-28223
-19818
-8396
4304
16349
25905
31517
32331
28224
19820
8399
-4301
-16346
-25903
-31516
-32331
-28225
-19822
-8402
4297
16342
25899
31514
32331
28227
19826
8407
-4292
-16338
-25897
-31514
-32333
-28231
-19831
-8412
4288
16335
25895
31513
32334
28233
19834
8416
-4283
-16330
-25891
-31511
-32333
-28234
-19837
-8420
4279
16327
25889
31510
32334
28236
19840
8423
-4276
-16324
-25887
-31509
-32334
-28238
-19843
-8427
4272
16321
25885
31509
32336
28242
19848
8433
-4266
-16316
-25882
-31508
-32337
-28244
-19852
-8438
4261
16311
25878
31506
32337
28246
19855
8441
-4258
-16309
-25877
-31506
-32338
-28248
-19858
-8445
4254
16305
25875
31505
32339
28251
19862
8449
-4250
-16302
-25872
-31504
-32340
-28253
-19865
-8453
4246
16299
25870
31503
32340
28255
19868
8457
-4241
-16294
-25867
-31502
-32341
-28258
-19873
-8463
4236
16290
25864
31501
32342
28260
19876
8466
-4232
-16286
-25861
-31499
-32342
-28262
-19879
-8470
4228
16283
25859
31498
32342
28264
19883
8475
-4223
-16279
-25857
-31499
-32345
-28268
-19888
-8480
4218
16275
25854
31497
32345
28270
19891
8484
-4214
-16271
-25851
-31496
-32346
-28273
-19895
-8489
4209
16267
25848
31494
32346
28275
19899
8494
-4204
-16263
-25846
-31494
-32348
-28278
-19903
-8498
4200
16259
25843
31492
32347
28279
19905
8501
-4197
-16256
-25840
-31491
-32347
-28280
-19908
-8505
4193
16252
25837
31489
32347
28281
19910
8508
-4189
-16248
-25834
-31487
-32346
-28282
-19913
-8512
4184
16244
25831
31485
32346
28284
19917
8518
-4178
-16238
-25826
-31483
-32347
-28287
-19921
-8522
4174
16235
25824
31482
32347
28289
19924
8526
-4170
-16231
-25821
-31480
-32347
-28290
-19927
-8530
4166
16228
25819
31480
32348
28293
19931
8535
-4161
-16223
-25816
-31479
-32350
-28297
-19936
-8540
4156
16220
25815
31480
32352
28300
19940
8544
-4152
-16216
-25812
-31478
-32352
-28302
-19943
-8548
4148
16213
25809
31476
32351
28303
19946
8552
-4143
-16208
-25805
-31474
-32351
-28304
-19949
-8557
4138
16203
25801
31471
32350
28305
19951
8560
-4134
-16199
-25798
-31470
-32351
-28308
-19955
-8564
4131
16197
25797
31470
32352
28310
19958
8567
-4128
-16194
-25795
-31469
-32353
-28312
-19961
-8572
4122
16189
25791
31467
32353
28314
19965
8576
-4118
-16185
-25788
-31465
-32352
-28315
-19967
-8580
4113
16180
25784
31463
32352
28317
19971
8585
-4108
-16176
-25781
-31462
-32353
-28320
-19976
-8591
4102
16171
25778
31461
32354
28323
19980
8596
-4097
-16166
-25775
-31460
-32355
-28326
-19984
-8600
4093
16163
25772
31458
32355
28327
19987
8604
-4089
-16159
-25770
-31457
-32355
-28328
-19989
-8607
4086
16157
25768
31456
32355
28330
19992
8610
-4082
-16153
-25765
-31455
-32356
-28332
-19995
-8614
4078
16149
25762
31453
32356
28334
19999
8619
-4073
-16145
-25759
-31452
-32357
-28337
-20003
-8624
4068
16141
25757
31452
32358
28339
20006
8627
-4065
-16138
-25755
-31451
-32359
-28342
-20010
-8632
4060
16134
25752
31449
32359
28344
20014
8637
-4055
-16130
-25749
-31449
-32361
-28348
-20019
-8643
4049
16125
25746
31448
32363
28352
20024
8648
-4045
-16122
-25745
-31448
-32364
-28354
-20027
-8651
4042
16119
25742
31446
32363
28354
20029
8655
-4037
-16114
-25738
-31444
-32363
-28356
-20032
-8659
4032
16110
25735
31443
32364
28359
20036
8663
-4028
-16106
-25733
-31442
-32364
-28360
-20039
-8668
4023
16102
25730
31441
32365
28363
20043
8672
-4019
-16098
-25726
-31438
-32364
-28364
-20046
-8677
4013
16093
25723
31437
32365
28366
20049
8680
-4010
-16090
-25720
-31435
-32364
-28367
-20052
-8684
4006
16086
25717
31433
32364
28369
20055
8688
-4001
-16081
-25713
-31431
-32364
-28371
-20059
-8694
3995
16076
25710
31430
32365
28374
20063
8697
-3992
-16074
-25709
-31430
-32366
-28376
-20066
-8702
3987
16069
25705
31428
32367
28379
20071
8707
-3982
-16065
-25703
-31428
-32369
-28383
-20076
-8713
3976
16060
25699
31426
32369
28385
20080
8718
-3971
-16055
-25695
-31424
-32369
-28387
-20083
-8722
3967
16052
25694
31424
32370
28389
20086
8726
-3963
-16048
-25691
-31422
-32370
-28391
-20090
-8730
3959
16045
25689
31422
32371
28393
20093
8734
-3954
-16041
-25686
-31420
-32371
-28395
-20096
-8738
3950
16037
25683
31419
32371
28396
20098
8741
-3946
-16033
-25679
-31416
-32370
-28397
-20101
-8745
3942
16029
25676
31414
32370
28399
20105
8750
-3937
-16025
-25673
-31413
-32371
-28402
-20109
-8755
3932
16021
25671
31412
32371
28403
20111
8758
-3928
-16017
-25667
-31410
-32371
-28405
-20115
-8763
3923
16012
25664
31409
32372
28408
20119
8767
-3919
-16009
-25662
-31408
-32373
-28410
-20122
-8771
3915
16006
25660
31407
32373
28412
20125
8775
-3911
-16002
-25657
-31406
-32374
-28414
-20129
-8779
3907
15999
25655
31405
32375
28417
20133
8784
-3902
-15994
-25652
-31405
-32377
-28421
-20138
-8790
3896
15989
25648
31403
32377
28423
20142
8795
-3891
-15985
-25645
-31401
-32376
-28424
-20144
-8798
3887
15981
25642
31399
32376
28425
20147
8802
-3883
-15977
-25639
-31398
-32377
-28428
-20152
-8808
3877
15972
25635
31396
32377
28430
20155
8812
-3873
-15968
-25632
-31394
-32377
-28432
-20159
-8817
3867
15963
25629
31393
32378
28435
20163
8821
-3863
-15959
-25626
-31392
-32379
-28438
-20167
-8826
3858
15955
25623
31390
32379
28439
20170
8830
-3854
-15952
-25621
-31390
-32380
-28442
-20174
-8835
3849
15948
25619
31390
32382
28446
20179
8840
-3845
-15944
-25616
-31389
-32383
-28448
-20182
-8844
3840
15939
25612
31386
32382
28449
20185
8848
-3836
-15936
-25610
-31385
-32383
-28452
-20189
-8853
3831
15932
25608
31385
32385
28455
20193
8857
-3827
-15928
-25604
-31383
-32384
-28456
-20196
-8861
3823
15925
25603
31383
32386
28459
20200
8866
-3818
-15921
-25600
-31382
-32387
-28462
-20204
-8870
3814
15917
25597
31380
32386
28463
20207
8875
-3808
-15912
-25594
-31379
-32387
-28466
-20211
-8879
3804
15908
25590
31377
32387
28468
20215
8885
-3798
-15903
-25587
-31376
-32388
-28470
-20218
-8888
3794
15899
25584
31374
32388
28472
20221
8892
-3790
-15896
-25582
-31373
-32388
-28473
-20224
-8896
3786
15892
25579
31372
32389
28476
20228
8901
-3781
-15888
-25576
-31370
-32388
-28476
-20230
-8904
3778
15885
25573
31368
32387
28477
20232
8907
-3774
-15881
-25570
-31367
-32389
-28481
-20237
-8912
3769
15877
25568
31366
32389
28483
20240
8916
-3765
-15873
-25564
-31364
-32389
-28484
-20243
-8920
3760
15868
25560
31361
32388
28485
20246
8925
-3755
-15863
-25557
-31360
-32389
-28488
-20250
-8929
3751
15860
25554
31358
32388
28489
20253
8933
-3746
-15855
-25551
-31357
-32389
-28492
-20257
-8938
3741
15851
25548
31356
32390
28494
20260
8942
-3737
-15847
-25545
-31354
-32390
-28496
-20264
-8947
3732
15843
25542
31353
32390
28497
20266
8950
-3729
-15840
-25540
-31352
-32391
-28499
-20269
-8953
3726
15838
25539
31352
32392
28502
20272
8956
-3723
-15835
-25537
-31351
-32392
-28503
-20275
-8961
3718
15831
25534
31350
32393
28505
20278
8964
-3715
-15829
-25533
-31350
-32394
-28507
-20281
-8967
3712
15826
25530
31348
32393
28508
20283
8970
-3709
-15823
-25528
-31347
-32394
-28510
-20286
-8974
3705
15820
25526
31347
32395
28513
20290
8978
-3701
-15816
-25523
-31345
-32395
-28514
-20293
-8982
3696
15811
25519
31342
32394
28515
20295
8986
-3691
-15806
-25515
-31340
-32394
-28517
-20299
-8991
3686
15802
25512
31339
32395
28520
20303
8996
-3681
-15798
-25510
-31338
-32395
-28522
-20307
-9000
3677
15794
25507
31337
32396
28524
20310
9004
-3673
-15791
-25505
-31336
-32397
-28527
-20314
-9009
3668
15787
25502
31335
32398
28529
20317
9012
-3665
-15784
-25500
-31334
-32398
-28530
-20319
-9015
3662
15781
25498
31333
32399
28533
20323
9019
-3658
-15778
-25496
-31332
-32398
-28533
-20324
-9021
3655
15775
25493
31330
32398
28534
20327
9025
-3651
-15771
-25490
-31329
-32398
-28536
-20330
-9029
3646
15767
25487
31327
32398
28538
20333
9033
-3642
-15763
-25484
-31326
-32399
-28541
-20337
-9037
3638
15760
25482
31325
32399
28542
20340
9042
-3633
-15755
-25479
-31324
-32400
-28545
-20344
-9046
3629
15751
25475
31321
32399
28546
20347
9051
-3623
-15746
-25472
-31320
-32400
-28549
-20352
-9056
3618
15742
25469
31319
32401
28551
20355
9060
-3615
-15739
-25467
-31318
-32402
-28554
-20359
-9065
3609
15734
25464
31317
32402
28556
20362
9069
-3605
-15730
-25461
-31316
-32403
-28558
-20366
-9073
3601
15727
25458
31314
32403
28559
20368
9076
-3598
-15724
-25457
-31314
-32404
-28562
-20372
-9081
3593
15720
25454
31313
32405
28565
20377
9087
-3586
-15714
-25449
-31310
-32405
-28568
-20382
-9093
3580
15708
25445
31308
32405
28570
20386
9098
-3575
-15704
-25442
-31307
-32406
-28572
-20388
-9100
3573
15702
25440
31306
32405
28572
20390
9104
-3568
-15697
-25437
-31304
-32405
-28574
-20393
-9107
3565
15694
25434
31302
32405
28576
20397
9113
-3558
-15688
-25430
-31300
-32405
-28578
-20401
-9118
3553
15683
25426
31298
32406
28581
20405
9123
-3548
-15679
-25423
-31297
-32406
-28583
-20408
-9127
3544
15675
25420
31295
32406
28585
20412
9132
-3539
-15671
-25418
-31295
-32408
-28588
-20416
-9136
3534
15667
25414
31292
32407
28589
20419
9140
-3530
-15663
-25411
-31291
-32407
-28591
-20422
-9144
3526
15659
25408
31290
32408
28593
20425
9148
-3522
-15655
-25405
-31288
-32407
-28594
-20428
-9152
3517
15650
25401
31285
32406
28595
20431
9156
-3512
-15646
-25398
-31284
-32407
-28598
-20435
-9161
3507
15642
25395
31282
32407
28600
20439
9166
-3502
-15637
-25391
-31280
-32407
-28602
-20442
-9170
3498
15634
25390
31281
32409
28604
20445
9173
-3495
-15631
-25388
-31280
-32410
-28607
-20450
-9179
3489
15626
25384
31278
32410
28609
20453
9183
-3485
-15623
-25383
-31278
-32411
-28611
-20455
-9185
3483
15620
25380
31276
32411
28612
20458
9189
-3479
-15617
-25378
-31275
-32411
-28614
-20461
-9193
3474
15612
25374
31273
32411
28616
20464
9197
-3470
-15609
-25372
-31272
-32412
-28618
-20468
-9202
3465
15605
25369
31271
32413
28621
20472
9206
-3461
-15601
-25366
-31270
-32413
-28622
-20474
-9210
3456
15596
25362
31267
32412
28624
20479
9216
-3450
-15590
-25357
-31264
-32412
-28627
-20484
-9222
3444
15586
25355
31264
32413
28629
20486
9225
-3441
-15583
-25353
-31263
-32414
-28631
-20489
-9228
3438
15580
25350
31261
32413
28631
20491
9231
-3434
-15576
-25347
-31260
-32414
-28634
-20495
-9236
3429
15572
25345
31259
32415
28637
20499
9241
-3424
-15568
-25342
-31257
-32414
-28638
-20502
-9245
3420
15564
25339
31257
32417
28642
20507
9250
-3415
-15560
-25336
-31255
-32416
-28643
-20509
-9253
3411
15557
25334
31255
32417
28645
20513
9258
-3406
-15552
-25331
-31254
-32419
-28649
-20518
-9263
3402
15549
25329
31253
32420
28652
20522
9268
-3397
-15545
-25326
-31252
-32420
-28654
-20525
-9272
3392
15540
25323
31251
32421
28656
20529
9276
-3389
-15538
-25322
-31251
-32422
-28658
-20532
-9280
3384
15533
25318
31249
32423
28662
20537
9286
-3379
-15530
-25316
-31249
-32425
-28665
-20541
-9291
3374
15525
25313
31248
32425
28667
20545
9295
-3369
-15521
-25310
-31246
-32425
-28669
-20548
-9299
3365
15518
25308
31246
32427
28672
20552
9304
-3361
-15514
-25306
-31245
-32428
-28675
-20557
-9309
3356
15510
25304
31245
32430
28678
20561
9314
-3351
-15506
-25301
-31244
-32430
-28680
-20564
-9318
3346
15501
25296
31240
32428
28681
20568
9323
-3341
-15496
-25292
-31238
-32428
-28683
-20571
-9328
3335
15491
25288
31236
32429
28686
20576
9333
-3330
-15486
-25285
-31235
-32430
-28689
-20580
-9339
3324
15481
25282
31234
32431
28692
20584
9343
-3320
-15478
-25280
-31233
-32432
-28694
-20588
-9348
3315
15474
25277
31232
32433
28697
20592
9352
-3311
-15471
-25275
-31232
-32434
-28699
-20595
-9356
3307
15467
25272
31230
32434
28701
20599
9361
-3302
-15463
-25270
-31230
-32436
-28705
-20604
-9366
3298
15460
25268
31230
32437
28707
20606
9368
-3296
-15458
-25267
-31229
-32437
-28708
-20608
-9371
3292
15454
25264
31228
32438
28711
20613
9377
-3286
-15449
-25260
-31226
-32438
-28713
-20617
-9382
3281
15444
25256
31223
32437
28714
20620
9387
-3275
-15439
-25252
-31221
-32438
-28717
-20625
-9393
3269
15434
25249
31220
32438
28719
20628
9397
-3264
-15429
-25245
-31217
-32437
-28720
-20630
-9400
3261
15426
25243
31217
32438
28722
20634
9404
-3257
-15423
-25241
-31217
-32440
-28726
-20638
-9409
3253
15420
25239
31216
32441
28728
20642
9413
-3248
-15415
-25235
-31214
-32441
-28730
-20645
-9418
3243
15410
25232
31212
32441
28732
20649
9423
-3238
-15406
-25228
-31210
-32441
-28734
-20653
-9428
3233
15402
25226
31210
32443
28738
20657
9432
-3229
-15399
-25225
-31211
-32445
-28741
-20661
-9436
3225
15395
25222
31209
32445
28743
20665
9441
-3220
-15391
-25219
-31208
-32446
-28746
-20669
-9446
3215
15387
25216
31207
32447
28748
20673
9451
-3210
-15382
-25213
-31206
-32448
-28751
-20677
-9455
3206
15379
25211
31205
32449
28754
20681
9460
-3201
-15375
-25208
-31204
-32449
-28755
-20684
-9464
3197
15371
25205
31202
32449
28757
20687
9468
-3193
-15368
-25203
-31202
-32451
-28760
-20691
-9472
3189
15364
25200
31200
32450
28761
20694
9476
-3184
-15360
-25197
-31198
-32450
-28763
-20697
-9481
3179
15355
25193
31196
32450
28765
20701
9485
-3174
-15350
-25190
-31195
-32451
-28768
-20705
-9490
3169
15346
25187
31193
32451
28770
20709
9495
-3164
-15342
-25184
-31192
-32451
-28771
-20711
-9498
3160
15337
25179
31188
32449
28771
20713
9502
-3155
-15332
-25175
-31186
-32449
-28773
-20717
-9507
3150
15328
25173
31185
32450
28776
20721
9512
-3145
-15324
-25170
-31184
-32451
-28779
-20725
-9516
3141
15320
25167
31183
32452
28781
20729
9521
-3136
-15316
-25164
-31181
-32451
-28782
-20731
-9525
3131
15311
25160
31178
32450
28783
20734
9528
-3128
-15308
-25158
-31178
-32451
-28785
-20737
-9532
3124
15305
25156
31178
32453
28788
20741
9537
-3119
-15300
-25152
-31176
-32453
-28791
-20746
-9543
3113
15295
25149
31175
32455
28795
20751
9548
-3108
-15291
-25147
-31174
-32456
-28798
-20756
-9554
3102
15286
25143
31172
32456
28800
20760
9559
-3097
-15282
-25140
-31171
-32457
-28802
-20762
-9561
3095
15280
25139
31171
32457
28803
20764
9564
-3091
-15276
-25135
-31168
-32456
-28804
-20767
-9569
3086
15271
25131
31165
32455
28805
20770
9573
-3082
-15268
-25129
-31165
-32456
-28807
-20773
-9576
3078
15264
25126
31163
32456
28809
20776
9581
-3073
-15259
-25122
-31161
-32456
-28811
-20780
-9585
3069
15255
25119
31159
32455
28812
20783
9590
-3063
-15250
-25115
-31157
-32456
-28815
-20787
-9595
3058
15245
25111
31155
32456
28817
20791
9600
-3052
-15240
-25108
-31154
-32457
-28820
-20795
-9605
3047
15236
25106
31154
32459
28824
20801
9611
-3042
-15232
-25104
-31154
-32461
-28827
-20805
-9616
3037
15228
25101
31152
32461
28829
20808
9620
-3032
-15223
-25096
-31149
-32460
-28830
-20811
-9624
3028
15219
25093
31147
32459
28831
20814
9628
-3023
-15214
-25089
-31145
-32459
-28833
-20817
-9632
3019
15211
25087
31144
32460
28835
20821
9637
-3014
-15206
-25083
-31142
-32460
-28837
-20824
-9641
3009
15201
25079
31139
32459
28839
20828
9647
-3003
-15196
-25076
-31138
-32460
-28841
-20831
-9650
3000
15193
25073
31136
32459
28842
20834
9654
-2995
-15189
-25070
-31135
-32460
-28844
-20837
-9658
2991
15185
25067
31133
32460
28846
20841
9663
-2986
-15180
-25063
-31131
-32459
-28847
-20844
-9668
2980
15175
25059
31129
32459
28849
20847
9671
-2977
-15172
-25057
-31128
-32460
-28851
-20850
-9675
2973
15168
25054
31126
32460
28853
20854
9680
-2967
-15162
-25050
-31124
-32460
-28855
-20857
-9684
2963
15159
25048
31123
32460
28857
20861
9689
-2958
-15155
-25044
-31121
-32460
-28859
-20864
-9693
2954
15151
25042
31121
32462
28862
20868
9697
-2950
-15148
-25040
-31120
-32462
-28863
-20870
-9700
2947
15145
25038
31119
32462
28864
20872
9703
-2943
-15141
-25034
-31116
-32462
-28867
-20877
-9709
2937
15136
25031
31116
32464
28871
20883
9716
-2931
-15132
-25029
-31116
-32466
-28874
-20887
-9720
2927
15128
25026
31114
32466
28876
20890
9724
-2922
-15123
-25022
-31112
-32465
-28877
-20893
-9728
2918
15120
25020
31111
32466
28880
20897
9733
-2913
-15115
-25017
-31110
-32467
-28882
-20900
-9737
2909
15112
25014
31108
32467
28884
20903
9740
-2906
-15110
-25014
-31109
-32468
-28885
-20905
-9743
2902
15106
25010
31107
32468
28887
20908
9747
-2898
-15102
-25007
-31105
-32468
-28889
-20912
-9752
2893
15098
25004
31104
32468
28890
20914
9754
-2890
-15094
-25001
-31102
-32468
-28892
-20918
-9759
2885
15090
24998
31101
32469
28895
20922
9764
-2880
-15086
-24995
-31099
-32469
-28897
-20926
-9769
2875
15081
24992
31098
32470
28900
20930
9774
-2870
-15078
-24990
-31098
-32472
-28903
-20934
-9778
2867
15075
24988
31097
32472
28905
20937
9782
-2862
-15071
-24985
-31096
-32473
-28907
-20940
-9786
2858
15067
24983
31096
32474
28910
20945
9791
-2854
-15064
-24981
-31095
-32475
-28912
-20948
-9795
2849
15059
24977
31093
32475
28914
20952
9800
-2844
-15055
-24974
-31091
-32475
-28916
-20955
-9804
2840
15051
24971
31090
32476
28919
20959
9809
-2834
-15046
-24968
-31089
-32477
-28922
-20964
-9815
2828
15041
24964
31087
32478
28925
20968
9819
-2824
-15038
-24963
-31087
-32479
-28927
-20972
-9824
2819
15034
24960
31086
32480
28930
20975
9827
-2817
-15032
-24959
-31086
-32480
-28931
-20977
-9830
2813
15028
24956
31085
32481
28934
20982
9836
-2807
-15023
-24952
-31083
-32482
-28937
-20987
-9842
2801
15018
24949
31082
32483
28940
20992
9848
-2795
-15013
-24945
-31080
-32483
-28942
-20995
-9852
2791
15009
24942
31078
32483
28943
20997
9855
-2788
-15006
-24940
-31077
-32483
-28945
-21001
-9859
2783
15002
24937
31076
32484
28947
21004
9863
-2779
-14998
-24934
-31075
-32485
-28950
-21008
-9868
2774
14994
24931
31073
32484
28951
21010
9871
-2770
-14990
-24928
-31071
-32484
-28953
-21014
-9876
2765
14985
24924
31069
32485
28956
21019
9882
-2759
-14981
-24922
-31069
-32486
-28958
-21022
-9886
2755
14977
24919
31068
32487
28961
21026
9890
-2751
-14973
-24916
-31066
-32487
-28963
-21030
-9895
2746
14969
24913
31065
32487
28965
21033
9899
-2742
-14966
-24911
-31064
-32488
-28967
-21036
-9903
2738
14962
24908
31063
32489
28970
21040
9907
-2734
-14959
-24907
-31063
-32490
-28971
-21042
-9909
2732
14957
24905
31062
32490
28973
21045
9914
-2727
-14953
-24902
-31060
-32490
-28974
-21047
-9916
2725
14951
24901
31060
32491
28976
21050
9920
-2720
-14946
-24897
-31058
-32491
-28978
-21054
-9925
2715
14942
24894
31056
32490
28979
21056
9928
-2711
-14938
-24891
-31055
-32491
-28981
-21060
-9932
2707
14934
24888
31053
32491
28983
21063
9937
-2702
-14930
-24885
-31052
-32492
-28986
-21068
-9942
2697
14926
24883
31052
32494
28990
21072
9947
-2692
-14922
-24880
-31051
-32495
-28992
-21076
-9951
2688
14919
24878
31050
32495
28994
21079
9955
-2684
-14915
-24875
-31048
-32495
-28996
-21082
-9959
2680
14911
24872
31047
32495
28997
21084
9962
-2677
-14909
-24871
-31047
-32496
-28999
-21087
-9965
2674
14906
24868
31045
32495
28999
21089
9968
-2670
-14902
-24866
-31044
-32496
-29002
-21093
-9972
2666
14899
24863
31042
32495
29002
21094
9975
-2663
-14896
-24861
-31041
-32496
-29004
-21097
-9978
2660
14893
24859
31040
32496
29006
21100
9982
-2656
-14889
-24856
-31039
-32497
-29008
-21103
-9986
2652
14886
24854
31038
32497
29010
21107
9990
-2647
-14881
-24850
-31036
-32497
-29012
-21110
-9995
2642
14877
24847
31035
32498
29015
21114
9999
-2638
-14874
-24845
-31034
-32499
-29017
-21118
-10004
2633
14869
24842
31033
32500
29020
21122
10009
-2628
-14865
-24839
-31032
-32501
-29023
-21126
-10013
2624
14862
24838
31032
32502
29025
21129
10017
-2620
-14858
-24834
-31030
-32502
-29027
-21133
-10022
2614
14853
24831
31029
32503
29029
21136
10026
-2611
-14851
-24830
-31029
-32504
-29031
-21139
-10029
2608
14848
24828
31028
32505
29034
21143
10034
-2603
-14844
-24825
-31027
-32505
-29036
-21147
-10038
2599
14840
24822
31025
32505
29038
21150
10042
-2595
-14837
-24820
-31025
-32506
-29040
-21153
-10046
2590
14832
24816
31023
32507
29043
21157
10051
-2585
-14828
-24814
-31022
-32507
-29045
-21161
-10056
2580
14823
24810
31020
32508
29048
21165
10060
-2576
-14820
-24808
-31020
-32509
-29050
-21169
-10065
2571
14816
24805
31018
32509
29052
21172
10069
-2566
-14811
-24801
-31015
-32508
-29053
-21175
-10073
2563
14808
24799
31015
32509
29055
21178
10077
-2558
-14803
-24795
-31012
-32508
-29056
-21181
-10081
2553
14799
24792
31011
32509
29059
21185
10086
-2549
-14796
-24790
-31011
-32511
-29062
-21189
-10090
2544
14791
24787
31009
32510
29063
21192
10095
-2539
-14786
-24782
-31006
-32509
-29064
-21194
-10098
2535
14782
24779
31004
32509
29066
21198
10102
-2531
-14779
-24777
-31003
-32510
-29069
-21202
-10108
2525
14774
24774
31002
32510
29070
21205
10112
-2520
-14769
-24770
-31000
-32511
-29073
-21209
-10117
2515
14765
24767
30999
32511
29075
21213
10121
-2511
-14761
-24764
-30997
-32512
-29078
-21217
-10127
2505
14756
24761
30996
32512
29080
21221
10131
-2501
-14753
-24759
-30996
-32514
-29083
-21224
-10134
2498
14750
24757
30995
32515
29086
21229
10140
-2492
-14745
-24753
-30993
-32515
-29088
-21233
-10146
2486
14739
24749
30991
32515
29090
21236
10150
-2481
-14735
-24745
-30988
-32514
-29091
-21239
-10154
2477
14731
24743
30988
32515
29093
21242
10157
-2474
-14728
-24740
-30986
-32515
-29095
-21245
-10161
2470
14725
24738
30985
32515
29096
21248
10165
-2465
-14720
-24734
-30983
-32515
-29098
-21252
-10170
2460
14716
24732
30983
32517
29101
21255
10174
-2456
-14712
-24729
-30981
-32517
-29103
-21259
-10179
2451
14708
24726
30980
32518
29106
21263
10183
-2447
-14705
-24724
-30979
-32518
-29108
-21267
-10188
2442
14701
24722
30979
32520
29111
21270
10191
-2439
-14698
-24720
-30978
-32520
-29113
-21274
-10196
2434
14694
24717
30977
32521
29115
21277
10200
-2430
-14690
-24714
-30975
-32521
-29117
-21280
-10204
2426
14687
24712
30975
32522
29119
21283
10207
-2422
-14683
-24708
-30972
-32521
-29120
-21286
-10211
2418
14679
24706
30972
32523
29124
21291
10217
-2412
-14674
-24702
-30970
-32523
-29126
-21295
-10222
2407
14669
24698
30967
32522
29127
21298
10227
-2401
-14664
-24695
-30966
-32523
-29130
-21302
-10231
2397
14660
24691
30963
32521
29129
21303
10234
-2393
-14656
-24688
-30962
-32523
-29134
-21309
-10240
2387
14651
24685
30961
32524
29136
21313
10245
-2382
-14647
-24682
-30960
-32524
-29138
-21316
-10249
2379
14645
24681
30960
32525
29140
21319
10252
-2375
-14641
-24678
-30959
-32527
-29144
-21324
-10258
2370
14637
24676
30958
32527
29145
21327
10262
-2365
-14633
-24673
-30957
-32528
-29148
-21331
-10266
2361
14629
24670
30955
32528
29150
21334
10270
-2357
-14625
-24667
-30954
-32529
-29152
-21338
-10275
2352
14621
24665
30954
32531
29156
21342
10279
-2348
-14618
-24663
-30953
-32531
-29157
-21344
-10282
2345
14615
24660
30951
32530
29158
21347
10287
-2339
-14609
-24655
-30948
-32530
-29160
-21351
-10292
2333
14603
24651
30946
32530
29162
21355
10297
-2328
-14599
-24648
-30944
-32530
-29164
-21358
-10301
2324
14596
24645
30942
32529
29165
21361
10305
-2320
-14592
-24642
-30941
-32530
-29167
-21364
-10309
2315
14587
24638
30939
32530
29169
21368
10314
-2310
-14583
-24636
-30938
-32530
-29171
-21371
-10318
2306
14579
24633
30937
32531
29173
21374
10321
-2303
-14577
-24632
-30936
-32531
-29174
-21376
-10324
2300
14574
24629
30935
32532
29177
21380
10328
-2296
-14571
-24627
-30934
-32532
-29178
-21383
-10332
2291
14566
24624
30933
32533
29181
21387
10338
-2285
-14560
-24619
-30930
-32532
-29183
-21391
-10343
2280
14556
24616
30929
32533
29186
21396
10348
-2275
-14552
-24614
-30929
-32535
-29189
-21399
-10352
2271
14548
24611
30927
32535
29191
21403
10357
-2266
-14544
-24608
-30926
-32536
-29194
-21407
-10361
2262
14541
24606
30925
32536
29195
21409
10364
-2258
-14537
-24602
-30922
-32535
-29196
-21412
-10368
2254
14533
24600
30922
32536
29198
21415
10372
-2250
-14530
-24598
-30922
-32538
-29202
-21420
-10377
2245
14526
24596
30922
32540
29205
21424
10382
-2241
-14523
-24594
-30921
-32541
-29208
-21428
-10386
2237
14519
24591
30919
32540
29208
21430
10389
-2233
-14515
-24587
-30916
-32539
-29209
-21433
-10394
2227
14509
24583
30914
32539
29211
21436
10398
-2223
-14505
-24579
-30912
-32539
-29213
-21439
-10402
2219
14502
24578
30912
32540
29215
21443
10406
-2215
-14499
-24575
-30910
-32540
-29217
-21446
-10411
2209
14493
24571
30909
32541
29220
21451
10416
-2204
-14489
-24569
-30908
-32542
-29223
-21455
-10421
2200
14486
24567
30908
32544
29226
21459
10425
-2196
-14483
-24565
-30907
-32544
-29228
-21462
-10428
2193
14480
24563
30907
32545
29230
21465
10432
-2189
-14477
-24561
-30906
-32546
-29232
-21468
-10436
2184
14472
24557
30904
32546
29234
21472
10441
-2179
-14468
-24554
-30902
-32546
-29236
-21475
-10445
2175
14464
24551
30901
32546
29238
21479
10450
-2170
-14460
-24548
-30899
-32546
-29240
-21482
-10454
2165
14454
24543
30896
32545
29241
21485
10458
-2161
-14451
-24541
-30895
-32546
-29243
-21488
-10462
2157
14448
24539
30895
32547
29245
21491
10466
-2152
-14443
-24535
-30892
-32546
-29247
-21495
-10471
2147
14438
24532
30891
32547
29249
21498
10475
-2143
-14435
-24529
-30889
-32547
-29251
-21502
-10479
2139
14431
24527
30888
32547
29252
21504
10483
-2134
-14427
-24523
-30886
-32547
-29254
-21507
-10486
2131
14424
24521
30885
32547
29255
21510
10490
-2127
-14420
-24518
-30884
-32548
-29258
-21514
-10495
2121
14415
24514
30882
32548
29260
21518
10500
-2116
-14410
-24510
-30879
-32547
-29261
-21520
-10503
2113
14407
24508
30878
32547
29262
21522
10506
-2109
-14404
-24506
-30877
-32548
-29265
-21527
-10511
2105
14400
24503
30876
32549
29267
21530
10515
-2100
-14396
-24500
-30874
-32548
-29268
-21533
-10520
2095
14391
24496
30872
32548
29270
21536
10524
-2091
-14388
-24494
-30871
-32549
-29272
-21539
-10527
2088
14385
24492
30871
32550
29274
21542
10530
-2085
-14382
-24490
-30870
-32550
-29276
-21545
-10534
2081
14379
24488
30869
32551
29278
21548
10538
-2076
-14374
-24484
-30867
-32551
-29280
-21552
-10543
2071
14370
24482
30866
32552
29283
21556
10547
-2067
-14367
-24480
-30866
-32553
-29285
-21559
-10551
2063
14363
24476
30863
32552
29286
21562
10555
-2059
-14359
-24474
-30863
-32553
-29288
-21565
-10559
2054
14355
24470
30860
32552
29289
21567
10562
-2051
-14352
-24468
-30859
-32552
-29291
-21571
-10567
2046
14348
24465
30858
32553
29293
21574
10571
-2041
-14343
-24461
-30855
-32552
-29294
-21576
-10574
2038
14340
24459
30854
32552
29295
21578
10576
-2035
-14337
-24456
-30852
-32551
-29296
-21581
-10581
2030
14332
24452
30850
32551
29298
21585
10585
-2026
-14329
-24451
-30850
-32553
-29301
-21588
-10589
2022
14326
24449
30850
32554
29303
21591
10592
-2019
-14323
-24447
-30849
-32555
-29306
-21595
-10597
2014
14319
24444
30848
32556
29309
21600
10603
-2008
-14314
-24441
-30847
-32557
-29312
-21604
-10607
2004
14311
24439
30847
32559
29315
21609
10613
-1999
-14306
-24436
-30846
-32560
-29318
-21613
-10617
1995
14303
24434
30845
32561
29321
21617
10622
-1990
-14299
-24431
-30844
-32562
-29323
-21620
-10626
1986
14296
24429
30844
32563
29326
21624
10630
-1982
-14292
-24427
-30843
-32563
-29327
-21626
-10633
1978
14289
24424
30841
32563
29329
21630
10638
-1973
-14284
-24420
-30839
-32563
-29331
-21634
-10643
1968
14280
24418
30839
32565
29334
21638
10648
-1963
-14276
-24415
-30837
-32565
-29336
-21641
-10652
1959
14272
24412
30836
32566
29339
21645
10656
-1955
-14268
-24409
-30834
-32566
-29341
-21649
-10661
1950
14264
24407
30834
32567
29343
21652
10665
-1946
-14261
-24405
-30834
-32569
-29347
-21657
-10670
1941
14257
24403
30834
32571
29351
21662
10675
-1937
-14254
-24401
-30834
-32573
-29354
-21666
-10680
1932
14250
24399
30833
32573
29355
21668
10683
-1928
-14246
-24395
-30831
-32573
-29357
-21672
-10688
1923
14242
24393
30830
32574
29360
21676
10692
-1919
-14238
-24390
-30829
-32575
-29362
-21679
-10696
1915
14235
24387
30827
32574
29363
21682
10700
-1910
-14230
-24383
-30824
-32573
-29364
-21685
-10704
1906
14226
24381
30824
32574
29366
21688
10708
-1902
-14223
-24379
-30823
-32575
-29369
-21691
-10711
1899
14220
24377
30823
32576
29371
21695
10716
-1895
-14217
-24375
-30822
-32577
-29373
-21698
-10720
1890
14213
24372
30821
32578
29376
21702
10724
-1886
-14209
-24369
-30819
-32577
-29377
-21705
-10728
1881
14204
24365
30817
32577
29379
21708
10732
-1877
-14201
-24363
-30816
-32578
-29381
-21711
-10736
1873
14198
24361
30816
32580
29384
21715
10740
-1869
-14194
-24358
-30814
-32579
-29385
-21718
-10744
1865
14191
24356
30813
32580
29388
21722
10749
-1860
-14187
-24354
-30813
-32582
-29392
-21727
-10754
1856
14183
24351
30812
32583
29394
21730
10758
-1851
-14179
-24348
-30811
-32583
-29396
-21734
-10763
1846
14175
24346
30810
32584
29399
21738
10768
-1841
-14170
-24342
-30809
-32585
-29402
-21742
-10772
1837
14167
24341
30809
32587
29405
21746
10777
-1833
-14164
-24339
-30809
-32588
-29407
-21749
-10780
1830
14162
24338
30809
32589
29409
21752
10784
-1826
-14158
-24335
-30807
-32589
-29411
-21755
-10787
1822
14154
24332
30806
32590
29414
21760
10793
-1817
-14151
-24330
-30805
-32591
-29416
-21763
-10797
1812
14146
24326
30803
32591
29418
21767
10802
-1807
-14141
-24323
-30802
-32592
-29421
-21771
-10807
1802
14137
24320
30800
32591
29422
21774
10811
-1798
-14133
-24317
-30799
-32592
-29424
-21777
-10815
1794
14130
24314
30797
32592
29426
21780
10819
-1789
-14125
-24311
-30796
-32592
-29428
-21784
-10823
1785
14121
24308
30794
32592
29430
21787
10828
-1779
-14116
-24304
-30792
-32592
-29432
-21791
-10833
1774
14111
24300
30790
32593
29435
21795
10837
-1770
-14108
-24299
-30790
-32594
-29437
-21799
-10842
1765
14104
24295
30788
32594
29439
21802
10847
-1760
-14099
-24292
-30787
-32595
-29441
-21805
-10850
1757
14096
24289
30785
32594
29442
21808
10854
-1752
-14092
-24287
-30784
-32595
-29444
-21811
-10857
1749
14089
24284
30782
32594
29445
21814
10862
-1744
-14084
-24280
-30780
-32594
-29447
-21817
-10866
1739
14079
24276
30777
32593
29448
21820
10870
-1735
-14076
-24274
-30777
-32594
-29450
-21823
-10874
1730
14071
24270
30774
32593
29451
21825
10877
-1727
-14068
-24268
-30773
-32594
-29453
-21829
-10881
1723
14065
24266
30773
32595
29455
21831
10884
-1720
-14062
-24264
-30772
-32595
-29457
-21834
-10888
1716
14059
24262
30771
32596
29459
21838
10892
-1712
-14055
-24258
-30768
-32594
-29459
-21839
-10894
1709
14052
24256
30767
32595
29461
21842
10898
-1705
-14049
-24254
-30767
-32596
-29464
-21846
-10903
1700
14045
24251
30765
32596
29466
21850
10907
-1696
-14041
-24248
-30764
-32597
-29468
-21853
-10912
1690
14035
24244
30762
32597
29471
21858
10917
-1685
-14031
-24241
-30761
-32598
-29473
-21861
-10922
1680
14026
24237
30759
32598
29475
21865
10927
-1675
-14022
-24234
-30757
-32598
-29477
-21869
-10931
1671
14018
24231
30756
32598
29479
21872
10935
-1667
-14015
-24230
-30756
-32600
-29482
-21875
-10938
1664
14012
24227
30754
32599
29483
21878
10943
-1658
-14007
-24223
-30752
-32599
-29485
-21882
-10948
1653
14002
24220
30750
32599
29486
21885
10952
-1648
-13998
-24217
-30749
-32600
-29489
-21889
-10957
1643
13993
24213
30747
32601
29492
21894
10963
-1637
-13988
-24210
-30746
-32602
-29495
-21898
-10968
1632
13984
24207
30745
32602
29497
21901
10971
-1629
-13981
-24204
-30743
-32601
-29497
-21903
-10974
1625
13977
24201
30741
32601
29499
21906
10978
-1621
-13973
-24198
-30739
-32601
-29501
-21910
-10983
1616
13969
24195
30738
32601
29502
21912
10986
-1612
-13965
-24192
-30736
-32601
-29504
-21915
-10990
1608
13961
24189
30734
32601
29505
21918
10994
-1604
-13958
-24187
-30734
-32602
-29508
-21922
-10999
1599
13954
24185
30734
32604
29511
21926
11003
-1595
-13950
-24182
-30732
-32604
-29513
-21929
-11007
1591
13947
24180
30732
32605
29516
21933
11011
-1587
-13943
-24177
-30730
-32605
-29517
-21935
-11014
1583
13940
24174
30728
32604
29518
21938
11018
-1579
-13936
-24171
-30726
-32604
-29519
-21941
-11022
1575
13932
24168
30725
32604
29521
21944
11026
-1571
-13928
-24165
-30723
-32604
-29523
-21947
-11030
1566
13923
24161
30721
32604
29524
21950
11034
-1561
-13919
-24158
-30719
-32604
-29526
-21953
-11038
1557
13915
24155
30718
32604
29528
21957
11043
-1552
-13911
-24152
-30717
-32605
-29531
-21961
-11048
1547
13906
24149
30715
32605
29533
21965
11053
-1542
-13902
-24146
-30714
-32606
-29535
-21967
-11055
1540
13901
24146
30715
32608
29537
21970
11058
-1537
-13898
-24144
-30714
-32608
-29539
-21973
-11062
1533
13895
24142
30713
32609
29541
21976
11066
-1529
-13891
-24138
-30711
-32608
-29542
-21979
-11070
1524
13886
24134
30708
32608
29544
21983
11075
-1519
-13882
-24132
-30708
-32609
-29547
-21987
-11080
1514
13878
24129
30707
32610
29550
21991
11085
-1509
-13873
-24125
-30705
-32610
-29552
-21995
-11089
1504
13869
24123
30704
32611
29554
21998
11093
-1501
-13867
-24122
-30704
-32612
-29556
-22001
-11096
1498
13864
24119
30703
32613
29559
22005
11101
-1493
-13860
-24117
-30702
-32613
-29560
-22007
-11104
1489
13855
24112
30698
32611
29560
22009
11108
-1484
-13850
-24108
-30696
-32611
-29562
-22012
-11112
1480
13847
24106
30695
32611
29564
22016
11116
-1476
-13844
-24104
-30695
-32613
-29567
-22020
-11121
1471
13840
24102
30694
32614
29569
22023
11124
-1468
-13837
-24100
-30694
-32615
-29572
-22027
-11129
1463
13833
24097
30693
32616
29575
22031
11133
-1459
-13829
-24094
-30691
-32616
-29576
-22033
-11136
1456
13826
24092
30690
32616
29577
22036
11140
-1452
-13823
-24090
-30689
-32616
-29579
-22039
-11144
1448
13819
24087
30688
32617
29582
22043
11149
-1443
-13815
-24084
-30686
-32617
-29583
-22046
-11153
1438
13810
24080
30684
32617
29585
22049
11157
-1434
-13807
-24078
-30683
-32617
-29587
-22052
-11160
1431
13804
24075
30681
32617
29588
22055
11164
-1426
-13799
-24072
-30680
-32618
-29591
-22059
-11169
1421
13795
24069
30679
32619
29594
22063
11173
-1417
-13792
-24067
-30679
-32620
-29596
-22067
-11178
1412
13788
24065
30679
32622
29600
22072
11183
-1408
-13785
-24063
-30678
-32623
-29603
-22076
-11188
1403
13780
24060
30677
32624
29605
22079
11192
-1398
-13776
-24056
-30674
-32622
-29605
-22081
-11196
1394
13772
24053
30672
32622
29607
22084
11200
-1390
-13768
-24050
-30671
-32623
-29609
-22088
-11204
1385
13763
24046
30668
32622
29610
22090
11207
-1381
-13759
-24043
-30667
-32622
-29612
-22094
-11212
1376
13755
24041
30667
32624
29615
22098
11217
-1372
-13752
-24039
-30666
-32625
-29618
-22102
-11221
1368
13749
24037
30666
32626
29620
22105
11224
-1365
-13747
-24036
-30666
-32627
-29622
-22108
-11228
1362
13744
24034
30665
32628
29625
22112
11233
-1356
-13738
-24029
-30662
-32627
-29626
-22115
-11238
1350
13733
24025
30660
32627
29628
22118
11241
-1347
-13731
-24024
-30660
-32628
-29630
-22121
-11245
1343
13727
24021
30658
32628
29631
22124
11249
-1339
-13723
-24018
-30657
-32629
-29634
-22128
-11254
1334
13719
24015
30655
32628
29635
22131
11257
-1330
-13715
-24012
-30654
-32629
-29638
-22134
-11261
1326
13711
24009
30653
32630
29641
22139
11267
-1321
-13708
-24008
-30653
-32632
-29644
-22143
-11271
1317
13704
24005
30652
32632
29646
22146
11275
-1313
-13701
-24003
-30651
-32633
-29648
-22150
-11280
1308
13697
24000
30650
32634
29650
22153
11283
-1304
-13693
-23998
-30649
-32635
-29653
-22157
-11288
1300
13690
23996
30649
32636
29655
22160
11292
-1295
-13685
-23992
-30646
-32635
-29657
-22164
-11297
1290
13681
23989
30645
32635
29658
22166
11299
-1287
-13678
-23987
-30644
-32636
-29660
-22169
-11303
1283
13674
23984
30642
32635
29661
22172
11307
-1279
-13670
-23980
-30640
-32635
-29663
-22175
-11311
1275
13667
23978
30639
32636
29665
22178
11315
-1270
-13662
-23974
-30637
-32635
-29666
-22181
-11319
1266
13658
23971
30634
32634
29667
22183
11322
-1262
-13654
-23968
-30633
-32635
-29669
-22187
-11327
1257
13650
23965
30632
32636
29672
22191
11332
-1252
-13646
-23963
-30632
-32637
-29675
-22195
-11336
1248
13643
23961
30631
32638
29677
22198
11340
-1244
-13639
-23958
-30629
-32638
-29679
-22202
-11345
1239
13635
23955
30628
32639
29681
22205
11348
-1236
-13632
-23953
-30627
-32639
-29683
-22208
-11352
1232
13629
23951
30627
32640
29685
22211
11356
-1228
-13625
-23948
-30625
-32639
-29685
-22212
-11358
1225
13621
23944
30622
32638
29686
22215
11363
-1219
-13616
-23940
-30619
-32637
-29687
-22218
-11366
1216
13613
23938
30618
32637
29688
22220
11369
-1212
-13609
-23934
-30616
-32637
-29690
-22224
-11374
1207
13605
23931
30614
32637
29692
22227
11378
-1203
-13601
-23929
-30614
-32638
-29695
-22231
-11382
1199
13598
23927
30614
32640
29698
22235
11387
-1194
-13594
-23924
-30612
-32640
-29700
-22239
-11392
1189
13589
23921
30611
32641
29703
22243
11397
-1184
-13584
-23916
-30608
-32640
-29704
-22246
-11401
1180
13581
23915
30608
32641
29706
22249
11405
-1176
-13578
-23913
-30608
-32643
-29710
-22254
-11410
1171
13574
23911
30608
32645
29714
22259
11416
-1165
-13569
-23908
-30607
-32646
-29717
-22263
-11420
1161
13565
23904
30605
32646
29719
22267
11425
-1156
-13561
-23901
-30603
-32646
-29720
-22270
-11429
1152
13557
23899
30602
32646
29722
22273
11433
-1147
-13553
-23895
-30600
-32646
-29724
-22277
-11438
1142
13548
23892
30598
32646
29726
22280
11442
-1137
-13544
-23889
-30597
-32647
-29728
-22283
-11446
1134
13541
23887
30596
32648
29730
22286
11450
-1129
-13537
-23884
-30595
-32648
-29732
-22290
-11455
1124
13532
23880
30593
32649
29735
22294
11459
-1120
-13529
-23878
-30592
-32649
-29736
-22296
-11462
1117
13526
23876
30591
32649
29737
22298
11465
-1114
-13523
-23874
-30590
-32649
-29739
-22301
-11468
1110
13519
23870
30588
32649
29741
22305
11473
-1105
-13515
-23868
-30587
-32650
-29743
-22308
-11477
1101
13512
23866
30586
32650
29744
22310
11480
-1098
-13509
-23863
-30585
-32651
-29747
-22314
-11485
1093
13505
23861
30584
32651
29749
22318
11489
-1089
-13501
-23858
-30583
-32652
-29751
-22321
-11493
1084
13497
23855
30582
32653
29754
22325
11498
-1079
-13492
-23851
-30579
-32652
-29755
-22328
-11502
1075
13488
23848
30577
32652
29757
22332
11507
-1070
-13484
-23845
-30576
-32652
-29758
-22334
-11510
1066
13480
23842
30575
32653
29761
22339
11516
-1060
-13475
-23839
-30574
-32654
-29764
-22343
-11521
1055
13471
23836
30572
32654
29766
22346
11524
-1052
-13468
-23834
-30571
-32654
-29767
-22348
-11527
1049
13465
23831
30569
32654
29768
22351
11531
-1045
-13462
-23829
-30569
-32655
-29771
-22354
-11534
1042
13459
23827
30568
32655
29772
22357
11538
-1037
-13454
-23823
-30566
-32655
-29774
-22360
-11542
1033
13450
23820
30564
32655
29776
22363
11546
-1029
-13447
-23818
-30563
-32655
-29777
-22366
-11550
1024
13442
23814
30561
32655
29779
22370
11555
-1019
-13438
-23811
-30560
-32656
-29782
-22374
-11560
1014
13434
23809
30559
32657
29785
22378
11565
-1009
-13430
-23806
-30558
-32658
-29787
-22381
-11568
1006
13427
23803
30556
32657
29787
22383
11571
-1002
-13423
-23801
-30555
-32658
-29790
-22387
-11576
998
13420
23799
30555
32659
29792
22390
11579
-995
-13417
-23797
-30554
-32659
-29793
-22392
-11582
991
13414
23795
30553
32660
29796
22396
11586
-987
-13410
-23792
-30551
-32659
-29796
-22397
-11589
983
13406
23788
30549
32659
29798
22401
11593
-979
-13402
-23785
-30547
-32659
-29800
-22404
-11598
974
13398
23782
30546
32660
29802
22407
11601
-971
-13395
-23780
-30545
-32660
-29804
-22410
-11604
968
13393
23779
30545
32661
29806
22413
11608
-964
-13389
-23776
-30543
-32660
-29806
-22415
-11612
959
13384
23771
30539
32658
29807
22418
11616
-954
-13379
-23768
-30538
-32659
-29809
-22421
-11620
950
13375
23764
30536
32659
29811
22425
11625
-945
-13371
-23761
-30534
-32659
-29813
-22428
-11629
941
13367
23759
30534
32660
29815
22431
11632
-937
-13364
-23756
-30532
-32660
-29816
-22433
-11636
933
13360
23753
30530
32659
29817
22436
11639
-930
-13358
-23752
-30530
-32660
-29819
-22439
-11643
925
13353
23748
30528
32660
29821
22442
11647
-921
-13349
-23745
-30526
-32660
-29823
-22446
-11652
916
13345
23742
30525
32661
29826
22450
11656
-912
-13341
-23739
-30523
-32661
-29828
-22454
-11661
907
13337
23737
30523
32663
29831
22458
11666
-902
-13333
-23734
-30522
-32663
-29833
-22461
-11670
898
13329
23731
30520
32663
29835
22465
11675
-893
-13325
-23728
-30519
-32664
-29837
-22468
-11679
888
13320
23724
30517
32664
29839
22472
11684
-883
-13316
-23722
-30517
-32666
-29843
-22476
-11688
879
13312
23719
30515
32666
29845
22480
11693
-874
-13308
-23716
-30514
-32667
-29847
-22484
-11698
869
13304
23713
30512
32666
29848
22486
11701
-865
-13300
-23710
-30510
-32666
-29850
-22490
-11706
860
13295
23707
30509
32667
29852
22493
11710
-856
-13292
-23704
-30508
-32668
-29855
-22497
-11715
851
13287
23701
30506
32668
29857
22501
11720
-845
-13282
-23697
-30504
-32667
-29858
-22504
-11724
841
13278
23694
30503
32668
29861
22508
11728
-837
-13275
-23692
-30503
-32670
-29864
-22512
-11733
832
13271
23690
30502
32671
29867
22516
11737
-828
-13267
-23687
-30501
-32672
-29869
-22519
-11741
824
13264
23685
30500
32672
29871
22522
11745
-820
-13261
-23683
-30499
-32672
-29872
-22525
-11749
816
13257
23680
30498
32673
29875
22529
11753
-812
-13253
-23677
-30496
-32672
-29875
-22530
-11756
808
13249
23673
30494
32672
29877
22534
11760
-804
-13246
-23671
-30492
-32671
-29878
-22536
-11764
799
13241
23667
30490
32672
29881
22541
11769
-795
-13238
-23666
-30491
-32674
-29883
-22543
-11772
791
13234
23663
30490
32675
29886
22548
11777
-787
-13231
-23661
-30489
-32675
-29888
-22551
-11780
784
13229
23660
30489
32677
29891
22554
11784
-780
-13225
-23657
-30487
-32676
-29892
-22557
-11788
775
13221
23654
30486
32677
29894
22560
11791
-772
-13218
-23652
-30485
-32677
-29895
-22562
-11795
768
13214
23649
30484
32678
29898
22567
11800
-763
-13211
-23648
-30484
-32679
-29901
-22571
-11805
758
13206
23644
30483
32681
29905
22576
11811
-752
-13201
-23641
-30482
-32682
-29908
-22581
-11816
747
13197
23638
30480
32682
29910
22584
11821
-742
-13192
-23634
-30478
-32682
-29912
-22588
-11825
738
13189
23632
30477
32683
29914
22591
11829
-734
-13185
-23629
-30476
-32683
-29916
-22594
-11833
730
13182
23627
30475
32684
29918
22598
11838
-725
-13178
-23625
-30475
-32686
-29922
-22602
-11842
721
13174
23622
30474
32687
29925
22607
11847
-716
-13170
-23619
-30473
-32688
-29927
-22610
-11851
712
13167
23618
30473
32689
29930
22614
11856
-707
-13163
-23615
-30472
-32690
-29932
-22618
-11860
703
13159
23612
30470
32690
29934
22621
11864
-699
-13156
-23610
-30470
-32691
-29936
-22624
-11868
695
13152
23607
30468
32690
29937
22626
11871
-691
-13148
-23604
-30466
-32690
-29939
-22630
-11876
686
13144
23601
30465
32691
29941
22633
11880
-682
-13140
-23598
-30463
-32690
-29942
-22636
-11883
678
13136
23595
30462
32691
29945
22640
11888
-673
-13132
-23592
-30461
-32692
-29948
-22644
-11893
668
13128
23589
30459
32692
29949
22647
11898
-663
-13123
-23585
-30457
-32692
-29951
-22651
-11902
658
13118
23581
30455
32692
29953
22654
11907
-653
-13114
-23579
-30454
-32693
-29956
-22658
-11911
649
13111
23577
30453
32693
29957
22661
11915
-645
-13107
-23574
-30452
-32694
-29960
-22665
-11919
641
13103
23571
30450
32693
29960
22666
11922
-637
-13099
-23567
-30447
-32692
-29961
-22669
-11926
633
13095
23564
30446
32693
29963
22672
11929
-630
-13093
-23563
-30446
-32694
-29966
-22676
-11934
625
13089
23560
30445
32695
29968
22679
11937
-622
-13086
-23558
-30444
-32696
-29971
-22683
-11942
617
13082
23556
30443
32696
29972
22685
11945
-613
-13078
-23552
-30441
-32696
-29974
-22689
-11950
608
13073
23549
30440
32696
29976
22692
11953
-605
-13071
-23547
-30438
-32696
-29977
-22694
-11957
601
13067
23544
30437
32696
29978
22697
11960
-597
-13064
-23542
-30436
-32697
-29981
-22701
-11965
593
13060
23539
30435
32698
29984
22705
11969
-589
-13058
-23539
-30436
-32700
-29987
-22709
-11974
584
13054
23537
30437
32703
29991
22713
11978
-581
-13052
-23536
-30437
-32704
-29993
-22716
-11981
578
13049
23534
30436
32704
29995
22719
11985
-574
-13046
-23532
-30435
-32705
-29997
-22723
-11989
570
13042
23529
30434
32706
30000
22727
11994
-565
-13038
-23526
-30433
-32707
-30002
-22730
-11998
561
13035
23524
30432
32707
30004
22733
12001
-558
-13032
-23522
-30432
-32709
-30007
-22737
-12005
554
13029
23521
30432
32710
30009
22740
12009
-550
-13026
-23519
-30431
-32711
-30012
-22744
-12013
547
13023
23517
30431
32712
30014
22747
12017
-542
-13018
-23513
-30428
-32711
-30015
-22749
-12020
539
13016
23511
30427
32711
30016
22752
12024
-534
-13011
-23508
-30426
-32712
-30019
-22756
-12029
529
13007
23505
30424
32712
30021
22760
12034
-524
-13002
-23501
-30422
-32712
-30023
-22763
-12038
520
12999
23499
30422
32713
30025
22766
12041
-517
-12997
-23498
-30422
-32714
-30027
-22769
-12044
514
12994
23496
30421
32715
30030
22773
12049
-509
-12990
-23493
-30420
-32716
-30032
-22776
-12053
505
12986
23490
30418
32715
30033
22779
12057
-500
-12981
-23486
-30416
-32716
-30036
-22783
-12062
495
12977
23483
30415
32716
30037
22786
12066
-490
-12972
-23479
-30412
-32715
-30038
-22788
-12069
487
12969
23477
30410
32714
30039
22791
12073
-483
-12965
-23474
-30409
-32715
-30041
-22794
-12077
479
12962
23472
30409
32716
30043
22797
12080
-476
-12960
-23471
-30409
-32717
-30045
-22799
-12083
473
12957
23468
30407
32717
30047
22803
12087
-469
-12953
-23465
-30405
-32716
-30048
-22805
-12090
465
12950
23463
30405
32718
30051
22809
12095
-461
-12947
-23462
-30405
-32719
-30053
-22812
-12098
457
12943
23458
30402
32718
30054
22815
12102
-453
-12940
-23457
-30403
-32721
-30058
-22819
-12106
450
12937
23455
30403
32722
30061
22823
12111
-445
-12933
-23453
-30402
-32723
-30064
-22828
-12116
440
12929
23450
30401
32724
30067
22832
12122
-434
-12924
-23446
-30399
-32724
-30068
-22834
-12124
431
12921
23444
30398
32724
30069
22837
12128
-427
-12917
-23441
-30396
-32724
-30071
-22840
-12132
423
12913
23438
30394
32723
30072
22843
12136
-418
-12908
-23433
-30391
-32722
-30073
-22846
-12141
413
12904
23431
30391
32724
30076
22849
12144
-410
-12902
-23429
-30390
-32724
-30077
-22852
-12148
405
12897
23425
30387
32723
30078
22855
12152
-400
-12892
-23421
-30385
-32723
-30080
-22858
-12157
395
12887
23417
30382
32722
30082
22862
12162
-390
-12882
-23413
-30380
-32722
-30084
-22866
-12167
384
12877
23410
30379
32723
30087
22870
12172
-379
-12873
-23407
-30378
-32724
-30090
-22875
-12177
374
12869
23405
30377
32725
30092
22878
12181
-370
-12865
-23401
-30375
-32725
-30094
-22882
-12186
365
12861
23399
30375
32727
30097
22885
12189
-362
-12858
-23397
-30374
-32727
-30098
-22888
-12193
358
12855
23395
30373
32727
30100
22891
12197
-354
-12851
-23392
-30372
-32728
-30103
-22895
-12201
350
12848
23390
30371
32728
30104
22897
12204
-347
-12845
-23388
-30370
-32729
-30106
-22900
-12208
343
12842
23386
30370
32731
30109
22904
12212
-339
-12838
-23383
-30368
-32730
-30110
-22907
-12216
334
12833
23379
30366
32730
30112
22910
12220
-331
-12831
-23378
-30366
-32731
-30114
-22913
-12224
326
12827
23375
30365
32732
30117
22917
12228
-322
-12823
-23372
-30363
-32732
-30119
-22921
-12233
317
12819
23370
30363
32734
30122
22924
12237
-313
-12816
-23368
-30362
-32734
-30124
-22928
-12241
309
12812
23365
30361
32735
30126
22931
12245
-305
-12808
-23362
-30359
-32734
-30127
-22933
-12248
301
12805
23359
30357
32734
30128
22936
12252
-297
-12801
-23357
-30357
-32735
-30131
-22940
-12257
292
12797
23354
30355
32735
30133
22943
12261
-288
-12793
-23351
-30354
-32736
-30135
-22946
-12264
285
12791
23350
30354
32737
30137
22950
12269
-280
-12786
-23346
-30352
-32737
-30140
-22954
-12274
275
12782
23343
30351
32738
30142
22958
12279
-270
-12778
-23341
-30350
-32739
-30144
-22960
-12281
267
12775
23338
30348
32738
30145
22963
12285
-263
-12771
-23335
-30347
-32739
-30148
-22967
-12290
258
12767
23333
30346
32740
30150
22970
12294
-254
-12763
-23329
-30344
-32740
-30152
-22974
-12299
248
12758
23326
30343
32741
30155
22979
12304
-243
-12754
-23323
-30342
-32742
-30158
-22983
-12309
239
12751
23321
30341
32742
30159
22985
12312
-235
-12747
-23318
-30339
-32742
-30161
-22988
-12316
231
12743
23315
30337
32741
30162
22991
12320
-226
-12738
-23311
-30335
-32741
-30164
-22994
-12324
222
12734
23308
30334
32742
30166
22998
12329
-217
-12730
-23305
-30332
-32742
-30168
-23001
-12333
213
12726
23302
30331
32742
30170
23005
12337
-208
-12722
-23299
-30330
-32743
-30173
-23009
-12342
203
12718
23297
30329
32744
30175
23012
12346
-199
-12714
-23294
-30328
-32745
-30178
-23017
-12352
193
12709
23290
30326
32745
30180
23021
12357
-188
-12705
-23287
-30324
-32745
-30182
-23024
-12361
184
12701
23285
30324
32747
30185
23028
12365
-180
-12698
-23283
-30323
-32747
-30187
-23031
-12369
176
12695
23281
30323
32749
30190
23035
12373
-172
-12691
-23278
-30321
-32749
-30192
-23038
-12377
168
12688
23276
30321
32750
30194
23042
12382
-163
-12683
-23273
-30320
-32751
-30197
-23046
-12387
158
12679
23270
30319
32752
30200
23050
12391
-154
-12675
-23267
-30317
-32751
-30200
-23052
-12395
149
12671
23264
30315
32751
30202
23055
12398
-146
-12668
-23262
-30314
-32751
-30204
-23058
-12402
142
12664
23259
30313
32752
30206
23061
12406
-138
-12661
-23257
-30312
-32753
-30208
-23065
-12410
134
12658
23255
30312
32754
30210
23067
12413
-131
-12655
-23253
-30311
-32755
-30213
-23072
-12418
126
12651
23250
30310
32756
30216
23076
12423
-121
-12647
-23247
-30308
-32756
-30218
-23080
-12428
116
12642
23244
30307
32756
30220
23083
12432
-111
-12637
-23240
-30305
-32756
-30222
-23087
-12437
106
12633
23237
30304
32757
30224
23090
12441
-102
-12630
-23235
-30303
-32758
-30227
-23094
-12446
97
12626
23233
30303
32760
30230
23098
12450
-94
-12623
-23231
-30302
-32760
-30232
-23101
-12453
90
12619
23228
30300
32760
30233
23104
12458
-85
-12615
-23224
-30298
-32760
-30235
-23107
-12462
80
12610
23221
30296
32759
30236
23110
12466
-76
-12607
-23219
-30296
-32761
-30239
-23114
-12470
72
12603
23215
30293
32760
30240
23117
12474
-68
-12599
-23213
-30293
-32761
-30243
-23121
-12479
63
12596
23211
30293
32763
30246
23125
12483
-59
-12592
-23208
-30291
-32762
-30247
-23127
-12486
55
12588
23205
30289
32762
30248
23129
12489
-52
-12585
-23203
-30288
-32762
-30250
-23132
-12493
48
12582
23200
30286
32762
30251
23135
12497
-44
-12578
-23198
-30286
-32763
-30253
-23138
-12500
41
12576
23196
30285
32764
30256
23142
12505
-36
-12571
-23192
-30283
-32764
-30258
-23145
-12509
31
12566
23188
30280
32763
30259
23148
12514
-25
-12561
-23184
-30278
-32763
-30261
-23152
-12518
21
12557
23182
30277
32763
30262
23155
12523
-16
-12552
-23178
-30275
-32764
-30266
-23160
-12528
11
12548
23175
30274
32764
30267
23163
12533
-5
-12543
-23171
-30272
-32765
-30271
-23168
-12538
0
12538
23168
30271
32765
30272
23171
12543
5
-12533
-23163
-30267
-32764
-30274
-23175
-12548
-11
12528
23160
30266
32764
30275
23178
12552
16
-12523
-23155
-30262
-32763
-30277
-23182
-12557
-21
12518
23152
30261
32763
30278
23184
12561
25
-12514
-23148
-30259
-32763
-30280
-23188
-12566
-31
12509
23145
30258
32764
30283
23192
12571
36
-12505
-23142
-30256
-32764
-30285
-23196
-12576
-41
12500
23138
30253
32763
30286
23198
12578
44
-12497
-23135
-30251
-32762
-30286
-23200
-12582
-48
12493
23132
30250
32762
30288
23203
12585
52
-12489
-23129
-30248
-32762
-30289
-23205
-12588
-55
12486
23127
30247
32762
30291
23208
12592
59
-12483
-23125
-30246
-32763
-30293
-23211
-12596
-63
12479
23121
30243
32761
30293
23213
12599
68
-12474
-23117
-30240
-32760
-30293
-23215
-12603
-72
12470
23114
30239
32761
30296
23219
12607
76
-12466
-23110
-30236
-32759
-30296
-23221
-12610
-80
12462
23107
30235
32760
30298
23224
12615
85
-12458
-23104
-30233
-32760
-30300
-23228
-12619
-90
12453
23101
30232
32760
30302
23231
12623
94
-12450
-23098
-30230
-32760
-30303
-23233
-12626
-97
12446
23094
30227
32758
30303
23235
12630
102
-12441
-23090
-30224
-32757
-30304
-23237
-12633
-106
12437
23087
30222
32756
30305
23240
12637
111
-12432
-23083
-30220
-32756
-30307
-23244
-12642
-116
12428
23080
30218
32756
30308
23247
12647
121
-12423
-23076
-30216
-32756
-30310
-23250
-12651
-126
12418
23072
30213
32755
30311
23253
12655
131
-12413
-23067
-30210
-32754
-30312
-23255
-12658
-134
12410
23065
30208
32753
30312
23257
12661
138
-12406
-23061
-30206
-32752
-30313
-23259
-12664
-142
12402
23058
30204
32751
30314
23262
12668
146
-12398
-23055
-30202
-32751
-30315
-23264
-12671
-149
12395
23052
30200
32751
30317
23267
12675
154
-12391
-23050
-30200
-32752
-30319
-23270
-12679
-158
12387
23046
30197
32751
30320
23273
12683
163
-12382
-23042
-30194
-32750
-30321
-23276
-12688
-168
12377
23038
30192
32749
30321
23278
12691
172
-12373
-23035
-30190
-32749
-30323
-23281
-12695
-176
12369
23031
30187
32747
30323
23283
12698
180
-12365
-23028
-30185
-32747
-30324
-23285
-12701
-184
12361
23024
30182
32745
30324
23287
12705
188
-12357
-23021
-30180
-32745
-30326
-23290
-12709
-193
12352
23017
30178
32745
30328
23294
12714
199
-12346
-23012
-30175
-32744
-30329
-23297
-12718
-203
12342
23009
30173
32743
30330
23299
12722
208
-12337
-23005
-30170
-32742
-30331
-23302
-12726
-213
12333
23001
30168
32742
30332
23305
12730
217
-12329
-22998
-30166
-32742
-30334
-23308
-12734
-222
12324
22994
30164
32741
30335
23311
12738
226
-12320
-22991
-30162
-32741
-30337
-23315
-12743
-231
12316
22988
30161
32742
30339
23318
12747
235
-12312
-22985
-30159
-32742
-30341
-23321
-12751
-239
12309
22983
30158
32742
30342
23323
12754
243
-12304
-22979
-30155
-32741
-30343
-23326
-12758
-248
12299
22974
30152
32740
30344
23329
12763
254
-12294
-22970
-30150
-32740
-30346
-23333
-12767
-258
12290
22967
30148
32739
30347
23335
12771
263
-12285
-22963
-30145
-32738
-30348
-23338
-12775
-267
12281
22960
30144
32739
30350
23341
12778
270
-12279
-22958
-30142
-32738
-30351
-23343
-12782
-275
12274
22954
30140
32737
30352
23346
12786
280
-12269
-22950
-30137
-32737
-30354
-23350
-12791
-285
12264
22946
30135
32736
30354
23351
12793
288
-12261
-22943
-30133
-32735
-30355
-23354
-12797
-292
12257
22940
30131
32735
30357
23357
12801
297
-12252
-22936
-30128
-32734
-30357
-23359
-12805
-301
12248
22933
30127
32734
30359
23362
12808
305
-12245
-22931
-30126
-32735
-30361
-23365
-12812
-309
12241
22928
30124
32734
30362
23368
12816
313
-12237
-22924
-30122
-32734
-30363
-23370
-12819
-317
12233
22921
30119
32732
30363
23372
12823
322
-12228
-22917
-30117
-32732
-30365
-23375
-12827
-326
12224
22913
30114
32731
30366
23378
12831
331
-12220
-22910
-30112
-32730
-30366
-23379
-12833
-334
12216
22907
30110
32730
30368
23383
12838
339
-12212
-22904
-30109
-32731
-30370
-23386
-12842
-343
12208
22900
30106
32729
30370
23388
12845
347
-12204
-22897
-30104
-32728
-30371
-23390
-12848
-350
12201
22895
30103
32728
30372
23392
12851
354
-12197
-22891
-30100
-32727
-30373
-23395
-12855
-358
12193
22888
30098
32727
30374
23397
12858
362
-12189
-22885
-30097
-32727
-30375
-23399
-12861
-365
12186
22882
30094
32725
30375
23401
12865
370
-12181
-22878
-30092
-32725
-30377
-23405
-12869
-374
12177
22875
30090
32724
30378
23407
12873
379
-12172
-22870
-30087
-32723
-30379
-23410
-12877
-384
12167
22866
30084
32722
30380
23413
12882
390
-12162
-22862
-30082
-32722
-30382
-23417
-12887
-395
12157
22858
30080
32723
30385
23421
12892
400
-12152
-22855
-30078
-32723
-30387
-23425
-12897
-405
12148
22852
30077
32724
30390
23429
12902
410
-12144
-22849
-30076
-32724
-30391
-23431
-12904
-413
12141
22846
30073
32722
30391
23433
12908
418
-12136
-22843
-30072
-32723
-30394
-23438
-12913
-423
12132
22840
30071
32724
30396
23441
12917
427
-12128
-22837
-30069
-32724
-30398
-23444
-12921
-431
12124
22834
30068
32724
30399
23446
12924
434
-12122
-22832
-30067
-32724
-30401
-23450
-12929
-440
12116
22828
30064
32723
30402
23453
12933
445
-12111
-22823
-30061
-32722
-30403
-23455
-12937
-450
12106
22819
30058
32721
30403
23457
12940
453
-12102
-22815
-30054
-32718
-30402
-23458
-12943
-457
12098
22812
30053
32719
30405
23462
12947
461
-12095
-22809
-30051
-32718
-30405
-23463
-12950
-465
12090
22805
30048
32716
30405
23465
12953
469
-12087
-22803
-30047
-32717
-30407
-23468
-12957
-473
12083
22799
30045
32717
30409
23471
12960
476
-12080
-22797
-30043
-32716
-30409
-23472
-12962
-479
12077
22794
30041
32715
30409
23474
12965
483
-12073
-22791
-30039
-32714
-30410
-23477
-12969
-487
12069
22788
30038
32715
30412
23479
12972
490
-12066
-22786
-30037
-32716
-30415
-23483
-12977
-495
12062
22783
30036
32716
30416
23486
12981
500
-12057
-22779
-30033
-32715
-30418
-23490
-12986
-505
12053
22776
30032
32716
30420
23493
12990
509
-12049
-22773
-30030
-32715
-30421
-23496
-12994
-514
12044
22769
30027
32714
30422
23498
12997
517
-12041
-22766
-30025
-32713
-30422
-23499
-12999
-520
12038
22763
30023
32712
30422
23501
13002
524
-12034
-22760
-30021
-32712
-30424
-23505
-13007
-529
12029
22756
30019
32712
30426
23508
13011
534
-12024
-22752
-30016
-32711
-30427
-23511
-13016
-539
12020
22749
30015
32711
30428
23513
13018
542
-12017
-22747
-30014
-32712
-30431
-23517
-13023
-547
12013
22744
30012
32711
30431
23519
13026
550
-12009
-22740
-30009
-32710
-30432
-23521
-13029
-554
12005
22737
30007
32709
30432
23522
13032
558
-12001
-22733
-30004
-32707
-30432
-23524
-13035
-561
11998
22730
30002
32707
30433
23526
13038
565
-11994
-22727
-30000
-32706
-30434
-23529
-13042
-570
11989
22723
29997
32705
30435
23532
13046
574
-11985
-22719
-29995
-32704
-30436
-23534
-13049
-578
11981
22716
29993
32704
30437
23536
13052
581
-11978
-22713
-29991
-32703
-30437
-23537
-13054
-584
11974
22709
29987
32700
30436
23539
13058
589
-11969
-22705
-29984
-32698
-30435
-23539
-13060
-593
11965
22701
29981
32697
30436
23542
13064
597
-11960
-22697
-29978
-32696
-30437
-23544
-13067
-601
11957
22694
29977
32696
30438
23547
13071
605
-11953
-22692
-29976
-32696
-30440
-23549
-13073
-608
11950
22689
29974
32696
30441
23552
13078
613
-11945
-22685
-29972
-32696
-30443
-23556
-13082
-617
11942
22683
29971
32696
30444
23558
13086
622
-11937
-22679
-29968
-32695
-30445
-23560
-13089
-625
11934
22676
29966
32694
30446
23563
13093
630
-11929
-22672
-29963
-32693
-30446
-23564
-13095
-633
11926
22669
29961
32692
30447
23567
13099
637
-11922
-22666
-29960
-32693
-30450
-23571
-13103
-641
11919
22665
29960
32694
30452
23574
13107
645
-11915
-22661
-29957
-32693
-30453
-23577
-13111
-649
11911
22658
29956
32693
30454
23579
13114
653
-11907
-22654
-29953
-32692
-30455
-23581
-13118
-658
11902
22651
29951
32692
30457
23585
13123
663
-11898
-22647
-29949
-32692
-30459
-23589
-13128
-668
11893
22644
29948
32692
30461
23592
13132
673
-11888
-22640
-29945
-32691
-30462
-23595
-13136
-678
11883
22636
29942
32690
30463
23598
13140
682
-11880
-22633
-29941
-32691
-30465
-23601
-13144
-686
11876
22630
29939
32690
30466
23604
13148
691
-11871
-22626
-29937
-32690
-30468
-23607
-13152
-695
11868
22624
29936
32691
30470
23610
13156
699
-11864
-22621
-29934
-32690
-30470
-23612
-13159
-703
11860
22618
29932
32690
30472
23615
13163
707
-11856
-22614
-29930
-32689
-30473
-23618
-13167
-712
11851
22610
29927
32688
30473
23619
13170
716
-11847
-22607
-29925
-32687
-30474
-23622
-13174
-721
11842
22602
29922
32686
30475
23625
13178
725
-11838
-22598
-29918
-32684
-30475
-23627
-13182
-730
11833
22594
29916
32683
30476
23629
13185
734
-11829
-22591
-29914
-32683
-30477
-23632
-13189
-738
11825
22588
29912
32682
30478
23634
13192
742
-11821
-22584
-29910
-32682
-30480
-23638
-13197
-747
11816
22581
29908
32682
30482
23641
13201
752
-11811
-22576
-29905
-32681
-30483
-23644
-13206
-758
11805
22571
29901
32679
30484
23648
13211
763
-11800
-22567
-29898
-32678
-30484
-23649
-13214
-768
11795
22562
29895
32677
30485
23652
13218
772
-11791
-22560
-29894
-32677
-30486
-23654
-13221
-775
11788
22557
29892
32676
30487
23657
13225
780
-11784
-22554
-29891
-32677
-30489
-23660
-13229
-784
11780
22551
29888
32675
30489
23661
13231
787
-11777
-22548
-29886
-32675
-30490
-23663
-13234
-791
11772
22543
29883
32674
30491
23666
13238
795
-11769
-22541
-29881
-32672
-30490
-23667
-13241
-799
11764
22536
29878
32671
30492
23671
13246
804
-11760
-22534
-29877
-32672
-30494
-23673
-13249
-808
11756
22530
29875
32672
30496
23677
13253
812
-11753
-22529
-29875
-32673
-30498
-23680
-13257
-816
11749
22525
29872
32672
30499
23683
13261
820
-11745
-22522
-29871
-32672
-30500
-23685
-13264
-824
11741
22519
29869
32672
30501
23687
13267
828
-11737
-22516
-29867
-32671
-30502
-23690
-13271
-832
11733
22512
29864
32670
30503
23692
13275
837
-11728
-22508
-29861
-32668
-30503
-23694
-13278
-841
11724
22504
29858
32667
30504
23697
13282
845
-11720
-22501
-29857
-32668
-30506
-23701
-13287
-851
11715
22497
29855
32668
30508
23704
13292
856
-11710
-22493
-29852
-32667
-30509
-23707
-13295
-860
11706
22490
29850
32666
30510
23710
13300
865
-11701
-22486
-29848
-32666
-30512
-23713
-13304
-869
11698
22484
29847
32667
30514
23716
13308
874
-11693
-22480
-29845
-32666
-30515
-23719
-13312
-879
11688
22476
29843
32666
30517
23722
13316
883
-11684
-22472
-29839
-32664
-30517
-23724
-13320
-888
11679
22468
29837
32664
30519
23728
13325
893
-11675
-22465
-29835
-32663
-30520
-23731
-13329
-898
11670
22461
29833
32663
30522
23734
13333
902
-11666
-22458
-29831
-32663
-30523
-23737
-13337
-907
11661
22454
29828
32661
30523
23739
13341
912
-11656
-22450
-29826
-32661
-30525
-23742
-13345
-916
11652
22446
29823
32660
30526
23745
13349
921
-11647
-22442
-29821
-32660
-30528
-23748
-13353
-925
11643
22439
29819
32660
30530
23752
13358
930
-11639
-22436
-29817
-32659
-30530
-23753
-13360
-933
11636
22433
29816
32660
30532
23756
13364
937
-11632
-22431
-29815
-32660
-30534
-23759
-13367
-941
11629
22428
29813
32659
30534
23761
13371
945
-11625
-22425
-29811
-32659
-30536
-23764
-13375
-950
11620
22421
29809
32659
30538
23768
13379
954
-11616
-22418
-29807
-32658
-30539
-23771
-13384
-959
11612
22415
29806
32660
30543
23776
13389
964
-11608
-22413
-29806
-32661
-30545
-23779
-13393
-968
11604
22410
29804
32660
30545
23780
13395
971
-11601
-22407
-29802
-32660
-30546
-23782
-13398
-974
11598
22404
29800
32659
30547
23785
13402
979
-11593
-22401
-29798
-32659
-30549
-23788
-13406
-983
11589
22397
29796
32659
30551
23792
13410
987
-11586
-22396
-29796
-32660
-30553
-23795
-13414
-991
11582
22392
29793
32659
30554
23797
13417
995
-11579
-22390
-29792
-32659
-30555
-23799
-13420
-998
11576
22387
29790
32658
30555
23801
13423
1002
-11571
-22383
-29787
-32657
-30556
-23803
-13427
-1006
11568
22381
29787
32658
30558
23806
13430
1009
-11565
-22378
-29785
-32657
-30559
-23809
-13434
-1014
11560
22374
29782
32656
30560
23811
13438
1019
-11555
-22370
-29779
-32655
-30561
-23814
-13442
-1024
11550
22366
29777
32655
30563
23818
13447
1029
-11546
-22363
-29776
-32655
-30564
-23820
-13450
-1033
11542
22360
29774
32655
30566
23823
13454
1037
-11538
-22357
-29772
-32655
-30568
-23827
-13459
-1042
11534
22354
29771
32655
30569
23829
13462
1045
-11531
-22351
-29768
-32654
-30569
-23831
-13465
-1049
11527
22348
29767
32654
30571
23834
13468
1052
-11524
-22346
-29766
-32654
-30572
-23836
-13471
-1055
11521
22343
29764
32654
30574
23839
13475
1060
-11516
-22339
-29761
-32653
-30575
-23842
-13480
-1066
11510
22334
29758
32652
30576
23845
13484
1070
-11507
-22332
-29757
-32652
-30577
-23848
-13488
-1075
11502
22328
29755
32652
30579
23851
13492
1079
-11498
-22325
-29754
-32653
-30582
-23855
-13497
-1084
11493
22321
29751
32652
30583
23858
13501
1089
-11489
-22318
-29749
-32651
-30584
-23861
-13505
-1093
11485
22314
29747
32651
30585
23863
13509
1098
-11480
-22310
-29744
-32650
-30586
-23866
-13512
-1101
11477
22308
29743
32650
30587
23868
13515
1105
-11473
-22305
-29741
-32649
-30588
-23870
-13519
-1110
11468
22301
29739
32649
30590
23874
13523
1114
-11465
-22298
-29737
-32649
-30591
-23876
-13526
-1117
11462
22296
29736
32649
30592
23878
13529
1120
-11459
-22294
-29735
-32649
-30593
-23880
-13532
-1124
11455
22290
29732
32648
30595
23884
13537
1129
-11450
-22286
-29730
-32648
-30596
-23887
-13541
-1134
11446
22283
29728
32647
30597
23889
13544
1137
-11442
-22280
-29726
-32646
-30598
-23892
-13548
-1142
11438
22277
29724
32646
30600
23895
13553
1147
-11433
-22273
-29722
-32646
-30602
-23899
-13557
-1152
11429
22270
29720
32646
30603
23901
13561
1156
-11425
-22267
-29719
-32646
-30605
-23904
-13565
-1161
11420
22263
29717
32646
30607
23908
13569
1165
-11416
-22259
-29714
-32645
-30608
-23911
-13574
-1171
11410
22254
29710
32643
30608
23913
13578
1176
-11405
-22249
-29706
-32641
-30608
-23915
-13581
-1180
11401
22246
29704
32640
30608
23916
13584
1184
-11397
-22243
-29703
-32641
-30611
-23921
-13589
-1189
11392
22239
29700
32640
30612
23924
13594
1194
-11387
-22235
-29698
-32640
-30614
-23927
-13598
-1199
11382
22231
29695
32638
30614
23929
13601
1203
-11378
-22227
-29692
-32637
-30614
-23931
-13605
-1207
11374
22224
29690
32637
30616
23934
13609
1212
-11369
-22220
-29688
-32637
-30618
-23938
-13613
-1216
11366
22218
29687
32637
30619
23940
13616
1219
-11363
-22215
-29686
-32638
-30622
-23944
-13621
-1225
11358
22212
29685
32639
30625
23948
13625
1228
-11356
-22211
-29685
-32640
-30627
-23951
-13629
-1232
11352
22208
29683
32639
30627
23953
13632
1236
-11348
-22205
-29681
-32639
-30628
-23955
-13635
-1239
11345
22202
29679
32638
30629
23958
13639
1244
-11340
-22198
-29677
-32638
-30631
-23961
-13643
-1248
11336
22195
29675
32637
30632
23963
13646
1252
-11332
-22191
-29672
-32636
-30632
-23965
-13650
-1257
11327
22187
29669
32635
30633
23968
13654
1262
-11322
-22183
-29667
-32634
-30634
-23971
-13658
-1266
11319
22181
29666
32635
30637
23974
13662
1270
-11315
-22178
-29665
-32636
-30639
-23978
-13667
-1275
11311
22175
29663
32635
30640
23980
13670
1279
-11307
-22172
-29661
-32635
-30642
-23984
-13674
-1283
11303
22169
29660
32636
30644
23987
13678
1287
-11299
-22166
-29658
-32635
-30645
-23989
-13681
-1290
11297
22164
29657
32635
30646
23992
13685
1295
-11292
-22160
-29655
-32636
-30649
-23996
-13690
-1300
11288
22157
29653
32635
30649
23998
13693
1304
-11283
-22153
-29650
-32634
-30650
-24000
-13697
-1308
11280
22150
29648
32633
30651
24003
13701
1313
-11275
-22146
-29646
-32632
-30652
-24005
-13704
-1317
11271
22143
29644
32632
30653
24008
13708
1321
-11267
-22139
-29641
-32630
-30653
-24009
-13711
-1326
11261
22134
29638
32629
30654
24012
13715
1330
-11257
-22131
-29635
-32628
-30655
-24015
-13719
-1334
11254
22128
29634
32629
30657
24018
13723
1339
-11249
-22124
-29631
-32628
-30658
-24021
-13727
-1343
11245
22121
29630
32628
30660
24024
13731
1347
-11241
-22118
-29628
-32627
-30660
-24025
-13733
-1350
11238
22115
29626
32627
30662
24029
13738
1356
-11233
-22112
-29625
-32628
-30665
-24034
-13744
-1362
11228
22108
29622
32627
30666
24036
13747
1365
-11224
-22105
-29620
-32626
-30666
-24037
-13749
-1368
11221
22102
29618
32625
30666
24039
13752
1372
-11217
-22098
-29615
-32624
-30667
-24041
-13755
-1376
11212
22094
29612
32622
30667
24043
13759
1381
-11207
-22090
-29610
-32622
-30668
-24046
-13763
-1385
11204
22088
29609
32623
30671
24050
13768
1390
-11200
-22084
-29607
-32622
-30672
-24053
-13772
-1394
11196
22081
29605
32622
30674
24056
13776
1398
-11192
-22079
-29605
-32624
-30677
-24060
-13780
-1403
11188
22076
29603
32623
30678
24063
13785
1408
-11183
-22072
-29600
-32622
-30679
-24065
-13788
-1412
11178
22067
29596
32620
30679
24067
13792
1417
-11173
-22063
-29594
-32619
-30679
-24069
-13795
-1421
11169
22059
29591
32618
30680
24072
13799
1426
-11164
-22055
-29588
-32617
-30681
-24075
-13804
-1431
11160
22052
29587
32617
30683
24078
13807
1434
-11157
-22049
-29585
-32617
-30684
-24080
-13810
-1438
11153
22046
29583
32617
30686
24084
13815
1443
-11149
-22043
-29582
-32617
-30688
-24087
-13819
-1448
11144
22039
29579
32616
30689
24090
13823
1452
-11140
-22036
-29577
-32616
-30690
-24092
-13826
-1456
11136
22033
29576
32616
30691
24094
13829
1459
-11133
-22031
-29575
-32616
-30693
-24097
-13833
-1463
11129
22027
29572
32615
30694
24100
13837
1468
-11124
-22023
-29569
-32614
-30694
-24102
-13840
-1471
11121
22020
29567
32613
30695
24104
13844
1476
-11116
-22016
-29564
-32611
-30695
-24106
-13847
-1480
11112
22012
29562
32611
30696
24108
13850
1484
-11108
-22009
-29560
-32611
-30698
-24112
-13855
-1489
11104
22007
29560
32613
30702
24117
13860
1493
-11101
-22005
-29559
-32613
-30703
-24119
-13864
-1498
11096
22001
29556
32612
30704
24122
13867
1501
-11093
-21998
-29554
-32611
-30704
-24123
-13869
-1504
11089
21995
29552
32610
30705
24125
13873
1509
-11085
-21991
-29550
-32610
-30707
-24129
-13878
-1514
11080
21987
29547
32609
30708
24132
13882
1519
-11075
-21983
-29544
-32608
-30708
-24134
-13886
-1524
11070
21979
29542
32608
30711
24138
13891
1529
-11066
-21976
-29541
-32609
-30713
-24142
-13895
-1533
11062
21973
29539
32608
30714
24144
13898
1537
-11058
-21970
-29537
-32608
-30715
-24146
-13901
-1540
11055
21967
29535
32606
30714
24146
13902
1542
-11053
-21965
-29533
-32605
-30715
-24149
-13906
-1547
11048
21961
29531
32605
30717
24152
13911
1552
-11043
-21957
-29528
-32604
-30718
-24155
-13915
-1557
11038
21953
29526
32604
30719
24158
13919
1561
-11034
-21950
-29524
-32604
-30721
-24161
-13923
-1566
11030
21947
29523
32604
30723
24165
13928
1571
-11026
-21944
-29521
-32604
-30725
-24168
-13932
-1575
11022
21941
29519
32604
30726
24171
13936
1579
-11018
-21938
-29518
-32604
-30728
-24174
-13940
-1583
11014
21935
29517
32605
30730
24177
13943
1587
-11011
-21933
-29516
-32605
-30732
-24180
-13947
-1591
11007
21929
29513
32604
30732
24182
13950
1595
-11003
-21926
-29511
-32604
-30734
-24185
-13954
-1599
10999
21922
29508
32602
30734
24187
13958
1604
-10994
-21918
-29505
-32601
-30734
-24189
-13961
-1608
10990
21915
29504
32601
30736
24192
13965
1612
-10986
-21912
-29502
-32601
-30738
-24195
-13969
-1616
10983
21910
29501
32601
30739
24198
13973
1621
-10978
-21906
-29499
-32601
-30741
-24201
-13977
-1625
10974
21903
29497
32601
30743
24204
13981
1629
-10971
-21901
-29497
-32602
-30745
-24207
-13984
-1632
10968
21898
29495
32602
30746
24210
13988
1637
-10963
-21894
-29492
-32601
-30747
-24213
-13993
-1643
10957
21889
29489
32600
30749
24217
13998
1648
-10952
-21885
-29486
-32599
-30750
-24220
-14002
-1653
10948
21882
29485
32599
30752
24223
14007
1658
-10943
-21878
-29483
-32599
-30754
-24227
-14012
-1664
10938
21875
29482
32600
30756
24230
14015
1667
-10935
-21872
-29479
-32598
-30756
-24231
-14018
-1671
10931
21869
29477
32598
30757
24234
14022
1675
-10927
-21865
-29475
-32598
-30759
-24237
-14026
-1680
10922
21861
29473
32598
30761
24241
14031
1685
-10917
-21858
-29471
-32597
-30762
-24244
-14035
-1690
10912
21853
29468
32597
30764
24248
14041
1696
-10907
-21850
-29466
-32596
-30765
-24251
-14045
-1700
10903
21846
29464
32596
30767
24254
14049
1705
-10898
-21842
-29461
-32595
-30767
-24256
-14052
-1709
10894
21839
29459
32594
30768
24258
14055
1712
-10892
-21838
-29459
-32596
-30771
-24262
-14059
-1716
10888
21834
29457
32595
30772
24264
14062
1720
-10884
-21831
-29455
-32595
-30773
-24266
-14065
-1723
10881
21829
29453
32594
30773
24268
14068
1727
-10877
-21825
-29451
-32593
-30774
-24270
-14071
-1730
10874
21823
29450
32594
30777
24274
14076
1735
-10870
-21820
-29448
-32593
-30777
-24276
-14079
-1739
10866
21817
29447
32594
30780
24280
14084
1744
-10862
-21814
-29445
-32594
-30782
-24284
-14089
-1749
10857
21811
29444
32595
30784
24287
14092
1752
-10854
-21808
-29442
-32594
-30785
-24289
-14096
-1757
10850
21805
29441
32595
30787
24292
14099
1760
-10847
-21802
-29439
-32594
-30788
-24295
-14104
-1765
10842
21799
29437
32594
30790
24299
14108
1770
-10837
-21795
-29435
-32593
-30790
-24300
-14111
-1774
10833
21791
29432
32592
30792
24304
14116
1779
-10828
-21787
-29430
-32592
-30794
-24308
-14121
-1785
10823
21784
29428
32592
30796
24311
14125
1789
-10819
-21780
-29426
-32592
-30797
-24314
-14130
-1794
10815
21777
29424
32592
30799
24317
14133
1798
-10811
-21774
-29422
-32591
-30800
-24320
-14137
-1802
10807
21771
29421
32592
30802
24323
14141
1807
-10802
-21767
-29418
-32591
-30803
-24326
-14146
-1812
10797
21763
29416
32591
30805
24330
14151
1817
-10793
-21760
-29414
-32590
-30806
-24332
-14154
-1822
10787
21755
29411
32589
30807
24335
14158
1826
-10784
-21752
-29409
-32589
-30809
-24338
-14162
-1830
10780
21749
29407
32588
30809
24339
14164
1833
-10777
-21746
-29405
-32587
-30809
-24341
-14167
-1837
10772
21742
29402
32585
30809
24342
14170
1841
-10768
-21738
-29399
-32584
-30810
-24346
-14175
-1846
10763
21734
29396
32583
30811
24348
14179
1851
-10758
-21730
-29394
-32583
-30812
-24351
-14183
-1856
10754
21727
29392
32582
30813
24354
14187
1860
-10749
-21722
-29388
-32580
-30813
-24356
-14191
-1865
10744
21718
29385
32579
30814
24358
14194
1869
-10740
-21715
-29384
-32580
-30816
-24361
-14198
-1873
10736
21711
29381
32578
30816
24363
14201
1877
-10732
-21708
-29379
-32577
-30817
-24365
-14204
-1881
10728
21705
29377
32577
30819
24369
14209
1886
-10724
-21702
-29376
-32578
-30821
-24372
-14213
-1890
10720
21698
29373
32577
30822
24375
14217
1895
-10716
-21695
-29371
-32576
-30823
-24377
-14220
-1899
10711
21691
29369
32575
30823
24379
14223
1902
-10708
-21688
-29366
-32574
-30824
-24381
-14226
-1906
10704
21685
29364
32573
30824
24383
14230
1910
-10700
-21682
-29363
-32574
-30827
-24387
-14235
-1915
10696
21679
29362
32575
30829
24390
14238
1919
-10692
-21676
-29360
-32574
-30830
-24393
-14242
-1923
10688
21672
29357
32573
30831
24395
14246
1928
-10683
-21668
-29355
-32573
-30833
-24399
-14250
-1932
10680
21666
29354
32573
30834
24401
14254
1937
-10675
-21662
-29351
-32571
-30834
-24403
-14257
-1941
10670
21657
29347
32569
30834
24405
14261
1946
-10665
-21652
-29343
-32567
-30834
-24407
-14264
-1950
10661
21649
29341
32566
30834
24409
14268
1955
-10656
-21645
-29339
-32566
-30836
-24412
-14272
-1959
10652
21641
29336
32565
30837
24415
14276
1963
-10648
-21638
-29334
-32565
-30839
-24418
-14280
-1968
10643
21634
29331
32563
30839
24420
14284
1973
-10638
-21630
-29329
-32563
-30841
-24424
-14289
-1978
10633
21626
29327
32563
30843
24427
14292
1982
-10630
-21624
-29326
-32563
-30844
-24429
-14296
-1986
10626
21620
29323
32562
30844
24431
14299
1990
-10622
-21617
-29321
-32561
-30845
-24434
-14303
-1995
10617
21613
29318
32560
30846
24436
14306
1999
-10613
-21609
-29315
-32559
-30847
-24439
-14311
-2004
10607
21604
29312
32557
30847
24441
14314
2008
-10603
-21600
-29309
-32556
-30848
-24444
-14319
-2014
10597
21595
29306
32555
30849
24447
14323
2019
-10592
-21591
-29303
-32554
-30850
-24449
-14326
-2022
10589
21588
29301
32553
30850
24451
14329
2026
-10585
-21585
-29298
-32551
-30850
-24452
-14332
-2030
10581
21581
29296
32551
30852
24456
14337
2035
-10576
-21578
-29295
-32552
-30854
-24459
-14340
-2038
10574
21576
29294
32552
30855
24461
14343
2041
-10571
-21574
-29293
-32553
-30858
-24465
-14348
-2046
10567
21571
29291
32552
30859
24468
14352
2051
-10562
-21567
-29289
-32552
-30860
-24470
-14355
-2054
10559
21565
29288
32553
30863
24474
14359
2059
-10555
-21562
-29286
-32552
-30863
-24476
-14363
-2063
10551
21559
29285
32553
30866
24480
14367
2067
-10547
-21556
-29283
-32552
-30866
-24482
-14370
-2071
10543
21552
29280
32551
30867
24484
14374
2076
-10538
-21548
-29278
-32551
-30869
-24488
-14379
-2081
10534
21545
29276
32550
30870
24490
14382
2085
-10530
-21542
-29274
-32550
-30871
-24492
-14385
-2088
10527
21539
29272
32549
30871
24494
14388
2091
-10524
-21536
-29270
-32548
-30872
-24496
-14391
-2095
10520
21533
29268
32548
30874
24500
14396
2100
-10515
-21530
-29267
-32549
-30876
-24503
-14400
-2105
10511
21527
29265
32548
30877
24506
14404
2109
-10506
-21522
-29262
-32547
-30878
-24508
-14407
-2113
10503
21520
29261
32547
30879
24510
14410
2116
-10500
-21518
-29260
-32548
-30882
-24514
-14415
-2121
10495
21514
29258
32548
30884
24518
14420
2127
-10490
-21510
-29255
-32547
-30885
-24521
-14424
-2131
10486
21507
29254
32547
30886
24523
14427
2134
-10483
-21504
-29252
-32547
-30888
-24527
-14431
-2139
10479
21502
29251
32547
30889
24529
14435
2143
-10475
-21498
-29249
-32547
-30891
-24532
-14438
-2147
10471
21495
29247
32546
30892
24535
14443
2152
-10466
-21491
-29245
-32547
-30895
-24539
-14448
-2157
10462
21488
29243
32546
30895
24541
14451
2161
-10458
-21485
-29241
-32545
-30896
-24543
-14454
-2165
10454
21482
29240
32546
30899
24548
14460
2170
-10450
-21479
-29238
-32546
-30901
-24551
-14464
-2175
10445
21475
29236
32546
30902
24554
14468
2179
-10441
-21472
-29234
-32546
-30904
-24557
-14472
-2184
10436
21468
29232
32546
30906
24561
14477
2189
-10432
-21465
-29230
-32545
-30907
-24563
-14480
-2193
10428
21462
29228
32544
30907
24565
14483
2196
-10425
-21459
-29226
-32544
-30908
-24567
-14486
-2200
10421
21455
29223
32542
30908
24569
14489
2204
-10416
-21451
-29220
-32541
-30909
-24571
-14493
-2209
10411
21446
29217
32540
30910
24575
14499
2215
-10406
-21443
-29215
-32540
-30912
-24578
-14502
-2219
10402
21439
29213
32539
30912
24579
14505
2223
-10398
-21436
-29211
-32539
-30914
-24583
-14509
-2227
10394
21433
29209
32539
30916
24587
14515
2233
-10389
-21430
-29208
-32540
-30919
-24591
-14519
-2237
10386
21428
29208
32541
30921
24594
14523
2241
-10382
-21424
-29205
-32540
-30922
-24596
-14526
-2245
10377
21420
29202
32538
30922
24598
14530
2250
-10372
-21415
-29198
-32536
-30922
-24600
-14533
-2254
10368
21412
29196
32535
30922
24602
14537
2258
-10364
-21409
-29195
-32536
-30925
-24606
-14541
-2262
10361
21407
29194
32536
30926
24608
14544
2266
-10357
-21403
-29191
-32535
-30927
-24611
-14548
-2271
10352
21399
29189
32535
30929
24614
14552
2275
-10348
-21396
-29186
-32533
-30929
-24616
-14556
-2280
10343
21391
29183
32532
30930
24619
14560
2285
-10338
-21387
-29181
-32533
-30933
-24624
-14566
-2291
10332
21383
29178
32532
30934
24627
14571
2296
-10328
-21380
-29177
-32532
-30935
-24629
-14574
-2300
10324
21376
29174
32531
30936
24632
14577
2303
-10321
-21374
-29173
-32531
-30937
-24633
-14579
-2306
10318
21371
29171
32530
30938
24636
14583
2310
-10314
-21368
-29169
-32530
-30939
-24638
-14587
-2315
10309
21364
29167
32530
30941
24642
14592
2320
-10305
-21361
-29165
-32529
-30942
-24645
-14596
-2324
10301
21358
29164
32530
30944
24648
14599
2328
-10297
-21355
-29162
-32530
-30946
-24651
-14603
-2333
10292
21351
29160
32530
30948
24655
14609
2339
-10287
-21347
-29158
-32530
-30951
-24660
-14615
-2345
10282
21344
29157
32531
30953
24663
14618
2348
-10279
-21342
-29156
-32531
-30954
-24665
-14621
-2352
10275
21338
29152
32529
30954
24667
14625
2357
-10270
-21334
-29150
-32528
-30955
-24670
-14629
-2361
10266
21331
29148
32528
30957
24673
14633
2365
-10262
-21327
-29145
-32527
-30958
-24676
-14637
-2370
10258
21324
29144
32527
30959
24678
14641
2375
-10252
-21319
-29140
-32525
-30960
-24681
-14645
-2379
10249
21316
29138
32524
30960
24682
14647
2382
-10245
-21313
-29136
-32524
-30961
-24685
-14651
-2387
10240
21309
29134
32523
30962
24688
14656
2393
-10234
-21303
-29129
-32521
-30963
-24691
-14660
-2397
10231
21302
29130
32523
30966
24695
14664
2401
-10227
-21298
-29127
-32522
-30967
-24698
-14669
-2407
10222
21295
29126
32523
30970
24702
14674
2412
-10217
-21291
-29124
-32523
-30972
-24706
-14679
-2418
10211
21286
29120
32521
30972
24708
14683
2422
-10207
-21283
-29119
-32522
-30975
-24712
-14687
-2426
10204
21280
29117
32521
30975
24714
14690
2430
-10200
-21277
-29115
-32521
-30977
-24717
-14694
-2434
10196
21274
29113
32520
30978
24720
14698
2439
-10191
-21270
-29111
-32520
-30979
-24722
-14701
-2442
10188
21267
29108
32518
30979
24724
14705
2447
-10183
-21263
-29106
-32518
-30980
-24726
-14708
-2451
10179
21259
29103
32517
30981
24729
14712
2456
-10174
-21255
-29101
-32517
-30983
-24732
-14716
-2460
10170
21252
29098
32515
30983
24734
14720
2465
-10165
-21248
-29096
-32515
-30985
-24738
-14725
-2470
10161
21245
29095
32515
30986
24740
14728
2474
-10157
-21242
-29093
-32515
-30988
-24743
-14731
-2477
10154
21239
29091
32514
30988
24745
14735
2481
-10150
-21236
-29090
-32515
-30991
-24749
-14739
-2486
10146
21233
29088
32515
30993
24753
14745
2492
-10140
-21229
-29086
-32515
-30995
-24757
-14750
-2498
10134
21224
29083
32514
30996
24759
14753
2501
-10131
-21221
-29080
-32512
-30996
-24761
-14756
-2505
10127
21217
29078
32512
30997
24764
14761
2511
-10121
-21213
-29075
-32511
-30999
-24767
-14765
-2515
10117
21209
29073
32511
31000
24770
14769
2520
-10112
-21205
-29070
-32510
-31002
-24774
-14774
-2525
10108
21202
29069
32510
31003
24777
14779
2531
-10102
-21198
-29066
-32509
-31004
-24779
-14782
-2535
10098
21194
29064
32509
31006
24782
14786
2539
-10095
-21192
-29063
-32510
-31009
-24787
-14791
-2544
10090
21189
29062
32511
31011
24790
14796
2549
-10086
-21185
-29059
-32509
-31011
-24792
-14799
-2553
10081
21181
29056
32508
31012
24795
14803
2558
-10077
-21178
-29055
-32509
-31015
-24799
-14808
-2563
10073
21175
29053
32508
31015
24801
14811
2566
-10069
-21172
-29052
-32509
-31018
-24805
-14816
-2571
10065
21169
29050
32509
31020
24808
14820
2576
-10060
-21165
-29048
-32508
-31020
-24810
-14823
-2580
10056
21161
29045
32507
31022
24814
14828
2585
-10051
-21157
-29043
-32507
-31023
-24816
-14832
-2590
10046
21153
29040
32506
31025
24820
14837
2595
-10042
-21150
-29038
-32505
-31025
-24822
-14840
-2599
10038
21147
29036
32505
31027
24825
14844
2603
-10034
-21143
-29034
-32505
-31028
-24828
-14848
-2608
10029
21139
29031
32504
31029
24830
14851
2611
-10026
-21136
-29029
-32503
-31029
-24831
-14853
-2614
10022
21133
29027
32502
31030
24834
14858
2620
-10017
-21129
-29025
-32502
-31032
-24838
-14862
-2624
10013
21126
29023
32501
31032
24839
14865
2628
-10009
-21122
-29020
-32500
-31033
-24842
-14869
-2633
10004
21118
29017
32499
31034
24845
14874
2638
-9999
-21114
-29015
-32498
-31035
-24847
-14877
-2642
9995
21110
29012
32497
31036
24850
14881
2647
-9990
-21107
-29010
-32497
-31038
-24854
-14886
-2652
9986
21103
29008
32497
31039
24856
14889
2656
-9982
-21100
-29006
-32496
-31040
-24859
-14893
-2660
9978
21097
29004
32496
31041
24861
14896
2663
-9975
-21094
-29002
-32495
-31042
-24863
-14899
-2666
9972
21093
29002
32496
31044
24866
14902
2670
-9968
-21089
-28999
-32495
-31045
-24868
-14906
-2674
9965
21087
28999
32496
31047
24871
14909
2677
-9962
-21084
-28997
-32495
-31047
-24872
-14911
-2680
9959
21082
28996
32495
31048
24875
14915
2684
-9955
-21079
-28994
-32495
-31050
-24878
-14919
-2688
9951
21076
28992
32495
31051
24880
14922
2692
-9947
-21072
-28990
-32494
-31052
-24883
-14926
-2697
9942
21068
28986
32492
31052
24885
14930
2702
-9937
-21063
-28983
-32491
-31053
-24888
-14934
-2707
9932
21060
28981
32491
31055
24891
14938
2711
-9928
-21056
-28979
-32490
-31056
-24894
-14942
-2715
9925
21054
28978
32491
31058
24897
14946
2720
-9920
-21050
-28976
-32491
-31060
-24901
-14951
-2725
9916
21047
28974
32490
31060
24902
14953
2727
-9914
-21045
-28973
-32490
-31062
-24905
-14957
-2732
9909
21042
28971
32490
31063
24907
14959
2734
-9907
-21040
-28970
-32489
-31063
-24908
-14962
-2738
9903
21036
28967
32488
31064
24911
14966
2742
-9899
-21033
-28965
-32487
-31065
-24913
-14969
-2746
9895
21030
28963
32487
31066
24916
14973
2751
-9890
-21026
-28961
-32487
-31068
-24919
-14977
-2755
9886
21022
28958
32486
31069
24922
14981
2759
-9882
-21019
-28956
-32485
-31069
-24924
-14985
-2765
9876
21014
28953
32484
31071
24928
14990
2770
-9871
-21010
-28951
-32484
-31073
-24931
-14994
-2774
9868
21008
28950
32485
31075
24934
14998
2779
-9863
-21004
-28947
-32484
-31076
-24937
-15002
-2783
9859
21001
28945
32483
31077
24940
15006
2788
-9855
-20997
-28943
-32483
-31078
-24942
-15009
-2791
9852
20995
28942
32483
31080
24945
15013
2795
-9848
-20992
-28940
-32483
-31082
-24949
-15018
-2801
9842
20987
28937
32482
31083
24952
15023
2807
-9836
-20982
-28934
-32481
-31085
-24956
-15028
-2813
9830
20977
28931
32480
31086
24959
15032
2817
-9827
-20975
-28930
-32480
-31086
-24960
-15034
-2819
9824
20972
28927
32479
31087
24963
15038
2824
-9819
-20968
-28925
-32478
-31087
-24964
-15041
-2828
9815
20964
28922
32477
31089
24968
15046
2834
-9809
-20959
-28919
-32476
-31090
-24971
-15051
-2840
9804
20955
28916
32475
31091
24974
15055
2844
-9800
-20952
-28914
-32475
-31093
-24977
-15059
-2849
9795
20948
28912
32475
31095
24981
15064
2854
-9791
-20945
-28910
-32474
-31096
-24983
-15067
-2858
9786
20940
28907
32473
31096
24985
15071
2862
-9782
-20937
-28905
-32472
-31097
-24988
-15075
-2867
9778
20934
28903
32472
31098
24990
15078
2870
-9774
-20930
-28900
-32470
-31098
-24992
-15081
-2875
9769
20926
28897
32469
31099
24995
15086
2880
-9764
-20922
-28895
-32469
-31101
-24998
-15090
-2885
9759
20918
28892
32468
31102
25001
15094
2890
-9754
-20914
-28890
-32468
-31104
-25004
-15098
-2893
9752
20912
28889
32468
31105
25007
15102
2898
-9747
-20908
-28887
-32468
-31107
-25010
-15106
-2902
9743
20905
28885
32468
31109
25014
15110
2906
-9740
-20903
-28884
-32467
-31108
-25014
-15112
-2909
9737
20900
28882
32467
31110
25017
15115
2913
-9733
-20897
-28880
-32466
-31111
-25020
-15120
-2918
9728
20893
28877
32465
31112
25022
15123
2922
-9724
-20890
-28876
-32466
-31114
-25026
-15128
-2927
9720
20887
28874
32466
31116
25029
15132
2931
-9716
-20883
-28871
-32464
-31116
-25031
-15136
-2937
9709
20877
28867
32462
31116
25034
15141
2943
-9703
-20872
-28864
-32462
-31119
-25038
-15145
-2947
9700
20870
28863
32462
31120
25040
15148
2950
-9697
-20868
-28862
-32462
-31121
-25042
-15151
-2954
9693
20864
28859
32460
31121
25044
15155
2958
-9689
-20861
-28857
-32460
-31123
-25048
-15159
-2963
9684
20857
28855
32460
31124
25050
15162
2967
-9680
-20854
-28853
-32460
-31126
-25054
-15168
-2973
9675
20850
28851
32460
31128
25057
15172
2977
-9671
-20847
-28849
-32459
-31129
-25059
-15175
-2980
9668
20844
28847
32459
31131
25063
15180
2986
-9663
-20841
-28846
-32460
-31133
-25067
-15185
-2991
9658
20837
28844
32460
31135
25070
15189
2995
-9654
-20834
-28842
-32459
-31136
-25073
-15193
-3000
9650
20831
28841
32460
31138
25076
15196
3003
-9647
-20828
-28839
-32459
-31139
-25079
-15201
-3009
9641
20824
28837
32460
31142
25083
15206
3014
-9637
-20821
-28835
-32460
-31144
-25087
-15211
-3019
9632
20817
28833
32459
31145
25089
15214
3023
-9628
-20814
-28831
-32459
-31147
-25093
-15219
-3028
9624
20811
28830
32460
31149
25096
15223
3032
-9620
-20808
-28829
-32461
-31152
-25101
-15228
-3037
9616
20805
28827
32461
31154
25104
15232
3042
-9611
-20801
-28824
-32459
-31154
-25106
-15236
-3047
9605
20795
28820
32457
31154
25108
15240
3052
-9600
-20791
-28817
-32456
-31155
-25111
-15245
-3058
9595
20787
28815
32456
31157
25115
15250
3063
-9590
-20783
-28812
-32455
-31159
-25119
-15255
-3069
9585
20780
28811
32456
31161
25122
15259
3073
-9581
-20776
-28809
-32456
-31163
-25126
-15264
-3078
9576
20773
28807
32456
31165
25129
15268
3082
-9573
-20770
-28805
-32455
-31165
-25131
-15271
-3086
9569
20767
28804
32456
31168
25135
15276
3091
-9564
-20764
-28803
-32457
-31171
-25139
-15280
-3095
9561
20762
28802
32457
31171
25140
15282
3097
-9559
-20760
-28800
-32456
-31172
-25143
-15286
-3102
9554
20756
28798
32456
31174
25147
15291
3108
-9548
-20751
-28795
-32455
-31175
-25149
-15295
-3113
9543
20746
28791
32453
31176
25152
15300
3119
-9537
-20741
-28788
-32453
-31178
-25156
-15305
-3124
9532
20737
28785
32451
31178
25158
15308
3128
-9528
-20734
-28783
-32450
-31178
-25160
-15311
-3131
9525
20731
28782
32451
31181
25164
15316
3136
-9521
-20729
-28781
-32452
-31183
-25167
-15320
-3141
9516
20725
28779
32451
31184
25170
15324
3145
-9512
-20721
-28776
-32450
-31185
-25173
-15328
-3150
9507
20717
28773
32449
31186
25175
15332
3155
-9502
-20713
-28771
-32449
-31188
-25179
-15337
-3160
9498
20711
28771
32451
31192
25184
15342
3164
-9495
-20709
-28770
-32451
-31193
-25187
-15346
-3169
9490
20705
28768
32451
31195
25190
15350
3174
-9485
-20701
-28765
-32450
-31196
-25193
-15355
-3179
9481
20697
28763
32450
31198
25197
15360
3184
-9476
-20694
-28761
-32450
-31200
-25200
-15364
-3189
9472
20691
28760
32451
31202
25203
15368
3193
-9468
-20687
-28757
-32449
-31202
-25205
-15371
-3197
9464
20684
28755
32449
31204
25208
15375
3201
-9460
-20681
-28754
-32449
-31205
-25211
-15379
-3206
9455
20677
28751
32448
31206
25213
15382
3210
-9451
-20673
-28748
-32447
-31207
-25216
-15387
-3215
9446
20669
28746
32446
31208
25219
15391
3220
-9441
-20665
-28743
-32445
-31209
-25222
-15395
-3225
9436
20661
28741
32445
31211
25225
15399
3229
-9432
-20657
-28738
-32443
-31210
-25226
-15402
-3233
9428
20653
28734
32441
31210
25228
15406
3238
-9423
-20649
-28732
-32441
-31212
-25232
-15410
-3243
9418
20645
28730
32441
31214
25235
15415
3248
-9413
-20642
-28728
-32441
-31216
-25239
-15420
-3253
9409
20638
28726
32440
31217
25241
15423
3257
-9404
-20634
-28722
-32438
-31217
-25243
-15426
-3261
9400
20630
28720
32437
31217
25245
15429
3264
-9397
-20628
-28719
-32438
-31220
-25249
-15434
-3269
9393
20625
28717
32438
31221
25252
15439
3275
-9387
-20620
-28714
-32437
-31223
-25256
-15444
-3281
9382
20617
28713
32438
31226
25260
15449
3286
-9377
-20613
-28711
-32438
-31228
-25264
-15454
-3292
9371
20608
28708
32437
31229
25267
15458
3296
-9368
-20606
-28707
-32437
-31230
-25268
-15460
-3298
9366
20604
28705
32436
31230
25270
15463
3302
-9361
-20599
-28701
-32434
-31230
-25272
-15467
-3307
9356
20595
28699
32434
31232
25275
15471
3311
-9352
-20592
-28697
-32433
-31232
-25277
-15474
-3315
9348
20588
28694
32432
31233
25280
15478
3320
-9343
-20584
-28692
-32431
-31234
-25282
-15481
-3324
9339
20580
28689
32430
31235
25285
15486
3330
-9333
-20576
-28686
-32429
-31236
-25288
-15491
-3335
9328
20571
28683
32428
31238
25292
15496
3341
-9323
-20568
-28681
-32428
-31240
-25296
-15501
-3346
9318
20564
28680
32430
31244
25301
15506
3351
-9314
-20561
-28678
-32430
-31245
-25304
-15510
-3356
9309
20557
28675
32428
31245
25306
15514
3361
-9304
-20552
-28672
-32427
-31246
-25308
-15518
-3365
9299
20548
28669
32425
31246
25310
15521
3369
-9295
-20545
-28667
-32425
-31248
-25313
-15525
-3374
9291
20541
28665
32425
31249
25316
15530
3379
-9286
-20537
-28662
-32423
-31249
-25318
-15533
-3384
9280
20532
28658
32422
31251
25322
15538
3389
-9276
-20529
-28656
-32421
-31251
-25323
-15540
-3392
9272
20525
28654
32420
31252
25326
15545
3397
-9268
-20522
-28652
-32420
-31253
-25329
-15549
-3402
9263
20518
28649
32419
31254
25331
15552
3406
-9258
-20513
-28645
-32417
-31255
-25334
-15557
-3411
9253
20509
28643
32416
31255
25336
15560
3415
-9250
-20507
-28642
-32417
-31257
-25339
-15564
-3420
9245
20502
28638
32414
31257
25342
15568
3424
-9241
-20499
-28637
-32415
-31259
-25345
-15572
-3429
9236
20495
28634
32414
31260
25347
15576
3434
-9231
-20491
-28631
-32413
-31261
-25350
-15580
-3438
9228
20489
28631
32414
31263
25353
15583
3441
-9225
-20486
-28629
-32413
-31264
-25355
-15586
-3444
9222
20484
28627
32412
31264
25357
15590
3450
-9216
-20479
-28624
-32412
-31267
-25362
-15596
-3456
9210
20474
28622
32413
31270
25366
15601
3461
-9206
-20472
-28621
-32413
-31271
-25369
-15605
-3465
9202
20468
28618
32412
31272
25372
15609
3470
-9197
-20464
-28616
-32411
-31273
-25374
-15612
-3474
9193
20461
28614
32411
31275
25378
15617
3479
-9189
-20458
-28612
-32411
-31276
-25380
-15620
-3483
9185
20455
28611
32411
31278
25383
15623
3485
-9183
-20453
-28609
-32410
-31278
-25384
-15626
-3489
9179
20450
28607
32410
31280
25388
15631
3495
-9173
-20445
-28604
-32409
-31281
-25390
-15634
-3498
9170
20442
28602
32407
31280
25391
15637
3502
-9166
-20439
-28600
-32407
-31282
-25395
-15642
-3507
9161
20435
28598
32407
31284
25398
15646
3512
-9156
-20431
-28595
-32406
-31285
-25401
-15650
-3517
9152
20428
28594
32407
31288
25405
15655
3522
-9148
-20425
-28593
-32408
-31290
-25408
-15659
-3526
9144
20422
28591
32407
31291
25411
15663
3530
-9140
-20419
-28589
-32407
-31292
-25414
-15667
-3534
9136
20416
28588
32408
31295
25418
15671
3539
-9132
-20412
-28585
-32406
-31295
-25420
-15675
-3544
9127
20408
28583
32406
31297
25423
15679
3548
-9123
-20405
-28581
-32406
-31298
-25426
-15683
-3553
9118
20401
28578
32405
31300
25430
15688
3558
-9113
-20397
-28576
-32405
-31302
-25434
-15694
-3565
9107
20393
28574
32405
31304
25437
15697
3568
-9104
-20390
-28572
-32405
-31306
-25440
-15702
-3573
9100
20388
28572
32406
31307
25442
15704
3575
-9098
-20386
-28570
-32405
-31308
-25445
-15708
-3580
9093
20382
28568
32405
31310
25449
15714
3586
-9087
-20377
-28565
-32405
-31313
-25454
-15720
-3593
9081
20372
28562
32404
31314
25457
15724
3598
-9076
-20368
-28559
-32403
-31314
-25458
-15727
-3601
9073
20366
28558
32403
31316
25461
15730
3605
-9069
-20362
-28556
-32402
-31317
-25464
-15734
-3609
9065
20359
28554
32402
31318
25467
15739
3615
-9060
-20355
-28551
-32401
-31319
-25469
-15742
-3618
9056
20352
28549
32400
31320
25472
15746
3623
-9051
-20347
-28546
-32399
-31321
-25475
-15751
-3629
9046
20344
28545
32400
31324
25479
15755
3633
-9042
-20340
-28542
-32399
-31325
-25482
-15760
-3638
9037
20337
28541
32399
31326
25484
15763
3642
-9033
-20333
-28538
-32398
-31327
-25487
-15767
-3646
9029
20330
28536
32398
31329
25490
15771
3651
-9025
-20327
-28534
-32398
-31330
-25493
-15775
-3655
9021
20324
28533
32398
31332
25496
15778
3658
-9019
-20323
-28533
-32399
-31333
-25498
-15781
-3662
9015
20319
28530
32398
31334
25500
15784
3665
-9012
-20317
-28529
-32398
-31335
-25502
-15787
-3668
9009
20314
28527
32397
31336
25505
15791
3673
-9004
-20310
-28524
-32396
-31337
-25507
-15794
-3677
9000
20307
28522
32395
31338
25510
15798
3681
-8996
-20303
-28520
-32395
-31339
-25512
-15802
-3686
8991
20299
28517
32394
31340
25515
15806
3691
-8986
-20295
-28515
-32394
-31342
-25519
-15811
-3696
8982
20293
28514
32395
31345
25523
15816
3701
-8978
-20290
-28513
-32395
-31347
-25526
-15820
-3705
8974
20286
28510
32394
31347
25528
15823
3709
-8970
-20283
-28508
-32393
-31348
-25530
-15826
-3712
8967
20281
28507
32394
31350
25533
15829
3715
-8964
-20278
-28505
-32393
-31350
-25534
-15831
-3718
8961
20275
28503
32392
31351
25537
15835
3723
-8956
-20272
-28502
-32392
-31352
-25539
-15838
-3726
8953
20269
28499
32391
31352
25540
15840
3729
-8950
-20266
-28497
-32390
-31353
-25542
-15843
-3732
8947
20264
28496
32390
31354
25545
15847
3737
-8942
-20260
-28494
-32390
-31356
-25548
-15851
-3741
8938
20257
28492
32389
31357
25551
15855
3746
-8933
-20253
-28489
-32388
-31358
-25554
-15860
-3751
8929
20250
28488
32389
31360
25557
15863
3755
-8925
-20246
-28485
-32388
-31361
-25560
-15868
-3760
8920
20243
28484
32389
31364
25564
15873
3765
-8916
-20240
-28483
-32389
-31366
-25568
-15877
-3769
8912
20237
28481
32389
31367
25570
15881
3774
-8907
-20232
-28477
-32387
-31368
-25573
-15885
-3778
8904
20230
28476
32388
31370
25576
15888
3781
-8901
-20228
-28476
-32389
-31372
-25579
-15892
-3786
8896
20224
28473
32388
31373
25582
15896
3790
-8892
-20221
-28472
-32388
-31374
-25584
-15899
-3794
8888
20218
28470
32388
31376
25587
15903
3798
-8885
-20215
-28468
-32387
-31377
-25590
-15908
-3804
8879
20211
28466
32387
31379
25594
15912
3808
-8875
-20207
-28463
-32386
-31380
-25597
-15917
-3814
8870
20204
28462
32387
31382
25600
15921
3818
-8866
-20200
-28459
-32386
-31383
-25603
-15925
-3823
8861
20196
