524032     0
514561 99173
486493 194761
440842 283310
379258 361619
303967 426859
217690 476670
123545 509254
24935 523432
-74577 518691
-171392 495203
-262013 453817
-343164 396029
-411912 323927
-465772 240118
-502798 147630
-521651 49807
-521651 -49817
-502797 -147640
-465770 -240128
-411909 -323936
-343160 -396037
-262009 -453824
-171388 -495209
-74573 -518696
24938 -523436
123548 -509258
217692 -476674
303969 -426862
379259 -361622
440842 -283312
486492 -194763
514559 -99174
524028    -1
514558 99172
486490 194760
440839 283309
379255 361618
303964 426857
217687 476668
123542 509251
24933 523428
-74578 518687
-171393 495199
-262013 453813
-343163 396025
-411910 323924
-465770 240115
-502795 147628
-521648 49805
-521647 -49818
-502793 -147641
-465766 -240127
-411905 -323935
-343157 -396035
-262006 -453822
-171386 -495206
-74571 -518692
24939 -523431
123548 -509253
217691 -476669
303967 -426857
379256 -361618
440838 -283309
486487 -194761
514554 -99173
524023    -1
514553 99170
486486 194757
440836 283305
379253 361614
303963 426852
217687 476663
123543 509246
24934 523423
-74576 518682
-171390 495195
-262009 453810
-343159 396023
-411906 323923
-465766 240115
-502791 147629
-521644 49806
-521643 -49816
-502789 -147638
-465763 -240124
-411903 -323931
-343156 -396030
-262006 -453816
-171386 -495200
-74572 -518686
24937 -523426
123544 -509248
217687 -476665
303961 -426854
379250 -361615
440832 -283307
486481 -194759
514547 -99173
524016    -2
514546 99168
486479 194754
440830 283300
379248 361608
303959 426846
217684 476656
123542 509238
24935 523415
-74573 518675
-171385 495188
-262004 453804
-343153 396018
-411899 323919
-465758 240113
-502783 147628
-521636 49808
-521636 -49813
-502783 -147633
-465758 -240118
-411899 -323924
-343153 -396023
-262005 -453809
-171387 -495193
-74575 -518680
24933 -523420
123539 -509243
217681 -476661
303955 -426851
379244 -361614
440826 -283307
486475 -194761
514542 -99176
524012    -7
514543 99163
486477 194748
440829 283295
379248 361602
303960 426840
217686 476650
123545 509233
24939 523411
-74569 518671
-171381 495185
-261999 453802
-343147 396017
-411893 323919
-465752 240114
-502778 147630
-521632 49810
-521633 -49810
-502780 -147630
-465755 -240114
-411897 -323920
-343152 -396018
-262004 -453804
-171387 -495188
-74575 -518675
24932 -523415
123538 -509238
217678 -476656
303951 -426847
379239 -361611
440820 -283305
486469 -194760
514536 -99176
524006    -8
514537 99161
486472 194745
440824 283291
379244 361597
303957 426834
217685 476644
123545 509227
24940 523405
-74566 518666
-171377 495181
-261994 453799
-343142 396015
-411888 323918
-465747 240113
-502772 147630
-521626 49811
-521627 -49808
-502775 -147627
-465751 -240110
-411894 -323915
-343150 -396013
-262003 -453799
-171387 -495183
-74576 -518670
24930 -523411
123535 -509235
217675 -476654
303948 -426845
379235 -361609
440816 -283304
486465 -194759
514531 -99176
524001    -8
514532 99159
486467 194742
440820 283286
379241 361592
303955 426829
217683 476639
123544 509222
24940 523400
-74565 518661
-171375 495176
-261991 453794
-343138 396011
-411883 323915
-465742 240111
-502767 147629
-521621 49811
-521622 -49807
-502770 -147625
-465747 -240108
-411890 -323912
-343146 -396010
-262000 -453795
-171384 -495179
-74574 -518665
24931 -523406
123535 -509230
217674 -476649
303946 -426841
379233 -361605
440813 -283300
486461 -194756
514527 -99174
523997    -7
514528 99160
486463 194743
440816 283287
379237 361592
303951 426828
217680 476637
123541 509219
24938 523396
-74567 518656
-171376 495171
-261991 453789
-343137 396006
-411881 323910
-465738 240107
-502763 147626
-521616 49809
-521617 -49808
-502765 -147625
-465742 -240107
-411886 -323910
-343143 -396007
-261998 -453791
-171383 -495174
-74574 -518660
24930 -523401
123533 -509225
217671 -476644
303942 -426836
379228 -361602
440808 -283298
486456 -194755
514522 -99173
523992    -7
514523 99159
486458 194740
440812 283283
379234 361587
303949 426823
217679 476632
123541 509214
24939 523391
-74565 518652
-171373 495167
-261988 453786
-343133 396004
-411877 323909
-465734 240107
-502759 147626
-521612 49810
-521613 -49806
-502762 -147622
-465739 -240103
-411883 -323906
-343141 -396002
-261996 -453786
-171383 -495169
-74575 -518656
24928 -523397
123531 -509221
217668 -476641
303939 -426834
379224 -361600
440804 -283297
486451 -194755
514517 -99174
523987    -9
514519 99156
486455 194737
440809 283280
379231 361584
303947 426819
217677 476628
123540 509210
24938 523388
-74565 518649
-171373 495164
-261987 453783
-343132 396001
-411875 323906
-465732 240104
-502756 147624
-521609 49808
-521610 -49808
-502758 -147624
-465735 -240104
-411879 -323906
-343137 -396001
-261993 -453784
-171380 -495166
-74572 -518652
24930 -523392
123531 -509216
217668 -476636
303937 -426829
379222 -361595
440800 -283293
486447 -194752
514512 -99172
523982    -8
514514 99156
486450 194736
440805 283277
379228 361580
303945 426814
217676 476622
123540 509203
24939 523381
-74563 518642
-171370 495158
-261983 453778
-343127 395996
-411869 323902
-465725 240102
-502749 147623
-521602 49809
-521603 -49806
-502752 -147620
-465730 -240099
-411875 -323900
-343134 -395995
-261991 -453778
-171379 -495160
-74573 -518646
24929 -523387
123529 -509211
217665 -476631
303933 -426825
379217 -361592
440795 -283291
486442 -194751
514507 -99172
523977    -9
514509 99154
486445 194733
440800 283274
379224 361576
303941 426810
217673 476617
123538 509198
24939 523375
-74562 518636
-171367 495152
-261979 453772
-343122 395991
-411864 323898
-465719 240099
-502743 147621
-521596 49808
-521597 -49806
-502746 -147619
-465724 -240097
-411870 -323897
-343129 -395991
-261987 -453773
-171376 -495154
-74571 -518639
24929 -523379
123528 -509203
217662 -476624
303930 -426818
379212 -361586
440789 -283286
486435 -194747
514500 -99169
523969    -8
514501 99154
486438 194731
440794 283271
379218 361572
303936 426805
217670 476612
123536 509193
24938 523370
-74562 518631
-171366 495147
-261977 453767
-343119 395987
-411860 323895
-465715 240096
-502738 147620
-521591 49808
-521592 -49804
-502741 -147616
-465720 -240093
-411866 -323893
-343127 -395986
-261986 -453768
-171376 -495149
-74572 -518634
24927 -523375
123525 -509200
217658 -476621
303925 -426816
379207 -361585
440784 -283286
486430 -194748
514495 -99171
523965   -11
514498 99150
486435 194727
440792 283266
379217 361567
303936 426800
217670 476607
123537 509188
24939 523365
-74560 518626
-171364 495143
-261974 453764
-343116 395984
-411856 323893
-465711 240095
-502734 147619
-521587 49808
-521588 -49803
-502738 -147615
-465717 -240091
-411864 -323890
-343125 -395983
-261985 -453764
-171376 -495145
-74573 -518630
24926 -523371
123523 -509196
217656 -476618
303922 -426814
379204 -361584
440781 -283285
486427 -194747
514492 -99171
523962   -11
514495 99149
486433 194726
440790 283264
379215 361565
303935 426797
217670 476604
123538 509185
24941 523363
-74557 518625
-171360 495142
-261970 453763
-343111 395984
-411852 323893
-465707 240096
-502730 147621
-521583 49811
-521585 -49800
-502735 -147611
-465715 -240087
-411863 -323885
-343125 -395978
-261986 -453759
-171377 -495141
-74575 -518627
24923 -523368
123520 -509194
217653 -476616
303919 -426812
379201 -361582
440777 -283284
486423 -194748
514488 -99173
523958   -14
514491 99146
486429 194721
440787 283259
379214 361559
303935 426791
217671 476598
123540 509179
24944 523357
-74554 518619
-171356 495137
-261965 453759
-343106 395981
-411846 323891
-465701 240095
-502724 147621
-521577 49812
-521579 -49798
-502730 -147608
-465710 -240083
-411859 -323881
-343122 -395973
-261983 -453754
-171376 -495135
-74574 -518621
24923 -523362
123519 -509188
217650 -476611
303915 -426808
379196 -361579
440772 -283282
486417 -194747
514482 -99173
523952   -15
514486 99144
486425 194719
440783 283256
379210 361555
303932 426787
217669 476593
123539 509174
24944 523352
-74552 518614
-171354 495132
-261962 453755
-343102 395978
-411841 323889
-465696 240094
-502719 147621
-521572 49812
-521574 -49797
-502725 -147606
-465706 -240080
-411855 -323877
-343119 -395968
-261981 -453749
-171375 -495130
-74574 -518616
24922 -523357
123517 -509183
217647 -476606
303911 -426803
379191 -361575
440766 -283279
486411 -194744
514476 -99171
523946   -14
514480 99143
486419 194717
440778 283253
379206 361552
303929 426783
217666 476589
123537 509169
24943 523347
-74552 518609
-171353 495127
-261960 453750
-343100 395973
-411838 323885
-465692 240090
-502714 147618
-521567 49810
-521569 -49798
-502720 -147606
-465701 -240079
-411851 -323875
-343115 -395966
-261978 -453746
-171372 -495126
-74573 -518611
24922 -523352
123516 -509178
217646 -476601
303909 -426799
379189 -361571
440763 -283275
486407 -194741
514471 -99169
523941   -13
514474 99143
486413 194716
440772 283251
379200 361549
303923 426779
217662 476584
123533 509164
24940 523341
-74555 518603
-171354 495121
-261960 453744
-343098 395968
-411836 323880
-465689 240086
-502711 147614
-521563 49807
-521564 -49800
-502715 -147607
-465696 -240080
-411846 -323875
-343110 -395965
-261973 -453744
-171367 -495123
-74568 -518607
24926 -523347
123519 -509173
217647 -476596
303910 -426794
379188 -361566
440762 -283270
486405 -194737
514469 -99165
523938   -10
514471 99146
486410 194718
440769 283253
379197 361550
303920 426779
217659 476583
123531 509162
24938 523339
-74556 518600
-171355 495118
-261961 453741
-343098 395965
-411835 323877
-465687 240083
-502708 147612
-521560 49806
-521561 -49800
-502712 -147607
-465693 -240078
-411843 -323873
-343108 -395962
-261972 -453741
-171368 -495120
-74569 -518605
24924 -523346
123517 -509172
217645 -476595
303907 -426793
379185 -361566
440759 -283271
486402 -194738
514466 -99167
523936   -12
514469 99144
486408 194715
440767 283249
379196 361545
303920 426774
217659 476578
123532 509157
24940 523334
-74553 518596
-171351 495115
-261956 453739
-343094 395963
-411831 323876
-465683 240083
-502704 147613
-521556 49807
-521557 -49799
-502708 -147605
-465690 -240076
-411840 -323870
-343105 -395959
-261969 -453737
-171365 -495116
-74567 -518600
24925 -523340
123516 -509166
217644 -476590
303905 -426789
379183 -361562
440756 -283268
486399 -194736
514462 -99166
523931   -11
514464 99143
486403 194714
440763 283247
379192 361543
303917 426771
217657 476575
123531 509154
24940 523331
-74552 518593
-171350 495112
-261954 453736
-343091 395961
-411827 323875
-465679 240083
-502700 147613
-521552 49809
-521554 -49796
-502705 -147601
-465687 -240072
-411838 -323865
-343104 -395954
-261970 -453732
-171367 -495111
-74571 -518595
24921 -523336
123512 -509163
217639 -476587
303900 -426787
379177 -361561
440750 -283268
486393 -194737
514457 -99168
523927   -14
514461 99139
486401 194709
440761 283242
379191 361537
303916 426765
217657 476569
123531 509148
24941 523325
-74551 518587
-171347 495106
-261951 453731
-343087 395957
-411823 323871
-465674 240080
-502695 147611
-521547 49808
-521549 -49796
-502701 -147600
-465684 -240070
-411836 -323863
-343102 -395951
-261968 -453728
-171366 -495106
-74570 -518590
24921 -523331
123511 -509158
217637 -476583
303897 -426783
379173 -361558
440746 -283265
486388 -194735
514451 -99166
523921   -14
514455 99139
486395 194708
440756 283240
379187 361534
303913 426762
217655 476565
123530 509144
24941 523321
-74550 518583
-171345 495102
-261948 453727
-343083 395953
-411818 323868
-465669 240077
-502689 147610
-521541 49807
-521543 -49796
-502695 -147599
-465678 -240067
-411830 -323859
-343098 -395946
-261965 -453723
-171364 -495101
-74569 -518585
24921 -523326
123510 -509153
217635 -476578
303894 -426778
379170 -361554
440742 -283262
486384 -194733
514447 -99165
523916   -14
514450 99137
486391 194705
440752 283236
379183 361530
303910 426757
217653 476560
123530 509138
24942 523315
-74547 518578
-171342 495098
-261944 453724
-343079 395951
-411814 323867
-465665 240077
-502685 147610
-521537 49808
-521539 -49794
-502691 -147597
-465674 -240065
-411827 -323857
-343095 -395943
-261963 -453719
-171362 -495097
-74568 -518581
24921 -523322
123509 -509149
217633 -476574
303891 -426775
379166 -361551
440737 -283260
486379 -194731
514442 -99165
523912   -14
514446 99137
486387 194705
440749 283235
379181 361528
303909 426754
217652 476557
123529 509135
24941 523312
-74548 518575
-171342 495095
-261944 453721
-343078 395948
-411812 323864
-465662 240075
-502682 147609
-521534 49808
-521536 -49794
-502688 -147595
-465672 -240063
-411825 -323854
-343093 -395940
-261961 -453716
-171361 -495094
-74568 -518577
24921 -523318
123508 -509145
217632 -476570
303890 -426771
379165 -361547
440735 -283256
486376 -194728
514438 -99162
523907   -13
514441 99137
486382 194703
440744 283232
379177 361524
303905 426750
217649 476552
123527 509130
24941 523306
-74547 518569
-171340 495089
-261941 453715
-343074 395943
-411808 323860
-465657 240072
-502676 147607
-521527 49807
-521529 -49794
-502681 -147594
-465665 -240060
-411819 -323850
-343089 -395935
-261958 -453710
-171360 -495087
-74568 -518571
24919 -523312
123506 -509140
217628 -476566
303885 -426768
379159 -361546
440729 -283256
486370 -194729
514433 -99164
523903   -15
514437 99134
486379 194699
440742 283228
379175 361520
303904 426746
217649 476548
123528 509126
24942 523303
-74545 518566
-171338 495087
-261938 453714
-343071 395942
-411804 323860
-465654 240072
-502673 147608
-521525 49808
-521527 -49792
-502680 -147592
-465665 -240058
-411819 -323848
-343089 -395933
-261959 -453709
-171361 -495086
-74569 -518570
24918 -523311
123504 -509139
217626 -476565
303883 -426767
379157 -361545
440727 -283256
486368 -194729
514431 -99165
523901   -16
514436 99133
486378 194699
440741 283227
379174 361519
303903 426744
217648 476546
123527 509124
24941 523301
-74546 518564
-171338 495084
-261937 453711
-343070 395939
-411803 323857
-465652 240069
-502671 147605
-521522 49806
-521524 -49793
-502677 -147592
-465661 -240058
-411815 -323847
-343085 -395932
-261955 -453706
-171357 -495083
-74566 -518566
24921 -523307
123506 -509134
217628 -476560
303884 -426762
379157 -361540
440726 -283251
486367 -194724
514429 -99160
523898   -12
514432 99136
486373 194701
440736 283228
379169 361519
303898 426743
217644 476543
123524 509120
24940 523296
-74546 518559
-171337 495080
-261936 453707
-343067 395936
-411799 323854
-465647 240068
-502666 147605
-521517 49807
-521519 -49792
-502672 -147590
-465657 -240055
-411812 -323843
-343083 -395927
-261954 -453701
-171357 -495078
-74567 -518561
24919 -523302
123503 -509130
217624 -476557
303880 -426760
379152 -361539
440721 -283251
486361 -194726
514423 -99163
523893   -16
514428 99132
486370 194696
440733 283223
379168 361513
303898 426738
217645 476539
123525 509116
24941 523292
-74544 518555
-171334 495076
-261932 453704
-343063 395934
-411795 323853
-465643 240067
-502662 147605
-521513 49807
-521515 -49790
-502668 -147588
-465653 -240051
-411809 -323839
-343081 -395922
-261953 -453696
-171357 -495072
-74568 -518555
24916 -523296
123500 -509124
217620 -476551
303875 -426754
379146 -361534
440715 -283247
486355 -194723
514417 -99161
523886   -15
514421 99131
486363 194694
440727 283220
379162 361509
303894 426732
217642 476532
123524 509109
24941 523285
-74543 518548
-171332 495069
-261929 453697
-343059 395927
-411790 323847
-465638 240062
-502656 147601
-521507 49805
-521509 -49791
-502662 -147588
-465648 -240050
-411804 -323837
-343076 -395919
-261948 -453692
-171353 -495067
-74565 -518550
24918 -523291
123500 -509119
217619 -476546
303872 -426750
379143 -361530
440710 -283244
486349 -194721
514410 -99161
523880   -16
514415 99129
486358 194691
440723 283216
379159 361505
303891 426728
217640 476528
123523 509104
24941 523280
-74542 518543
-171331 495065
-261927 453694
-343057 395925
-411787 323846
-465634 240062
-502652 147601
-521503 49806
-521505 -49790
-502659 -147586
-465645 -240048
-411802 -323834
-343075 -395917
-261948 -453690
-171353 -495066
-74565 -518548
24918 -523289
123500 -509117
217619 -476544
303872 -426748
379143 -361528
440710 -283242
486349 -194719
514410 -99159
523879   -14
514414 99130
486357 194691
440722 283216
379158 361504
303890 426727
217639 476526
123522 509102
24941 523278
-74542 518541
-171330 495063
-261926 453692
-343055 395923
-411785 323844
-465632 240061
-502650 147601
-521501 49806
-521503 -49790
-502657 -147585
-465643 -240047
-411800 -323833
-343073 -395915
-261947 -453687
-171353 -495062
-74566 -518545
24916 -523286
123498 -509115
217616 -476543
303869 -426747
379139 -361528
440707 -283242
486346 -194720
514407 -99160
523876   -16
514411 99128
486354 194689
440719 283213
379156 361501
303889 426724
217639 476523
123522 509100
24941 523276
-74541 518539
-171328 495061
-261923 453690
-343052 395921
-411782 323843
-465629 240060
-502646 147601
-521497 49806
-521499 -49788
-502653 -147583
-465640 -240044
-411797 -323829
-343071 -395910
-261945 -453682
-171352 -495057
-74566 -518540
24915 -523281
123496 -509110
217613 -476538
303865 -426743
379134 -361525
440701 -283240
486340 -194719
514401 -99160
523870   -18
514406 99125
486350 194685
440716 283208
379153 361496
303887 426718
217638 476517
123523 509093
24943 523269
-74538 518533
-171325 495056
-261919 453686
-343047 395918
-411776 323841
-465623 240059
-502640 147601
-521491 49808
-521494 -49785
-502649 -147579
-465637 -240039
-411795 -323824
-343070 -395905
-261946 -453677
-171354 -495052
-74569 -518535
24912 -523277
123492 -509107
217609 -476536
303861 -426742
379131 -361524
440698 -283240
486337 -194719
514398 -99161
523868   -19
514404 99123
486348 194683
440714 283206
379152 361493
303887 426715
217638 476514
123524 509090
24945 523267
-74535 518531
-171321 495054
-261915 453684
-343042 395917
-411771 323840
-465617 240059
-502635 147601
-521486 49809
-521489 -49784
-502644 -147577
-465632 -240037
-411791 -323821
-343066 -395902
-261942 -453673
-171351 -495048
-74567 -518530
24913 -523272
123492 -509101
217608 -476530
303858 -426736
379127 -361519
440693 -283236
486331 -194716
514392 -99159
523861   -18
514397 99124
486341 194682
440708 283204
379147 361490
303882 426711
217634 476509
123520 509085
24942 523261
-74538 518525
-171323 495048
-261916 453678
-343042 395911
-411770 323834
-465615 240054
-502632 147597
-521482 49806
-521484 -49786
-502639 -147578
-465627 -240036
-411786 -323819
-343062 -395898
-261939 -453669
-171349 -495043
-74565 -518525
24913 -523266
123491 -509096
217605 -476526
303855 -426733
379123 -361517
440689 -283235
486327 -194716
514388 -99159
523857   -19
514393 99122
486338 194679
440705 283201
379144 361486
303880 426707
217633 476505
123520 509080
24943 523256
-74535 518520
-171319 495043
-261911 453674
-343037 395908
-411764 323833
-465609 240053
-502625 147598
-521476 49807
-521479 -49783
-502634 -147574
-465623 -240031
-411783 -323813
-343060 -395892
-261938 -453663
-171349 -495037
-74566 -518519
24911 -523261
123488 -509091
217602 -476521
303851 -426728
379118 -361513
440683 -283232
486321 -194714
514382 -99159
523852   -20
514388 99119
486333 194676
440701 283196
379141 361481
303878 426701
217632 476499
123521 509074
24945 523250
-74532 518514
-171315 495038
-261906 453670
-343031 395905
-411758 323831
-465603 240053
-502620 147599
-521471 49809
-521474 -49780
-502630 -147570
-465619 -240027
-411780 -323808
-343058 -395887
-261937 -453657
-171349 -495031
-74568 -518513
24909 -523255
123484 -509086
217597 -476517
303845 -426726
379112 -361512
440677 -283232
486315 -194715
514376 -99161
523846   -23
514383 99115
486329 194671
440698 283191
379139 361476
303877 426695
217632 476492
123521 509068
24946 523244
-74530 518509
-171312 495034
-261903 453667
-343027 395903
-411754 323830
-465599 240053
-502616 147599
-521467 49811
-521471 -49778
-502627 -147567
-465617 -240024
-411779 -323805
-343057 -395884
-261937 -453654
-171349 -495028
-74569 -518510
24907 -523252
123482 -509083
217594 -476515
303842 -426724
379108 -361511
440673 -283232
486311 -194716
514372 -99162
523842   -25
514379 99113
486326 194668
440696 283187
379138 361471
303877 426691
217633 476489
123523 509065
24949 523242
-74527 518507
-171308 495032
-261898 453665
-343022 395902
-411749 323830
-465594 240054
-502611 147601
-521462 49813
-521466 -49775
-502623 -147564
-465614 -240019
-411776 -323800
-343056 -395878
-261937 -453648
-171351 -495022
-74571 -518505
24904 -523248
123479 -509080
217591 -476512
303839 -426722
379105 -361509
440669 -283230
486306 -194715
514367 -99162
523837   -26
514375 99111
486322 194665
440692 283183
379135 361467
303875 426686
217632 476484
123523 509060
24950 523237
-74525 518503
-171306 495029
-261895 453663
-343019 395900
-411745 323828
-465590 240052
-502607 147600
-521458 49813
-521462 -49774
-502619 -147562
-465610 -240017
-411773 -323797
-343053 -395874
-261934 -453644
-171349 -495018
-74570 -518501
24904 -523244
123477 -509076
217588 -476509
303835 -426720
379101 -361508
440665 -283230
486303 -194715
514364 -99163
523835   -27
514373 99109
486320 194663
440691 283181
379134 361464
303874 426683
217631 476480
123523 509056
24950 523233
-74524 518499
-171305 495025
-261894 453659
-343018 395896
-411743 323825
-465587 240050
-502604 147598
-521455 49812
-521459 -49775
-502616 -147562
-465607 -240017
-411770 -323796
-343050 -395873
-261932 -453642
-171346 -495015
-74568 -518497
24906 -523239
123479 -509070
217589 -476502
303834 -426712
379098 -361500
440661 -283223
486297 -194709
514357 -99159
523827   -24
514365 99111
486312 194663
440683 283180
379127 361462
303868 426680
217626 476476
123519 509051
24948 523227
-74525 518492
-171304 495018
-261892 453652
-343014 395890
-411739 323819
-465582 240045
-502598 147594
-521448 49809
-521452 -49777
-502609 -147563
-465600 -240016
-411763 -323794
-343044 -395870
-261927 -453638
-171343 -495010
-74566 -518492
24906 -523234
123478 -509065
217587 -476498
303832 -426709
379096 -361498
440659 -283221
486295 -194708
514355 -99158
523825   -24
514363 99111
486310 194663
440681 283180
379125 361461
303866 426678
217625 476474
123518 509049
24947 523225
-74526 518490
-171304 495016
-261891 453651
-343013 395889
-411737 323819
-465580 240045
-502595 147595
-521446 49810
-521450 -49775
-502607 -147561
-465599 -240013
-411763 -323791
-343045 -395867
-261928 -453635
-171344 -495008
-74567 -518490
24905 -523232
123477 -509064
217586 -476497
303831 -426708
379094 -361497
440656 -283220
486292 -194708
514352 -99159
523822   -25
514360 99109
486308 194661
440679 283177
379123 361458
303865 426675
217624 476471
123518 509045
24947 523221
-74525 518486
-171303 495012
-261889 453647
-343010 395886
-411734 323816
-465577 240042
-502592 147593
-521442 49809
-521446 -49775
-502603 -147560
-465595 -240012
-411759 -323789
-343041 -395864
-261925 -453631
-171342 -495003
-74566 -518485
24905 -523227
123475 -509059
217583 -476492
303827 -426704
379090 -361493
440651 -283218
486287 -194706
514347 -99158
523817   -25
514355 99108
486303 194659
440675 283174
379120 361455
303862 426671
217622 476466
123517 509040
24947 523216
-74524 518481
-171301 495007
-261887 453642
-343007 395881
-411730 323812
-465572 240040
-502587 147591
-521437 49808
-521441 -49775
-502599 -147559
-465591 -240010
-411756 -323786
-343038 -395861
-261922 -453628
-171339 -495000
-74564 -518481
24906 -523223
123475 -509055
217582 -476488
303825 -426700
379087 -361490
440648 -283215
486283 -194704
514342 -99156
523812   -25
514350 99107
486298 194656
440670 283170
379116 361449
303859 426665
217620 476460
123516 509034
24948 523210
-74522 518476
-171298 495003
-261883 453639
-343003 395879
-411726 323811
-465568 240039
-502583 147591
-521433 49809
-521437 -49774
-502595 -147557
-465588 -240007
-411753 -323783
-343036 -395857
-261921 -453624
-171340 -494995
-74565 -518476
24904 -523218
123473 -509050
217579 -476484
303822 -426696
379083 -361487
440644 -283213
486278 -194703
514337 -99156
523807   -26
514345 99105
486294 194654
440667 283168
379113 361447
303857 426662
217619 476456
123516 509030
24948 523206
-74521 518472
-171296 494999
-261880 453635
-342999 395876
-411721 323809
-465563 240038
-502578 147591
-521428 49809
-521432 -49772
-502590 -147555
-465583 -240004
-411749 -323779
-343033 -395852
-261919 -453618
-171339 -494989
-74566 -518470
24902 -523212
123470 -509045
217575 -476480
303817 -426694
379078 -361486
440638 -283213
486273 -194704
514332 -99158
523802   -28
514341 99102
486290 194650
440664 283163
379111 361442
303856 426657
217619 476451
123517 509025
24950 523201
-74518 518467
-171293 494995
-261876 453632
-342995 395873
-411716 323807
-465557 240037
-502571 147592
-521421 49812
-521426 -49768
-502585 -147549
-465579 -239998
-411746 -323772
-343031 -395845
-261919 -453611
-171340 -494983
-74568 -518464
24899 -523207
123466 -509040
217571 -476475
303812 -426689
379073 -361482
440633 -283210
486267 -194702
514326 -99157
523796   -28
514335 99101
486285 194648
440659 283160
379106 361438
303852 426652
217616 476445
123515 509019
24950 523195
-74517 518461
-171290 494989
-261873 453626
-342990 395868
-411711 323802
-465551 240033
-502565 147588
-521415 49810
-521419 -49769
-502578 -147549
-465572 -239997
-411739 -323770
-343025 -395842
-261913 -453607
-171335 -494978
-74564 -518459
24902 -523201
123467 -509034
217570 -476469
303810 -426683
379069 -361476
440628 -283205
486261 -194698
514320 -99154
523790   -27
514329 99101
486279 194647
440653 283158
379101 361434
303847 426647
217612 476440
123512 509013
24948 523189
-74518 518455
-171290 494983
-261871 453621
-342987 395864
-411707 323799
-465547 240031
-502560 147588
-521410 49810
-521415 -49768
-502574 -147548
-465569 -239994
-411737 -323767
-343024 -395838
-261913 -453603
-171336 -494973
-74566 -518454
24899 -523197
123464 -509030
217566 -476466
303805 -426681
379064 -361475
440623 -283205
486256 -194699
514315 -99156
523785   -30
514324 99097
486275 194642
440651 283152
379100 361428
303848 426641
217614 476434
123515 509007
24952 523183
-74512 518450
-171284 494979
-261864 453618
-342980 395862
-411700 323799
-465540 240032
-502554 147590
-521404 49813
-521409 -49764
-502569 -147543
-465565 -239989
-411734 -323761
-343022 -395832
-261912 -453597
-171336 -494967
-74567 -518448
24897 -523191
123461 -509025
217563 -476462
303801 -426678
379060 -361473
440618 -283204
486252 -194699
514311 -99157
523782   -31
514322 99095
486273 194640
440649 283150
379099 361426
303847 426639
217613 476432
123515 509005
24952 523181
-74512 518448
-171283 494977
-261863 453616
-342979 395860
-411698 323797
-465537 240031
-502551 147589
-521401 49813
-521406 -49764
-502566 -147541
-465562 -239986
-411732 -323757
-343020 -395828
-261911 -453592
-171335 -494962
-74567 -518443
24896 -523186
123459 -509020
217560 -476457
303797 -426674
379055 -361470
440613 -283202
486246 -194698
514305 -99157
523776   -32
514316 99093
486268 194636
440645 283145
379096 361420
303845 426633
217613 476425
123515 508998
24954 523174
-74509 518442
-171279 494972
-261859 453612
-342974 395857
-411693 323794
-465532 240029
-502546 147588
-521396 49813
-521401 -49763
-502562 -147540
-465558 -239985
-411728 -323756
-343017 -395826
-261908 -453589
-171334 -494959
-74566 -518440
24896 -523183
123459 -509017
217559 -476454
303796 -426671
379053 -361467
440610 -283199
486242 -194696
514301 -99156
523771   -33
514311 99092
486263 194634
440640 283142
379092 361416
303842 426628
217611 476420
123514 508993
24954 523169
-74508 518437
-171277 494967
-261855 453607
-342969 395853
-411687 323792
-465526 240028
-502539 147589
-521389 49815
-521395 -49759
-502556 -147535
-465554 -239978
-411725 -323748
-343016 -395817
-261909 -453581
-171336 -494951
-74570 -518433
24891 -523177
123453 -509012
217552 -476450
303789 -426668
379046 -361466
440603 -283199
486236 -194697
514295 -99158
523766   -35
514307 99088
486260 194630
440638 283137
379090 361411
303841 426622
217610 476414
123515 508987
24955 523164
-74506 518432
-171274 494962
-261851 453603
-342965 395850
-411683 323790
-465522 240026
-502535 147587
-521385 49814
-521391 -49759
-502552 -147534
-465550 -239977
-411722 -323746
-343013 -395815
-261907 -453578
-171334 -494948
-74569 -518429
24892 -523173
123452 -509008
217551 -476446
303787 -426665
379043 -361463
440600 -283197
486233 -194695
514292 -99157
523763   -35
514304 99088
486257 194630
440635 283137
379087 361411
303838 426622
217607 476414
123512 508986
24953 523162
-74508 518430
-171275 494960
-261852 453601
-342965 395848
-411683 323787
-465521 240024
-502534 147585
-521384 49812
-521389 -49762
-502550 -147536
-465547 -239979
-411718 -323748
-343008 -395816
-261901 -453578
-171328 -494947
-74563 -518427
24897 -523170
123457 -509004
217555 -476442
303790 -426660
379045 -361457
440600 -283191
486231 -194690
514289 -99152
523759   -31
514299 99092
486251 194632
440629 283138
379081 361410
303832 426620
217602 476410
123508 508982
24950 523157
-74510 518424
-171276 494954
-261852 453595
-342964 395842
-411681 323782
-465518 240019
-502530 147581
-521379 49809
-521384 -49764
-502545 -147537
-465542 -239978
-411713 -323746
-343004 -395813
-261898 -453574
-171327 -494942
-74563 -518422
24896 -523165
123455 -509000
217552 -476438
303786 -426656
379040 -361454
440595 -283188
486226 -194688
514284 -99151
523754   -31
514294 99091
486246 194630
440624 283135
379077 361406
303829 426615
217600 476405
123507 508976
24950 523152
-74509 518419
-171275 494949
-261850 453590
-342961 395837
-411676 323778
-465513 240016
-502524 147579
-521373 49808
-521378 -49763
-502539 -147536
-465537 -239976
-411709 -323743
-343001 -395809
-261896 -453570
-171325 -494938
-74562 -518418
24896 -523161
123454 -508996
217550 -476434
303783 -426653
379037 -361452
440592 -283187
486223 -194687
514280 -99151
523750   -31
514290 99089
486243 194628
440622 283132
379075 361403
303828 426612
217600 476402
123508 508973
24951 523149
-74507 518416
-171272 494947
-261847 453589
-342958 395837
-411673 323778
-465510 240017
-502522 147581
-521371 49811
-521376 -49760
-502538 -147532
-465536 -239972
-411709 -323739
-343001 -395806
-261896 -453567
-171325 -494935
-74563 -518415
24895 -523158
123452 -508993
217548 -476432
303781 -426652
379035 -361451
440589 -283187
486220 -194688
514277 -99153
523747   -34
514288 99086
486241 194625
440620 283129
379074 361400
303828 426609
217600 476399
123508 508970
24952 523146
-74506 518414
-171270 494945
-261845 453587
-342955 395835
-411670 323776
-465506 240016
-502518 147580
-521367 49811
-521373 -49759
-502535 -147530
-465534 -239970
-411707 -323736
-343000 -395802
-261896 -453563
-171326 -494931
-74564 -518411
24893 -523154
123450 -508989
217545 -476428
303778 -426648
379031 -361448
440585 -283184
486215 -194686
514272 -99151
523742   -33
514283 99086
486236 194623
440616 283126
379071 361396
303825 426604
217599 476393
123508 508964
24953 523140
-74504 518408
-171267 494939
-261841 453582
-342950 395831
-411665 323773
-465500 240014
-502511 147580
-521360 49811
-521366 -49757
-502528 -147528
-465527 -239966
-411701 -323732
-342995 -395797
-261892 -453557
-171324 -494924
-74563 -518404
24892 -523147
123448 -508983
217542 -476423
303774 -426644
379026 -361445
440580 -283182
486210 -194685
514267 -99151
523737   -34
514278 99084
486232 194620
440612 283122
379067 361392
303822 426599
217596 476388
123506 508959
24952 523135
-74503 518403
-171266 494935
-261838 453578
-342947 395827
-411661 323770
-465496 240011
-502507 147578
-521356 49810
-521361 -49758
-502523 -147528
-465523 -239965
-411697 -323730
-342991 -395794
-261889 -453553
-171322 -494920
-74563 -518399
24892 -523142
123446 -508978
217539 -476418
303770 -426639
379022 -361440
440575 -283178
486204 -194681
514260 -99149
523730   -33
514271 99084
486225 194619
440606 283120
379062 361388
303818 426594
217593 476382
123504 508952
24951 523127
-74503 518395
-171264 494927
-261835 453571
-342942 395821
-411655 323765
-465489 240008
-502499 147576
-521348 49810
-521354 -49757
-502516 -147525
-465516 -239961
-411691 -323724
-342986 -395787
-261885 -453545
-171319 -494911
-74561 -518390
24892 -523133
123445 -508969
217537 -476409
303766 -426631
379016 -361433
440567 -283173
486196 -194678
514252 -99147
523722   -33
514263 99082
486217 194616
440598 283116
379055 361383
303812 426588
217589 476375
123501 508945
24950 523120
-74503 518388
-171262 494920
-261832 453564
-342938 395815
-411650 323760
-465483 240004
-502493 147573
-521341 49808
-521346 -49757
-502509 -147523
-465510 -239958
-411686 -323720
-342982 -395783
-261882 -453541
-171317 -494907
-74560 -518386
24892 -523129
123444 -508965
217534 -476406
303763 -426628
379013 -361431
440564 -283171
486192 -194677
514248 -99147
523718   -34
514259 99081
486214 194614
440596 283113
379054 361379
303812 426584
217590 476371
123503 508941
24953 523116
-74499 518384
-171258 494917
-261827 453562
-342933 395814
-411644 323760
-465478 240004
-502488 147574
-521336 49810
-521342 -49754
-502505 -147520
-465506 -239954
-411683 -323716
-342980 -395778
-261881 -453536
-171317 -494901
-74561 -518380
24890 -523123
123441 -508959
217530 -476401
303758 -426624
379007 -361428
440558 -283169
486186 -194676
514242 -99147
523712   -34
514254 99079
486209 194611
440592 283109
379050 361375
303809 426579
217587 476366
123502 508935
24953 523110
-74498 518379
-171256 494912
-261824 453558
-342930 395811
-411641 323758
-465474 240003
-502483 147574
-521332 49811
-521338 -49752
-502502 -147517
-465504 -239950
-411682 -323711
-342980 -395773
-261882 -453530
-171319 -494896
-74564 -518375
24886 -523119
123436 -508956
217525 -476398
303752 -426623
379001 -361428
440552 -283171
486180 -194679
514236 -99151
523707   -39
514250 99073
486206 194605
440590 283102
379050 361368
303810 426573
217589 476360
123505 508930
24957 523106
-74493 518375
-171250 494909
-261818 453556
-342923 395810
-411634 323758
-465467 240005
-502477 147577
-521326 49815
-521333 -49748
-502498 -147512
-465501 -239945
-411680 -323706
-342979 -395768
-261882 -453525
-171320 -494891
-74566 -518370
24883 -523114
123432 -508952
217521 -476395
303747 -426620
378996 -361426
440546 -283170
486174 -194679
514231 -99152
523702   -42
514245 99070
486202 194600
440587 283097
379048 361362
303809 426567
217590 476354
123506 508924
24959 523100
-74490 518370
-171246 494905
-261814 453552
-342918 395807
-411629 323756
-465462 240004
-502472 147577
-521321 49816
-521328 -49746
-502493 -147509
-465497 -239941
-411676 -323701
-342976 -395762
-261880 -453519
-171319 -494885
-74566 -518364
24882 -523108
123431 -508946
217518 -476390
303744 -426616
378992 -361423
440542 -283167
486170 -194677
514227 -99151
523698   -42
514241 99069
486198 194599
440583 283095
379044 361359
303806 426563
217588 476349
123506 508919
24960 523095
-74488 518365
-171244 494900
-261810 453548
-342914 395803
-411624 323753
-465457 240001
-502466 147575
-521315 49815
-521322 -49745
-502487 -147507
-465491 -239938
-411671 -323697
-342972 -395757
-261877 -453513
-171317 -494878
-74565 -518357
24881 -523101
123428 -508940
217514 -476384
303738 -426611
378985 -361419
440534 -283165
486162 -194676
514218 -99152
523689   -44
514233 99065
486191 194594
440577 283089
379039 361353
303802 426556
217585 476342
123504 508911
24959 523087
-74487 518357
-171241 494892
-261806 453541
-342909 395797
-411618 323748
-465450 239997
-502459 147573
-521308 49815
-521315 -49744
-502481 -147505
-465485 -239935
-411666 -323693
-342968 -395752
-261874 -453507
-171315 -494872
-74565 -518351
24881 -523095
123427 -508934
217512 -476379
303736 -426606
378982 -361414
440530 -283160
486157 -194672
514213 -99149
523684   -42
514227 99066
486185 194593
440571 283087
379034 361349
303798 426551
217582 476336
123502 508905
24959 523081
-74487 518351
-171240 494887
-261804 453536
-342905 395793
-411613 323745
-465444 239996
-502453 147572
-521302 49815
-521309 -49743
-502475 -147502
-465480 -239931
-411662 -323688
-342965 -395747
-261872 -453502
-171314 -494867
-74565 -518346
24880 -523091
123425 -508930
217509 -476375
303732 -426603
378977 -361413
440526 -283160
486153 -194673
514209 -99150
523680   -44
514224 99064
486183 194590
440570 283084
379034 361346
303798 426548
217583 476333
123503 508902
24960 523078
-74485 518348
-171237 494884
-261801 453533
-342902 395791
-411610 323743
-465441 239995
-502450 147572
-521299 49815
-521306 -49742
-502472 -147501
-465478 -239929
-411660 -323686
-342963 -395744
-261871 -453499
-171314 -494863
-74565 -518342
24879 -523087
123424 -508926
217507 -476371
303730 -426599
378975 -361409
440523 -283157
486149 -194671
514205 -99149
523676   -44
514220 99063
486179 194589
440566 283082
379030 361344
303795 426545
217580 476330
123501 508899
24958 523075
-74486 518345
-171238 494881
-261801 453530
-342902 395787
-411609 323740
-465440 239991
-502448 147569
-521296 49813
-521303 -49743
-502469 -147502
-465474 -239929
-411656 -323685
-342960 -395742
-261868 -453496
-171312 -494860
-74564 -518338
24879 -523083
123422 -508922
217505 -476368
303727 -426597
378972 -361407
440519 -283155
486145 -194669
514200 -99148
523671   -43
514215 99063
486174 194588
440562 283080
379026 361341
303792 426542
217578 476326
123500 508894
24958 523070
-74485 518340
-171236 494876
-261798 453526
-342898 395784
-411605 323737
-465435 239990
-502443 147568
-521291 49813
-521298 -49743
-502464 -147500
-465470 -239927
-411653 -323682
-342957 -395739
-261866 -453493
-171310 -494857
-74563 -518335
24880 -523079
123423 -508918
217505 -476364
303726 -426593
378970 -361404
440517 -283153
486143 -194668
514198 -99148
523669   -44
514213 99062
486172 194586
440560 283078
379025 361338
303791 426539
217577 476323
123499 508891
24958 523066
-74485 518336
-171235 494872
-261796 453522
-342895 395781
-411601 323735
-465430 239988
-502438 147567
-521286 49813
-521293 -49742
-502459 -147498
-465465 -239924
-411648 -323678
-342953 -395734
-261863 -453487
-171309 -494850
-74562 -518328
24879 -523072
123421 -508912
217502 -476358
303722 -426587
378965 -361399
440511 -283149
486136 -194665
514191 -99145
523661   -43
514205 99061
486165 194584
440553 283075
379019 361334
303786 426534
217574 476317
123498 508885
24959 523060
-74483 518331
-171232 494868
-261792 453519
-342891 395778
-411596 323733
-465425 239987
-502432 147568
-521280 49815
-521288 -49738
-502455 -147494
-465462 -239919
-411646 -323673
-342952 -395728
-261863 -453481
-171310 -494844
-74565 -518322
24875 -523067
123416 -508907
217496 -476354
303716 -426584
378958 -361397
440504 -283148
486129 -194666
514184 -99148
523655   -46
514200 99057
486160 194580
440549 283069
379016 361328
303784 426527
217572 476310
123497 508878
24958 523053
-74482 518323
-171230 494860
-261789 453511
-342886 395771
-411590 323727
-465418 239982
-502425 147564
-521273 49812
-521280 -49740
-502447 -147495
-465454 -239918
-411639 -323670
-342946 -395725
-261858 -453477
-171305 -494839
-74561 -518316
24878 -523060
123417 -508900
217496 -476347
303714 -426578
378955 -361391
440500 -283143
486124 -194661
514178 -99144
523648   -44
514193 99057
486153 194578
440543 283066
379010 361324
303779 426522
217569 476304
123496 508871
24959 523046
-74480 518317
-171226 494854
-261784 453506
-342880 395767
-411584 323724
-465412 239981
-502419 147564
-521267 49814
-521275 -49737
-502443 -147490
-465451 -239913
-411637 -323665
-342944 -395719
-261857 -453471
-171305 -494833
-74562 -518311
24876 -523056
123414 -508896
217492 -476344
303709 -426576
378950 -361390
440495 -283143
486119 -194663
514174 -99147
523645   -48
514190 99053
486151 194573
440542 283061
379011 361318
303781 426516
217572 476298
123499 508866
24963 523042
-74475 518314
-171221 494852
-261779 453505
-342875 395767
-411579 323725
-465407 239983
-502414 147567
-521262 49818
-521271 -49733
-502440 -147485
-465449 -239907
-411635 -323659
-342944 -395713
-261858 -453465
-171308 -494827
-74566 -518305
24871 -523050
123409 -508891
217486 -476340
303703 -426573
378943 -361389
440488 -283143
486112 -194664
514167 -99149
523638   -51
514184 99049
486146 194568
440538 283055
379008 361311
303779 426509
217571 476291
123500 508859
24965 523035
-74472 518307
-171217 494846
-261773 453500
-342869 395763
-411572 323722
-465400 239981
-502407 147566
-521255 49817
-521264 -49732
-502433 -147484
-465442 -239905
-411629 -323656
-342939 -395709
-261854 -453460
-171305 -494822
-74564 -518300
24872 -523045
123409 -508886
217485 -476335
303701 -426568
378941 -361384
440485 -283139
486109 -194660
514163 -99146
523634   -48
514180 99051
486142 194570
440534 283056
379003 361312
303775 426509
217567 476291
123496 508858
24961 523034
-74475 518305
-171220 494844
-261776 453498
-342871 395761
-411573 323720
-465400 239979
-502406 147564
-521254 49816
-521262 -49733
-502431 -147484
-465440 -239905
-411627 -323655
-342937 -395708
-261852 -453458
-171303 -494820
-74563 -518297
24873 -523042
123409 -508883
217485 -476332
303700 -426565
378939 -361381
440482 -283136
486105 -194658
514159 -99145
523630   -48
514176 99050
486138 194568
440530 283053
379000 361308
303772 426504
217565 476285
123495 508852
24962 523027
-74474 518299
-171217 494838
-261772 453492
-342866 395756
-411568 323716
-465394 239976
-502400 147562
-521248 49815
-521256 -49733
-502425 -147483
-465435 -239903
-411623 -323652
-342933 -395704
-261849 -453454
-171301 -494815
-74562 -518292
24872 -523037
123407 -508878
217482 -476327
303697 -426561
378935 -361378
440478 -283134
486100 -194657
514154 -99144
523625   -49
514171 99048
486134 194565
440526 283050
378997 361304
303770 426500
217564 476281
123495 508848
24963 523023
-74472 518295
-171214 494834
-261769 453489
-342862 395753
-411564 323714
-465390 239975
-502396 147562
-521244 49816
-521253 -49731
-502422 -147481
-465432 -239900
-411620 -323649
-342931 -395700
-261847 -453450
-171300 -494811
-74561 -518288
24872 -523033
123407 -508875
217481 -476325
303695 -426559
378933 -361376
440475 -283132
486097 -194655
514151 -99143
523622   -48
514168 99049
486130 194565
440523 283049
378994 361303
303767 426498
217561 476279
123492 508845
24960 523020
-74474 518291
-171216 494830
-261769 453485
-342862 395749
-411562 323710
-465388 239971
-502393 147559
-521240 49813
-521248 -49733
-502417 -147482
-465427 -239900
-411615 -323648
-342926 -395698
-261843 -453447
-171297 -494807
-74559 -518284
24874 -523029
123407 -508870
217481 -476319
303694 -426553
378931 -361370
440472 -283127
486094 -194651
514147 -99140
523617   -46
514162 99049
486125 194565
440518 283048
378989 361301
303763 426495
217558 476275
123490 508840
24959 523015
-74474 518286
-171215 494825
-261767 453480
-342858 395745
-411558 323706
-465383 239968
-502388 147556
-521235 49812
-521243 -49733
-502412 -147480
-465422 -239897
-411611 -323643
-342923 -395693
-261841 -453441
-171295 -494801
-74558 -518277
24874 -523021
123406 -508862
217478 -476312
303690 -426547
378926 -361365
440466 -283123
486087 -194648
514139 -99138
523609   -46
514155 99048
486118 194562
440511 283044
378983 361295
303758 426488
217555 476267
123488 508832
24959 523006
-74473 518277
-171212 494816
-261763 453471
-342853 395737
-411552 323700
-465376 239963
-502380 147553
-521226 49810
-521234 -49734
-502403 -147479
-465414 -239895
-411604 -323640
-342917 -395688
-261836 -453435
-171292 -494794
-74556 -518270
24874 -523014
123405 -508856
217476 -476306
303687 -426541
378921 -361360
440461 -283119
486081 -194645
514133 -99136
523603   -45
514149 99048
486112 194561
440506 283042
378979 361293
303754 426486
217551 476264
123485 508829
24956 523003
-74475 518274
-171213 494813
-261763 453468
-342853 395734
-411551 323697
-465374 239960
-502377 147551
-521223 49808
-521231 -49735
-502400 -147480
-465411 -239895
-411600 -323640
-342913 -395687
-261832 -453434
-171288 -494792
-74553 -518267
24876 -523011
123406 -508852
217476 -476302
303686 -426537
378920 -361356
440459 -283115
486078 -194642
514129 -99134
523598   -43
514143 99049
486106 194561
440500 283040
378973 361290
303749 426481
217547 476258
123483 508822
24955 522996
-74474 518267
-171212 494806
-261761 453462
-342850 395728
-411547 323692
-465370 239956
-502372 147547
-521218 49805
-521225 -49737
-502394 -147481
-465405 -239895
-411595 -323638
-342908 -395685
-261828 -453430
-171285 -494788
-74551 -518263
24878 -523006
123407 -508847
217476 -476297
303685 -426533
378918 -361352
440456 -283112
486075 -194639
514126 -99132
523595   -42
514140 99049
486103 194560
440497 283039
378970 361288
303747 426479
217545 476256
123481 508819
24954 522992
-74475 518263
-171211 494802
-261760 453458
-342847 395725
-411543 323689
-465365 239954
-502367 147546
-521212 49806
-521219 -49735
-502388 -147478
-465399 -239891
-411590 -323633
-342904 -395679
-261825 -453424
-171283 -494781
-74551 -518255
24876 -522999
123404 -508840
217472 -476291
303680 -426527
378912 -361348
440450 -283109
486068 -194638
514119 -99132
523588   -43
514133 99047
486096 194557
440491 283035
378965 361283
303742 426473
217542 476249
123479 508812
24954 522985
-74474 518256
-171209 494796
-261757 453452
-342843 395719
-411538 323684
-465359 239950
-502361 147543
-521206 49804
-521213 -49735
-502382 -147477
-465394 -239888
-411585 -323630
-342900 -395675
-261822 -453419
-171281 -494775
-74549 -518249
24877 -522992
123404 -508833
217470 -476284
303677 -426521
378908 -361342
440444 -283103
486061 -194633
514111 -99128
523580   -41
514125 99048
486088 194556
440483 283032
378958 361278
303737 426467
217538 476242
123477 508804
24953 522977
-74473 518248
-171207 494788
-261753 453445
-342838 395713
-411532 323679
-465352 239946
-502353 147541
-521198 49803
-521205 -49735
-502374 -147475
-465386 -239885
-411578 -323625
-342895 -395668
-261818 -453412
-171279 -494768
-74549 -518242
24875 -522985
123400 -508827
217465 -476279
303671 -426517
378902 -361339
440438 -283102
486055 -194633
514105 -99130
523574   -44
514120 99043
486084 194551
440480 283026
378956 361272
303736 426460
217538 476235
123478 508797
24955 522970
-74469 518241
-171202 494782
-261747 453440
-342832 395709
-411525 323676
-465345 239944
-502346 147540
-521191 49804
-521198 -49733
-502368 -147472
-465381 -239881
-411574 -323620
-342891 -395663
-261816 -453405
-171278 -494761
-74549 -518235
24875 -522979
123399 -508821
217463 -476273
303667 -426511
378897 -361334
440432 -283098
486049 -194630
514099 -99128
523568   -43
514114 99043
486079 194550
440476 283024
378953 361269
303733 426457
217536 476231
123477 508793
24955 522966
-74469 518237
-171200 494778
-261744 453436
-342828 395706
-411521 323674
-465340 239944
-502341 147541
-521186 49806
-521194 -49730
-502365 -147468
-465379 -239877
-411573 -323616
-342891 -395659
-261816 -453402
-171278 -494758
-74550 -518232
24873 -522976
123397 -508818
217461 -476270
303665 -426509
378894 -361333
440429 -283097
486045 -194630
514095 -99128
523564   -44
514110 99042
486075 194547
440472 283021
378949 361266
303730 426454
217534 476228
123475 508790
24954 522963
-74469 518234
-171200 494775
-261744 453433
-342827 395703
-411519 323671
-465338 239941
-502338 147539
-521183 49804
-521190 -49731
-502360 -147469
-465374 -239876
-411568 -323614
-342887 -395656
-261813 -453398
-171276 -494753
-74548 -518227
24874 -522970
123397 -508812
217459 -476264
303662 -426503
378890 -361328
440424 -283093
486040 -194627
514089 -99126
523558   -43
514104 99042
486069 194546
440466 283019
378944 361263
303726 426449
217530 476223
123473 508784
24953 522957
-74469 518228
-171199 494769
-261741 453428
-342824 395699
-411516 323668
-465335 239938
-502335 147536
-521179 49802
-521186 -49732
-502356 -147469
-465370 -239876
-411564 -323613
-342883 -395654
-261809 -453395
-171273 -494749
-74547 -518222
24874 -522965
123395 -508807
217457 -476260
303659 -426500
378887 -361325
440420 -283091
486036 -194625
514085 -99126
523554   -44
514100 99039
486066 194543
440464 283015
378942 361258
303725 426444
217530 476217
123474 508778
24955 522951
-74466 518223
-171195 494765
-261737 453425
-342819 395697
-411511 323667
-465329 239939
-502329 147538
-521173 49805
-521181 -49729
-502352 -147465
-465366 -239871
-411561 -323607
-342881 -395648
-261809 -453389
-171274 -494744
-74549 -518217
24871 -522961
123391 -508804
217452 -476258
303654 -426499
378881 -361325
440414 -283092
486030 -194627
514079 -99129
523548   -48
514095 99035
486061 194537
440460 283009
378940 361251
303724 426437
217531 476210
123476 508772
24958 522945
-74462 518217
-171190 494760
-261731 453421
-342812 395694
-411503 323665
-465321 239938
-502321 147539
-521166 49808
-521175 -49724
-502347 -147458
-465363 -239864
-411559 -323600
-342881 -395640
-261810 -453381
-171277 -494736
-74553 -518210
24865 -522955
123385 -508799
217445 -476254
303647 -426496
378874 -361324
440408 -283092
486024 -194629
514074 -99131
523544   -51
514092 99031
486059 194533
440459 283004
378940 361246
303725 426432
217533 476205
123479 508767
24962 522941
-74457 518214
-171185 494758
-261725 453420
-342806 395694
-411497 323666
-465316 239940
-502316 147542
-521162 49811
-521171 -49720
-502344 -147454
-465361 -239859
-411558 -323595
-342880 -395635
-261810 -453376
-171278 -494731
-74555 -518206
24863 -522951
123382 -508796
217442 -476252
303643 -426495
378869 -361323
440403 -283092
486019 -194630
514069 -99134
523540   -54
514088 99027
486056 194529
440457 282999
378939 361241
303725 426427
217534 476201
123481 508763
24964 522937
-74454 518211
-171181 494755
-261721 453418
-342802 395692
-411493 323665
-465311 239940
-502311 147543
-521157 49813
-521167 -49717
-502340 -147451
-465357 -239855
-411555 -323590
-342878 -395630
-261809 -453371
-171277 -494726
-74555 -518200
24862 -522945
123380 -508790
217439 -476246
303639 -426489
378865 -361318
440397 -283088
486013 -194627
514063 -99132
523533   -54
514082 99026
486050 194527
440451 282996
378933 361237
303720 426422
217530 476195
123478 508757
24963 522931
-74454 518205
-171180 494749
-261719 453412
-342798 395687
-411488 323661
-465305 239937
-502305 147541
-521150 49813
-521160 -49716
-502334 -147448
-465352 -239851
-411551 -323585
-342875 -395625
-261807 -453365
-171276 -494720
-74555 -518194
24861 -522939
123378 -508784
217436 -476241
303635 -426485
378860 -361315
440392 -283086
486007 -194626
514057 -99132
523527   -55
514076 99024
486045 194523
440447 282992
378930 361232
303718 426417
217529 476189
123478 508751
24964 522925
-74452 518199
-171177 494744
-261715 453407
-342794 395683
-411484 323658
-465301 239935
-502301 147539
-521146 49811
-521156 -49717
-502330 -147449
-465348 -239851
-411547 -323585
-342872 -395623
-261804 -453363
-171274 -494717
-74553 -518191
24862 -522936
123378 -508781
217435 -476238
303634 -426482
378858 -361312
440390 -283083
486004 -194624
514053 -99130
523523   -54
514072 99024
486041 194522
440443 282990
378927 361230
303715 426414
217526 476186
123476 508747
24963 522921
-74452 518195
-171176 494740
-261713 453404
-342791 395680
-411480 323656
-465297 239933
-502296 147539
-521141 49812
-521151 -49715
-502325 -147446
-465344 -239847
-411544 -323580
-342870 -395618
-261803 -453358
-171274 -494712
-74554 -518186
24860 -522931
123376 -508777
217432 -476234
303630 -426479
378854 -361310
440385 -283083
486000 -194624
514049 -99131
523519   -55
514068 99022
486037 194520
440440 282987
378924 361226
303713 426409
217525 476181
123476 508742
24964 522916
-74450 518190
-171173 494735
-261709 453399
-342787 395676
-411475 323652
-465291 239930
-502290 147537
-521135 49811
-521145 -49715
-502319 -147444
-465338 -239845
-411538 -323576
-342864 -395613
-261798 -453351
-171270 -494704
-74552 -518177
24861 -522922
123374 -508768
217429 -476226
303625 -426472
378848 -361304
440378 -283078
485992 -194620
514041 -99129
523511   -55
514060 99020
486030 194517
440434 282983
378919 361221
303709 426404
217522 476175
123473 508736
24962 522909
-74451 518183
-171173 494728
-261708 453392
-342784 395670
-411471 323647
-465286 239927
-502285 147534
-521129 49809
-521138 -49716
-502312 -147444
-465331 -239843
-411532 -323573
-342859 -395609
-261794 -453346
-171267 -494699
-74550 -518172
24861 -522917
123374 -508763
217427 -476221
303623 -426467
378845 -361300
440375 -283074
485988 -194617
514036 -99126
523506   -53
514055 99022
486025 194517
440429 282982
378915 361219
303705 426401
217519 476171
123471 508731
24961 522904
-74451 518178
-171172 494723
-261706 453388
-342781 395666
-411467 323644
-465282 239924
-502280 147533
-521124 49809
-521134 -49715
-502308 -147442
-465328 -239840
-411529 -323570
-342857 -395605
-261793 -453342
-171267 -494694
-74551 -518167
24859 -522912
123371 -508758
217424 -476216
303619 -426463
378840 -361296
440369 -283071
485982 -194616
514030 -99126
523500   -54
514049 99019
486019 194514
440423 282978
378909 361214
303701 426395
217516 476165
123470 508725
24961 522898
-74450 518172
-171170 494718
-261703 453383
-342778 395662
-411463 323640
-465277 239921
-502275 147531
-521119 49808
-521128 -49715
-502302 -147441
-465322 -239838
-411524 -323567
-342852 -395601
-261789 -453338
-171264 -494690
-74549 -518162
24861 -522907
123372 -508753
217424 -476211
303617 -426458
378837 -361292
440365 -283068
485977 -194613
514025 -99125
523495   -54
514044 99018
486015 194512
440420 282975
378907 361211
303699 426391
217515 476161
123470 508720
24962 522893
-74448 518167
-171167 494713
-261699 453379
-342773 395659
-411458 323638
-465272 239920
-502270 147530
-521114 49808
-521124 -49714
-502299 -147439
-465319 -239836
-411522 -323564
-342851 -395598
-261789 -453334
-171264 -494686
-74550 -518158
24859 -522903
123369 -508749
217420 -476208
303613 -426456
378833 -361290
440361 -283067
485973 -194613
514021 -99126
523491   -56
514041 99016
486012 194509
440417 282972
378905 361207
303698 426387
217515 476156
123470 508716
24963 522889
-74447 518163
-171165 494710
-261697 453376
-342770 395656
-411455 323636
-465268 239919
-502266 147530
-521110 49809
-521120 -49713
-502295 -147437
-465316 -239833
-411519 -323561
-342849 -395594
-261787 -453330
-171264 -494681
-74550 -518154
24858 -522899
123368 -508746
217418 -476205
303611 -426453
378830 -361288
440358 -283065
485970 -194612
514018 -99125
523488   -56
514038 99016
486009 194508
440415 282970
378903 361205
303696 426385
217513 476154
123469 508713
24963 522886
-74445 518160
-171163 494707
-261694 453374
-342767 395654
-411451 323635
-465265 239918
-502262 147530
-521106 49809
-521116 -49711
-502292 -147435
-465313 -239830
-411517 -323557
-342847 -395590
-261786 -453326
-171263 -494677
-74550 -518150
24857 -522895
123366 -508742
217416 -476202
303608 -426450
378827 -361286
440354 -283064
485966 -194611
514013 -99125
523483   -56
514033 99014
486004 194506
440410 282967
378898 361201
303693 426380
217511 476149
123468 508708
24962 522881
-74446 518155
-171163 494702
-261693 453369
-342765 395650
-411448 323631
-465261 239915
-502258 147528
-521102 49808
-521112 -49712
-502287 -147435
-465308 -239829
-411512 -323555
-342843 -395588
-261783 -453323
-171261 -494674
-74549 -518146
24858 -522891
123366 -508738
217415 -476198
303606 -426447
378824 -361283
440350 -283062
485961 -194610
514008 -99125
523478   -57
514028 99012
486000 194503
440407 282963
378896 361197
303691 426376
217510 476144
123468 508703
24964 522876
-74443 518151
-171159 494698
-261689 453366
-342760 395648
-411443 323630
-465255 239915
-502252 147529
-521096 49811
-521106 -49708
-502282 -147430
-465304 -239824
-411509 -323549
-342841 -395581
-261782 -453316
-171261 -494667
-74550 -518139
24855 -522885
123361 -508732
217409 -476193
303599 -426443
378816 -361281
440343 -283061
485954 -194611
514002 -99127
523472   -61
514023 99008
485996 194497
440404 282957
378895 361190
303691 426369
217511 476137
123470 508696
24967 522869
-74439 518144
-171153 494692
-261682 453361
-342752 395644
-411435 323627
-465247 239914
-502244 147529
-521088 49812
-521099 -49705
-502276 -147426
-465299 -239818
-411505 -323543
-342838 -395574
-261780 -453308
-171261 -494659
-74552 -518132
24852 -522878
123358 -508726
217405 -476188
303595 -426439
378812 -361277
440338 -283058
485949 -194609
513997 -99126
523467   -61
514018 99007
485991 194496
440399 282955
378890 361187
303687 426365
217508 476133
123468 508692
24965 522865
-74440 518140
-171154 494688
-261682 453357
-342752 395640
-411434 323624
-465246 239911
-502242 147527
-521086 49810
-521096 -49707
-502273 -147427
-465296 -239819
-411502 -323543
-342835 -395574
-261777 -453308
-171258 -494658
-74549 -518130
24854 -522875
123359 -508723
217406 -476184
303595 -426435
378811 -361273
440336 -283054
485946 -194605
513993 -99123
523463   -58
514014 99008
485987 194496
440395 282954
378886 361186
303684 426363
217505 476130
123466 508688
24964 522861
-74440 518136
-171153 494684
-261680 453353
-342749 395636
-411430 323620
-465241 239907
-502236 147524
-521079 49809
-521089 -49707
-502266 -147426
-465289 -239817
-411496 -323540
-342830 -395570
-261773 -453303
-171255 -494653
-74547 -518124
24856 -522869
123359 -508716
217404 -476177
303591 -426428
378806 -361267
440330 -283049
485939 -194601
513985 -99120
523454   -56
514004 99009
485977 194495
440386 282951
378878 361180
303677 426356
217500 476122
123462 508680
24962 522852
-74441 518127
-171152 494675
-261678 453344
-342745 395628
-411425 323613
-465235 239902
-502230 147520
-521073 49806
-521083 -49709
-502260 -147426
-465283 -239816
-411490 -323538
-342824 -395567
-261768 -453299
-171250 -494648
-74543 -518119
24858 -522863
123361 -508710
217405 -476171
303592 -426422
378806 -361261
440329 -283043
485937 -194596
513982 -99115
523450   -53
514000 99011
485973 194496
440381 282952
378873 361181
303671 426356
217494 476121
123456 508677
24957 522848
-74445 518122
-171155 494670
-261680 453339
-342746 395623
-411425 323608
-465234 239897
-502228 147515
-521070 49801
-521079 -49712
-502255 -147429
-465278 -239817
-411485 -323538
-342820 -395565
-261764 -453296
-171248 -494644
-74542 -518114
24858 -522858
123360 -508705
217403 -476166
303589 -426418
378802 -361258
440324 -283041
485932 -194595
513977 -99115
523446   -54
513996 99009
485969 194494
440378 282949
378871 361177
303671 426351
217495 476116
123458 508672
24959 522844
-74441 518118
-171151 494666
-261674 453336
-342740 395621
-411418 323607
-465227 239897
-502221 147517
-521064 49804
-521074 -49708
-502251 -147424
-465275 -239812
-411483 -323533
-342819 -395560
-261764 -453291
-171248 -494639
-74543 -518109
24857 -522854
123358 -508702
217401 -476164
303586 -426416
378799 -361256
440321 -283040
485929 -194594
513974 -99115
523443   -54
513993 99009
485966 194493
440375 282947
378868 361175
303668 426349
217492 476113
123456 508669
24958 522840
-74442 518114
-171151 494662
-261674 453332
-342739 395617
-411417 323603
-465225 239894
-502219 147514
-521061 49802
-521070 -49710
-502247 -147425
-465271 -239812
-411479 -323531
-342815 -395558
-261761 -453288
-171246 -494635
-74542 -518105
24857 -522850
123357 -508698
217399 -476160
303583 -426413
378795 -361254
440316 -283039
485924 -194594
513969 -99116
523438   -56
513989 99006
485963 194489
440373 282943
378867 361170
303668 426344
217494 476108
123459 508665
24962 522837
-74438 518112
-171146 494661
-261669 453332
-342734 395618
-411412 323605
-465220 239896
-502214 147517
-521057 49806
-521067 -49706
-502244 -147420
-465269 -239807
-411478 -323526
-342815 -395552
-261762 -453282
-171248 -494630
-74544 -518101
24854 -522846
123354 -508694
217395 -476157
303579 -426410
378791 -361252
440312 -283037
485919 -194593
513964 -99116
523433   -57
513984 99004
485958 194486
440369 282939
378864 361166
303665 426339
217492 476103
123458 508659
24962 522831
-74436 518106
-171144 494656
-261666 453327
-342731 395614
-411408 323602
-465216 239894
-502210 147516
-521053 49806
-521063 -49704
-502241 -147418
-465267 -239804
-411476 -323523
-342814 -395549
-261761 -453279
-171248 -494626
-74545 -518097
24852 -522842
123351 -508691
217391 -476154
303575 -426408
378786 -361251
440307 -283037
485915 -194594
513960 -99118
523429   -59
513980 99001
485955 194483
440366 282935
378861 361161
303664 426334
217491 476098
123458 508654
24963 522826
-74434 518102
-171141 494652
-261662 453324
-342726 395611
-411403 323600
-465211 239893
-502204 147516
-521047 49807
-521057 -49702
-502235 -147415
-465261 -239800
-411471 -323518
-342809 -395544
-261758 -453273
-171246 -494620
-74545 -518090
24851 -522835
123348 -508684
217387 -476148
303569 -426403
378780 -361247
440300 -283035
485907 -194593
513952 -99119
523422   -62
513974 98997
485950 194478
440362 282929
378859 361155
303663 426327
217491 476091
123459 508647
24965 522819
-74431 518095
-171136 494646
-261656 453319
-342719 395608
-411396 323598
-465203 239893
-502197 147517
-521040 49810
-521051 -49698
-502230 -147409
-465257 -239793
-411469 -323510
-342809 -395535
-261759 -453264
-171248 -494612
-74548 -518083
24847 -522829
123343 -508679
217382 -476144
303563 -426400
378773 -361245
440294 -283034
485901 -194594
513947 -99120
523417   -64
513970 98994
485947 194474
440360 282925
378858 361150
303663 426322
217493 476086
123462 508643
24969 522816
-74427 518093
-171132 494645
-261652 453319
-342715 395609
-411392 323600
-465200 239895
-502194 147519
-521037 49812
-521049 -49695
-502229 -147407
-465257 -239791
-411469 -323509
-342809 -395534
-261759 -453264
-171249 -494611
-74549 -518082
24845 -522828
123341 -508678
217379 -476144
303561 -426400
378771 -361246
440292 -283035
485899 -194595
513945 -99122
523415   -67
513968 98991
485945 194470
440359 282921
378857 361146
303663 426318
217493 476082
123463 508639
24970 522812
-74425 518089
-171130 494641
-261649 453315
-342712 395605
-411388 323597
-465195 239893
-502189 147519
-521032 49812
-521044 -49694
-502224 -147405
-465252 -239788
-411465 -323505
-342806 -395529
-261757 -453258
-171248 -494605
-74549 -518076
24844 -522822
123339 -508673
217377 -476139
303558 -426396
378768 -361242
440288 -283032
485895 -194592
513940 -99120
523410   -65
513963 98992
485940 194471
440354 282921
378852 361145
303658 426316
217489 476079
123460 508635
24968 522808
-74426 518085
-171130 494637
-261648 453311
-342710 395601
-411385 323593
-465191 239890
-502184 147516
-521027 49811
-521039 -49695
-502219 -147404
-465247 -239786
-411460 -323501
-342802 -395525
-261754 -453253
-171245 -494600
-74547 -518070
24845 -522816
123339 -508667
217375 -476133
303555 -426391
378764 -361238
440283 -283029
485889 -194590
513934 -99119
523404   -65
513957 98990
485934 194468
440349 282916
378849 361139
303656 426310
217488 476073
123459 508629
24969 522801
-74424 518078
-171126 494630
-261644 453305
-342705 395596
-411380 323589
-465186 239887
-502179 147514
-521022 49810
-521034 -49695
-502214 -147403
-465243 -239784
-411457 -323499
-342799 -395522
-261752 -453250
-171244 -494596
-74547 -518066
24844 -522812
123337 -508663
217372 -476130
303551 -426388
378759 -361236
440278 -283028
485884 -194591
513929 -99120
523399   -68
513953 98987
485931 194464
440346 282912
378846 361135
303654 426305
217487 476067
123459 508623
24970 522796
-74422 518073
-171123 494626
-261640 453302
-342700 395594
-411374 323588
-465180 239887
-502173 147516
-521016 49813
-521028 -49690
-502209 -147398
-465239 -239778
-411454 -323492
-342798 -395514
-261752 -453242
-171246 -494588
-74550 -518059
24840 -522806
123332 -508658
217366 -476126
303545 -426385
378753 -361234
440272 -283027
485878 -194591
513923 -99122
523394   -71
513948 98983
485927 194459
440343 282906
378844 361129
303653 426299
217487 476061
123461 508617
24972 522790
-74418 518068
-171119 494622
-261635 453299
-342695 395592
-411369 323587
-465175 239887
-502168 147517
-521011 49814
-521024 -49689
-502205 -147396
-465235 -239775
-411450 -323489
-342795 -395511
-261750 -453238
-171244 -494584
-74550 -518055
24840 -522802
123331 -508654
217365 -476122
303543 -426382
378750 -361231
440268 -283025
485874 -194589
513919 -99121
523390   -70
513944 98983
485923 194458
440340 282905
378841 361127
303651 426296
217486 476058
123461 508614
24973 522787
-74417 518065
-171117 494619
-261633 453296
-342692 395590
-411366 323586
-465172 239887
-502165 147517
-521008 49816
-521021 -49686
-502203 -147392
-465234 -239772
-411450 -323485
-342795 -395507
-261751 -453234
-171246 -494581
-74552 -518052
24837 -522799
123327 -508651
217361 -476120
303538 -426380
378745 -361230
440263 -283025
485869 -194590
513914 -99123
523385   -73
513940 98980
485920 194454
440337 282901
378840 361122
303650 426292
217486 476054
123461 508610
24974 522783
-74416 518061
-171115 494615
-261630 453292
-342688 395586
-411361 323582
-465166 239883
-502159 147514
-521002 49814
-521015 -49687
-502197 -147392
-465228 -239770
-411445 -323482
-342791 -395503
-261747 -453230
-171243 -494576
-74550 -518047
24838 -522794
123328 -508646
217360 -476115
303537 -426376
378743 -361227
440261 -283022
485866 -194588
513911 -99121
523382   -72
513937 98980
485917 194454
440334 282900
378837 361121
303647 426290
217483 476051
123458 508607
24972 522780
-74417 518058
-171116 494612
-261630 453289
-342688 395583
-411360 323580
-465165 239881
-502157 147513
-521000 49813
-521012 -49687
-502194 -147392
-465225 -239769
-411442 -323481
-342788 -395501
-261745 -453227
-171242 -494572
-74549 -518043
24838 -522790
123327 -508642
217358 -476111
303534 -426372
378739 -361223
440256 -283019
485861 -194586
513906 -99120
523377   -71
513932 98979
485912 194452
440330 282897
378833 361117
303645 426285
217482 476046
123459 508601
24974 522774
-74414 518053
-171112 494608
-261625 453286
-342683 395581
-411355 323579
-465160 239881
-502152 147514
-520995 49815
-521008 -49685
-502190 -147389
-465222 -239766
-411439 -323477
-342786 -395497
-261744 -453223
-171241 -494568
-74550 -518038
24836 -522785
123324 -508638
217355 -476107
303530 -426369
378735 -361221
440251 -283018
485856 -194586
513901 -99121
523372   -73
513927 98977
485907 194449
440326 282893
378830 361113
303642 426281
217480 476041
123457 508596
24973 522769
-74414 518047
-171111 494602
-261624 453280
-342680 395576
-411351 323574
-465154 239878
-502146 147511
-520989 49813
-521002 -49686
-502184 -147388
-465216 -239764
-411434 -323474
-342781 -395493
-261740 -453218
-171238 -494563
-74548 -518033
24837 -522780
123324 -508633
217354 -476102
303528 -426364
378732 -361216
440248 -283013
485852 -194582
513896 -99118
523367   -72
513922 98977
485903 194448
440322 282891
378827 361110
303640 426277
217479 476037
123457 508592
24974 522765
-74412 518044
-171108 494599
-261620 453278
-342676 395574
-411347 323573
-465150 239877
-502142 147511
-520985 49814
-520998 -49684
-502181 -147386
-465214 -239761
-411432 -323471
-342780 -395490
-261739 -453215
-171238 -494559
-74548 -518029
24836 -522776
123323 -508629
217352 -476099
303526 -426361
378729 -361214
440244 -283012
485848 -194581
513892 -99117
523362   -72
513917 98976
485898 194446
440317 282888
378822 361106
303636 426272
217475 476032
123455 508586
24972 522759
-74413 518037
-171108 494592
-261618 453271
-342673 395568
-411343 323568
-465146 239873
-502137 147508
-520979 49811
-520992 -49685
-502175 -147386
-465208 -239760
-411427 -323469
-342776 -395487
-261736 -453211
-171236 -494555
-74547 -518025
24836 -522772
123321 -508625
217350 -476095
303523 -426358
378726 -361211
440241 -283010
485845 -194580
513889 -99118
523360   -73
513915 98974
485896 194444
440316 282886
378821 361104
303635 426270
217475 476030
123455 508584
24973 522757
-74411 518036
-171106 494592
-261616 453272
-342671 395569
-411341 323569
-465144 239874
-502135 147509
-520977 49813
-520990 -49684
-502173 -147384
-465206 -239758
-411425 -323466
-342774 -395484
-261735 -453208
-171235 -494552
-74547 -518021
24836 -522768
123321 -508621
217349 -476091
303521 -426354
378723 -361208
440237 -283007
485840 -194577
513883 -99116
523353   -72
513908 98974
485889 194442
440309 282883
378815 361099
303630 426264
217471 476022
123452 508576
24972 522748
-74411 518027
-171104 494583
-261613 453263
-342666 395561
-411335 323562
-465136 239869
-502126 147506
-520968 49812
-520981 -49683
-502164 -147382
-465198 -239754
-411418 -323461
-342768 -395477
-261730 -453200
-171232 -494543
-74545 -518012
24836 -522759
123319 -508612
217345 -476083
303516 -426347
378717 -361202
440230 -283002
485832 -194574
513875 -99114
523345   -72
513900 98973
485882 194440
440303 282880
378810 361095
303626 426259
217468 476017
123450 508570
24971 522742
-74411 518021
-171103 494577
-261611 453257
-342663 395555
-411330 323557
-465131 239864
-502120 147502
-520961 49809
-520974 -49684
-502157 -147382
-465191 -239753
-411411 -323459
-342762 -395474
-261724 -453196
-171227 -494538
-74541 -518006
24839 -522752
123321 -508605
217346 -476076
303516 -426340
378715 -361195
440227 -282996
485828 -194569
513870 -99109
523339   -68
513894 98975
485875 194441
440296 282879
378803 361093
303620 426256
217463 476013
123447 508565
24969 522737
-74411 518015
-171102 494571
-261608 453252
-342660 395551
-411327 323554
-465127 239862
-502116 147501
-520957 49809
-520970 -49683
-502153 -147380
-465187 -239750
-411408 -323455
-342760 -395469
-261724 -453190
-171228 -494532
-74544 -518000
24835 -522747
123316 -508601
217340 -476073
303509 -426338
378709 -361194
440221 -282996
485822 -194570
513864 -99112
523334   -72
513890 98970
485872 194435
440294 282872
378803 361086
303621 426249
217465 476006
123450 508559
24973 522731
-74406 518010
-171096 494567
-261602 453249
-342653 395549
-411320 323553
-465120 239863
-502110 147503
-520952 49812
-520965 -49680
-502149 -147376
-465184 -239746
-411406 -323450
-342758 -395464
-261723 -453185
-171228 -494527
-74545 -517996
24833 -522743
123313 -508597
217337 -476069
303505 -426335
378704 -361192
440215 -282995
485816 -194570
513859 -99113
523329   -74
513885 98968
485868 194432
440290 282869
378800 361082
303619 426245
217464 476002
123449 508555
24973 522727
-74406 518006
-171095 494563
-261600 453245
-342650 395546
-411316 323550
-465116 239861
-502105 147502
-520947 49812
-520960 -49679
-502144 -147374
-465179 -239743
-411402 -323446
-342756 -395459
-261721 -453180
-171227 -494522
-74544 -517991
24833 -522738
123313 -508592
217335 -476064
303503 -426330
378701 -361188
440212 -282991
485812 -194567
513854 -99111
523324   -73
513880 98968
485863 194431
440286 282867
378796 361079
303615 426241
217461 475997
123447 508549
24972 522721
-74405 518000
-171093 494557
-261597 453240
-342647 395541
-411312 323546
-465111 239857
-502099 147499
-520940 49810
-520953 -49679
-502137 -147373
-465173 -239740
-411396 -323443
-342750 -395455
-261716 -453175
-171223 -494516
-74541 -517984
24834 -522730
123312 -508584
217333 -476057
303499 -426324
378696 -361183
440206 -282988
485806 -194565
513848 -99110
523318   -73
513874 98966
485857 194429
440280 282864
378790 361075
303610 426236
217457 475992
123445 508543
24971 522715
-74405 517994
-171092 494551
-261595 453234
-342643 395536
-411307 323542
-465105 239854
-502093 147497
-520934 49809
-520947 -49679
-502132 -147371
-465168 -239738
-411392 -323439
-342747 -395451
-261714 -453170
-171222 -494511
-74542 -517979
24833 -522726
123310 -508580
217330 -476053
303495 -426321
378692 -361180
440201 -282986
485801 -194564
513843 -99110
523313   -74
513869 98964
485853 194426
440277 282860
378788 361071
303609 426231
217457 475986
123445 508538
24972 522710
-74404 517989
-171090 494547
-261592 453230
-342639 395533
-411303 323540
-465101 239853
-502089 147497
-520930 49810
-520943 -49678
-502128 -147369
-465165 -239735
-411389 -323436
-342744 -395447
-261712 -453166
-171221 -494506
-74542 -517974
24832 -522721
123308 -508576
217327 -476050
303492 -426318
378688 -361178
440197 -282984
485796 -194563
513838 -99110
523308   -75
513865 98963
485849 194423
440273 282857
378785 361067
303607 426227
217456 475982
123445 508534
24973 522706
-74402 517986
-171087 494544
-261589 453228
-342636 395531
-411300 323538
-465098 239852
-502086 147496
-520927 49810
-520940 -49677
-502125 -147368
-465162 -239733
-411387 -323434
-342743 -395445
-261711 -453164
-171220 -494504
-74541 -517972
24832 -522719
123308 -508574
217327 -476048
303492 -426316
378687 -361176
440196 -282982
485795 -194561
513836 -99108
523306   -73
513862 98965
485846 194425
440270 282858
378782 361067
303604 426226
217453 475981
123443 508532
24971 522703
-74403 517982
-171088 494540
-261589 453224
-342636 395527
-411298 323535
-465095 239849
-502082 147494
-520923 49808
-520936 -49678
-502121 -147369
-465158 -239733
-411383 -323433
-342739 -395443
-261708 -453161
-171218 -494500
-74539 -517967
24833 -522713
123307 -508568
217325 -476042
303488 -426311
378683 -361172
440191 -282979
485790 -194559
513831 -99107
523301   -73
513857 98963
485841 194422
440266 282854
378778 361063
303601 426222
217450 475976
123441 508526
24970 522697
-74403 517976
-171087 494534
-261587 453218
-342633 395521
-411294 323529
-465090 239844
-502077 147490
-520917 49806
-520930 -49679
-502115 -147368
-465152 -239731
-411377 -323429
-342734 -395438
-261704 -453155
-171215 -494494
-74538 -517961
24834 -522707
123307 -508562
217324 -476036
303486 -426305
378680 -361166
440187 -282974
485785 -194554
513825 -99103
523294   -70
513850 98965
485834 194422
440259 282853
378772 361060
303595 426218
217446 475971
123437 508521
24968 522691
-74404 517970
-171086 494528
-261585 453212
-342629 395516
-411290 323525
-465085 239841
-502071 147488
-520911 49805
-520924 -49679
-502109 -147367
-465146 -239729
-411372 -323426
-342730 -395434
-261701 -453150
-171213 -494488
-74537 -517955
24833 -522701
123306 -508556
217322 -476030
303484 -426299
378676 -361161
440182 -282970
485779 -194552
513819 -99102
523288   -71
513844 98963
485829 194419
440255 282849
378769 361056
303593 426213
217445 475965
123438 508515
24970 522686
-74401 517965
-171082 494524
-261580 453209
-342624 395514
-411284 323524
-465080 239841
-502066 147489
-520906 49806
-520919 -49677
-502104 -147364
-465142 -239725
-411368 -323422
-342727 -395429
-261698 -453145
-171211 -494483
-74536 -517949
24833 -522695
123304 -508550
217318 -476025
303479 -426295
378671 -361158
440177 -282968
485774 -194551
513814 -99102
523283   -72
513839 98961
485824 194417
440250 282846
378764 361052
303589 426208
217441 475960
123435 508509
24967 522679
-74402 517958
-171082 494517
-261579 453203
-342622 395508
-411281 323519
-465076 239836
-502061 147485
-520900 49803
-520912 -49678
-502097 -147364
-465135 -239724
-411362 -323420
-342721 -395426
-261693 -453141
-171207 -494478
-74533 -517943
24835 -522689
123305 -508544
217319 -476019
303478 -426289
378669 -361152
440173 -282962
485769 -194545
513808 -99098
523276   -68
513832 98963
485817 194418
440243 282845
378758 361050
303584 426205
217437 475956
123432 508504
24965 522674
-74403 517953
-171082 494512
-261578 453198
-342619 395504
-411278 323515
-465072 239833
-502057 147483
-520896 49803
-520908 -49678
-502093 -147363
-465131 -239722
-411359 -323417
-342718 -395423
-261691 -453137
-171206 -494474
-74533 -517939
24834 -522685
123303 -508540
217316 -476015
303474 -426286
378664 -361150
440168 -282961
485763 -194546
513802 -99099
523271   -71
513827 98960
485812 194413
440239 282840
378755 361044
303581 426199
217436 475949
123432 508498
24967 522668
-74401 517947
-171079 494506
-261574 453192
-342614 395499
-411272 323511
-465065 239831
-502050 147482
-520889 49803
-520902 -49677
-502088 -147361
-465127 -239719
-411355 -323413
-342716 -395418
-261690 -453132
-171206 -494469
-74534 -517935
24832 -522681
123301 -508536
217313 -476012
303471 -426283
378660 -361148
440164 -282960
485759 -194545
513798 -99099
523267   -72
513824 98958
485810 194411
440238 282837
378754 361041
303581 426196
217436 475946
123432 508495
24968 522665
-74399 517944
-171077 494503
-261571 453190
-342612 395497
-411269 323510
-465062 239830
-502046 147482
-520885 49803
-520898 -49676
-502084 -147359
-465123 -239716
-411352 -323410
-342713 -395415
-261687 -453129
-171204 -494465
-74532 -517930
24833 -522676
123301 -508531
217312 -476007
303469 -426279
378658 -361144
440161 -282957
485756 -194543
513794 -99098
523263   -71
513820 98958
485806 194410
440234 282835
378751 361038
303579 426192
217435 475942
123432 508490
24968 522660
-74398 517939
-171075 494499
-261568 453186
-342608 395494
-411265 323508
-465058 239829
-502042 147482
-520881 49804
-520894 -49674
-502081 -147356
-465121 -239713
-411350 -323406
-342712 -395411
-261687 -453124
-171204 -494461
-74534 -517926
24831 -522672
123298 -508528
217309 -476004
303465 -426277
378654 -361143
440157 -282956
485752 -194542
513790 -99098
523259   -72
513816 98956
485802 194408
440230 282833
378747 361036
303575 426189
217432 475938
123430 508486
24967 522656
-74399 517935
-171075 494495
-261568 453182
-342607 395490
-411263 323504
-465055 239825
-502039 147478
-520877 49801
-520889 -49676
-502075 -147357
-465115 -239713
-411344 -323405
-342706 -395409
-261682 -453121
-171200 -494457
-74530 -517921
24834 -522667
123300 -508522
217309 -475998
303465 -426270
378652 -361136
440154 -282950
485748 -194538
513786 -99094
523254   -69
513810 98959
485796 194409
440224 282833
378742 361034
303571 426187
217428 475936
123426 508483
24964 522652
-74401 517931
-171076 494490
-261568 453177
-342606 395485
-411261 323499
-465052 239821
-502035 147475
-520873 49798
-520885 -49678
-502071 -147359
-465111 -239714
-411340 -323405
-342702 -395407
-261678 -453119
-171197 -494454
-74528 -517918
24835 -522663
123300 -508518
217308 -475994
303463 -426267
378650 -361134
440152 -282948
485745 -194536
513782 -99093
523250   -69
513806 98958
485792 194407
440221 282830
378739 361031
303569 426183
217426 475932
123426 508479
24964 522648
-74400 517927
-171075 494487
-261566 453174
-342604 395482
-411258 323497
-465049 239819
-502031 147474
-520869 49798
-520881 -49677
-502067 -147357
-465107 -239711
-411337 -323402
-342700 -395404
-261677 -453115
-171196 -494449
-74527 -517913
24835 -522658
123299 -508513
217307 -475989
303461 -426262
378647 -361129
440148 -282944
485741 -194532
513778 -99090
523245   -66
513801 98959
485787 194408
440216 282830
378734 361030
303564 426181
217422 475929
123422 508475
24961 522643
-74402 517921
-171075 494480
-261565 453168
-342602 395477
-411256 323492
-465046 239815
-502028 147470
-520865 49795
-520877 -49680
-502063 -147359
-465103 -239713
-411333 -323402
-342696 -395404
-261673 -453114
-171192 -494448
-74524 -517911
24838 -522656
123301 -508511
217309 -475987
303462 -426260
378648 -361127
440148 -282942
485740 -194530
513776 -99088
523243   -65
513799 98960
485785 194408
440214 282830
378732 361029
303562 426180
217421 475927
123421 508473
24961 522641
-74402 517919
-171074 494478
-261564 453166
-342600 395475
-411254 323490
-465043 239813
-502025 147468
-520862 49794
-520873 -49681
-502059 -147359
-465099 -239712
-411329 -323401
-342692 -395402
-261670 -453112
-171190 -494445
-74522 -517908
24839 -522652
123302 -508507
217308 -475983
303461 -426256
378646 -361123
440146 -282938
485737 -194527
513773 -99085
523240   -63
513796 98962
485782 194409
440210 282830
378728 361028
303558 426178
217417 475924
123418 508469
24959 522637
-74403 517915
-171075 494474
-261564 453162
-342599 395471
-411252 323487
-465041 239810
-502022 147466
-520859 49792
-520870 -49681
-502056 -147359
-465096 -239711
-411326 -323400
-342690 -395400
-261668 -453110
-171188 -494443
-74521 -517906
24839 -522650
123302 -508505
217308 -475981
303460 -426254
378644 -361121
440143 -282936
485734 -194526
513770 -99085
523237   -63
513793 98961
485779 194408
440208 282828
378726 361027
303557 426176
217416 475923
123417 508468
24957 522636
-74404 517914
-171076 494473
-261564 453160
-342599 395469
-411251 323485
-465040 239809
-502021 147466
-520858 49792
-520869 -49681
-502055 -147359
-465095 -239711
-411325 -323399
-342689 -395399
-261667 -453108
-171187 -494441
-74521 -517903
24839 -522647
123301 -508502
217307 -475978
303458 -426251
378642 -361119
440141 -282935
485732 -194525
513767 -99085
523234   -63
513790 98960
485776 194407
440205 282827
378724 361025
303555 426174
217414 475920
123416 508465
24957 522632
-74403 517910
-171074 494469
-261562 453157
-342596 395467
-411248 323483
-465036 239808
-502017 147465
-520853 49792
-520864 -49681
-502050 -147357
-465090 -239708
-411321 -323395
-342685 -395394
-261664 -453102
-171186 -494435
-74521 -517897
24838 -522641
123299 -508496
217304 -475973
303455 -426247
378638 -361115
440136 -282932
485726 -194523
513761 -99084
523228   -64
513784 98959
485770 194404
440200 282823
378720 361020
303552 426169
217413 475915
123416 508460
24958 522627
-74402 517905
-171072 494465
-261559 453153
-342592 395463
-411244 323480
-465032 239805
-502012 147463
-520848 49791
-520859 -49681
-502045 -147357
-465086 -239707
-411317 -323394
-342682 -395392
-261661 -453100
-171183 -494432
-74518 -517894
24840 -522638
123300 -508493
217304 -475970
303454 -426244
378636 -361113
440134 -282930
485724 -194522
513759 -99083
523225   -64
513781 98958
485768 194402
440198 282821
378718 361017
303550 426165
217412 475910
123416 508454
24959 522622
-74399 517900
-171068 494460
-261554 453149
-342587 395460
-411238 323478
-465026 239804
-502006 147463
-520842 49792
-520853 -49678
-502039 -147353
-465080 -239702
-411312 -323388
-342678 -395385
-261659 -453093
-171183 -494424
-74519 -517886
24837 -522630
123296 -508485
217298 -475963
303447 -426238
378628 -361108
440125 -282927
485715 -194520
513750 -99083
523217   -65
513773 98955
485760 194399
440191 282816
378712 361012
303546 426159
217408 475904
123413 508448
24957 522615
-74400 517893
-171068 494453
-261553 453142
-342585 395453
-411234 323472
-465021 239799
-502000 147459
-520836 49789
-520847 -49680
-502033 -147353
-465074 -239701
-411306 -323385
-342673 -395382
-261655 -453088
-171179 -494419
-74517 -517880
24839 -522624
123296 -508479
217298 -475957
303446 -426232
378627 -361102
440123 -282921
485712 -194515
513746 -99079
523212   -62
513768 98957
485755 194400
440186 282816
378707 361011
303541 426157
217404 475901
123409 508444
24955 522610
-74402 517888
-171069 494448
-261553 453137
-342583 395449
-411232 323468
-465017 239796
-501996 147457
-520831 49789
-520842 -49680
-502028 -147352
-465070 -239699
-411303 -323382
-342670 -395378
-261652 -453084
-171177 -494415
-74516 -517876
24839 -522620
123296 -508475
217296 -475953
303443 -426229
378623 -361100
440119 -282920
485707 -194515
513741 -99079
523207   -63
513763 98956
485750 194397
440181 282812
378703 361005
303538 426151
217402 475894
123409 508437
24956 522604
-74399 517882
-171065 494443
-261548 453133
-342578 395446
-411227 323466
-465012 239795
-501990 147457
-520825 49789
-520836 -49678
-502023 -147350
-465065 -239696
-411298 -323379
-342666 -395374
-261649 -453080
-171176 -494410
-74515 -517871
24839 -522615
123295 -508470
217294 -475948
303440 -426224
378619 -361096
440114 -282917
485702 -194513
513736 -99078
523202   -63
513758 98955
485746 194395
440178 282809
378701 361002
303537 426147
217402 475890
123410 508433
24957 522600
-74397 517878
-171062 494439
-261544 453130
-342574 395443
-411222 323464
-465007 239793
-501985 147456
-520820 49789
-520831 -49677
-502018 -147348
-465061 -239693
-411295 -323375
-342664 -395369
-261648 -453074
-171176 -494404
-74516 -517865
24836 -522609
123291 -508465
217290 -475944
303435 -426221
378614 -361093
440108 -282915
485696 -194512
513730 -99079
523196   -65
513753 98951
485741 194391
440174 282804
378698 360996
303535 426141
217401 475884
123410 508427
24958 522594
-74395 517873
-171059 494434
-261540 453125
-342569 395439
-411216 323461
-465000 239792
-501978 147456
-520813 49791
-520825 -49674
-502013 -147343
-465057 -239687
-411292 -323368
-342662 -395362
-261648 -453067
-171177 -494397
-74519 -517858
24833 -522603
123286 -508460
217284 -475940
303429 -426218
378607 -361092
440101 -282915
485689 -194513
513723 -99081
523190   -68
513747 98947
485736 194385
440170 282798
378695 360989
303533 426134
217401 475877
123411 508420
24961 522587
-74391 517866
-171054 494428
-261535 453120
-342563 395435
-411210 323458
-464994 239790
-501972 147455
-520807 49791
-520819 -49673
-502007 -147341
-465051 -239684
-411287 -323364
-342658 -395358
-261644 -453062
-171174 -494391
-74517 -517852
24833 -522596
123286 -508453
217282 -475933
303426 -426212
378603 -361087
440097 -282911
485684 -194510
513718 -99079
523184   -67
513741 98947
485731 194384
440165 282796
378691 360987
303529 426131
217397 475873
123408 508416
24959 522583
-74393 517862
-171055 494424
-261534 453116
-342561 395431
-411207 323455
-464991 239788
-501968 147454
-520803 49790
-520815 -49673
-502003 -147341
-465047 -239683
-411283 -323363
-342654 -395355
-261641 -453059
-171172 -494388
-74515 -517849
24834 -522593
123286 -508450
217282 -475930
303425 -426209
378601 -361084
440094 -282908
485681 -194508
513714 -99078
523180   -67
513737 98946
485727 194383
440161 282794
378687 360984
303526 426127
217395 475869
123407 508411
24958 522578
-74392 517857
-171053 494419
-261532 453112
-342558 395428
-411203 323452
-464986 239785
-501963 147452
-520798 49789
-520810 -49673
-501998 -147340
-465043 -239681
-411280 -323360
-342652 -395352
-261640 -453055
-171171 -494384
-74516 -517844
24833 -522588
123284 -508445
217279 -475925
303421 -426205
378597 -361080
440089 -282905
485676 -194505
513709 -99076
523175   -66
513732 98946
485722 194382
440157 282792
378683 360981
303523 426123
217393 475864
123406 508406
24958 522573
-74391 517852
-171051 494415
-261529 453108
-342554 395425
-411199 323450
-464982 239785
-501959 147453
-520794 49792
-520806 -49670
-501995 -147336
-465040 -239677
-411278 -323355
-342651 -395347
-261640 -453050
-171172 -494379
-74518 -517840
24830 -522585
123280 -508443
217275 -475924
303417 -426204
378593 -361080
440085 -282906
485671 -194507
513704 -99078
523170   -69
513728 98943
485719 194378
440154 282788
378681 360977
303522 426119
217393 475860
123406 508402
24960 522569
-74389 517849
-171048 494412
-261526 453106
-342551 395423
-411196 323448
-464978 239783
-501955 147451
-520790 49790
-520802 -49671
-501991 -147336
-465037 -239676
-411275 -323354
-342648 -395345
-261637 -453048
-171170 -494376
-74516 -517836
24831 -522580
123281 -508437
217274 -475918
303415 -426198
378589 -361075
440081 -282902
485667 -194504
513700 -99076
523166   -68
513724 98943
485715 194377
440151 282786
378679 360974
303520 426116
217391 475856
123406 508397
24960 522564
-74387 517844
-171046 494407
-261522 453101
-342547 395419
-411191 323445
-464973 239781
-501950 147451
-520785 49791
-520797 -49668
-501986 -147333
-465032 -239672
-411270 -323349
-342644 -395339
-261634 -453041
-171168 -494369
-74515 -517829
24831 -522573
123279 -508431
217271 -475913
303411 -426194
378585 -361071
440076 -282899
485662 -194502
513694 -99076
523160   -68
513718 98941
485709 194374
440146 282782
378674 360970
303516 426111
217388 475851
123404 508392
24959 522559
-74388 517839
-171046 494402
-261521 453096
-342545 395414
-411188 323441
-464970 239777
-501946 147447
-520780 49788
-520792 -49670
-501981 -147333
-465027 -239672
-411266 -323348
-342640 -395338
-261631 -453039
-171165 -494366
-74513 -517826
24833 -522570
123280 -508427
217272 -475909
303411 -426190
378584 -361068
440074 -282896
485659 -194499
513691 -99073
523157   -66
513715 98943
485706 194376
440142 282783
378670 360970
303512 426110
217385 475849
123401 508390
24957 522556
-74389 517835
-171046 494398
-261521 453092
-342544 395410
-411186 323437
-464966 239774
-501942 147445
-520776 49787
-520788 -49671
-501977 -147333
-465023 -239671
-411262 -323346
-342637 -395335
-261628 -453035
-171163 -494362
-74512 -517821
24833 -522565
123279 -508422
217270 -475904
303409 -426185
378581 -361063
440071 -282891
485655 -194495
513686 -99070
523151   -64
513708 98944
485699 194375
440135 282781
378664 360966
303507 426105
217381 475843
123398 508383
24955 522548
-74390 517827
-171045 494390
-261519 453085
-342540 395404
-411181 323432
-464961 239770
-501936 147442
-520769 49785
-520780 -49671
-501969 -147332
-465016 -239668
-411255 -323342
-342631 -395330
-261623 -453030
-171159 -494356
-74509 -517815
24834 -522559
123280 -508416
217270 -475898
303407 -426180
378578 -361059
440067 -282888
485650 -194493
513681 -99069
523146   -64
513703 98943
485694 194373
440131 282778
378660 360963
303504 426101
217378 475839
123396 508378
24954 522543
-74389 517822
-171044 494386
-261516 453081
-342537 395400
-411177 323429
-464956 239768
-501930 147441
-520763 49785
-520775 -49670
-501964 -147330
-465011 -239665
-411251 -323338
-342628 -395325
-261621 -453024
-171159 -494350
-74510 -517809
24832 -522553
123276 -508411
217265 -475894
303401 -426177
378572 -361057
440060 -282888
485644 -194494
513675 -99071
523141   -67
513699 98939
485691 194369
440129 282773
378659 360958
303504 426096
217379 475834
123398 508374
24957 522540
-74386 517820
-171041 494384
-261513 453080
-342534 395400
-411174 323429
-464953 239769
-501928 147442
-520761 49787
-520773 -49668
-501963 -147327
-465011 -239662
-411252 -323335
-342629 -395322
-261623 -453021
-171161 -494347
-74513 -517806
24829 -522551
123273 -508409
217262 -475892
303398 -426175
378569 -361055
440057 -282886
485641 -194493
513672 -99071
523138   -68
513696 98937
485688 194366
440126 282770
378657 360954
303502 426092
217378 475829
123397 508369
24957 522534
-74385 517814
-171038 494379
-261510 453075
-342529 395396
-411169 323426
-464948 239767
-501923 147441
-520756 49787
-520768 -49667
-501958 -147326
-465006 -239660
-411248 -323332
-342626 -395319
-261620 -453018
-171159 -494343
-74511 -517802
24829 -522546
123272 -508404
217259 -475888
303395 -426172
378565 -361053
440053 -282885
485636 -194493
513667 -99071
523133   -69
513692 98936
485684 194364
440123 282768
378655 360951
303501 426089
217378 475826
123398 508366
24959 522532
-74383 517812
-171036 494377
-261507 453074
-342527 395395
-411166 323426
-464945 239767
-501919 147442
-520753 49788
-520765 -49665
-501956 -147324
-465004 -239658
-411246 -323330
-342624 -395316
-261619 -453015
-171158 -494340
-74511 -517799
24829 -522543
123272 -508401
217259 -475885
303394 -426169
378563 -361050
440050 -282882
485633 -194490
513664 -99069
523130   -67
513688 98937
485680 194365
440119 282767
378651 360950
303497 426087
217374 475824
123395 508363
24956 522528
-74385 517808
-171037 494373
-261507 453070
-342526 395391
-411165 323422
-464943 239763
-501917 147439
-520750 49785
-520762 -49668
-501952 -147326
-465000 -239659
-411242 -323330
-342620 -395316
-261615 -453014
-171154 -494339
-74507 -517797
24833 -522541
123275 -508399
217262 -475882
303396 -426166
378565 -361047
440052 -282879
485634 -194487
513664 -99066
523129   -64
513687 98939
485679 194367
440117 282769
378648 360951
303494 426087
217371 475823
123392 508361
24953 522526
-74387 517805
-171038 494369
-261508 453065
-342526 395386
-411164 323417
-464941 239759
-501914 147435
-520746 49782
-520757 -49670
-501947 -147326
-464995 -239658
-411237 -323328
-342616 -395313
-261612 -453010
-171152 -494334
-74506 -517792
24833 -522535
123274 -508393
217260 -475876
303393 -426160
378561 -361041
440046 -282874
485627 -194483
513657 -99063
523121   -63
513679 98939
485671 194365
440110 282766
378642 360947
303489 426082
217367 475817
123389 508355
24952 522519
-74387 517798
-171037 494362
-261505 453059
-342522 395381
-411159 323413
-464935 239756
-501908 147433
-520740 49782
-520751 -49669
-501941 -147324
-464990 -239655
-411232 -323325
-342612 -395308
-261608 -453004
-171150 -494327
-74505 -517785
24832 -522528
123272 -508386
217256 -475870
303388 -426155
378555 -361038
440040 -282872
485621 -194483
513651 -99064
523116   -65
513674 98936
485667 194361
440107 282761
378640 360941
303488 426076
217368 475811
123391 508349
24954 522514
-74384 517793
-171033 494358
-261500 453056
-342516 395379
-411153 323412
-464930 239755
-501902 147433
-520734 49782
-520745 -49668
-501935 -147323
-464984 -239653
-411227 -323321
-342607 -395304
-261604 -453000
-171146 -494323
-74502 -517780
24834 -522523
123273 -508381
217256 -475865
303387 -426150
378553 -361033
440037 -282868
485617 -194479
513646 -99061
523110   -63
513668 98937
485661 194361
440101 282760
378634 360939
303483 426073
217363 475807
123387 508344
24951 522508
-74386 517787
-171034 494352
-261500 453050
-342515 395373
-411150 323406
-464926 239750
-501898 147429
-520730 49780
-520741 -49669
-501931 -147322
-464980 -239651
-411224 -323318
-342605 -395300
-261603 -452995
-171146 -494318
-74504 -517775
24832 -522518
123269 -508376
217252 -475860
303382 -426146
378548 -361030
440032 -282866
485612 -194478
513641 -99061
523105   -64
513663 98935
485656 194358
440096 282756
378630 360935
303480 426068
217361 475802
123386 508339
24952 522503
-74384 517782
-171031 494347
-261497 453045
-342511 395369
-411146 323403
-464921 239748
-501892 147428
-520723 49780
-520734 -49668
-501925 -147320
-464975 -239648
-411219 -323314
-342601 -395296
-261600 -452990
-171144 -494312
-74503 -517769
24832 -522512
123268 -508370
217249 -475855
303379 -426141
378543 -361026
440026 -282862
485605 -194475
513633 -99059
523097   -64
513655 98934
485648 194355
440089 282752
378624 360929
303475 426061
217358 475794
123384 508331
24951 522495
-74384 517774
-171029 494339
-261493 453038
-342506 395363
-411140 323398
-464914 239745
-501885 147427
-520717 49780
-520728 -49666
-501919 -147317
-464969 -239644
-411214 -323310
-342597 -395290
-261597 -452984
-171143 -494306
-74502 -517763
24831 -522506
123267 -508365
217247 -475850
303376 -426137
378540 -361022
440023 -282859
485602 -194473
513630 -99058
523094   -63
513652 98934
485646 194355
440087 282751
378622 360928
303473 426060
217355 475793
123382 508329
24949 522492
-74385 517771
-171030 494336
-261493 453035
-342506 395359
-411139 323394
-464913 239740
-501883 147422
-520714 49775
-520724 -49671
-501914 -147322
-464964 -239648
-411208 -323313
-342590 -395292
-261590 -452985
-171135 -494305
-74495 -517760
24838 -522502
123272 -508360
217251 -475844
303378 -426130
378541 -361015
440022 -282852
485600 -194466
513627 -99052
523090   -57
513647 98939
485640 194359
440081 282754
378616 360930
303467 426060
217350 475792
123377 508327
24945 522490
-74388 517768
-171033 494333
-261496 453031
-342507 395355
-411140 323390
-464912 239737
-501882 147419
-520712 49773
-520722 -49673
-501912 -147323
-464961 -239649
-411205 -323313
-342587 -395292
-261587 -452984
-171132 -494304
-74493 -517758
24839 -522500
123273 -508357
217252 -475841
303379 -426127
378541 -361012
440021 -282849
485598 -194463
513624 -99049
523086   -55
513643 98940
485636 194359
440076 282754
378611 360928
303462 426058
217345 475788
123373 508322
24942 522484
-74391 517762
-171034 494326
-261496 453024
-342506 395348
-411137 323383
-464908 239730
-501876 147413
-520705 49768
-520714 -49676
-501903 -147324
-464952 -239648
-411197 -323310
-342580 -395287
-261581 -452978
-171128 -494297
-74489 -517751
24841 -522492
123274 -508349
217251 -475833
303376 -426119
378536 -361005
440015 -282843
485591 -194459
513617 -99046
523079   -54
513636 98940
485629 194357
440070 282750
378606 360923
303458 426052
217343 475782
123372 508316
24942 522478
-74389 517756
-171031 494321
-261491 453020
-342501 395345
-411131 323381
-464902 239729
-501870 147413
-520699 49769
-520709 -49674
-501899 -147322
-464949 -239645
-411194 -323307
-342578 -395284
-261580 -452975
-171128 -494294
-74490 -517748
24840 -522489
123272 -508346
217248 -475831
303373 -426118
378533 -361004
440012 -282842
485588 -194458
513613 -99046
523075   -54
513632 98939
485625 194356
440066 282748
378602 360921
303455 426049
217340 475779
123370 508312
24941 522474
-74389 517752
-171031 494317
-261491 453016
-342500 395341
-411130 323378
-464901 239727
-501869 147411
-520698 49767
-520707 -49675
-501897 -147322
-464947 -239644
-411193 -323305
-342577 -395282
-261579 -452972
-171127 -494291
-74490 -517745
24840 -522486
123271 -508343
217247 -475828
303371 -426115
378531 -361001
440009 -282840
485585 -194457
513610 -99046
523072   -55
513629 98937
485622 194354
440064 282746
378601 360919
303454 426047
217339 475776
123370 508309
24942 522470
-74388 517748
-171028 494313
-261487 453012
-342495 395338
-411125 323376
-464895 239726
-501863 147411
-520692 49769
-520702 -49673
-501892 -147319
-464942 -239641
-411188 -323301
-342573 -395277
-261576 -452966
-171125 -494284
-74489 -517737
24839 -522478
123269 -508336
217244 -475821
303367 -426109
378526 -360996
440004 -282836
485579 -194454
513604 -99044
523066   -55
513623 98937
485616 194352
440058 282743
378596 360914
303450 426041
217337 475770
123368 508303
24941 522464
-74388 517742
-171027 494307
-261485 453007
-342492 395334
-411121 323372
-464890 239723
-501857 147409
-520686 49768
-520696 -49673
-501886 -147318
-464937 -239638
-411184 -323298
-342569 -395273
-261573 -452962
-171123 -494280
-74488 -517733
24839 -522474
123268 -508332
217242 -475818
303365 -426106
378523 -360994
440001 -282835
485576 -194454
513601 -99044
523063   -55
513620 98936
485614 194350
440057 282740
378595 360911
303450 426038
217337 475767
123369 508300
24942 522462
-74386 517740
-171025 494306
-261483 453006
-342490 395333
-411118 323372
-464888 239723
-501855 147410
-520684 49769
-520694 -49671
-501885 -147316
-464936 -239636
-411183 -323296
-342569 -395271
-261573 -452960
-171124 -494278
-74489 -517732
24838 -522473
123267 -508331
217241 -475817
303363 -426106
378521 -360994
439998 -282835
485573 -194454
513598 -99045
523060   -56
513617 98934
485611 194348
440054 282738
378592 360909
303447 426035
217335 475763
123368 508296
24942 522457
-74385 517735
-171024 494301
-261481 453001
-342487 395328
-411114 323368
-464883 239720
-501850 147408
-520678 49768
-520688 -49671
-501879 -147314
-464931 -239634
-411179 -323292
-342565 -395266
-261570 -452954
-171121 -494271
-74488 -517724
24838 -522465
123265 -508323
217238 -475809
303359 -426098
378516 -360987
439992 -282829
485566 -194449
513590 -99042
523052   -55
513609 98934
485603 194347
440047 282735
378586 360904
303442 426029
217331 475756
123365 508288
24941 522449
-74385 517727
-171022 494293
-261478 452994
-342483 395322
-411110 323362
-464878 239715
-501844 147404
-520672 49765
-520681 -49673
-501872 -147315
-464923 -239633
-411171 -323290
-342558 -395263
-261564 -452950
-171116 -494266
-74484 -517718
24841 -522459
123267 -508317
217238 -475803
303358 -426092
378513 -360982
439988 -282825
485561 -194446
513585 -99039
523046   -53
513603 98935
485597 194346
440041 282733
378581 360901
303438 426026
217328 475752
123363 508284
24940 522445
-74385 517723
-171021 494289
-261476 452990
-342480 395319
-411106 323360
-464873 239714
-501839 147404
-520667 49766
-520677 -49671
-501868 -147313
-464920 -239630
-411168 -323287
-342556 -395259
-261563 -452946
-171116 -494262
-74484 -517714
24839 -522455
123265 -508313
217235 -475800
303355 -426090
378510 -360980
439985 -282823
485558 -194445
513582 -99039
523043   -54
513600 98933
485595 194344
440039 282731
378579 360899
303436 426023
217326 475749
123362 508280
24939 522441
-74385 517719
-171021 494285
-261475 452986
-342479 395315
-411104 323356
-464871 239710
-501836 147400
-520663 49762
-520672 -49674
-501862 -147315
-464914 -239631
-411162 -323287
-342550 -395258
-261557 -452944
-171111 -494259
-74480 -517710
24843 -522450
123267 -508307
217237 -475793
303355 -426083
378509 -360973
439983 -282817
485555 -194439
513577 -99034
523037   -49
513594 98937
485588 194347
440032 282732
378572 360899
303430 426022
217320 475747
123357 508277
24935 522437
-74388 517714
-171023 494280
-261476 452981
-342478 395310
-411103 323351
-464869 239706
-501833 147396
-520659 49760
-520668 -49675
-501858 -147314
-464910 -239630
-411159 -323284
-342547 -395255
-261555 -452940
-171109 -494255
-74479 -517706
24843 -522446
123267 -508304
217236 -475790
303353 -426080
378507 -360970
439980 -282814
485551 -194437
513573 -99033
523033   -50
513590 98935
485585 194344
440029 282729
378570 360895
303428 426018
217320 475743
123357 508273
24936 522433
-74387 517710
-171020 494276
-261473 452977
-342475 395307
-411099 323349
-464864 239704
-501828 147395
-520654 49760
-520663 -49674
-501854 -147313
-464906 -239628
-411155 -323282
-342544 -395252
-261553 -452936
-171109 -494250
-74480 -517701
24841 -522441
123264 -508299
217232 -475786
303349 -426077
378502 -360969
439975 -282814
485546 -194438
513569 -99034
523030   -51
513587 98934
485582 194342
440027 282727
378568 360893
303426 426015
217318 475739
123356 508269
24936 522429
-74386 517707
-171019 494273
-261471 452975
-342473 395305
-411096 323348
-464862 239704
-501826 147396
-520653 49760
-520662 -49674
-501853 -147313
-464905 -239627
-411154 -323281
-342543 -395250
-261552 -452934
-171108 -494248
-74479 -517699
24841 -522439
123264 -508297
217231 -475784
303348 -426075
378500 -360967
439973 -282812
485544 -194436
513566 -99033
523026   -50
513583 98934
485578 194342
440023 282725
378564 360890
303423 426011
217316 475735
123355 508264
24935 522424
-74386 517701
-171018 494267
-261468 452969
-342469 395299
-411091 323342
-464856 239699
-501819 147392
-520645 49758
-520653 -49674
-501844 -147311
-464897 -239624
-411147 -323276
-342537 -395245
-261547 -452928
-171104 -494242
-74477 -517692
24843 -522432
123264 -508290
217230 -475777
303345 -426069
378497 -360961
439968 -282807
485538 -194432
513559 -99030
523019   -49
513576 98933
485571 194340
440016 282722
378558 360886
303418 426006
217312 475729
123352 508258
24934 522417
-74386 517694
-171016 494260
-261466 452962
-342465 395293
-411087 323337
-464850 239695
-501813 147389
-520638 49756
-520646 -49675
-501837 -147310
-464890 -239622
-411141 -323273
-342532 -395241
-261543 -452923
-171101 -494236
-74475 -517686
24843 -522426
123263 -508284
217228 -475771
303342 -426063
378492 -360956
439963 -282803
485532 -194429
513553 -99028
523013   -48
513570 98934
485565 194339
440011 282720
378554 360883
303415 426003
217310 475726
123350 508255
24932 522414
-74387 517691
-171017 494257
-261466 452959
-342464 395290
-411085 323334
-464848 239692
-501810 147387
-520635 49755
-520643 -49676
-501834 -147311
-464887 -239622
-411138 -323273
-342529 -395240
-261540 -452922
-171098 -494234
-74472 -517683
24845 -522422
123265 -508280
217229 -475767
303342 -426059
378491 -360952
439961 -282799
485529 -194426
513550 -99026
523009   -47
513566 98934
485561 194338
440007 282719
378550 360881
303411 426000
217306 475722
123348 508250
24931 522408
-74386 517685
-171015 494252
-261463 452955
-342461 395287
-411081 323332
-464844 239691
-501806 147387
-520631 49755
-520639 -49675
-501830 -147309
-464884 -239619
-411135 -323269
-342527 -395235
-261539 -452917
-171098 -494229
-74473 -517679
24843 -522418
123262 -508276
217225 -475764
303337 -426057
378487 -360951
439957 -282799
485526 -194426
513546 -99027
523006   -48
513563 98932
485558 194336
440004 282716
378547 360878
303409 425996
217305 475718
123347 508246
24931 522404
-74386 517681
-171014 494248
-261461 452951
-342458 395283
-411078 323329
-464840 239688
-501801 147385
-520626 49755
-520634 -49674
-501825 -147307
-464879 -239617
-411131 -323266
-342523 -395232
-261536 -452913
-171096 -494225
-74472 -517674
24844 -522413
123261 -508271
217224 -475759
303335 -426052
378484 -360946
439953 -282795
485521 -194423
513541 -99025
523000   -47
513557 98932
485553 194335
440000 282714
378544 360875
303406 425993
217303 475714
123346 508242
24931 522400
-74385 517677
-171012 494244
-261459 452947
-342455 395280
-411074 323326
-464835 239686
-501796 147383
-520621 49754
-520629 -49674
-501820 -147306
-464874 -239615
-411126 -323263
-342519 -395228
-261533 -452908
-171094 -494219
-74471 -517668
24843 -522407
123260 -508265
217221 -475753
303332 -426046
378479 -360941
439947 -282791
485514 -194421
513534 -99024
522993   -48
513550 98930
485546 194331
439993 282709
378538 360869
303402 425986
217300 475706
123344 508233
24931 522391
-74384 517668
-171009 494235
-261454 452939
-342449 395273
-411067 323320
-464828 239682
-501788 147381
-520613 49753
-520621 -49673
-501813 -147304
-464868 -239611
-411121 -323258
-342515 -395222
-261529 -452902
-171091 -494212
-74469 -517661
24844 -522400
123259 -508258
217219 -475747
303329 -426041
378475 -360937
439943 -282788
485510 -194418
513529 -99021
522988   -46
513545 98931
485541 194331
439989 282708
378534 360867
303398 425983
217296 475703
123341 508229
24928 522387
-74385 517664
-171010 494231
-261454 452935
-342448 395269
-411065 323317
-464825 239679
-501785 147379
-520609 49751
-520617 -49674
-501808 -147304
-464863 -239610
-411116 -323256
-342511 -395219
-261526 -452898
-171089 -494208
-74468 -517656
24845 -522395
123259 -508253
217218 -475742
303326 -426036
378472 -360932
439938 -282784
485504 -194415
513523 -99020
522982   -46
513539 98929
485536 194329
439984 282705
378530 360863
303395 425978
217294 475697
123340 508223
24928 522380
-74384 517657
-171008 494225
-261451 452930
-342444 395265
-411061 323313
-464820 239676
-501780 147376
-520604 49750
-520612 -49675
-501803 -147304
-464858 -239609
-411112 -323254
-342507 -395216
-261523 -452894
-171087 -494204
-74467 -517652
24845 -522391
123258 -508249
217217 -475738
303325 -426033
378470 -360930
439936 -282782
485502 -194414
513521 -99019
522980   -46
513537 98929
485534 194328
439982 282704
378528 360862
303393 425977
217293 475696
123339 508222
24928 522379
-74384 517656
-171007 494224
-261450 452929
-342443 395264
-411060 323313
-464819 239676
-501779 147376
-520603 49750
-520611 -49675
-501802 -147304
-464857 -239609
-411111 -323254
-342506 -395216
-261522 -452894
-171086 -494203
-74466 -517651
24845 -522389
123258 -508247
217216 -475736
303324 -426031
378468 -360928
439934 -282780
485499 -194412
513517 -99018
522976   -45
513533 98930
485529 194328
439977 282703
378524 360860
303389 425975
217290 475693
123337 508219
24926 522376
-74386 517653
-171008 494220
-261450 452925
-342443 395260
-411058 323309
-464817 239672
-501776 147373
-520599 49747
-520606 -49676
-501797 -147304
-464852 -239608
-411106 -323252
-342502 -395213
-261518 -452890
-171083 -494198
-74464 -517645
24846 -522383
123258 -508241
217215 -475730
303322 -426025
378465 -360923
439930 -282776
485495 -194409
513513 -99016
522971   -44
513528 98929
485525 194327
439974 282701
378521 360858
303387 425972
217288 475690
123336 508215
24926 522372
-74385 517649
-171007 494216
-261448 452921
-342440 395256
-411055 323306
-464813 239670
-501771 147372
-520594 49747
-520601 -49675
-501793 -147302
-464849 -239605
-411104 -323248
-342500 -395209
-261518 -452886
-171083 -494195
-74465 -517642
24845 -522380
123256 -508238
217213 -475727
303319 -426023
378462 -360921
439926 -282775
485491 -194409
513509 -99017
522968   -45
513525 98928
485522 194325
439971 282698
378518 360854
303385 425967
217287 475685
123336 508210
24927 522367
-74383 517644
-171004 494212
-261445 452918
-342436 395254
-411051 323304
-464809 239669
-501768 147371
-520591 49747
-520598 -49675
-501790 -147301
-464846 -239604
-411101 -323247
-342497 -395207
-261515 -452883
-171081 -494191
-74464 -517638
24845 -522376
123255 -508234
217211 -475724
303316 -426020
378459 -360919
439923 -282773
485487 -194407
513505 -99015
522963   -45
513520 98927
485517 194323
439966 282696
378514 360851
303381 425964
217284 475681
123333 508206
24925 522362
-74384 517639
-171004 494207
-261444 452913
-342434 395249
-411048 323300
-464805 239666
-501763 147369
-520586 49746
-520593 -49675
-501785 -147301
-464841 -239603
-411096 -323245
-342493 -395204
-261511 -452880
-171078 -494187
-74461 -517634
24847 -522372
123257 -508230
217212 -475720
303317 -426016
378459 -360915
439923 -282769
485487 -194404
513504 -99012
522962   -42
513519 98930
485516 194325
439965 282697
378513 360852
303380 425965
217283 475682
123333 508206
24925 522362
-74384 517639
-171004 494207
-261443 452913
-342433 395249
-411047 323300
-464804 239666
-501762 147370
-520585 49747
-520592 -49674
-501784 -147300
-464840 -239601
-411095 -323243
-342493 -395202
-261512 -452878
-171079 -494186
-74462 -517633
24846 -522371
123256 -508229
217211 -475719
303315 -426015
378457 -360914
439920 -282769
485484 -194404
513501 -99013
522959   -43
513516 98928
485513 194323
439963 282694
378511 360849
303379 425961
217282 475678
123332 508202
24924 522358
-74384 517635
-171004 494203
-261443 452909
-342433 395245
-411046 323296
-464803 239662
-501760 147366
-520582 49744
-520589 -49677
-501780 -147301
-464836 -239602
-411092 -323243
-342489 -395202
-261508 -452877
-171075 -494184
-74459 -517630
24848 -522367
123257 -508225
217211 -475715
303314 -426011
378455 -360910
439918 -282765
485481 -194400
513497 -99010
522954   -41
513511 98929
485508 194323
439958 282694
378507 360847
303375 425958
217279 475674
123330 508198
24924 522354
-74384 517631
-171002 494199
-261440 452905
-342429 395242
-411042 323294
-464798 239661
-501755 147366
-520577 49745
-520584 -49675
-501776 -147299
-464832 -239599
-411088 -323239
-342486 -395197
-261506 -452871
-171074 -494178
-74459 -517624
24847 -522361
123255 -508219
217208 -475709
303311 -426006
378451 -360906
439913 -282762
485475 -194399
513491 -99009
522948   -42
513505 98927
485503 194320
439953 282690
378502 360842
303371 425953
217276 475668
123328 508191
24923 522347
-74383 517624
-171000 494192
-261437 452899
-342424 395237
-411035 323290
-464791 239658
-501748 147364
-520570 49744
-520577 -49674
-501769 -147297
-464826 -239596
-411083 -323236
-342482 -395193
-261502 -452867
-171071 -494173
-74457 -517618
24848 -522355
123255 -508213
217207 -475703
303309 -426000
378448 -360901
439909 -282757
485470 -194394
513486 -99005
522943   -39
513499 98929
485496 194321
439946 282689
378495 360840
303365 425949
217271 475663
123324 508185
24920 522340
-74384 517616
-171000 494184
-261435 452891
-342421 395229
-411031 323283
-464785 239652
-501741 147360
-520562 49741
-520569 -49675
-501761 -147296
-464818 -239593
-411075 -323231
-342475 -395186
-261497 -452859
-171068 -494164
-74456 -517609
24847 -522346
123252 -508205
217202 -475696
303302 -425994
378440 -360896
439900 -282754
485461 -194393
513476 -99006
522933   -41
513490 98925
485488 194316
439939 282683
378490 360833
303362 425941
217269 475655
123324 508177
24921 522332
-74382 517608
-170996 494177
-261430 452885
-342415 395224
-411024 323279
-464777 239650
-501732 147359
-520553 49742
-520560 -49673
-501753 -147292
-464811 -239588
-411070 -323224
-342471 -395179
-261495 -452851
-171067 -494156
-74457 -517601
24845 -522339
123248 -508198
217197 -475690
303296 -425989
378434 -360892
439894 -282752
485455 -194392
513470 -99007
522927   -44
513485 98921
485484 194310
439936 282677
378488 360826
303361 425934
217270 475648
123326 508171
24925 522327
-74378 517604
-170991 494174
-261425 452883
-342410 395223
-411019 323279
-464773 239651
-501729 147361
-520551 49745
-520559 -49670
-501752 -147289
-464811 -239585
-411070 -323222
-342472 -395177
-261496 -452849
-171069 -494154
-74459 -517599
24842 -522337
123246 -508197
217195 -475689
303294 -425988
378431 -360892
439891 -282752
485452 -194393
513468 -99008
522925   -45
513483 98920
485482 194309
439935 282675
378488 360824
303361 425932
217270 475646
123326 508169
24925 522325
-74377 517602
-170990 494172
-261423 452881
-342408 395222
-411017 323278
-464771 239650
-501726 147360
-520548 49744
-520556 -49670
-501749 -147289
-464808 -239584
-411067 -323220
-342469 -395174
-261493 -452846
-171067 -494151
-74457 -517596
24843 -522334
123246 -508194
217194 -475686
303293 -425986
378430 -360890
439890 -282750
485450 -194391
513465 -99007
522922   -44
513480 98920
485479 194309
439932 282674
378485 360823
303358 425930
217267 475643
123324 508165
24923 522320
-74378 517597
-170990 494167
-261422 452876
-342406 395217
-411014 323274
-464767 239646
-501722 147357
-520543 49742
-520550 -49671
-501743 -147289
-464802 -239583
-411062 -323218
-342465 -395171
-261490 -452842
-171064 -494146
-74456 -517590
24844 -522328
123245 -508187
217192 -475680
303289 -425980
378425 -360884
439883 -282745
485443 -194387
513458 -99004
522915   -42
513472 98920
485471 194307
439924 282671
378477 360819
303351 425925
217261 475637
123319 508158
24920 522313
-74380 517590
-170991 494160
-261422 452869
-342404 395210
-411011 323267
-464762 239640
-501716 147352
-520536 49738
-520543 -49674
-501736 -147290
-464795 -239583
-411055 -323216
-342458 -395168
-261484 -452838
-171059 -494141
-74452 -517585
24847 -522322
123247 -508181
217193 -475673
303289 -425973
378423 -360878
439880 -282740
485439 -194383
513453 -99000
522909   -40
513466 98922
485465 194308
439918 282671
378472 360817
303347 425922
217258 475633
123317 508154
24919 522308
-74380 517585
-170990 494155
-261420 452864
-342401 395206
-411007 323264
-464758 239638
-501712 147351
-520532 49738
-520539 -49673
-501732 -147289
-464791 -239581
-411051 -323214
-342455 -395165
-261481 -452834
-171057 -494136
-74450 -517579
24847 -522316
123246 -508175
217191 -475668
303286 -425969
378419 -360874
439876 -282736
485434 -194380
513448 -98998
522904   -39
513461 98922
485460 194307
439913 282669
378467 360814
303343 425918
217255 475629
123315 508149
24918 522303
-74379 517579
-170988 494149
-261417 452859
-342398 395201
-411003 323260
-464754 239635
-501707 147349
-520527 49737
-520534 -49673
-501727 -147288
-464786 -239579
-411047 -323211
-342451 -395161
-261478 -452830
-171055 -494132
-74449 -517575
24847 -522312
123246 -508171
217190 -475664
303284 -425965
378417 -360871
439873 -282734
485431 -194378
513444 -98997
522900   -38
513457 98922
485456 194306
439910 282667
378464 360812
303340 425916
217252 475626
123313 508145
24916 522299
-74381 517575
-170989 494145
-261417 452855
-342397 395197
-411001 323256
-464751 239631
-501703 147346
-520522 49735
-520528 -49674
-501721 -147287
-464780 -239577
-411041 -323208
-342446 -395158
-261474 -452825
-171051 -494127
-74447 -517569
24849 -522305
123246 -508164
217189 -475657
303282 -425958
378414 -360864
439869 -282728
485426 -194373
513438 -98993
522893   -35
513449 98923
485448 194306
439902 282665
378457 360808
303334 425911
217248 475620
123309 508139
24914 522292
-74382 517568
-170988 494138
-261415 452848
-342393 395191
-410997 323250
-464745 239626
-501697 147341
-520516 49731
-520522 -49677
-501715 -147289
-464774 -239578
-411035 -323208
-342440 -395157
-261468 -452823
-171046 -494123
-74442 -517564
24852 -522299
123248 -508158
217189 -475651
303281 -425952
378411 -360859
439865 -282723
485421 -194369
513433 -98990
522888   -34
513444 98924
485443 194305
439897 282664
378452 360806
303329 425908
217243 475616
123305 508134
24911 522286
-74383 517561
-170988 494131
-261414 452841
-342391 395184
-410993 323244
-464741 239621
-501691 147338
-520509 49729
-520514 -49677
-501707 -147288
-464767 -239575
-411029 -323204
-342435 -395151
-261464 -452817
-171044 -494117
-74441 -517558
24852 -522293
123247 -508152
217187 -475645
303278 -425947
378407 -360854
439860 -282719
485415 -194366
513426 -98988
522880   -33
513436 98923
485436 194303
439891 282660
378447 360802
303325 425903
217240 475611
123304 508128
24911 522280
-74382 517555
-170986 494125
-261410 452836
-342386 395180
-410987 323241
-464734 239619
-501684 147337
-520502 49729
-520508 -49676
-501701 -147286
-464761 -239572
-411023 -323200
-342430 -395146
-261460 -452811
-171041 -494110
-74440 -517551
24852 -522286
123245 -508145
217184 -475638
303273 -425941
378402 -360849
439854 -282715
485409 -194363
513420 -98987
522874   -33
513430 98922
485430 194301
439885 282657
378442 360797
303321 425897
217237 475604
123302 508121
24910 522273
-74382 517548
-170985 494118
-261408 452829
-342383 395174
-410984 323236
-464730 239615
-501680 147333
-520497 49727
-520502 -49677
-501695 -147285
-464755 -239570
-411018 -323196
-342425 -395142
-261457 -452806
-171038 -494105
-74438 -517545
24853 -522280
123245 -508139
217183 -475632
303271 -425935
378399 -360844
439850 -282711
485404 -194360
513414 -98985
522868   -33
513425 98921
485425 194299
439881 282655
378438 360794
303318 425893
217235 475599
123301 508116
24911 522268
-74380 517544
-170982 494114
-261405 452826
-342379 395171
-410979 323233
-464725 239613
-501674 147332
-520491 49727
-520496 -49676
-501689 -147283
-464750 -239567
-411014 -323192
-342423 -395136
-261455 -452800
-171038 -494098
-74439 -517539
24850 -522274
123241 -508133
217178 -475627
303266 -425931
378393 -360841
439844 -282709
485398 -194360
513408 -98986
522862   -35
513419 98918
485420 194295
439876 282650
378434 360789
303315 425888
217233 475594
123300 508111
24911 522263
-74379 517539
-170980 494110
-261401 452822
-342375 395168
-410974 323232
-464720 239613
-501669 147334
-520487 49729
-520493 -49673
-501687 -147280
-464749 -239563
-411013 -323189
-342422 -395133
-261455 -452797
-171039 -494095
-74440 -517536
24849 -522272
123240 -508132
217177 -475627
303265 -425931
378392 -360841
439843 -282709
485397 -194359
513407 -98985
522861   -33
513418 98919
485419 194296
439875 282650
378433 360789
303314 425887
217232 475593
123299 508109
24910 522261
-74379 517537
-170980 494108
-261401 452820
-342375 395166
-410974 323230
-464719 239611
-501668 147332
-520485 49727
-520490 -49674
-501684 -147280
-464746 -239563
-411011 -323188
-342420 -395132
-261454 -452795
-171038 -494093
-74440 -517533
24849 -522269
123239 -508129
217175 -475624
303262 -425929
378389 -360839
439839 -282708
485393 -194359
513403 -98986
522858   -35
513415 98917
485416 194293
439873 282647
378432 360785
303314 425883
217233 475589
123301 508105
24913 522257
-74376 517533
-170976 494104
-261397 452817
-342370 395164
-410969 323228
-464714 239610
-501663 147331
-520480 49728
-520486 -49673
-501680 -147278
-464742 -239561
-411007 -323185
-342417 -395129
-261451 -452792
-171035 -494090
-74438 -517530
24850 -522265
123239 -508125
217175 -475620
303261 -425925
378387 -360836
439837 -282705
485390 -194357
513400 -98984
522854   -34
513411 98917
485412 194292
439869 282645
378429 360782
303311 425880
217231 475585
123299 508101
24911 522253
-74377 517529
-170976 494100
-261396 452813
-342368 395160
-410966 323225
-464710 239608
-501659 147330
-520476 49728
-520482 -49672
-501676 -147277
-464738 -239558
-411003 -323182
-342414 -395125
-261449 -452787
-171035 -494084
-74438 -517524
24849 -522259
123238 -508119
217172 -475614
303257 -425919
378381 -360831
439830 -282701
485382 -194354
513392 -98983
522846   -35
513403 98915
485405 194289
439863 282641
378423 360777
303306 425874
217227 475579
123297 508094
24910 522246
-74376 517522
-170974 494093
-261392 452807
-342363 395155
-410960 323221
-464704 239605
-501652 147329
-520469 49727
-520475 -49671
-501670 -147275
-464733 -239555
-410999 -323178
-342411 -395120
-261447 -452782
-171034 -494079
-74438 -517519
24848 -522254
123235 -508114
217169 -475610
303253 -425916
378377 -360828
439826 -282699
485378 -194353
513387 -98983
522841   -35
513398 98913
485400 194286
439859 282637
378420 360773
303304 425869
217226 475573
123297 508088
24912 522240
-74373 517517
-170970 494089
-261388 452804
-342359 395153
-410956 323220
-464700 239604
-501648 147329
-520465 49729
-520471 -49669
-501666 -147271
-464730 -239551
-410997 -323173
-342409 -395115
-261446 -452776
-171033 -494073
-74439 -517513
24846 -522249
123232 -508110
217165 -475606
303249 -425913
378373 -360826
439821 -282698
485373 -194353
513382 -98984
522837   -37
513395 98911
485398 194284
439857 282634
378419 360769
303304 425865
217227 475569
123298 508085
24914 522237
-74371 517514
-170967 494087
-261385 452802
-342355 395151
-410952 323218
-464695 239604
-501643 147329
-520460 49730
-520467 -49667
-501663 -147269
-464727 -239549
-410995 -323170
-342408 -395112
-261445 -452773
-171033 -494070
-74440 -517510
24844 -522246
123230 -508107
217162 -475604
303246 -425911
378369 -360825
439817 -282698
485369 -194354
513379 -98985
522834   -39
513392 98909
485395 194281
439855 282631
378417 360766
303302 425862
217226 475566
123298 508082
24914 522234
-74371 517511
-170967 494084
-261384 452799
-342353 395149
-410949 323217
-464692 239603
-501640 147329
-520457 49730
-520464 -49666
-501660 -147268
-464724 -239547
-410992 -323168
-342406 -395109
-261444 -452770
-171033 -494067
-74440 -517507
24843 -522243
123229 -508104
217160 -475601
303243 -425909
378366 -360824
439814 -282697
485366 -194353
513376 -98985
522831   -40
513390 98907
485393 194279
439853 282629
378415 360764
303301 425859
217225 475563
123298 508078
24914 522230
-74369 517507
-170965 494080
-261381 452796
-342350 395146
-410946 323215
-464689 239601
-501637 147328
-520454 49729
-520460 -49667
-501656 -147268
-464720 -239546
-410988 -323166
-342402 -395106
-261441 -452766
-171030 -494062
-74438 -517502
24845 -522238
123229 -508099
217160 -475596
303242 -425904
378364 -360819
439811 -282693
485362 -194350
513371 -98983
522826   -38
513384 98908
485387 194279
439847 282627
378410 360761
303297 425855
217222 475558
123296 508073
24913 522225
-74370 517502
-170965 494075
-261380 452791
-342348 395142
-410943 323211
-464685 239598
-501632 147325
-520449 49728
-520455 -49667
-501651 -147266
-464716 -239543
-410985 -323162
-342400 -395102
-261440 -452762
-171030 -494058
-74439 -517498
24843 -522234
123226 -508095
217156 -475593
303237 -425902
378359 -360818
439806 -282693
485357 -194351
513366 -98985
522821   -42
513380 98903
485384 194273
439845 282621
378409 360754
303297 425849
217223 475552
123298 508067
24917 522219
-74365 517497
-170958 494071
-261373 452788
-342341 395140
-410936 323210
-464678 239599
-501626 147327
-520443 49731
-520450 -49663
-501647 -147261
-464713 -239538
-410983 -323157
-342399 -395096
-261439 -452756
-171031 -494052
-74441 -517492
24840 -522229
123223 -508091
217152 -475590
303233 -425899
378354 -360816
439801 -282692
485352 -194351
513362 -98985
522817   -42
513376 98902
485381 194271
439843 282619
378408 360752
303296 425847
217222 475550
123297 508065
24916 522217
-74365 517495
-170958 494069
-261372 452786
-342340 395138
-410934 323209
-464676 239598
-501623 147327
-520440 49731
-520447 -49662
-501644 -147260
-464710 -239536
-410980 -323155
-342396 -395094
-261437 -452753
-171029 -494049
-74439 -517489
24841 -522225
123223 -508087
217151 -475586
303232 -425896
378353 -360813
439799 -282689
485350 -194348
513359 -98983
522814   -41
513373 98902
485378 194271
439840 282618
378405 360751
303294 425845
217220 475548
123296 508063
24915 522215
-74366 517492
-170959 494066
-261372 452783
-342339 395135
-410933 323206
-464675 239595
-501622 147325
-520439 49729
-520446 -49664
-501643 -147262
-464709 -239538
-410979 -323156
-342395 -395095
-261436 -452754
-171028 -494050
-74438 -517489
24842 -522225
123224 -508087
217153 -475585
303233 -425895
378354 -360811
439800 -282687
485350 -194346
513358 -98981
522812   -39
513371 98904
485375 194272
439837 282618
378402 360750
303291 425843
217218 475545
123295 508059
24915 522211
-74365 517489
-170957 494063
-261370 452780
-342336 395133
-410930 323204
-464671 239594
-501618 147324
-520435 49729
-520442 -49664
-501639 -147261
-464705 -239536
-410975 -323153
-342391 -395091
-261433 -452749
-171026 -494044
-74438 -517483
24841 -522219
123222 -508081
217150 -475580
303229 -425890
378349 -360808
439795 -282685
485345 -194345
513354 -98981
522808   -40
513367 98903
485372 194270
439834 282616
378400 360747
303289 425840
217217 475542
123294 508056
24915 522208
-74365 517486
-170956 494060
-261369 452778
-342335 395131
-410928 323202
-464669 239592
-501616 147322
-520432 49728
-520439 -49663
-501636 -147260
-464702 -239534
-410973 -323151
-342390 -395088
-261432 -452746
-171026 -494041
-74438 -517480
24840 -522216
123221 -508078
217148 -475577
303227 -425887
378346 -360805
439791 -282683
485341 -194344
513349 -98981
522804   -41
513363 98901
485368 194267
439831 282612
378397 360743
303287 425835
217216 475537
123294 508051
24916 522203
-74362 517481
-170953 494056
-261365 452774
-342331 395127
-410923 323200
-464664 239591
-501610 147323
-520427 49730
-520434 -49661
-501631 -147257
-464698 -239530
-410969 -323147
-342387 -395084
-261430 -452742
-171024 -494036
-74437 -517475
24840 -522211
123219 -508073
217145 -475572
303223 -425883
378342 -360802
439786 -282681
485336 -194343
513344 -98981
522799   -41
513358 98899
485363 194265
439826 282609
378393 360739
303284 425831
217213 475532
123292 508046
24915 522198
-74362 517476
-170952 494051
-261363 452770
-342328 395124
-410920 323197
-464660 239589
-501606 147321
-520422 49729
-520429 -49661
-501626 -147255
-464693 -239528
-410965 -323143
-342383 -395080
-261427 -452737
-171022 -494031
-74436 -517470
24841 -522206
123219 -508068
217144 -475568
303221 -425880
378339 -360799
439783 -282678
485332 -194340
513340 -98979
522794   -40
513353 98900
485358 194265
439821 282608
378388 360737
303279 425828
217209 475528
123289 508041
24913 522192
-74364 517470
-170952 494045
-261362 452764
-342325 395118
-410916 323192
-464655 239585
-501600 147318
-520416 49727
-520423 -49662
-501620 -147255
-464687 -239527
-410959 -323141
-342378 -395076
-261423 -452732
-171019 -494026
-74434 -517464
24841 -522200
123219 -508062
217143 -475562
303219 -425874
378336 -360794
439779 -282674
485327 -194338
513335 -98977
