950079 200615
727167 571312
393546 855040
10 1008595
-393528 1008599
-727154 855051
-950076 571328
-1028356 200625
-950083 -200613
-727171 -571311
-393549 -855041
-12 -1008597
393527 -1008602
727155 -855055
950079 -571332
1028361 -200628
950089 200613
727176 571314
393552 855046
12 1008603
-393529 1008607
-727158 855059
-950083 571335
-1028365 200629
-950093 -200613
-727180 -571314
-393556 -855046
-16 -1008604
393526 -1008610
727157 -855063
950084 -571339
1028368 -200633
950097 200610
727184 571313
393560 855047
19 1008607
-393525 1008614
-727157 855067
-950085 571343
-1028370 200636
-950093 -200616
-727180 -571319
-393562 -855046
-21 -1008607
393523 -1008615
727156 -855069
950085 -571345
1028370 -200638
950094 200614
727182 571317
393564 855044
23 1008606
-393521 1008615
-727154 855070
-950083 571347
-1028369 200641
-950094 -200610
-727183 -571313
-393567 -855040
-28 -1008603
393515 -1008614
727149 -855071
950080 -571350
1028368 -200645
950095 200606
727186 571309
393571 855037
32 1008601
-393511 1008613
-727145 855072
-950077 571353
-1028367 200650
-950096 -200600
-727189 -571304
-393576 -855034
-38 -1008600
393506 -1008614
727142 -855075
950076 -571357
1028368 -200654
950099 200597
727185 571309
393572 855039
42 1008599
-393502 1008615
-727138 855077
-950073 571360
-1028367 200658
-950099 -200593
-727185 -571305
-393572 -855035
-43 -1008595
393499 -1008611
727134 -855074
950069 -571359
1028363 -200659
950096 200590
727184 571301
393573 855031
45 1008592
-393497 1008610
-727132 855074
-950067 571359
-1028361 200659
-950094 -200590
-727182 -571300
-393572 -855029
-46 -1008590
393495 -1008608
727130 -855073
950065 -571360
1028360 -200662
950095 200586
727185 571297
393576 855028
50 1008590
-393491 1008609
-727126 855076
-950062 571365
-1028359 200668
-950096 -200580
-727188 -571291
-393571 -855027
-44 -1008590
393488 -1008605
727122 -855072
950057 -571361
1028353 -200665
950091 200580
727185 571288
393571 855022
47 1008585
-393484 1008602
-727118 855071
-950054 571362
-1028351 200667
-950089 -200578
-727183 -571286
-393569 -855020
-46 -1008582
393483 -1008598
727115 -855068
950050 -571361
1028347 -200668
950086 200575
727182 571282
393570 855016
48 1008579
-393481 1008597
-727113 855068
-950048 571361
-1028346 200669
-950086 -200573
-727182 -571280
-393570 -855014
-49 -1008577
393479 -1008595
727111 -855066
950046 -571360
1028344 -200669
950084 200573
727181 571279
393571 855012
43 1008576
-393485 1008594
-727109 855065
-950044 571360
-1028342 200669
-950083 -200572
-727181 -571277
-393571 -855010
-43 -1008574
393485 -1008592
727109 -855063
950043 -571358
1028340 -200668
950081 200572
727179 571277
393569 855010
41 1008574
-393486 1008591
-727108 855061
-950041 571356
-1028337 200666
-950077 -200573
-727176 -571276
-393568 -855007
-42 -1008570
393484 -1008588
727106 -855059
950039 -571355
1028336 -200667
950077 200571
727176 571274
393568 855005
42 1008568
-393484 1008586
-727105 855057
-950037 571353
-1028333 200665
-950073 -200573
-727172 -571275
-393564 -855004
-39 -1008565
393491 -1008580
727111 -855051
950036 -571349
1028331 -200661
950070 200576
727168 571277
393560 855006
35 1008567
-393495 1008581
-727115 855050
-950039 571346
-1028332 200657
-950069 -200580
-727165 -571280
-393556 -855007
-31 -1008566
393499 -1008578
727118 -855046
950040 -571342
1028331 -200653
950067 200584
727162 571284
393552 855010
27 1008567
-393503 1008578
-727121 855045
-950042 571340
-1028333 200651
-950068 -200586
-727162 -571286
-393551 -855012
-25 -1008569
393505 -1008579
727123 -855045
950043 -571339
1028332 -200649
950066 200588
727160 571287
393549 855012
23 1008568
-393506 1008577
-727127 855038
-950048 571332
-1028333 200646
-950065 -200592
-727157 -571291
-393545 -855015
-19 -1008569
393510 -1008576
727130 -855035
950049 -571328
1028333 -200642
950064 200596
727154 571295
393541 855018
15 1008571
-393514 1008577
-727134 855035
-950053 571327
-1028336 200639
-950065 -200600
-727154 -571299
-393540 -855022
-12 -1008574
393518 -1008578
727137 -855034
950054 -571325
1028336 -200637
950065 200602
727153 571301
393537 855024
8 1008575
-393522 1008578
-727141 855033
-950058 571322
-1028339 200633
-950066 -200607
-727152 -571307
-393535 -855029
-6 -1008579
393524 -1008581
727143 -855035
950060 -571317
1028341 -200628
950068 200605
727154 571305
393537 855028
8 1008579
-393523 1008582
-727144 855037
-950063 571319
-1028345 200629
-950072 -200606
-727158 -571308
-393539 -855033
-6 -1008585
393527 -1008587
727148 -855040
950067 -571320
1028349 -200629
950076 200606
727161 571309
393541 855035
8 1008588
-393526 1008591
-727149 855044
-950069 571323
-1028351 200630
-950078 -200607
-727163 -571311
-393543 -855037
-9 -1008590
393527 -1008593
727151 -855045
950071 -571323
1028353 -200630
950080 200607
727165 571311
393544 855038
9 1008592
-393527 1008595
-727151 855047
-950072 571325
-1028352 200624
-950079 -200613
-727167 -571310
-393546 -855038
-10 -1008593
393527 -1008597
727152 -855049
950074 -571327
1028354 -200625
950081 200613
727169 571310
393548 855039
12 1008595
-393526 1008600
-727153 855053
-950076 571330
-1028357 200627
-950085 -200612
-727173 -571311
-393551 -855041
-14 -1008597
393525 -1008602
727153 -855055
950077 -571332
1028359 -200628
950087 200612
727175 571311
393553 855042
15 1008600
-393525 1008606
-727154 855059
-950080 571336
-1028364 200632
-950093 -200609
-727181 -571310
-393559 -855043
-20 -1008603
393522 -1008611
727153 -855066
950081 -571344
1028367 -200639
950092 200612
727181 571315
393565 855042
26 1008604
-393517 1008614
-727151 855071
-950082 571350
-1028370 200645
-950097 -200607
-727187 -571312
-393571 -855041
-31 -1008605
393514 -1008617
727149 -855075
950081 -571354
1028371 -200649
950100 200603
727191 571309
393575 855040
35 1008606
-393511 1008620
-727148 855079
-950082 571358
-1028373 200652
-950102 -200602
-727193 -571309
-393577 -855040
-37 -1008606
393509 -1008620
727146 -855080
950081 -571361
1028374 -200656
950104 200598
727196 571305
393581 855037
41 1008605
-393505 1008621
-727143 855083
-950079 571365
-1028373 200661
-950105 -200592
-727191 -571306
-393578 -855038
-48 -1008600
393497 -1008618
727135 -855082
950072 -571367
1028368 -200666
950103 200585
727192 571298
393581 855031
52 1008595
-393492 1008615
-727129 855081
-950067 571368
-1028365 200669
-950102 -200581
-727193 -571294
-393584 -855027
-57 -1008592
393486 -1008614
727124 -855082
950063 -571371
1028362 -200674
950101 200574
727195 571286
393589 855020
64 1008587
-393478 1008612
-727116 855084
-950057 571376
-1028359 200680
-950101 -200568
-727198 -571281
-393593 -855017
-68 -1008586
393475 -1008613
727115 -855086
950057 -571378
1028360 -200682
950103 200566
727200 571279
393586 855020
60 1008589
-393474 1008611
-727113 855085
-950055 571378
-1028358 200683
-950101 -200564
-727198 -571277
-393585 -855017
-61 -1008585
393472 -1008607
727110 -855081
950051 -571375
1028354 -200681
950097 200565
727195 571276
393583 855015
59 1008583
-393473 1008605
-727110 855079
-950050 571373
-1028352 200680
-950095 -200565
-727193 -571276
-393582 -855014
-60 -1008581
393471 -1008603
727108 -855078
950049 -571374
1028352 -200682
950096 200563
727195 571274
393584 855013
62 1008581
-393469 1008603
-727106 855078
-950047 571374
-1028350 200682
-950094 -200562
-727194 -571272
-393584 -855011
-53 -1008581
393479 -1008603
727107 -855076
950046 -571372
1028348 -200681
950092 200562
727192 571271
393583 855008
54 1008577
-393477 1008600
-727105 855074
-950044 571370
-1028346 200679
-950090 -200564
-727190 -571273
-393581 -855010
-52 -1008578
393478 -1008599
727104 -855072
950042 -571369
1028344 -200679
950088 200563
727188 571270
393579 855006
51 1008574
-393478 1008595
-727104 855068
-950041 571365
-1028341 200676
-950084 -200564
-727184 -571270
-393576 -855005
-49 -1008572
393479 -1008593
727103 -855066
950039 -571363
1028339 -200674
950082 200566
727182 571271
393574 855004
48 1008569
-393485 1008587
-727109 855060
-950038 571359
-1028337 200671
-950079 -200568
-727178 -571273
-393570 -855006
-44 -1008570
393489 -1008587
727112 -855059
950039 -571357
1028336 -200669
950077 200569
727176 571272
393568 855003
43 1008566
-393488 1008583
-727110 855056
-950037 571355
-1028334 200667
-950075 -200571
-727174 -571274
-393566 -855005
-40 -1008568
393492 -1008584
727114 -855055
950040 -571352
1028335 -200663
950074 200575
727172 571277
393564 855006
39 1008567
-393492 1008582
-727117 855048
-950043 571346
-1028335 200663
-950074 -200575
-727172 -571277
-393564 -855006
-39 -1008567
393492 -1008582
727117 -855048
950043 -571346
1028335 -200663
950074 200575
727172 571277
393564 855006
39 1008567
-393492 1008582
-727117 855048
-950043 571346
-1028335 200663
-950074 -200575
-727172 -571277
-393564 -855006
-39 -1008567
393492 -1008582
727117 -855048
950043 -571346
1028335 -200663
950074 200575
727172 571277
393564 855006
39 1008567
-393492 1008582
-727117 855048
-950043 571346
-1028335 200663
-950074 -200575
-727172 -571277
-393564 -855006
-39 -1008567
393492 -1008582
727117 -855048
950043 -571339
1028335 -200656
950074 200575
727172 571277
393564 855006
39 1008567
-393492 1008582
-727117 855048
-950043 571339
-1028335 200656
-950074 -200575
-727172 -571277
-393564 -855006
-39 -1008567
393492 -1008582
727117 -855048
950043 -571339
1028335 -200656
950074 200575
727172 571277
393564 855006
39 1008567
-393492 1008582
-727117 855048
-950043 571339
-1028335 200656
-950074 -200575
-727172 -571277
-393564 -855006
-39 -1008567
393492 -1008582
727117 -855048
950043 -571339
1028335 -200656
950074 200575
727172 571277
393564 855006
39 1008567
-393492 1008582
-727117 855048
-950043 571339
-1028332 200649
-950072 -200580
-727174 -571274
-393566 -855005
-40 -1008568
393492 -1008584
727117 -855050
950044 -571341
1028334 -200650
950074 200580
727176 571274
393568 855005
42 1008568
-393490 1008584
-727116 855051
-950044 571343
-1028335 200652
-950076 -200579
-727178 -571275
-393569 -855008
-42 -1008572
393491 -1008588
727118 -855054
950047 -571345
1028339 -200653
950080 200579
727182 571275
393573 855008
45 1008573
-393490 1008591
-727119 855058
-950049 571348
-1028341 200655
-950082 -200578
-727183 -571276
-393573 -855010
-45 -1008575
393490 -1008593
727119 -855060
950049 -571350
1028341 -200657
950076 200584
727178 571281
393575 855007
47 1008573
-393488 1008591
-727117 855059
-950048 571351
-1028342 200659
-950079 -200582
-727182 -571279
-393579 -855006
-51 -1008574
393485 -1008594
727116 -855063
950049 -571355
1028345 -200663
950083 200579
727186 571278
393583 855006
54 1008575
-393483 1008596
-727115 855066
-950049 571359
-1028345 200667
-950084 -200575
-727188 -571275
-393585 -855005
-56 -1008575
393481 -1008597
727113 -855068
950048 -571361
1028346 -200669
950086 200573
727191 571273
393589 855004
60 1008576
-393478 1008599
-727112 855070
-950048 571363
-1028346 200671
-950087 -200571
-727185 -571278
-393583 -855008
-63 -1008572
393473 -1008596
727106 -855070
950043 -571366
1028343 -200675
950085 200567
727184 571274
393584 855004
65 1008569
-393471 1008595
-727104 855070
-950041 571367
-1028342 200678
-950086 -200563
-727186 -571270
-393587 -855001
-69 -1008568
393467 -1008595
727100 -855071
950038 -571370
1028340 -200682
950085 200558
727187 571264
393590 854995
74 1008562
-393461 1008591
-727094 855070
-950033 571371
-1028337 200685
-950084 -200554
-727188 -571260
-393592 -854992
-76 -1008561
393459 -1008591
727092 -855070
950031 -571371
1028335 -200685
950082 200554
727186 571260
393581 854996
65 1008563
-393460 1008587
-727092 855066
-950030 571367
-1028333 200682
-950080 -200555
-727185 -571259
-393582 -854994
-67 -1008562
393458 -1008587
727090 -855067
950029 -571370
1028334 -200686
950082 200552
727187 571258
393584 854994
69 1008562
-393456 1008587
-727088 855067
-950027 571370
-1028332 200686
-950081 -200551
-727187 -571256
-393584 -854992
-70 -1008560
393454 -1008586
727086 -855067
950025 -571370
1028330 -200687
950079 200549
727186 571253
393585 854988
72 1008556
-393451 1008582
-727082 855064
-950021 571369
-1028326 200687
-950076 -200548
-727184 -571251
-393583 -854986
-62 -1008556
393462 -1008582
727085 -855061
950022 -571365
1028325 -200683
950073 200552
727180 571254
393579 854987
58 1008555
-393465 1008579
-727086 855057
-950021 571361
-1028323 200680
-950071 -200553
-727178 -571254
-393578 -854986
-59 -1008553
393463 -1008578
727084 -855057
950019 -571361
1028321 -200680
950069 200553
727176 571253
393576 854984
57 1008550
-393464 1008573
-727083 855051
-950016 571355
-1028316 200675
-950062 -200556
-727168 -571254
-393569 -854982
-53 -1008545
393464 -1008567
727080 -855046
950011 -571352
1028310 -200674
950057 200555
727165 571251
393568 854978
53 1008541
-393470 1008561
-727086 855040
-950011 571348
-1028309 200670
-950054 -200558
-727161 -571252
-393564 -854977
-50 -1008538
393471 -1008557
727085 -855036
950008 -571345
1028305 -200669
950051 200557
727159 571250
393562 854975
49 1008536
-393471 1008555
-727085 855034
-950008 571343
-1028305 200667
-950050 -200559
-727157 -571251
-393560 -854975
-47 -1008536
393473 -1008555
727087 -855034
950009 -571342
1028305 -200665
950050 200561
727157 571253
393560 854977
46 1008538
-393475 1008556
-727088 855033
-950009 571340
-1028304 200663
-950048 -200563
-727155 -571255
-393558 -854978
-45 -1008537
393475 -1008554
727092 -855027
950014 -571335
1028306 -200662
950049 200565
727154 571257
393556 854980
42 1008539
-393479 1008555
-727095 855026
-950016 571333
-1028307 200660
-950049 -200567
-727154 -571259
-393555 -854982
-40 -1008541
393481 -1008557
727098 -855028
950020 -571334
1028311 -200659
950052 200570
727155 571263
393554 854986
37 1008544
-393485 1008558
-727101 855027
-950021 571332
-1028311 200657
-950052 -200572
-727155 -571265
-393554 -854988
-37 -1008546
393485 -1008560
727102 -855029
950023 -571333
1028313 -200657
950053 200573
727154 571267
393552 854989
35 1008546
-393487 1008560
-727103 855028
-950024 571325
-1028315 200650
-950055 -200573
-727156 -571268
-393553 -854992
-34 -1008550
393490 -1008563
727108 -855030
950030 -571326
1028320 -200649
950059 200576
727159 571273
393554 854998
33 1008556
-393493 1008569
-727113 855035
-950036 571328
-1028326 200648
-950064 -200579
-727162 -571277
-393555 -855003
-32 -1008562
393496 -1008575
727117 -855040
950040 -571332
1028330 -200651
950068 200578
727166 571278
393558 855005
34 1008564
-393495 1008577
-727118 855042
-950042 571333
-1028332 200651
-950070 -200578
-727167 -571279
-393558 -855007
-33 -1008566
393497 -1008579
727120 -855044
950045 -571335
1028333 -200644
950071 200586
727171 571279
393562 855008
36 1008569
-393496 1008583
-727121 855048
-950047 571338
-1028335 200646
-950073 -200584
-727173 -571278
-393564 -855008
-38 -1008569
393494 -1008583
727119 -855048
950045 -571339
1028334 -200648
950074 200582
727176 571276
393568 855007
42 1008570
-393491 1008586
-727118 855052
-950046 571343
-1028337 200652
-950078 -200579
-727180 -571275
-393571 -855008
-44 -1008572
393489 -1008589
727117 -855057
950047 -571349
1028339 -200657
950081 200575
727184 571272
393575 855007
47 1008573
-393488 1008591
-727117 855059
-950048 571351
-1028342 200659
-950079 -200582
-727182 -571279
-393579 -855006
-51 -1008574
393485 -1008594
727116 -855063
950049 -571355
1028345 -200663
950083 200579
727186 571278
393583 855006
54 1008575
-393483 1008596
-727115 855066
-950049 571359
-1028345 200667
-950084 -200575
-727188 -571275
-393585 -855005
-56 -1008575
393481 -1008597
727113 -855068
950048 -571361
1028346 -200669
950086 200573
727191 571273
393589 855004
60 1008576
-393478 1008599
-727112 855070
-950048 571363
-1028346 200671
-950087 -200571
-727193 -571271
-393592 -855002
-64 -1008575
393474 -1008600
727108 -855073
950045 -571368
1028345 -200677
950088 200565
727188 571272
393588 855003
69 1008570
-393468 1008597
-727102 855072
-950040 571369
-1028342 200680
-950087 -200561
-727189 -571268
-393591 -855000
-73 -1008568
393464 -1008596
727099 -855073
950039 -571372
1028343 -200684
950089 200557
727191 571265
393593 854998
75 1008567
-393462 1008597
-727097 855075
-950037 571374
-1028341 200686
-950088 -200555
-727191 -571263
-393593 -854996
-76 -1008565
393460 -1008595
727095 -855074
950035 -571374
1028340 -200687
950088 200553
727192 571261
393586 854999
68 1008568
-393459 1008593
-727093 855072
-950033 571373
-1028338 200687
-950086 -200552
-727191 -571258
-393587 -854995
-71 -1008564
393455 -1008590
727089 -855071
950029 -571374
1028334 -200690
950083 200548
727189 571254
393586 854990
72 1008558
-393452 1008584
-727084 855066
-950023 571371
-1028328 200689
-950078 -200547
-727186 -571251
-393585 -854986
-73 -1008554
393449 -1008580
727080 -855063
950019 -571369
1028324 -200688
950074 200546
727183 571249
393584 854984
73 1008552
-393449 1008578
-727079 855061
-950017 571368
-1028322 200688
-950072 -200545
-727181 -571246
-393583 -854979
-65 -1008548
393456 -1008575
727077 -855057
950014 -571364
1028318 -200685
950068 200547
727177 571247
393579 854978
62 1008545
-393458 1008571
-727078 855053
-950013 571360
-1028315 200681
-950064 -200550
-727173 -571249
-393575 -854980
-58 -1008546
393461 -1008570
727079 -855050
950012 -571356
1028313 -200678
950062 200551
727171 571248
393574 854977
59 1008542
-393458 1008566
-727075 855047
-950008 571355
-1028309 200678
-950058 -200551
-727168 -571247
-393572 -854975
-57 -1008540
393460 -1008564
727076 -855045
950008 -571353
1028308 -200676
950056 200552
727166 571247
393570 854974
56 1008538
-393466 1008560
-727082 855041
-950007 571351
-1028306 200675
-950054 -200552
-727164 -571247
-393568 -854974
-54 -1008537
393468 -1008558
727083 -855038
950007 -571347
1028306 -200671
950053 200556
727161 571250
393564 854975
51 1008536
-393469 1008555
-727083 855034
-950006 571343
-1028303 200667
-950048 -200559
-727155 -571251
-393559 -854974
-47 -1008534
393473 -1008553
727086 -855032
950007 -571341
1028303 -200665
950048 200561
727155 571253
393558 854976
45 1008535
-393474 1008552
-727086 855030
-950007 571339
-1028302 200663
-950046 -200563
-727153 -571255
-393556 -854978
-43 -1008537
393477 -1008554
727093 -855026
950014 -571333
1028305 -200660
950047 200567
727152 571259
393554 854981
40 1008539
-393481 1008555
-727097 855026
-950018 571333
-1028309 200660
-950051 -200568
-727155 -571261
-393555 -854984
-39 -1008543
393483 -1008559
727100 -855029
950022 -571334
1028313 -200659
950054 200571
727156 571266
393554 854990
37 1008548
-393486 1008562
-727104 855030
-950025 571333
-1028314 200656
-950053 -200575
-727154 -571269
-393552 -854991
-35 -1008548
393488 -1008562
727106 -855030
950027 -571333
1028316 -200656
950055 200575
727155 571270
393551 854993
33 1008549
-393489 1008561
-727105 855028
-950025 571324
-1028314 200648
-950053 -200575
-727154 -571269
-393552 -854991
-35 -1008548
393488 -1008562
727106 -855030
950028 -571326
1028319 -200650
950059 200574
727159 571271
393554 854996
33 1008554
-393493 1008567
-727112 855033
-950034 571327
-1028324 200648
-950062 -200579
-727160 -571277
-393553 -855002
-31 -1008559
393495 -1008571
727115 -855036
950038 -571328
1028328 -200648
950066 200579
727164 571278
393556 855005
32 1008564
-393497 1008577
-727120 855042
-950044 571333
-1028334 200650
-950071 -200581
-727166 -571283
-393555 -855011
-29 -1008569
393501 -1008580
727124 -855043
950048 -571332
1028334 -200640
950070 200590
727168 571283
393557 855011
30 1008570
-393501 1008582
-727124 855045
-950048 571334
-1028335 200642
-950072 -200588
-727171 -571281
-393561 -855010
-34 -1008571
393498 -1008585
727123 -855049
950049 -571338
1028337 -200645
950074 200587
727172 571282
393561 855012
34 1008573
-393499 1008587
-727125 855051
-950051 571340
-1028339 200647
-950077 -200585
-727176 -571281
-393565 -855013
-37 -1008575
393497 -1008589
727124 -855053
950052 -571342
1028342 -200649
950081 200584
727180 571281
393568 855014
38 1008578
-393498 1008593
-727127 855057
-950056 571345
-1028346 200650
-950079 -200592
-727178 -571289
-393572 -855014
-42 -1008578
393494 -1008594
727123 -855060
950053 -571350
1028345 -200656
950080 200586
727181 571283
393577 855009
48 1008576
-393489 1008595
-727120 855062
-950052 571352
-1028345 200658
-950080 -200584
-727182 -571281
-393579 -855008
-50 -1008576
393487 -1008595
727118 -855063
950050 -571354
1028344 -200661
950081 200580
727184 571278
393581 855006
53 1008574
-393483 1008594
-727115 855064
-950049 571357
-1028345 200665
-950083 -200577
-727186 -571276
-393584 -855004
-57 -1008573
393479 -1008595
727111 -855066
950046 -571360
1028344 -200669
950084 200573
727181 571279
393579 855008
59 1008572
-393477 1008595
-727109 855067
-950044 571362
-1028342 200671
-950083 -200570
-727182 -571275
-393582 -855004
-64 -1008568
393471 -1008593
727104 -855068
950041 -571365
1028341 -200676
950084 200564
727184 571270
393585 855000
68 1008565
-393467 1008591
-727100 855067
-950037 571366
-1028338 200679
-950083 -200560
-727185 -571266
-393587 -854997
-70 -1008564
393465 -1008592
727098 -855069
950036 -571368
1028338 -200681
950083 200558
727185 571264
393588 854995
72 1008562
-393463 1008590
-727096 855067
-950033 571366
-1028334 200679
-950079 -200559
-727182 -571263
-393577 -854997
-62 -1008562
393461 -1008584
727091 -855062
950027 -571364
1028329 -200681
950076 200555
727181 571259
393578 854993
64 1008559
-393459 1008583
-727089 855063
-950026 571366
-1028329 200683
-950076 -200553
-727181 -571257
-393578 -854991
-64 -1008557
393459 -1008581
727089 -855061
950025 -571364
1028327 -200681
950074 200554
727179 571256
393577 854988
65 1008553
-393456 1008577
-727084 855057
-950019 571361
-1028321 200680
-950069 -200553
-727176 -571253
-393576 -854984
-66 -1008549
393453 -1008573
727080 -855054
950015 -571360
1028317 -200681
950066 200550
727175 571249
393577 854980
60 1008547
-393460 1008572
-727079 855052
-950013 571358
-1028315 200679
-950063 -200552
-727171 -571250
-393573 -854979
-57 -1008544
393461 -1008568
727079 -855048
950012 -571354
1028312 -200676
950059 200553
727167 571249
393570 854976
55 1008540
-393462 1008563
-727077 855042
-950007 571349
-1028306 200673
-950053 -200554
-727162 -571248
-393566 -854974
-52 -1008537
393463 -1008559
727077 -855038
950006 -571345
1028303 -200669
950049 200557
727158 571249
393563 854973
51 1008534
-393462 1008555
-727074 855035
-950002 571344
-1028300 200670
-950047 -200555
-727156 -571247
-393561 -854971
-49 -1008532
393470 -1008551
727082 -855030
950003 -571339
1028299 -200664
950044 200560
727152 571250
393557 854972
46 1008531
-393472 1008549
-727083 855028
-950003 571337
-1028298 200662
-950042 -200562
-727149 -571252
-393553 -854973
-42 -1008531
393476 -1008548
727087 -855025
950006 -571333
1028299 -200658
950041 200566
727147 571255
393551 854975
40 1008532
-393477 1008547
-727086 855023
-950003 571331
-1028295 200656
-950037 -200567
-727143 -571255
-393547 -854974
-37 -1008529
393478 -1008543
727085 -855019
950001 -571327
1028293 -200653
950035 200569
727141 571256
393545 854973
35 1008527
-393480 1008541
-727091 855012
-950007 571320
-1028294 200650
-950034 -200573
-727138 -571260
-393541 -854977
-31 -1008530
393484 -1008542
727095 -855012
950011 -571319
1028297 -200648
950036 200575
727140 571262
393542 854979
30 1008532
-393486 1008543
-727096 855011
-950010 571317
-1028295 200646
-950033 -200577
-727135 -571264
-393536 -854980
-25 -1008531
393490 -1008541
727100 -855008
950014 -571313
1028298 -200641
950034 200583
727134 571270
393534 854985
22 1008535
-393494 1008544
-727104 855010
-950018 571314
-1028301 200640
-950035 -200586
-727133 -571274
-393531 -854989
-17 -1008538
393500 -1008545
727109 -855008
950021 -571302
1028303 -200628
950037 200590
727135 571278
393532 854993
17 1008542
-393501 1008549
-727112 855012
-950026 571306
-1028309 200631
-950043 -200589
-727140 -571279
-393535 -854996
-18 -1008546
393502 -1008553
727115 -855016
950030 -571309
1028313 -200632
950046 200590
727142 571281
393536 854999
17 1008550
-393504 1008556
-727117 855017
-950032 571308
-1028315 200630
-950048 -200592
-727143 -571284
-393536 -855003
-16 -1008554
393507 -1008560
727121 -855020
950036 -571310
1028319 -200631
950051 200593
727145 571286
393537 855005
16 1008556
-393507 1008562
-727122 855022
-950038 571311
-1028318 200623
-950051 -200600
-727149 -571285
-393541 -855006
-19 -1008559
393506 -1008566
727122 -855026
950039 -571315
1028320 -200626
950053 200599
727151 571285
393543 855006
21 1008559
-393504 1008567
-727121 855029
-950040 571319
-1028323 200630
-950057 -200596
-727155 -571284
-393546 -855007
-22 -1008562
393505 -1008571
727123 -855032
950042 -571321
1028325 -200631
950059 200596
727156 571285
393546 855009
22 1008564
-393505 1008573
-727124 855034
-950044 571322
-1028327 200631
-950055 -200604
-727152 -571292
-393548 -855007
-24 -1008562
393503 -1008571
727122 -855033
950042 -571323
1028325 -200633
950053 200602
727151 571290
393549 855005
26 1008561
-393501 1008572
-727120 855035
-950041 571325
-1028326 200635
-950056 -200600
-727155 -571288
-393553 -855004
-30 -1008561
393497 -1008572
727117 -855036
950040 -571328
1028326 -200639
950057 200596
727158 571285
393557 855003
34 1008562
-393494 1008575
-727115 855040
-950038 571332
-1028325 200644
-950058 -200590
-727161 -571279
-393562 -854998
-40 -1008559
393488 -1008574
727110 -855042
950035 -571337
1028325 -200650
950061 200585
727157 571283
393557 855003
42 1008558
-393487 1008575
-727111 855044
-950037 571338
-1028327 200650
-950063 -200585
-727159 -571283
-393559 -855003
-44 -1008558
393485 -1008575
727109 -855044
950036 -571339
1028327 -200652
950063 200583
727159 571281
393560 855001
47 1008556
-393481 1008574
-727105 855045
-950033 571342
-1028326 200656
-950064 -200579
-727162 -571277
-393564 -854998
-51 -1008555
393477 -1008575
727102 -855048
950031 -571346
1028325 -200661
950065 200573
727165 571272
393569 854995
57 1008554
-393471 1008576
-727097 855051
-950029 571351
-1028326 200667
-950068 -200567
-727169 -571267
-393564 -854996
-51 -1008556
393469 -1008574
727094 -855049
950025 -571350
1028322 -200667
950064 200567
727166 571266
393562 854994
49 1008554
-393471 1008572
-727096 855047
-950026 571347
-1028321 200663
-950062 -200570
-727164 -571267
-393561 -854993
-50 -1008552
393468 -1008570
727091 -855045
950020 -571346
1028316 -200664
950059 200567
727163 571263
393562 854989
53 1008548
-393464 1008567
-727087 855044
-950016 571347
-1028313 200667
-950057 -200563
-727161 -571259
-393560 -854985
-51 -1008544
393465 -1008563
727087 -855040
950015 -571343
1028310 -200664
950053 200564
727158 571258
393559 854983
43 1008543
-393473 1008561
-727086 855036
-950013 571339
-1028307 200660
-950049 -200567
-727154 -571259
-393555 -854982
-40 -1008541
393474 -1008559
727085 -855034
950011 -571338
1028305 -200660
950047 200567
727152 571259
393554 854981
40 1008539
-393474 1008557
-727085 855032
-950010 571336
-1028303 200659
-950045 -200567
-727150 -571258
-393552 -854979
-39 -1008536
393473 -1008553
727083 -855029
950008 -571334
1028301 -200657
950043 200568
727148 571258
393550 854979
37 1008536
-393475 1008552
-727084 855026
-950007 571330
-1028299 200654
-950041 -200570
-727146 -571259
-393548 -854978
-36 -1008533
393481 -1008547
727090 -855022
950007 -571328
1028298 -200652
950038 200572
727142 571261
393544 854979
32 1008533
-393485 1008546
-727093 855020
-950008 571326
-1028298 200650
-950038 -200574
-727141 -571263
-393542 -854981
-30 -1008534
393486 -1008545
727093 -855018
950008 -571324
1028297 -200648
950036 200575
727140 571262
393542 854979
30 1008532
-393486 1008543
-727093 855016
-950008 571322
-1028297 200646
-950035 -200577
-727137 -571264
-393538 -854980
-27 -1008531
393488 -1008541
727094 -855013
950007 -571318
1028294 -200642
950031 200580
727133 571265
393535 854979
25 1008529
-393489 1008539
-727098 855007
-950012 571313
-1028296 200642
-950033 -200581
-727135 -571268
-393536 -854984
-24 -1008535
393492 -1008544
727102 -855010
950016 -571314
1028300 -200641
950036 200584
727136 571272
393535 854988
21 1008539
-393497 1008548
-727108 855013
-950022 571315
-1028305 200640
-950039 -200586
-727137 -571274
-393534 -854990
-19 -1008540
393498 -1008547
727108 -855011
950021 -571313
1028303 -200638
950037 200588
727135 571276
393532 854991
17 1008540
-393500 1008547
-727110 855010
-950023 571311
-1028305 200636
-950039 -200590
-727137 -571278
-393534 -854994
-18 -1008544
393501 -1008551
727112 -855014
950026 -571308
1028309 -200633
950043 200587
727141 571277
393537 854995
19 1008547
-393502 1008555
-727115 855018
-950030 571311
-1028313 200634
-950047 -200588
-727144 -571280
-393538 -854999
-19 -1008551
393503 -1008559
727118 -855021
950034 -571312
1028317 -200633
950050 200591
727145 571284
393538 855003
18 1008555
-393505 1008562
-727120 855023
-950037 571314
-1028321 200634
-950054 -200591
-727149 -571285
-393541 -855006
-19 -1008559
393506 -1008566
727122 -855026
950039 -571315
1028323 -200634
950055 200592
727148 571287
393539 855007
17 1008559
-393508 1008566
-727124 855026
-950041 571315
-1028322 200626
-950055 -200599
-727152 -571286
-393542 -855008
-19 -1008561
393506 -1008568
727123 -855028
950041 -571317
1028322 -200628
950055 200597
727153 571284
393544 855007
21 1008561
-393505 1008569
-727123 855030
-950042 571319
-1028324 200629
-950057 -200598
-727154 -571286
-393544 -855009
-20 -1008563
393507 -1008570
727125 -855030
950043 -571318
1028324 -200627
950057 200600
727154 571288
393544 855011
20 1008565
-393507 1008572
-727125 855032
-950044 571320
-1028326 200629
-950059 -200598
-727156 -571287
-393546 -855011
-22 -1008566
393506 -1008575
727126 -855036
950046 -571324
1028329 -200633
950057 200603
727154 571292
393550 855008
26 1008565
-393502 1008576
-727123 855039
-950045 571328
-1028330 200637
-950060 -200599
-727159 -571289
-393556 -855007
-31 -1008566
393499 -1008578
727121 -855041
950044 -571331
1028331 -200641
950063 200595
727163 571286
393560 855006
35 1008567
-393495 1008581
-727119 855046
-950045 571337
-1028333 200646
-950065 -200592
-727166 -571284
-393564 -855004
-39 -1008565
393491 -1008580
727115 -855047
950042 -571340
1028333 -200651
950068 200586
727170 571279
393569 855001
45 1008564
-393486 1008581
-727112 855050
-950041 571344
-1028333 200655
-950069 -200582
-727165 -571282
-393565 -855004
-50 -1008561
393480 -1008580
727106 -855051
950035 -571347
1028329 -200660
950068 200576
727166 571276
393568 854999
54 1008558
-393476 1008579
-727103 855052
-950034 571350
-1028329 200664
-950069 -200572
-727168 -571273
-393570 -854997
-56 -1008556
393473 -1008577
727098 -855050
950028 -571349
1028324 -200665
950066 200569
727167 571268
393571 854991
59 1008551
-393469 1008574
-727094 855049
-950025 571350
-1028322 200667
-950064 -200567
-727166 -571266
-393572 -854989
-61 -1008549
393467 -1008573
727092 -855049
950023 -571350
1028321 -200668
950065 200565
727168 571264
393565 854992
53 1008553
-393467 1008573
-727092 855049
-950023 571350
-1028321 200668
-950065 -200565
-727168 -571264
-393565 -854992
-53 -1008553
393467 -1008573
727092 -855049
950023 -571350
1028321 -200668
950065 200565
727168 571264
393565 854992
53 1008553
-393467 1008573
-727092 855049
-950023 571350
-1028321 200668
-950065 -200565
-727168 -571264
-393565 -854992
-53 -1008553
393467 -1008573
727092 -855049
950023 -571350
1028321 -200668
950065 200565
727168 571264
393565 854992
53 1008553
-393467 1008573
-727092 855049
-950023 571350
-1028321 200668
-950065 -200565
-727168 -571264
-393565 -854992
-45 -1008554
393475 -1008573
727092 -855047
950022 -571348
1028318 -200666
950061 200566
727165 571263
393563 854990
43 1008552
-393477 1008571
-727093 855045
-950022 571346
-1028318 200664
-950060 -200568
-727162 -571265
-393559 -854991
-40 -1008551
393478 -1008568
727093 -855041
950021 -571342
1028315 -200660
950056 200571
727158 571266
393556 854990
38 1008549
-393480 1008566
-727094 855039
-950021 571340
-1028315 200658
-950055 -200573
-727156 -571268
-393553 -854992
-34 -1008550
393483 -1008565
727095 -855036
950020 -571336
1028312 -200655
950051 200574
727152 571267
393550 854989
33 1008545
-393489 1008557
-727101 855028
-950019 571330
-1028309 200649
-950047 -200579
-727148 -571270
-393546 -854990
-29 -1008545
393493 -1008557
727105 -855028
950022 -571329
1028311 -200647
950048 200582
727147 571274
393543 854994
25 1008548
-393497 1008558
-727108 855027
-950024 571327
-1028312 200644
-950047 -200586
-727144 -571278
-393539 -854997
-21 -1008549
393500 -1008557
727109 -855024
950023 -571323
1028309 -200641
950043 200587
727141 571277
393537 854995
19 1008547
-393502 1008555
-727115 855018
-950030 571317
-1028313 200638
-950046 -200592
-727142 -571283
-393536 -855001
-17 -1008552
393504 -1008558
727117 -855019
950032 -571317
1028315 -200638
950048 200592
727143 571284
393536 855003
16 1008554
-393507 1008560
-727121 855020
-950035 571316
-1028316 200635
-950047 -200596
-727141 -571287
-393534 -855004
-14 -1008554
393509 -1008560
727123 -855020
950037 -571316
1028318 -200635
950049 200597
727142 571290
393533 855008
12 1008557
-393511 1008561
-727125 855020
-950039 571316
-1028320 200635
-950051 -200597
-727144 -571290
-393534 -855009
-11 -1008559
393513 -1008563
727127 -855021
950041 -571308
1028322 -200626
950052 200599
727144 571292
393534 855011
11 1008561
-393513 1008565
-727128 855023
-950044 571310
-1028326 200627
-950056 -200600
-727147 -571295
-393535 -855015
-10 -1008565
393516 -1008568
727132 -855025
950048 -571311
1028329 -200626
950057 200603
727146 571299
393533 855019
8 1008569
-393519 1008572
-727136 855028
-950052 571313
-1028334 200628
-950063 -200602
-727152 -571300
-393538 -855022
-10 -1008574
393520 -1008578
727139 -855033
950056 -571316
1028338 -200629
950067 200603
727155 571303
393539 855026
10 1008578
-393521 1008582
-727142 855037
-950061 571319
-1028340 200622
-950068 -200610
-727159 -571302
-393543 -855027
-13 -1008581
393519 -1008586
727141 -855041
950062 -571323
1028343 -200625
950072 200609
727162 571303
393544 855029
12 1008583
-393522 1008588
-727145 855043
-950066 571324
-1028347 200625
-950076 -200610
-727166 -571305
-393547 -855032
-14 -1008587
393521 -1008592
727146 -855047
950068 -571328
1028349 -200628
950078 200608
727168 571304
393549 855033
15 1008589
-393521 1008594
-727146 855049
-950069 571330
-1028352 200630
-950082 -200607
-727172 -571305
-393553 -855035
-18 -1008592
393520 -1008599
727147 -855055
950072 -571335
1028356 -200633
950080 200614
727170 571312
393557 855034
22 1008593
-393517 1008602
-727146 855059
-950072 571339
-1028357 200637
-950083 -200610
-727174 -571309
-393561 -855033
-26 -1008594
393513 -1008604
727143 -855062
950071 -571344
1028358 -200643
950086 200604
727179 571304
393567 855030
32 1008593
-393508 1008606
-727140 855067
-950071 571350
-1028361 200649
-950091 -200599
-727185 -571301
-393573 -855029
-37 -1008594
393504 -1008608
727137 -855069
950069 -571353
1028360 -200653
950091 200595
727186 571297
393575 855026
40 1008592
-393500 1008607
-727133 855070
-950066 571355
-1028359 200656
-950092 -200591
-727180 -571300
-393570 -855028
-44 -1008587
393496 -1008604
727129 -855069
950062 -571356
1028355 -200658
950089 200588
727179 571296
393571 855024
47 1008584
-393492 1008603
-727125 855070
-950059 571359
-1028354 200663
-950090 -200582
-727182 -571290
-393576 -855019
-53 -1008581
393486 -1008602
727120 -855071
950056 -571362
1028353 -200667
950091 200578
727185 571286
393580 855016
57 1008580
-393482 1008603
-727116 855074
-950053 571366
-1028352 200671
-950092 -200574
-727188 -571283
-393584 -855015
-61 -1008580
393478 -1008603
727112 -855074
950049 -571367
1028349 -200674
950091 200570
727188 571279
393576 855015
54 1008580
-393476 1008600
-727110 855073
-950047 571368
-1028347 200677
-950089 -200566
-727188 -571274
-393579 -855010
-59 -1008576
393470 -1008597
727104 -855072
950042 -571369
1028344 -200679
950088 200563
727188 571270
393579 855006
60 1008572
-393467 1008593
-727100 855069
-950038 571368
-1028340 200680
-950085 -200560
-727187 -571266
-393580 -855002
-62 -1008569
393465 -1008592
727098 -855069
950036 -571368
1028338 -200681
950083 200558
727185 571264
393579 854999
63 1008565
-393462 1008588
-727094 855066
-950032 571367
-1028334 200681
-950080 -200557
-727184 -571261
-393580 -854995
-57 -1008563
393468 -1008587
727091 -855064
950028 -571366
1028331 -200682
950078 200555
727183 571259
393580 854993
57 1008561
-393468 1008585
-727091 855062
-950027 571364
-1028329 200681
-950076 -200555
-727181 -571259
-393578 -854993
-56 -1008560
393468 -1008583
727091 -855060
950027 -571362
1028328 -200679
950074 200556
727179 571258
393577 854990
56 1008556
-393467 1008579
-727088 855057
-950023 571360
-1028324 200677
-950070 -200557
-727175 -571257
-393573 -854988
-53 -1008554
393468 -1008577
727088 -855055
950022 -571358
1028322 -200676
950068 200557
727173 571257
393572 854987
53 1008552
-393475 1008573
-727095 855050
-950021 571354
-1028319 200672
-950064 -200560
-727169 -571258
-393568 -854986
-50 -1008549
393476 -1008569
727095 -855046
950021 -571350
1028319 -200668
950063 200564
727167 571262
393565 854990
45 1008552
-393481 1008569
-727098 855044
-950022 571348
-1028318 200666
-950061 -200566
-727165 -571263
-393563 -854990
-43 -1008552
393483 -1008569
727100 -855043
950024 -571346
1028320 -200664
950062 200568
727164 571265
393561 854991
42 1008551
-393483 1008567
-727099 855041
-950021 571344
-1028315 200662
-950056 -200569
-727159 -571264
-393558 -854989
-40 -1008549
393485 -1008565
727105 -855034
950028 -571337
1028319 -200660
950059 200572
727159 571269
393555 854994
36 1008552
-393489 1008566
-727109 855034
-950032 571336
-1028322 200657
-950061 -200576
-727161 -571273
-393556 -854999
-35 -1008558
393491 -1008571
727111 -855037
950034 -571337
1028324 -200657
950062 200577
727160 571275
393554 855000
33 1008558
-393493 1008571
-727113 855037
-950036 571337
-1028326 200656
-950064 -200579
-727162 -571277
-393555 -855003
-32 -1008562
393496 -1008575
727117 -855040
950040 -571338
1028329 -200655
950065 200581
727162 571279
393554 855005
30 1008563
-393498 1008574
-727119 855038
-950042 571329
-1028331 200647
-950067 -200582
-727163 -571282
-393554 -855009
-29 -1008567
393501 -1008578
727123 -855041
950046 -571330
1028335 -200646
950070 200585
727164 571286
393553 855013
26 1008571
-393505 1008581
-727127 855042
-950050 571330
-1028339 200645
-950074 -200587
-727167 -571289
-393554 -855017
-26 -1008575
393506 -1008585
727130 -855046
950054 -571333
1028343 -200646
950077 200588
727169 571291
393556 855019
27 1008577
-393506 1008587
-727131 855048
-950056 571335
-1028345 200648
-950080 -200586
-727173 -571290
-393559 -855020
-28 -1008580
393507 -1008591
727133 -855051
950058 -571336
1028344 -200640
950079 200594
727174 571291
393559 855022
28 1008582
-393507 1008593
-727133 855053
-950059 571338
-1028346 200641
-950081 -200594
-727176 -571291
-393561 -855022
-30 -1008582
393506 -1008594
727134 -855055
950061 -571340
1028348 -200643
950083 200593
727178 571291
393563 855023
31 1008585
-393507 1008598
-727137 855059
-950065 571343
-1028352 200644
-950087 -200593
-727182 -571292
-393566 -855026
-32 -1008589
393507 -1008602
727137 -855063
950066 -571347
1028355 -200648
950091 200590
727186 571291
393570 855026
36 1008590
-393504 1008604
-727136 855065
-950067 571349
-1028357 200650
-950087 -200596
-727182 -571296
-393572 -855023
-38 -1008588
393502 -1008603
727134 -855066
950065 -571351
1028356 -200652
950088 200594
727184 571295
393574 855023
40 1008588
-393500 1008603
-727132 855066
-950063 571352
-1028354 200654
-950086 -200592
-727183 -571292
-393575 -855019
-43 -1008585
393496 -1008602
727129 -855067
950062 -571354
1028355 -200656
950089 200590
727187 571291
393579 855020
46 1008588
-393494 1008606
-727127 855071
-950061 571359
-1028356 200662
-950091 -200585
-727190 -571287
-393583 -855017
-50 -1008586
393490 -1008605
727124 -855072
950059 -571361
1028355 -200665
950092 200581
727184 571290
393577 855020
53 1008583
-393486 1008604
-727120 855073
-950056 571364
-1028353 200669
-950091 -200576
-727186 -571284
-393582 -855014
-60 -1008578
393478 -1008601
727112 -855072
950049 -571365
1028348 -200672
950088 200572
727184 571280
393581 855010
60 1008574
-393477 1008597
-727110 855069
-950047 571364
-1028347 200673
-950089 -200570
-727187 -571278
-393585 -855009
-64 -1008575
393474 -1008600
727108 -855073
950045 -571368
1028345 -200677
950088 200565
727188 571272
393588 855003
69 1008570
-393468 1008597
-727102 855072
-950040 571369
-1028342 200680
-950087 -200561
-727189 -571268
-393582 -855004
-64 -1008571
393463 -1008594
727096 -855071
950034 -571370
1028337 -200683
950084 200556
727188 571262
393583 854998
66 1008566
-393461 1008591
-727094 855070
-950033 571371
-1028337 200685
-950084 -200554
-727188 -571260
-393583 -854996
-67 -1008564
393459 -1008589
727092 -855068
950030 -571369
1028333 -200684
950080 200553
727185 571257
393582 854992
68 1008560
-393456 1008585
-727088 855065
-950026 571368
-1028330 200685
-950079 -200551
-727185 -571255
-393582 -854990
-60 -1008559
393464 -1008584
727087 -855063
950024 -571366
1028327 -200683
950075 200552
727181 571255
393579 854989
58 1008557
-393465 1008581
-727087 855059
-950023 571362
-1028324 200679
-950070 -200555
-727176 -571255
-393576 -854986
-57 -1008552
393464 -1008575
727083 -855053
950016 -571357
1028316 -200677
950063 200554
727171 571252
393573 854981
56 1008546
-393463 1008569
-727081 855048
-950014 571354
-1028314 200675
-950061 -200555
-727169 -571252
-393571 -854981
-54 -1008546
393465 -1008569
727082 -855047
950013 -571352
1028312 -200674
950059 200555
727167 571251
393570 854978
55 1008542
-393469 1008564
-727087 855044
-950013 571352
-1028312 200674
-950059 -200555
-727167 -571251
-393570 -854978
-55 -1008542
393469 -1008564
727087 -855044
950013 -571352
1028312 -200674
950059 200555
727167 571251
393570 854978
55 1008542
-393469 1008564
-727087 855044
-950013 571352
-1028312 200674
-950059 -200555
-727167 -571251
-393570 -854978
-55 -1008542
393469 -1008564
727087 -855044
950013 -571352
1028312 -200674
950059 200555
727167 571251
393570 854978
55 1008542
-393469 1008564
-727087 855044
-950013 571352
-1028312 200674
-950059 -200555
-727167 -571251
-393570 -854978
-55 -1008542
393469 -1008564
727090 -855039
950016 -571347
1028312 -200674
950059 200555
727167 571251
393570 854978
55 1008542
-393469 1008564
-727090 855039
-950016 571347
-1028312 200674
-950059 -200555
-727167 -571251
-393570 -854978
-55 -1008542
393469 -1008564
727090 -855039
950016 -571347
1028312 -200674
950059 200555
727167 571251
393570 854978
55 1008542
-393469 1008564
-727090 855039
-950016 571347
-1028312 200674
-950059 -200555
-727167 -571251
-393570 -854978
-55 -1008542
393469 -1008564
727090 -855039
950016 -571347
1028312 -200674
950059 200555
727167 571251
393570 854978
55 1008542
-393469 1008564
-727090 855039
-950017 571341
-1028314 200669
-950061 -200553
-727169 -571250
-393571 -854979
-55 -1008544
393469 -1008566
727091 -855041
950019 -571342
1028316 -200669
950063 200554
727171 571252
393573 854981
56 1008546
-393470 1008568
-727093 855043
-950021 571344
-1028318 200670
-950065 -200554
-727172 -571253
-393572 -854983
-54 -1008548
393472 -1008569
727095 -855043
950023 -571344
1028320 -200670
950066 200555
727172 571255
393572 854985
53 1008550
-393474 1008571
-727097 855044
-950025 571343
-1028322 200668
-950068 -200557
-727173 -571257
-393572 -854987
-53 -1008552
393475 -1008573
727099 -855046
950027 -571345
1028321 -200661
950068 200564
727177 571256
393575 854988
55 1008554
-393473 1008575
-727098 855048
-950028 571347
-1028323 200663
-950070 -200563
-727179 -571256
-393577 -854988
-57 -1008554
393471 -1008576
727097 -855051
950029 -571351
1028326 -200667
950074 200560
727183 571255
393581 854989
60 1008557
-393470 1008580
-727097 855055
-950029 571355
-1028327 200671
-950077 -200556
-727188 -571252
-393587 -854988
-66 -1008558
393465 -1008583
727094 -855059
950028 -571359
1028328 -200675
950079 200552
727191 571248
393591 854985
70 1008557
-393461 1008584
-727091 855062
-950027 571364
-1028329 200681
-950076 -200555
-727189 -571252
-393596 -854982
-76 -1008556
393456 -1008585
727088 -855065
950026 -571368
1028330 -200685
950079 200551
727193 571249
393600 854981
79 1008557
-393455 1008588
-727088 855069
-950027 571372
-1028332 200688
-950081 -200549
-727196 -571247
-393604 -854979
-83 -1008556
393451 -1008588
727085 -855070
950025 -571374
1028331 -200691
950082 200545
727199 571243
393608 854976
87 1008555
-393447 1008589
-727082 855073
-950024 571379
-1028332 200697
-950085 -200540
-727203 -571240
-393612 -854975
-91 -1008555
393443 -1008590
727078 -855075
950021 -571381
1028330 -200699
950084 200537
727195 571243
393605 854977
94 1008550
-393439 1008587
-727074 855074
-950017 571382
-1028327 200702
-950082 -200533
-727195 -571238
-393608 -854972
-98 -1008547
393435 -1008586
727070 -855075
950014 -571385
1028326 -200706
950083 200529
727197 571235
393610 854970
101 1008545
-393431 1008584
-727066 855074
-950010 571386
-1028323 200709
-950082 -200525
-727198 -571231
-393612 -854967
-103 -1008543
393429 -1008583
727064 -855074
950008 -571386
1028321 -200709
950080 200524
727197 571228
393613 854963
105 1008540
-393426 1008581
-727060 855073
-950005 571387
-1028320 200712
-950081 -200520
-727199 -571225
-393607 -854965
-100 -1008542
393422 -1008580
727057 -855074
950003 -571389
1028318 -200714
950079 200518
727198 571222
393607 854961
101 1008538
-393419 1008576
-727052 855070
-949997 571387
-1028312 200715
-950074 -200515
-727194 -571218
-393604 -854957
-100 -1008533
393418 -1008570
727049 -855065
949992 -571383
1028306 -200712
950069 200515
727191 571215
393603 854952
101 1008527
-393415 1008565
-727045 855062
-949988 571382
-1028302 200713
-950065 -200513
-727188 -571212
-393602 -854948
-102 -1008523
393413 -1008561
727042 -855058
949984 -571379
1028298 -200712
950061 200512
727185 571209
393601 854944
94 1008521
-393421 1008560
-727042 855056
-949984 571377
-1028298 200710
-950061 -200514
-727184 -571211
-393599 -854945
-92 -1008520
393422 -1008557
727041 -855052
949981 -571373
1028294 -200707
950057 200515
727180 571211
393595 854944
89 1008518
-393424 1008555
-727043 855050
-949982 571371
-1028293 200705
-950055 -200517
-727178 -571212
-393593 -854944
-87 -1008517
393425 -1008552
727042 -855046
949980 -571367
1028290 -200701
950050 200520
727172 571213
393588 854943
84 1008514
-393426 1008548
-727041 855042
-949977 571364
-1028286 200700
-950047 -200519
-727171 -571211
-393588 -854941
-84 -1008512
393432 -1008544
727047 -855038
949977 -571362
1028286 -200698
950046 200521
727169 571212
393587 854940
84 1008510
-393432 1008542
-727047 855036
-949977 571360
-1028286 200696
-950046 -200523
-727168 -571214
-393584 -854942
-80 -1008512
393436 -1008544
727051 -855037
949980 -571359
1028287 -200694
950045 200525
727166 571216
393582 854944
78 1008513
-393438 1008543
-727052 855035
-949980 571357
-1028287 200692
-950045 -200527
-727166 -571218
-393581 -854946
-76 -1008515
393440 -1008545
727054 -855036
949982 -571357
1028288 -200691
950045 200529
727165 571220
393579 854947
74 1008514
-393442 1008542
-727059 855027
-949986 571348
-1028288 200687
-950044 -200533
-727163 -571223
-393577 -854949
-72 -1008516
393444 -1008544
727061 -855029
949988 -571349
1028290 -200687
950046 200534
727164 571226
393576 854953
69 1008520
-393448 1008547
-727065 855030
-949991 571348
-1028291 200684
-950045 -200538
-727162 -571229
-393574 -854954
-67 -1008519
393450 -1008545
727067 -855028
949993 -571346
1028292 -200682
950044 200540
727159 571231
393570 854956
63 1008520
-393454 1008544
-727070 855025
-949994 571342
-1028292 200678
-950044 -200544
-727159 -571235
-393569 -854960
-61 -1008524
393456 -1008548
727073 -855029
949999 -571338
1028298 -200673
950050 200543
727164 571236
393573 854962
64 1008527
-393455 1008552
-727074 855033
-950002 571342
-1028302 200676
-950054 -200541
-727168 -571235
-393576 -854963
-65 -1008529
393455 -1008554
727074 -855035
950002 -571344
1028303 -200678
950056 200540
727170 571235
393578 854964
67 1008532
-393455 1008559
-727077 855040
-950007 571347
-1028309 200679
-950062 -200541
-727175 -571239
-393581 -854970
-67 -1008538
393457 -1008564
727080 -855044
950011 -571350
1028313 -200680
950065 200542
727177 571241
393582 854973
67 1008542
-393458 1008568
-727082 855047
-950013 571352
-1028312 200674
-950065 -200547
-727181 -571238
-393586 -854972
-70 -1008543
393457 -1008571
727083 -855051
950016 -571355
1028316 -200675
950069 200548
727184 571241
393587 854976
69 1008547
-393459 1008574
-727085 855053
-950018 571357
-1028318 200676
-950071 -200548
-727186 -571241
-393589 -854976
-71 -1008547
393458 -1008575
727086 -855055
950021 -571359
1028322 -200678
950075 200547
727190 571242
393592 854979
72 1008552
-393459 1008581
-727089 855061
-950025 571364
-1028327 200681
-950074 -200554
-727188 -571249
-393596 -854978
-76 -1008552
393455 -1008581
727085 -855061
950022 -571365
1028325 -200683
950073 200552
727188 571247
393597 854976
78 1008551
-393453 1008582
-727084 855064
-950023 571369
-1028328 200687
-950077 -200549
-727192 -571246
-393600 -854977
-80 -1008553
393452 -1008584
727084 -855066
950023 -571371
1028328 -200689
950078 200547
727194 571245
393602 854977
82 1008554
-393450 1008586
-727082 855068
-950021 571373
-1028327 200691
-950078 -200545
-727195 -571243
-393605 -854975
-86 -1008552
393446 -1008585
727079 -855069
950020 -571375
1028327 -200693
950078 200543
727187 571247
393597 854978
87 1008548
-393444 1008582
-727076 855067
-950016 571374
-1028324 200694
-950077 -200540
-727188 -571243
-393600 -854974
-91 -1008545
393439 -1008580
727071 -855067
950012 -571377
1028321 -200699
950076 200534
727189 571237
393602 854969
94 1008541
-393435 1008577
-727066 855065
-950006 571376
-1028315 200700
-950071 -200531
-727186 -571233
-393602 -854964
-97 -1008536
393431 -1008574
727062 -855064
950003 -571377
1028314 -200702
950072 200529
727188 571231
393604 854963
99 1008536
-393429 1008574
-727061 855065
-950003 571379
-1028314 200704
-950072 -200527
-727189 -571229
-393597 -854966
-91 -1008540
393429 -1008574
727061 -855065
950003 -571379
1028314 -200704
950072 200527
727189 571229
393597 854966
91 1008540
-393429 1008574
-727061 855065
-950003 571379
-1028314 200704
-950072 -200527
-727189 -571229
-393597 -854966
-91 -1008540
393429 -1008574
727061 -855065
950003 -571379
1028314 -200704
950072 200527
727189 571229
393597 854966
91 1008540
-393429 1008574
-727061 855065
-950003 571379
-1028314 200704
-950072 -200527
-727189 -571229
-393597 -854966
-91 -1008540
393429 -1008574
727061 -855065
950003 -571379
1028314 -200704
950072 200527
727189 571229
393597 854966
82 1008541
-393439 1008574
-727062 855062
-950002 571375
-1028312 200701
-950070 -200528
-727187 -571229
-393595 -854965
-81 -1008539
393438 -1008572
727060 -855061
950000 -571375
1028310 -200701
950068 200528
727185 571228
393593 854963
79 1008536
-393440 1008568
-727061 855056
-949999 571369
-1028307 200696
-950064 -200531
-727181 -571229
-393590 -854962
-78 -1008534
393439 -1008566
727059 -855055
949998 -571370
1028307 -200698
950064 200529
727181 571227
393590 854960
78 1008532
-393439 1008564
-727059 855053
-949997 571368
-1028305 200696
-950062 -200531
-727179 -571229
-393588 -854962
-76 -1008534
393448 -1008564
727069 -855052
950001 -571367
1028308 -200693
950063 200535
727178 571233
393585 854965
72 1008535
-393451 1008563
-727070 855049
-950000 571363
-1028306 200690
-950060 -200537
-727174 -571234
-393582 -854964
-71 -1008532
393451 -1008559
727069 -855045
949997 -571359
1028301 -200686
950054 200539
727169 571233
393578 854962
67 1008530
-393454 1008557
-727071 855043
-949999 571357
-1028302 200684
-950054 -200541
-727168 -571235
-393576 -854963
-65 -1008529
393455 -1008554
727070 -855039
949996 -571353
1028298 -200681
950050 200543
727164 571236
393573 854962
64 1008527
-393455 1008552
-727074 855033
-950001 571348
-1028300 200680
-950051 -200545
-727164 -571238
-393572 -854964
-62 -1008528
393457 -1008552
727075 -855032
950001 -571346
1028299 -200678
950049 200547
727161 571240
393568 854966
57 1008530
-393463 1008553
-727081 855031
-950006 571343
-1028302 200674
-950050 -200551
-727161 -571244
-393567 -854970
-55 -1008533
393465 -1008554
727083 -855031
950008 -571343
1028304 -200673
950052 200553
727162 571246
393567 854972
55 1008535
-393465 1008556
-727083 855033
-950008 571345
-1028304 200675
-950052 -200551
-727163 -571244
-393569 -854970
-57 -1008534
393464 -1008557
727084 -855035
950011 -571340
1028309 -200670
950058 200551
727168 571247
393572 854975
57 1008540
-393467 1008562
-727088 855038
-950015 571341
-1028313 200670
-950062 -200551
-727171 -571248
-393574 -854977
-59 -1008542
393465 -1008565
727087 -855042
950016 -571345
1028315 -200673
950064 200550
727173 571249
393575 854980
58 1008546
-393468 1008568
-727091 855043
-950019 571344
-1028317 200671
-950065 -200552
-727173 -571251
-393574 -854982
-56 -1008548
393470 -1008570
727093 -855045
950022 -571346
1028321 -200672
950069 200553
727176 571253
393576 854984
57 1008550
-393471 1008572
-727096 855047
-950026 571347
-1028321 200663
-950068 -200562
-727178 -571254
-393578 -854986
-59 -1008553
393469 -1008576
727095 -855051
950027 -571351
1028324 -200667
950072 200559
727182 571253
393581 854987
60 1008555
-393470 1008578
-727097 855053
-950029 571353
-1028327 200669
-950076 -200558
-727186 -571253
-393585 -854988
-64 -1008558
393467 -1008583
727096 -855059
950030 -571359
1028329 -200674
950079 200554
727190 571250
393589 854987
67 1008559
-393465 1008585
-727095 855061
-950031 571361
-1028332 200676
-950083 -200553
-727194 -571251
-393592 -854990
-68 -1008563
393466 -1008589
727097 -855065
950033 -571364
1028334 -200677
950079 200561
727190 571258
393594 854988
70 1008562
-393465 1008590
-727098 855067
-950035 571366
-1028336 200679
-950081 -200560
-727191 -571259
-393594 -854990
-70 -1008564
393465 -1008592
727098 -855069
950036 -571368
1028338 -200681
950083 200558
727194 571257
393598 854989
74 1008564
-393461 1008593
-727095 855072
-950035 571372
-1028339 200685
-950086 -200554
-727198 -571254
-393602 -854987
-78 -1008563
393457 -1008593
727091 -855073
950031 -571375
1028336 -200689
950085 200550
727199 571250
393605 854984
82 1008562
-393454 1008594
-727090 855075
-950032 571377
-1028338 200691
-950087 -200548
-727193 -571255
-393599 -854989
-84 -1008560
393451 -1008592
727086 -855074
950028 -571378
1028335 -200694
950086 200544
727194 571251
393601 854985
87 1008557
-393447 1008591
-727082 855075
-950025 571381
-1028334 200698
-950087 -200540
-727197 -571247
-393606 -854982
-93 -1008556
393442 -1008592
727078 -855077
950021 -571383
1028331 -200701
950086 200536
727197 571243
393607 854978
96 1008552
-393437 1008589
-727073 855077
-950018 571386
-1028330 200705
-950086 -200532
-727198 -571239
-393609 -854974
-98 -1008549
393435 -1008588
727071 -855077
950016 -571387
1028328 -200708
950086 200527
727201 571234
393605 854975
94 1008551
-393431 1008586
-727067 855076
-950012 571387
-1028324 200708
-950082 -200527
-727197 -571233
-393601 -854973
-91 -1008548
393432 -1008582
727066 -855072
950010 -571384
1028322 -200707
950080 200526
727196 571230
393602 854969
94 1008544
-393428 1008579
-727062 855071
-950006 571385
-1028319 200710
-950079 -200522
-727197 -571226
-393605 -854965
-98 -1008541
393424 -1008578
727058 -855071
950002 -571385
1028315 -200710
950075 200521
727193 571224
393601 854962
95 1008536
-393424 1008571
-727055 855064
-949998 571380
-1028311 200707
-950071 -200522
-727190 -571223
-393600 -854960
-87 -1008536
393433 -1008572
727056 -855063
949997 -571378
1028309 -200706
950069 200522
727188 571223
393598 854960
85 1008536
-393434 1008571
-727056 855061
-949997 571376
-1028308 200704
-950067 -200523
-727186 -571222
-393597 -854957
-86 -1008532
393432 -1008568
727054 -855060
949995 -571377
1028307 -200706
950067 200521
727186 571220
393597 854955
86 1008530
-393432 1008566
-727054 855058
-949995 571375
-1028306 200704
-950065 -200523
-727184 -571222
-393595 -854957
-84 -1008531
393433 -1008565
727053 -855056
949992 -571373
1028302 -200703
950061 200522
727181 571219
393594 854952
85 1008525
-393437 1008558
-727057 855050
-949990 571369
-1028300 200699
-950059 -200526
-727178 -571223
-393589 -854956
-79 -1008528
393443 -1008559
727062 -855049
949993 -571367
1028301 -200697
950058 200528
727176 571224
393587 854955
77 1008526
-393444 1008556
-727062 855045
-949993 571363
-1028300 200693
-950056 -200531
-727174 -571226
-393585 -854957
-75 -1008527
393446 -1008556
727064 -855045
949994 -571362
1028300 -200691
950056 200533
727173 571228
393583 854958
73 1008527
-393448 1008556
-727065 855044
-949994 571360
-1028300 200689
-950055 -200535
-727171 -571229
-393581 -854958
-72 -1008526
393448 -1008554
727069 -855038
949999 -571355
1028301 -200688
950055 200537
727171 571231
393581 854960
71 1008528
-393450 1008555
-727071 855037
-950000 571353
-1028301 200686
-950054 -200539
-727169 -571233
-393578 -854962
-67 -1008530
393454 -1008557
727075 -855039
950004 -571354
1028305 -200686
950058 200540
727172 571236
393579 854966
66 1008534
-393457 1008560
-727079 855040
-950008 571353
-1028308 200683
-950059 -200545
-727171 -571242
-393576 -854972
-61 -1008539
393463 -1008563
727085 -855041
950014 -571345
1028314 -200674
950064 200548
727173 571247
393575 854978
59 1008544
-393466 1008567
-727089 855044
-950018 571347
-1028318 200675
-950068 -200549
-727177 -571249
-393579 -854980
-62 -1008547
393465 -1008571
727090 -855048
950021 -571350
1028322 -200676
950072 200549
727181 571250
393582 854983
63 1008552
-393466 1008577
-727093 855053
-950025 571354
-1028326 200679
-950076 -200548
-727184 -571251
-393583 -854986
-62 -1008556
393469 -1008581
727098 -855057
950031 -571356
1028332 -200678
950081 200551
727187 571256
393584 854992
61 1008562
-393471 1008586
-727100 855060
-950034 571358
-1028333 200671
-950082 -200559
-727191 -571256
-393588 -854993
-64 -1008564
393470 -1008589
727101 -855064
950037 -571362
1028337 -200675
950086 200556
727195 571255
393591 854994
66 1008567
-393469 1008593
-727102 855068
-950039 571365
-1028339 200676
-950088 -200556
-727197 -571256
-393593 -854996
-67 -1008569
393469 -1008595
727102 -855070
950039 -571367
1028340 -200678
950090 200555
727199 571256
393595 854996
69 1008570
-393468 1008597
-727102 855072
-950040 571369
-1028342 200680
-950093 -200553
-727203 -571255
-393598 -854997
-70 -1008572
393468 -1008599
727103 -855074
950042 -571371
1028344 -200681
950089 200561
727199 571262
393601 854995
74 1008571
-393464 1008600
-727100 855077
-950041 571375
-1028345 200685
-950091 -200558
-727201 -571261
-393602 -854996
-74 -1008573
393465 -1008602
727102 -855079
950043 -571377
1028347 -200687
950093 200556
727203 571259
393605 854994
78 1008572
-393461 1008603
-727098 855081
-950040 571380
-1028346 200691
-950094 -200552
-727206 -571255
-393609 -854991
-82 -1008570
393457 -1008602
727095 -855082
950038 -571382
1028345 -200694
950095 200548
727208 571252
393612 854989
86 1008569
-393453 1008602
-727091 855083
-950035 571385
-1028344 200698
-950096 -200544
-727203 -571255
-393607 -854993
-89 -1008567
393449 -1008601
727088 -855084
950034 -571387
1028344 -200700
950096 200542
727203 571253
393608 854991
91 1008566
-393448 1008602
-727088 855086
-950034 571389
-1028344 200702
-950096 -200540
-727203 -571251
-393608 -854989
-91 -1008564
393447 -1008600
727086 -855084
950032 -571388
1028343 -200703
950097 200538
727206 571249
393613 854987
97 1008563
-393442 1008601
-727082 855087
-950029 571392
-1028342 200707
-950098 -200534
-727208 -571246
-393615 -854986
-99 -1008563
393440 -1008601
727080 -855087
950027 -571393
1028340 -200709
950096 200532
727207 571243
393606 854986
90 1008562
-393438 1008595
-727076 855082
-950022 571389
-1028334 200707
-950091 -200530
-727204 -571238
-393606 -854980
-93 -1008557
393434 -1008592
727072 -855081
950019 -571390
1028332 -200709
950089 200528
727203 571236
393606 854978
94 1008555
-393432 1008590
-727069 855079
-950015 571389
-1028329 200710
-950088 -200526
-727203 -571234
-393606 -854976
-94 -1008553
393431 -1008588
727067 -855078
950013 -571389
1028327 -200710
950086 200525
727201 571232
393605 854973
95 1008549
-393429 1008585
-727065 855076
-950011 571388
-1028325 200710
-950084 -200525
-727200 -571231
-393606 -854971
-88 -1008549
393437 -1008585
727064 -855074
950008 -571386
1028321 -200709
950080 200524
727197 571228
393604 854967
87 1008544
-393436 1008579
-727062 855069
-950006 571383
-1028319 200708
-950078 -200524
-727195 -571228
-393602 -854967
-85 -1008544
393438 -1008579
727063 -855068
950006 -571381
1028318 -200706
950076 200525
727193 571228
393601 854966
86 1008542
-393436 1008577
-727061 855067
-950004 571381
-1028316 200706
-950074 -200525
-727191 -571227
-393599 -854964
-84 -1008540
393437 -1008575
727061 -855065
950003 -571379
1028314 -200704
950072 200527
727189 571229
393597 854966
82 1008541
-393446 1008573
-727071 855062
-950006 571376
-1028315 200700
-950071 -200531
-727186 -571233
-393592 -854969
-76 -1008542
393451 -1008572
727074 -855059
950008 -571372
1028316 -200696
950070 200535
727183 571236
393588 854970
73 1008541
-393453 1008569
-727075 855055
-950007 571368
-1028314 200692
-950068 -200538
-727181 -571238
-393586 -854972
-70 -1008543
393457 -1008571
727079 -855056
950011 -571367
1028317 -200689
950069 200543
727180 571244
393583 854977
66 1008546
-393461 1008572
-727083 855055
-950014 571364
-1028318 200685
-950068 -200547
-727177 -571247
-393579 -854978
-62 -1008545
393464 -1008569
727088 -855046
950018 -571355
1028317 -200681
950066 200550
727175 571249
393577 854980
60 1008547
-393467 1008571
-727092 855047
-950022 571355
-1028321 200680
-950069 -200553
-727176 -571253
-393576 -854984
-57 -1008550
393471 -1008572
727096 -855047
950025 -571354
1028322 -200678
950068 200555
727174 571255
393574 854986
55 1008552
-393473 1008573
-727097 855046
-950025 571352
-1028322 200676
-950068 -200557
-727173 -571257
-393572 -854987
-53 -1008552
393475 -1008573
727099 -855046
950027 -571351
1028323 -200673
950067 200561
727171 571261
393569 854991
49 1008555
-393479 1008574
-727103 855045
-950031 571342
-1028327 200664
-950071 -200564
-727174 -571265
-393570 -854995
-48 -1008559
393481 -1008578
727106 -855049
950035 -571345
1028331 -200666
950075 200563
727177 571266
393571 854998
47 1008563
-393484 1008581
-727110 855050
-950039 571344
-1028335 200663
-950078 -200567
-727178 -571271
-393570 -855004
-44 -1008568
393489 -1008585
727116 -855053
950045 -571345
1028340 -200662
950081 200570
727180 571275
393571 855008
44 1008572
-393489 1008589
-727117 855057
-950047 571349
-1028343 200665
-950085 -200569
-727183 -571276
-393573 -855010
-45 -1008575
393490 -1008593
727119 -855060
950049 -571350
1028341 -200657
950082 200576
727184 571274
393575 855009
47 1008575
-393488 1008593
-727118 855061
-950050 571352
-1028344 200659
-950086 -200575
-727188 -571274
-393579 -855010
-50 -1008578
393487 -1008597
727119 -855065
950053 -571356
1028348 -200662
950091 200573
727193 571274
393582 855012
52 1008580
-393486 1008600
-727119 855069
-950053 571360
-1028349 200666
-950093 -200570
-727196 -571272
-393586 -855011
-55 -1008581
393484 -1008602
727118 -855071
950054 -571362
1028351 -200667
950095 200570
727198 571272
393588 855012
56 1008584
-393485 1008606
-727120 855075
-950057 571366
-1028356 200671
-950095 -200575
-727197 -571279
-393592 -855012
-60 -1008584
393481 -1008607
727117 -855078
950055 -571370
1028355 -200675
950096 200571
727200 571275
393596 855009
64 1008583
-393478 1008608
-727116 855080
-950056 571372
-1028357 200677
-950098 -200570
-727202 -571275
-393598 -855009
-66 -1008584
393476 -1008610
727114 -855082
950054 -571374
1028355 -200679
950097 200567
727203 571271
393601 855006
70 1008582
-393472 1008609
-727110 855083
-950051 571377
-1028354 200683
-950098 -200563
-727205 -571268
-393603 -855004
-72 -1008581
393470 -1008609
727109 -855084
950051 -571379
1028354 -200685
950098 200561
727198 571272
393597 855007
75 1008577
-393466 1008606
-727104 855082
-950045 571378
-1028349 200687
-950095 -200556
-727197 -571266
-393598 -855001
-78 -1008572
393461 -1008603
727098 -855081
950040 -571380
1028346 -200691
950094 200552
727197 571262
393599 854997
81 1008568
-393457 1008600
-727094 855080
-950036 571380
-1028342 200692
-950091 -200549
-727196 -571258
-393600 -854993
-84 -1008564
393452 -1008596
727088 -855077
950030 -571380
1028337 -200695
950088 200544
727196 571251
393603 854985
89 1008557
-393446 1008592
-727082 855077
-950025 571383
-1028334 200700
-950087 -200538
-727197 -571245
-393597 -854984
-84 -1008557
393441 -1008588
727076 -855074
950019 -571382
1028329 -200701
950084 200535
727196 571241
393598 854980
86 1008553
-393439 1008585
-727074 855072
-950017 571380
-1028327 200700
-950082 -200535
-727194 -571240
-393596 -854978
-85 -1008551
393438 -1008583
727072 -855071
950015 -571381
1028325 -200702
950080 200533
727193 571238
393597 854976
87 1008549
-393436 1008581
-727069 855069
-950011 571379
-1028321 200701
-950077 -200532
-727191 -571236
-393595 -854974
-77 -1008548
393446 -1008579
727070 -855065
950010 -571375
1028318 -200697
950072 200535
727185 571237
393590 854972
74 1008544
-393447 1008575
-727070 855061
-950009 571371
-1028316 200694
-950070 -200537
-727183 -571238
-393588 -854972
-72 -1008543
393448 -1008572
727069 -855057
950007 -571368
1028314 -200692
950068 200538
727181 571238
393586 854972
70 1008543
-393450 1008572
-727071 855056
-950008 571365
-1028313 200688
-950065 -200542
-727177 -571241
-393582 -854973
-67 -1008542
393452 -1008570
727072 -855054
950008 -571363
1028312 -200686
950063 200543
727175 571241
393580 854972
65 1008540
-393460 1008566
-727080 855049
-950009 571359
-1028312 200682
-950062 -200547
-727172 -571244
-393576 -854974
-61 -1008541
393463 -1008565
727081 -855047
950009 -571357
1028311 -200680
950060 200549
727170 571246
393574 854975
59 1008540
-393465 1008563
-727083 855045
-950010 571355
-1028311 200678
-950060 -200551
-727169 -571248
-393572 -854977
-57 -1008542
393467 -1008564
727085 -855044
950011 -571352
1028310 -200674
950057 200555
727165 571251
393568 854978
53 1008541
-393470 1008561
-727086 855040
-950011 571348
-1028309 200670
-950054 -200558
-727161 -571252
-393564 -854977
-50 -1008538
393471 -1008557
727089 -855031
950013 -571340
1028307 -200668
950052 200560
727159 571254
393562 854979
48 1008540
-393474 1008559
-727093 855033
-950017 571341
-1028311 200668
-950056 -200561
-727162 -571257
-393563 -854983
-47 -1008544
393476 -1008562
727095 -855034
950019 -571341
1028313 -200667
950057 200563
727161 571259
393560 854985
43 1008545
-393480 1008561
-727099 855032
-950022 571338
-1028314 200663
-950057 -200567
-727161 -571263
-393560 -854989
-42 -1008549
393483 -1008565
727103 -855035
950026 -571339
1028317 -200662
950058 200569
727160 571265
393557 854991
38 1008551
-393487 1008566
-727107 855034
-950030 571330
-1028321 200653
-950061 -200572
-727161 -571269
-393556 -854995
-35 -1008554
393491 -1008567
727110 -855033
950032 -571327
1028322 -200649
950061 200576
727161 571273
393556 854999
35 1008558
-393491 1008571
-727111 855037
-950034 571331
-1028325 200652
-950065 -200575
-727164 -571274
-393557 -855001
-34 -1008560
393494 -1008573
727115 -855038
950038 -571330
1028328 -200650
950066 200577
727164 571276
393557 855003
34 1008562
-393494 1008575
-727115 855040
-950038 571332
-1028329 200652
-950068 -200576
-727166 -571276
-393559 -855003
-36 -1008563
393493 -1008577
727116 -855042
950041 -571334
1028329 -200645
950068 200583
727170 571275
393562 855004
37 1008565
-393493 1008579
-727116 855044
-950041 571336
-1028330 200647
-950070 -200582
-727172 -571275
-393564 -855004
-39 -1008565
393491 -1008580
727115 -855047
950042 -571340
1028333 -200651
950074 200578
727176 571272
393568 855003
43 1008566
-393488 1008583
-727114 855051
-950043 571344
-1028335 200654
-950076 -200577
-727178 -571273
-393570 -855006
-44 -1008570
393489 -1008587
727117 -855055
950047 -571347
1028339 -200655
950080 200577
727182 571273
393574 855006
48 1008571
-393485 1008589
-727113 855058
-950044 571352
-1028339 200662
-950077 -200578
-727181 -571275
-393580 -855002
-54 -1008570
393480 -1008591
727110 -855062
950043 -571356
1028339 -200666
950078 200574
727184 571271
393585 854998
60 1008568
-393475 1008592
-727107 855065
-950042 571360
-1028340 200670
-950081 -200570
-727188 -571268
-393589 -854997
-64 -1008568
393471 -1008593
727104 -855068
950041 -571365
1028341 -200676
950084 200564
727193 571263
393595 854994
69 1008568
-393467 1008595
-727100 855071
-950038 571370
-1028340 200682
-950085 -200558
-727196 -571257
-393600 -854989
-76 -1008565
393460 -1008595
727095 -855074
950035 -571374
1028340 -200687
950088 200553
727192 571261
393596 854994
80 1008564
-393456 1008596
-727092 855077
-950034 571379
-1028341 200693
-950091 -200547
-727197 -571256
-393602 -854991
-86 -1008563
393450 -1008597
727087 -855080
950031 -571384
1028340 -200699
950092 200541
727200 571250
393607 854986
92 1008560
-393444 1008596
-727081 855081
-950026 571387
-1028337 200704
-950092 -200535
-727203 -571244
-393612 -854981
-98 -1008557
393438 -1008595
727076 -855082
950022 -571389
1028334 -200707
950091 200530
727204 571238
393615 854975
103 1008552
-393432 1008592
-727070 855081
-950017 571391
-1028331 200711
-950090 -200526
-727205 -571234
-393608 -854976
-96 -1008553
393430 -1008589
727068 -855080
950015 -571391
1028329 -200712
950088 200524
727203 571232
393607 854974
96 1008551
-393429 1008587
-727065 855078
-950011 571390
-1028325 200712
-950084 -200523
-727200 -571229
-393606 -854969
-97 -1008545
393426 -1008581
727060 -855073
950005 -571387
1028320 -200712
950081 200520
727199 571225
393607 854965
100 1008542
-393422 1008580
-727057 855074
-950003 571389
-1028318 200714
-950079 -200518
-727198 -571222
-393607 -854961
-101 -1008538
393419 -1008576
727052 -855070
949997 -571387
1028312 -200715
950074 200515
727194 571218
393604 854957
91 1008535
-393429 1008572
-727053 855064
-949996 571381
-1028310 200710
-950072 -200518
-727192 -571219
-393603 -854956
-91 -1008533
393428 -1008570
727050 -855062
949992 -571379
1028305 -200708
950066 200519
727187 571218
393599 854954
88 1008530
-393430 1008566
-727052 855058
-949993 571375
-1028304 200704
-950063 -200523
-727182 -571221
-393593 -854954
-83 -1008527
393432 -1008561
727051 -855052
949990 -571369
1028300 -200699
950059 200526
727178 571223
393589 854956
79 1008528
-393436 1008560
-727054 855049
-949991 571365
-1028299 200695
-950056 -200529
-727174 -571224
-393585 -854955
-76 -1008525
393444 -1008554
727061 -855043
949990 -571361
1028296 -200692
950052 200531
727170 571225
393582 854954
74 1008523
-393445 1008552
-727061 855041
-949990 571359
-1028296 200690
-950052 -200533
-727170 -571227
-393581 -854956
-72 -1008524
393447 -1008552
727063 -855041
949992 -571359
1028298 -200689
950053 200535
727169 571229
393579 854958
70 1008526
-393449 1008553
-727065 855040
-949993 571356
-1028297 200685
-950050 -200539
-727165 -571232
-393575 -854959
-66 -1008525
393453 -1008551
727068 -855037
949994 -571352
1028296 -200681
950048 200542
727163 571234
393573 854960
64 1008525
-393455 1008550
-727073 855031
-949999 571347
-1028298 200681
-950050 -200543
-727164 -571236
-393573 -854962
-64 -1008527
393455 -1008552
727074 -855033
950001 -571348
1028300 -200680
950051 200545
727164 571238
393572 854964
62 1008528
-393457 1008552
-727075 855032
-950001 571346
-1028299 200678
-950049 -200547
-727161 -571240
-393568 -854966
-57 -1008530
393463 -1008553
727081 -855031
950006 -571343
1028302 -200674
950050 200551
727161 571244
393567 854970
55 1008533
-393465 1008554
-727083 855031
-950008 571343
-1028304 200673
-950052 -200553
-727162 -571246
-393567 -854972
-55 -1008535
393465 -1008556
727083 -855033
950009 -571338
1028307 -200669
950056 200550
727166 571245
393571 854972
58 1008536
-393464 1008559
-727084 855037
-950011 571342
-1028309 200672
-950058 -200549
-727168 -571245
-393572 -854973
-58 -1008538
393465 -1008561
727086 -855038
950013 -571341
1028311 -200670
950060 200551
727169 571248
393572 854977
57 1008542
-393467 1008564
-727089 855040
-950017 571343
-1028315 200671
-950063 -200552
-727171 -571250
-393573 -854979
-57 -1008544
393467 -1008566
727089 -855042
950018 -571345
1028317 -200673
950066 200550
727175 571249
393577 854980
60 1008547
-393467 1008571
-727092 855047
-950022 571348
-1028318 200666
-950067 -200558
-727179 -571250
-393580 -854983
-61 -1008551
393467 -1008575
727093 -855051
950025 -571352
1028323 -200669
950073 200557
727184 571251
393583 854986
62 1008556
-393469 1008581
-727098 855057
-950031 571356
-1028329 200670
-950078 -200558
-727187 -571254
-393584 -854990
-61 -1008560
393471 -1008584
727100 -855058
950033 -571356
1028331 -200670
950080 200559
727189 571256
393586 854992
63 1008562
-393470 1008587
-727101 855062
-950036 571360
-1028335 200673
-950078 -200565
-727187 -571262
-393590 -854991
-66 -1008563
393468 -1008589
727099 -855065
950035 -571364
1028336 -200677
950081 200562
727191 571261
393594 854992
70 1008566
-393465 1008594
-727098 855071
-950036 571370
-1028339 200683
-950086 -200556
-727198 -571256
-393602 -854989
-78 -1008565
393458 -1008595
727093 -855074
950033 -571375
1028338 -200689
950087 200550
727201 571250
393607 854984
84 1008562
-393452 1008594
-727088 855075
-950030 571378
-1028337 200693
-950088 -200546
-727203 -571247
-393609 -854983
-86 -1008563
393450 -1008597
727087 -855080
950031 -571384
1028340 -200699
950092 200541
727200 571250
393607 854986
92 1008560
-393444 1008596
-727081 855081
-950026 571387
-1028337 200704
-950092 -200535
-727203 -571244
-393612 -854981
-98 -1008557
393438 -1008595
727076 -855082
950022 -571389
1028334 -200707
950091 200530
727204 571238
393615 854975
103 1008552
-393432 1008592
-727070 855081
-950017 571391
-1028331 200711
-950090 -200526
-727205 -571234
-393617 -854972
-106 -1008550
393428 -1008591
727066 -855082
950014 -571393
1028330 -200714
950090 200522
727206 571230
393620 854968
110 1008547
-393424 1008590
-727062 855083
-950010 571396
-1028326 200718
-950087 -200517
-727205 -571224
-393612 -854967
-103 -1008546
393421 -1008584
727058 -855078
950006 -571393
1028322 -200717
950083 200517
727201 571223
393609 854964
102 1008542
-393420 1008580
-727055 855074
-950002 571390
-1028318 200716
-950080 -200516
-727200 -571221
-393609 -854962
-102 -1008540
393420 -1008578
727054 -855072
949999 -571388
1028314 -200715
950076 200515
727196 571218
393606 854957
101 1008534
-393419 1008572
-727051 855066
-949994 571383
-1028308 200712
-950070 -200516
-727191 -571217
-393603 -854954
-101 -1008529
393416 -1008567
727047 -855063
949990 -571382
1028304 -200713
950067 200513
727190 571213
393604 854950
95 1008527
-393422 1008566
-727045 855062
-949988 571382
-1028302 200713
-950065 -200513
-727188 -571212
-393602 -854948
-93 -1008525
393423 -1008563
727044 -855058
949986 -571379
1028300 -200712
950063 200512
727186 571210
393601 854946
93 1008523
-393423 1008561
-727044 855056
-949986 571377
-1028300 200710
-950063 -200514
-727186 -571212
-393600 -854948
-91 -1008524
393425 -1008561
727045 -855055
949985 -571375
1028298 -200708
950061 200516
727184 571213
393599 854947
92 1008522
-393422 1008559
-727041 855054
-949981 571375
-1028294 200709
-950057 -200513
-727181 -571209
-393597 -854943
-91 -1008518
393429 -1008554
727049 -855050
949983 -571373
1028295 -200706
950057 200517
727180 571213
393595 854946
88 1008520
-393433 1008555
-727053 855049
-949986 571370
-1028296 200702
-950056 -200521
-727178 -571216
-393593 -854948
-86 -1008521
393434 -1008554
727052 -855047
949984 -571369
1028294 -200702
950054 200521
727176 571216
393591 854948
84 1008521
-393436 1008554
-727054 855047
-949986 571368
-1028296 200700
-950055 -200523
-727175 -571218
-393589 -854949
-83 -1008520
393436 -1008552
727054 -855045
949985 -571366
1028294 -200698
950053 200525
727173 571219
393587 854949
81 1008520
-393438 1008552
-727060 855040
-949992 571361
-1028298 200698
-950057 -200525
-727177 -571220
-393590 -854952
-82 -1008524
393439 -1008556
727062 -855043
949994 -571362
1028299 -200697
950057 200527
727176 571222
393588 854953
80 1008524
-393440 1008555
-727062 855041
-949994 571360
-1028299 200695
-950056 -200529
-727174 -571224
-393585 -854955
-76 -1008525
393444 -1008554
727065 -855039
949995 -571358
1028298 -200693
950054 200531
727172 571225
393584 854954
76 1008523
-393443 1008552
-727063 855037
-949993 571356
-1028296 200692
-950052 -200531
-727170 -571225
-393582 -854954
-74 -1008523
393445 -1008552
727065 -855037
949995 -571349
1028298 -200685
950054 200531
727172 571225
393584 854954
76 1008523
-393443 1008552
-727063 855037
-949994 571350
-1028299 200687
-950056 -200529
-727174 -571224
-393585 -854955
-76 -1008525
393444 -1008554
727065 -855039
949996 -571351
1028301 -200687
950058 200530
727176 571226
393587 854957
77 1008528
-393445 1008558
-727068 855042
-950000 571353
-1028305 200688
-950062 -200531
-727179 -571229
-393588 -854962
-76 -1008534
393448 -1008564
727073 -855047
950006 -571355
1028310 -200687
950065 200533
727181 571231
393589 854964
75 1008536
-393450 1008566
-727075 855049
-950009 571357
-1028311 200680
-950066 -200541
-727184 -571232
-393591 -854966
-77 -1008538
393449 -1008568
727075 -855051
950009 -571359
1028312 -200682
950068 200540
727186 571233
393592 854969
76 1008542
-393451 1008572
-727078 855055
-950013 571362
-1028316 200683
-950072 -200540
-727190 -571233
-393596 -854970
-79 -1008545
393450 -1008576
727079 -855059
950016 -571366
1028320 -200686
950076 200539
727193 571234
393598 854972
81 1008547
-393449 1008578
-727079 855061
-950017 571368
-1028322 200688
-950078 -200538
-727195 -571234
-393600 -854972
-83 -1008548
393447 -1008581
727078 -855065
950017 -571372
1028323 -200692
950075 200542
727194 571238
393606 854969
89 1008547
-393442 1008582
-727075 855068
-950016 571376
-1028324 200696
-950078 -200538
-727198 -571235
-393610 -854968
-93 -1008547
393438 -1008583
727072 -855071
950015 -571381
1028325 -200702
950080 200533
727201 571231
393614 854965
97 1008546
-393435 1008584
-727070 855073
-950014 571383
-1028326 200704
-950083 -200531
-727205 -571230
-393618 -854966
-100 -1008549
393433 -1008588
727069 -855077
950014 -571387
1028326 -200708
950084 200527
727207 571227
393620 854964
102 1008547
-393431 1008586
-727067 855076
-950012 571387
-1028324 200708
-950082 -200527
-727197 -571233
-393610 -854968
-101 -1008543
393430 -1008582
727064 -855072
950008 -571384
1028320 -200707
950078 200526
727194 571230
393609 854964
102 1008539
-393428 1008579
-727062 855071
-950006 571385
-1028319 200710
-950079 -200522
-727197 -571226
-393614 -854961
-108 -1008538
393422 -1008580
727057 -855074
950003 -571389
1028318 -200714
950079 200518
727198 571222
393616 854957
110 1008535
-393420 1008578
-727054 855072
-949999 571388
-1028314 200715
-950076 -200515
-727196 -571218
-393615 -854953
-111 -1008531
393417 -1008575
727050 -855071
949996 -571389
1028313 -200717
950077 200513
727199 571216
393610 854956
105 1008534
-393415 1008573
-727048 855069
-949993 571387
-1028309 200716
-950073 -200512
-727195 -571214
-393607 -854953
-104 -1008530
393414 -1008569
727046 -855066
949991 -571386
1028307 -200716
950071 200512
727194 571213
393607 854951
105 1008528
-393412 1008567
-727043 855064
-949987 571385
-1028303 200717
-950068 -200509
-727192 -571209
-393606 -854947
-105 -1008524
393411 -1008563
727040 -855060
949982 -571381
1028297 -200714
950062 200510
727187 571208
393603 854944
104 1008520
-393410 1008559
-727038 855057
-949980 571380
-1028295 200715
-950061 -200507
-727188 -571204
-393606 -854940
-100 -1008518
393415 -1008559
727036 -855057
949978 -571380
1028293 -200715
950059 200507
727186 571203
393604 854938
99 1008515
-393414 1008555
-727034 855054
-949976 571378
-1028291 200714
-950057 -200507
-727184 -571203
-393602 -854938
-97 -1008515
393416 -1008554
727035 -855051
949975 -571374
1028288 -200710
950052 200510
727178 571204
393597 854936
94 1008510
-393416 1008548
-727032 855046
-949971 571371
-1028284 200709
-950049 -200509
-727177 -571201
-393598 -854932
-96 -1008507
393414 -1008546
727030 -855044
949969 -571370
1028282 -200709
950047 200509
727175 571201
393596 854932
95 1008506
-393421 1008543
-727038 855042
-949970 571369
-1028282 200707
-950046 -200511
-727172 -571203
-393592 -854933
-91 -1008506
393424 -1008542
727039 -855039
949970 -571365
1028281 -200703
950044 200514
727170 571204
393590 854933
89 1008505
-393426 1008540
-727041 855037
-949971 571363
-1028281 200701
-950043 -200516
-727168 -571206
-393588 -854934
-87 -1008505
393428 -1008539
727043 -855035
949973 -571360
1028282 -200697
950043 200520
727167 571210
393585 854938
83 1008508
-393432 1008540
-727046 855034
-949974 571358
-1028282 200695
-950042 -200522
-727165 -571211
-393583 -854938
-81 -1008508
393434 -1008540
727052 -855029
949981 -571353
1028285 -200694
950043 200525
727164 571215
393581 854941
79 1008509
-393436 1008540
-727054 855029
-949983 571352
-1028287 200692
-950045 -200527
-727166 -571218
-393581 -854946
-76 -1008515
393440 -1008545
727058 -855032
949987 -571354
1028291 -200693
950049 200528
727169 571221
393583 854950
77 1008519
-393441 1008549
-727061 855035
-949991 571355
-1028294 200692
-950050 -200530
-727168 -571223
-393580 -854952
-73 -1008520
393445 -1008548
727064 -855033
949993 -571346
1028296 -200683
950052 200533
727170 571227
393581 854956
72 1008524
-393447 1008552
-727067 855036
-949997 571347
-1028300 200683
-950056 -200533
-727173 -571228
-393583 -854958
-73 -1008527
393448 -1008556
727069 -855040
950000 -571351
1028304 -200686
950060 200532
727177 571229
393586 854961
75 1008531
-393447 1008560
-727070 855044
-950002 571354
-1028306 200687
-950061 -200533
-727177 -571231
-393586 -854963
-74 -1008533
393449 -1008562
727072 -855045
950004 -571354
1028308 -200687
950063 200533
727179 571231
393587 854964
74 1008535
-393450 1008564
-727075 855047
-950008 571355
-1028309 200678
-950064 -200543
-727182 -571234
-393589 -854968
-75 -1008540
393451 -1008570
727078 -855053
950013 -571360
1028315 -200681
950070 200542
727187 571235
393592 854971
76 1008544
-393452 1008574
-727080 855056
-950015 571362
-1028318 200683
-950074 -200541
-727191 -571236
-393595 -854974
-77 -1008548
393453 -1008578
727083 -855060
950020 -571365
1028324 -200684
950079 200542
727195 571238
393599 854976
80 1008551
-393451 1008582
-727082 855064
-950021 571369
-1028326 200687
-950082 -200540
-727199 -571237
-393602 -854977
-82 -1008554
393450 -1008586
727082 -855068
950021 -571373
1028327 -200691
950078 200545
727195 571243
393605 854975
86 1008552
-393446 1008585
-727079 855069
-950020 571375
-1028327 200693
-950078 -200543
-727195 -571241
-393605 -854973
-86 -1008550
393446 -1008583
727078 -855067
950018 -571374
1028326 -200694
950079 200541
727197 571239
393607 854972
88 1008551
-393445 1008586
-727079 855071
-950020 571377
-1028328 200695
-950081 -200541
-727199 -571239
-393609 -854972
-90 -1008551
393443 -1008586
727077 -855071
950018 -571378
1028326 -200698
950080 200537
727200 571235
393612 854969
94 1008550
-393439 1008587
-727074 855074
-950017 571382
-1028327 200702
-950082 -200533
-727195 -571238
-393608 -854972
-98 -1008547
393435 -1008586
727070 -855075
950014 -571385
1028326 -200706
950083 200529
727197 571235
393610 854970
101 1008545
-393431 1008584
-727066 855074
-950010 571386
-1028323 200709
-950082 -200525
-727198 -571231
-393612 -854967
-103 -1008543
393429 -1008583
727064 -855074
950008 -571386
1028321 -200709
950080 200524
727197 571228
393613 854963
105 1008540
-393426 1008581
-727060 855073
-950005 571387
-1028320 200712
-950081 -200520
-727199 -571225
-393616 -854961
-109 -1008539
393423 -1008582
727059 -855075
950005 -571389
1028320 -200714
950081 200518
727199 571223
393607 854963
100 1008540
-393422 1008578
-727056 855072
-950001 571388
-1028316 200714
-950078 -200517
-727198 -571220
-393608 -854959
-103 -1008536
393417 -1008575
727050 -855071
949996 -571389
1028313 -200717
950077 200513
727199 571216
393610 854956
105 1008534
-393415 1008573
-727048 855069
-949993 571387
-1028309 200716
-950073 -200512
-727195 -571214
-393607 -854953
-104 -1008530
393414 -1008569
727046 -855066
949991 -571386
1028307 -200716
950071 200512
727194 571213
393607 854951
105 1008528
-393412 1008567
-727043 855064
-949987 571385
-1028303 200717
-950068 -200509
-727192 -571209
-393606 -854947
-97 -1008525
393420 -1008564
727042 -855060
949984 -571381
1028299 -200714
950064 200510
727189 571208
393605 854944
98 1008521
-393417 1008560
-727038 855057
-949980 571380
-1028295 200715
-950061 -200507
-727188 -571204
-393606 -854940
-100 -1008518
393415 -1008559
727036 -855057
949978 -571380
1028293 -200715
950059 200507
727186 571203
393604 854938
99 1008515
-393414 1008555
-727034 855054
-949976 571378
-1028291 200714
-950057 -200507
-727184 -571203
-393602 -854938
-97 -1008515
393416 -1008554
727035 -855051
949975 -571374
1028288 -200710
950052 200510
727178 571204
393597 854936
94 1008510
-393423 1008546
-727040 855043
-949972 571369
-1028284 200707
-950048 -200511
-727174 -571203
-393593 -854934
-90 -1008508
393427 -1008544
727044 -855041
949976 -571366
1028287 -200702
950049 200518
727173 571211
393590 854941
86 1008513
-393431 1008547
-727048 855042
-949979 571365
-1028288 200700
-950048 -200520
-727170 -571213
-393586 -854942
-82 -1008512
393434 -1008544
727049 -855037
949978 -571359
1028285 -200694
950043 200525
727164 571215
393581 854941
79 1008509
-393436 1008540
-727050 855033
-949977 571355
-1028282 200690
-950039 -200528
-727160 -571217
-393577 -854942
-75 -1008508
393439 -1008537
727055 -855024
949981 -571346
1028282 -200686
950038 200532
727158 571220
393574 854944
71 1008510
-393443 1008538
-727058 855023
-949983 571344
-1028283 200684
-950038 -200534
-727157 -571222
-393572 -854946
-69 -1008511
393445 -1008538
727060 -855023
949985 -571344
1028285 -200684
950040 200534
727159 571223
393573 854948
68 1008513
-393447 1008539
-727062 855023
-949987 571343
-1028286 200681
-950039 -200538
-727156 -571226
-393569 -854949
-65 -1008512
393448 -1008537
727062 -855021
949986 -571341
1028284 -200680
950037 200538
727154 571226
393567 854949
63 1008512
-393450 1008537
-727063 855020
-949987 571333
-1028286 200673
-950039 -200538
-727156 -571226
-393569 -854949
-65 -1008512
393448 -1008537
727062 -855021
949987 -571335
1028287 -200675
950041 200537
727158 571227
393571 854952
66 1008517
-393450 1008543
-727067 855026
-949993 571337
-1028292 200674
-950044 -200540
-727159 -571231
-393570 -854956
-63 -1008520
393454 -1008544
727070 -855025
949995 -571335
1028294 -200671
950046 200544
727161 571235
393571 854960
63 1008524
-393454 1008548
-727071 855029
-949997 571339
-1028296 200675
-950048 -200540
-727163 -571232
-393573 -854958
-65 -1008523
393453 -1008549
727071 -855031
949998 -571341
1028296 -200669
950050 200546
727169 571231
393579 854960
69 1008528
-393452 1008555
-727073 855037
-950003 571346
-1028302 200672
-950056 -200545
-727175 -571232
-393584 -854963
-72 -1008533
393451 -1008561
727074 -855043
950005 -571351
1028304 -200675
950058 200544
727176 571233
393583 854965
70 1008534
-393453 1008561
-727076 855043
-950007 571351
-1028306 200675
-950060 -200544
-727178 -571233
-393585 -854965
-72 -1008535
393451 -1008563
727074 -855045
950006 -571353
1028307 -200677
950062 200542
727181 571231
393589 854964
75 1008536
-393450 1008566
-727075 855049
-950009 571357
-1028311 200680
-950060 -200549
-727178 -571239
-393591 -854964
-77 -1008536
393448 -1008566
727073 -855049
950007 -571357
1028309 -200680
950058 200549
727176 571239
393589 854964
75 1008536
-393450 1008566
-727075 855049
-950009 571357
-1028311 200680
-950060 -200549
-727178 -571239
-393591 -854964
-77 -1008536
393448 -1008566
727073 -855049
950007 -571357
1028309 -200680
950058 200549
727176 571239
393589 854964
75 1008536
-393450 1008566
-727075 855049
-950009 571357
-1028311 200680
-950060 -200549
-727178 -571239
-393591 -854964
-77 -1008536
393448 -1008566
727073 -855049
950007 -571357
1028309 -200680
950058 200549
727168 571245
393582 854968
78 1008532
-393445 1008562
-727069 855046
-950003 571356
-1028306 200681
-950057 -200546
-727169 -571241
-393584 -854965
-81 -1008530
393441 -1008561
727065 -855047
949999 -571359
1028303 -200686
950056 200540
727170 571235
393587 854959
85 1008525
-393437 1008558
-727061 855046
-949996 571360
-1028301 200688
-950055 -200537
-727171 -571231
-393590 -854956
-89 -1008524
393433 -1008559
727058 -855049
949995 -571364
1028302 -200692
950057 200534
727173 571230
393592 854956
91 1008524
-393431 1008559
-727056 855049
-949993 571365
-1028301 200695
-950058 -200530
-727176 -571226
-393587 -854957
-86 -1008526
393427 -1008558
727052 -855050
949989 -571367
1028298 -200698
950057 200525
727177 571220
393590 854952
90 1008523
-393423 1008557
-727048 855050
-949986 571368
-1028296 200700
-950055 -200523
-727175 -571218
-393589 -854949
-91 -1008519
393421 -1008553
727046 -855047
949984 -571367
1028294 -200700
950053 200523
727174 571217
393589 854947
91 1008517
-393420 1008551
-727043 855045
-949979 571365
-1028288 200700
-950048 -200520
-727170 -571213
-393586 -854942
-82 -1008512
393428 -1008546
727042 -855039
949977 -571360
1028286 -200696
950046 200523
727168 571214
393584 854942
80 1008512
-393429 1008545
-727042 855037
-949976 571358
-1028283 200694
-950042 -200524
-727165 -571213
-393583 -854940
-80 -1008510
393429 -1008543
727041 -855035
949974 -571356
1028281 -200693
950040 200524
727163 571213
393581 854939
79 1008507
-393428 1008539
-727039 855032
-949971 571354
-1028277 200691
-950036 -200525
-727159 -571212
-393578 -854936
-78 -1008503
393427 -1008535
727036 -855028
949967 -571351
1028273 -200690
950032 200524
727156 571209
393577 854932
79 1008499
-393432 1008530
-727042 855024
-949967 571349
-1028272 200688
-950030 -200526
-727154 -571211
-393574 -854934
-75 -1008500
393435 -1008529
727044 -855022
949968 -571347
1028272 -200686
950029 200528
727151 571213
393570 854935
71 1008499
-393438 1008526
-727045 855017
-949967 571341
-1028269 200681
-950025 -200531
-727147 -571214
-393567 -854934
-70 -1008497
393438 -1008524
727044 -855015
949965 -571339
1028267 -200679
950023 200533
727145 571216
393564 854936
66 1008498
-393442 1008524
-727048 855015
-949968 571338
-1028268 200677
-950022 -200535
-727143 -571217
-393563 -854935
-66 -1008496
393442 -1008522
727052 -855008
949973 -571332
1028270 -200676
950024 200537
727144 571220
393562 854939
63 1008500
-393446 1008525
-727056 855009
-949977 571331
-1028273 200673
-950025 -200542
-727143 -571226
-393559 -854945
-58 -1008505
393452 -1008528
727062 -855010
949982 -571330
1028277 -200671
950028 200544
727144 571228
393558 854947
56 1008506
-393454 1008527
-727063 855008
-949982 571328
-1028276 200669
-950026 -200546
-727142 -571230
-393556 -854949
-54 -1008508
393456 -1008529
727065 -855009
949984 -571327
1028278 -200666
950027 200550
727141 571234
393553 854952
50 1008509
-393460 1008528
-727069 855007
-949988 571318
-1028281 200657
-950028 -200553
-727141 -571238
-393553 -854956
-49 -1008513
393463 -1008532
727073 -855010
949992 -571319
1028285 -200657
950032 200554
727144 571240
393554 854959
48 1008517
-393465 1008535
-727075 855011
-949994 571319
-1028287 200656
-950034 -200556
-727145 -571243
-393553 -854963
-46 -1008521
393468 -1008539
727080 -855015
950000 -571321
1028293 -200655
950039 200559
727149 571247
393556 854967
47 1008525
-393469 1008543
-727082 855018
-950002 571323
-1028295 200657
-950041 -200558
-727150 -571248
-393556 -854969
-47 -1008527
393469 -1008545
727083 -855020
950004 -571325
1028294 -200650
950040 200565
727153 571246
393560 854968
50 1008528
-393468 1008547
-727083 855022
-950005 571327
-1028296 200652
-950043 -200563
-727157 -571245
-393563 -854969
-52 -1008530
393466 -1008550
727082 -855027
950006 -571333
1028299 -200658
950047 200558
727161 571242
393567 854968
55 1008531
-393465 1008552
-727083 855029
-950008 571334
-1028301 200657
-950049 -200560
-727163 -571244
-393569 -854970
-57 -1008534
393464 -1008557
727084 -855035
950011 -571340
1028306 -200662
950055 200558
727168 571245
393572 854973
58 1008538
-393465 1008561
-727086 855038
-950013 571341
-1028308 200662
-950051 -200566
-727164 -571253
-393574 -854973
-60 -1008538
393463 -1008561
727085 -855039
950013 -571343
1028308 -200664
950051 200564
727164 571251
393575 854971
62 1008537
-393461 1008561
-727083 855039
-950012 571344
-1028309 200666
-950054 -200562
-727168 -571250
-393578 -854972
-63 -1008539
393461 -1008563
727083 -855041
950012 -571346
1028309 -200668
950054 200560
727169 571248
393581 854970
67 1008538
-393457 1008564
-727080 855044
-950011 571350
-1028310 200672
-950056 -200557
-727171 -571246
-393583 -854969
-69 -1008538
393456 -1008565
727080 -855046
950011 -571352
1028310 -200674
950057 200555
727165 571251
393576 854974
70 1008536
-393453 1008563
-727076 855045
-950008 571353
-1028308 200676
-950056 -200552
-727166 -571247
-393579 -854970
-74 -1008533
393449 -1008562
727072 -855045
950004 -571354
1028305 -200679
950054 200548
727165 571243
393580 854966
77 1008530
-393445 1008560
-727068 855044
-950001 571355
-1028304 200682
-950055 -200544
-727167 -571239
-393583 -854962
-81 -1008526
393441 -1008557
727064 -855043
949997 -571355
1028300 -200682
950052 200543
727166 571237
393583 854960
82 1008524
-393439 1008556
-727062 855043
-949995 571356
-1028299 200685
-950052 -200539
-727167 -571233
-393577 -854961
-76 -1008526
393436 -1008554
727058 -855042
949991 -571357
1028296 -200688
950051 200535
727167 571229
393577 854957
77 1008522
-393433 1008550
-727054 855039
-949987 571355
-1028291 200686
-950045 -200536
-727162 -571227
-393575 -854952
-78 -1008516
393431 -1008545
727051 -855035
949983 -571352
1028287 -200685
950042 200535
727160 571225
393573 854950
76 1008514
-393432 1008542
-727050 855031
-949980 571349
-1028283 200684
-950038 -200534
-727157 -571222
-393572 -854946
-77 -1008510
393430 -1008539
727048 -855030
949978 -571349
1028281 -200684
950036 200534
727155 571222
393570 854945
67 1008509
-393439 1008537
-727047 855026
-949975 571345
-1028277 200681
-950032 -200535
-727152 -571221
-393569 -854943
-68 -1008507
393437 -1008535
727045 -855024
949973 -571344
1028275 -200681
950030 200534
727150 571219
393567 854941
66 1008504
-393438 1008531
-727044 855020
-949971 571340
-1028272 200678
-950026 -200536
-727146 -571220
-393563 -854940
-63 -1008502
393439 -1008528
727043 -855016
949968 -571336
1028268 -200675
950022 200537
727142 571219
393560 854937
62 1008497
-393438 1008522
-727040 855010
-949963 571331
-1028262 200672
-950016 -200538
-727137 -571218
-393557 -854934
-61 -1008493
393444 -1008517
727047 -855007
949965 -571331
1028263 -200671
950016 200540
727136 571220
393555 854936
59 1008494
-393446 1008517
-727048 855006
-949965 571329
-1028263 200669
-950015 -200542
-727134 -571222
-393553 -854937
-57 -1008494
393448 -1008516
727050 -855004
949966 -571326
1028262 -200665
950013 200545
727132 571223
393551 854937
55 1008494
-393450 1008516
-727051 855003
-949965 571324
-1028260 200664
-950011 -200545
-727130 -571223
-393549 -854937
-53 -1008493
393451 -1008513
727051 -854999
949965 -571320
1028259 -200660
950008 200548
727126 571224
393545 854936
50 1008491
-393453 1008511
-727056 854993
-949970 571316
-1028261 200661
-950010 -200549
-727128 -571226
-393547 -854938
-51 -1008493
393453 -1008513
727057 -854995
949972 -571317
1028263 -200661
950012 200549
727129 571227
393546 854940
49 1008495
-393456 1008515
-727061 854996
-949976 571316
-1028267 200658
-950015 -200554
-727130 -571233
-393545 -854946
-46 -1008500
393460 -1008518
727065 -854997
949980 -571316
1028270 -200657
950016 200556
727130 571235
393545 854948
46 1008502
-393460 1008520
-727065 854999
-949980 571318
-1028271 200659
-950018 -200555
-727131 -571236
-393544 -854950
-43 -1008504
393464 -1008521
727069 -854998
949984 -571308
1028274 -200649
950020 200557
727133 571238
393545 854953
42 1008508
-393467 1008525
-727073 855001
-949988 571309
-1028278 200648
-950023 -200560
-727134 -571242
-393545 -854957
-42 -1008512
393468 -1008529
727076 -855005
949992 -571313
1028282 -200651
950027 200559
727138 571243
393548 854959
43 1008514
-393468 1008531
-727076 855007
-949993 571315
-1028285 200653
-950031 -200558
-727141 -571244
-393549 -854962
-42 -1008518
393471 -1008534
727080 -855008
949996 -571314
1028286 -200650
950030 200562
727139 571248
393547 854965
40 1008520
-393473 1008536
-727083 855010
-950000 571315
-1028287 200642
-950032 -200569
-727145 -571247
-393552 -854967
-43 -1008525
393472 -1008542
727084 -855016
950004 -571321
1028293 -200646
950038 200568
727150 571248
393556 854969
47 1008527
-393469 1008545
-727083 855020
-950004 571325
-1028294 200650
-950040 -200565
-727153 -571246
-393560 -854968
-50 -1008528
393468 -1008547
727083 -855022
950005 -571327
1028296 -200652
950043 200563
727157 571245
393563 854969
52 1008530
-393466 1008550
-727082 855027
-950006 571333
-1028299 200658
-950047 -200558
-727161 -571242
-393567 -854968
-55 -1008531
393465 -1008552
727083 -855029
950008 -571334
1028301 -200657
950043 200568
727157 571251
393569 854968
57 1008532
-393463 1008555
-727081 855033
-950007 571339
-1028302 200663
-950046 -200563
-727161 -571248
-393573 -854967
-61 -1008532
393459 -1008555
727078 -855034
950005 -571341
1028301 -200666
950046 200559
727162 571244
393576 854963
65 1008529
-393455 1008554
-727074 855035
-950002 571344
-1028300 200670
-950047 -200555
-727165 -571240
-393581 -854960
-71 -1008528
393450 -1008555
727071 -855037
950001 -571346
1028300 -200672
950048 200553
727159 571245
393574 854965
72 1008526
-393448 1008554
-727069 855038
-949999 571349
-1028299 200676
-950048 -200549
-727159 -571241
-393575 -854961
-74 -1008523
393445 -1008552
727065 -855037
949995 -571349
1028295 -200677
950045 200546
727158 571237
393576 854957
77 1008519
-393441 1008549
-727061 855035
-949991 571348
-1028292 200678
-950044 -200544
-727159 -571235
-393578 -854955
-79 -1008518
393439 -1008549
727059 -855036
949990 -571351
1028292 -200682
950044 200540
727159 571231
393579 854951
82 1008514
-393435 1008546
-727055 855035
-949986 571351
-1028289 200683
-950043 -200537
-727160 -571227
-393573 -854952
-76 -1008516
393432 -1008544
727051 -855033
949982 -571350
1028285 -200684
950040 200534
727159 571223
393573 854948
77 1008512
-393430 1008541
-727049 855032
-949981 571351
-1028286 200686
-950042 -200533
-727161 -571223
-393575 -854948
-79 -1008512
393428 -1008541
727047 -855032
949979 -571351
1028284 -200686
950040 200532
727159 571221
393574 854946
79 1008510
-393428 1008539
-727046 855030
-949976 571349
-1028280 200685
-950036 -200532
-727156 -571220
-393572 -854944
-78 -1008508
393427 -1008537
727044 -855028
949974 -571348
1028278 -200685
950035 200531
727156 571218
393573 854942
71 1008508
-393436 1008538
-727046 855028
-949976 571347
-1028279 200683
-950034 -200533
-727154 -571219
-393571 -854941
-70 -1008505
393435 -1008534
727043 -855024
949971 -571344
1028273 -200682
950029 200532
727150 571217
393567 854939
67 1008502
-393436 1008529
-727042 855018
-949968 571338
-1028268 200677
-950022 -200535
-727143 -571217
-393563 -854935
-66 -1008496
393435 -1008523
727039 -855013
949964 -571335
1028264 -200675
950018 200536
727139 571216
393559 854933
63 1008493
-393436 1008519
-727038 855009
-949961 571332
-1028260 200674
-950015 -200535
-727138 -571214
-393559 -854931
-63 -1008491
393442 -1008515
727044 -855005
949961 -571330
1028260 -200672
950014 200537
727135 571216
393555 854932
60 1008490
-393444 1008513
-727046 855003
-949962 571327
-1028259 200668
-950012 -200541
-727133 -571219
-393553 -854933
-58 -1008490
393446 -1008513
727047 -855002
949962 -571325
1028258 -200666
950010 200542
727131 571219
393551 854933
56 1008490
-393447 1008512
-727047 855000
-949961 571323
-1028256 200665
-950008 -200542
-727129 -571218
-393550 -854931
-56 -1008488
393447 -1008510
727047 -854998
949961 -571321
1028256 -200663
950007 200544
727127 571220
393548 854932
54 1008487
-393449 1008508
-727052 854991
-949966 571314
-1028257 200660
-950006 -200548
-727124 -571224
-393543 -854935
-48 -1008488
393454 -1008507
727056 -854989
949969 -571312
1028259 -200658
950008 200550
727126 571226
393545 854938
49 1008493
-393455 1008513
-727058 854994
-949972 571315
-1028263 200659
-950012 -200551
-727129 -571229
-393546 -854942
-48 -1008497
393458 -1008516
727062 -854995
949975 -571314
1028265 -200657
950013 200554
727128 571233
393543 854946
44 1008500
-393462 1008517
-727066 854995
-949979 571314
-1028268 200656
-950014 -200556
-727128 -571235
-393543 -854948
-44 -1008502
393462 -1008519
727067 -854997
949982 -571309
1028273 -200651
950020 200555
727133 571236
393546 854951
45 1008506
-393463 1008523
-727069 855000
-949984 571310
-1028275 200651
-950022 -200556
-727135 -571238
-393547 -854953
-44 -1008508
393465 -1008525
727072 -855002
949988 -571311
1028278 -200650
950024 200558
727136 571241
393547 854957
44 1008512
-393466 1008529
-727074 855005
-949990 571313
-1028280 200651
-950026 -200558
-727138 -571241
-393549 -854957
-45 -1008513
393466 -1008531
727074 -855007
949991 -571315
1028283 -200653
950030 200557
727142 571242
393552 854960
46 1008517
-393467 1008535
-727077 855011
-949995 571318
-1028283 200646
-950029 -200565
-727144 -571242
-393553 -854961
-46 -1008519
393468 -1008537
727080 -855013
949999 -571319
1028287 -200646
950033 200565
727147 571243
393555 854963
48 1008521
-393466 1008539
-727078 855015
-949998 571322
-1028288 200650
-950035 -200562
-727150 -571241
-393559 -854962
-51 -1008522
393465 -1008542
727079 -855019
950000 -571325
1028290 -200651
950037 200562
727151 571242
393559 854964
51 1008524
-393465 1008544
-727079 855021
-950001 571327
-1028293 200653
-950041 -200561
-727155 -571243
-393562 -854967
-52 -1008528
393466 -1008548
727082 -855025
950005 -571331
1028297 -200656
950039 200568
727153 571250
393566 854965
56 1008527
-393462 1008549
-727078 855027
-950002 571333
-1028295 200658
-950038 -200565
-727154 -571246
-393569 -854962
-60 -1008526
393458 -1008549
727075 -855028
950001 -571336
1028296 -200662
950040 200562
727156 571245
393571 854962
62 1008526
-393457 1008550
-727075 855030
-950001 571338
-1028297 200664
-950042 -200560
-727158 -571243
-393573 -854960
-64 -1008525
393455 -1008550
727073 -855031
949999 -571340
1028295 -200667
950041 200556
727159 571239
393575 854957
67 1008523
-393451 1008549
-727069 855031
-949996 571341
-1028294 200669
-950042 -200554
-727153 -571244
-393569 -854962
-69 -1008522
393449 -1008549
727068 -855032
949996 -571343
1028294 -200671
950042 200552
727153 571242
393570 854960
71 1008520
-393447 1008548
-727066 855032
-949994 571343
-1028292 200672
-950041 -200549
-727154 -571238
-393572 -854956
-74 -1008516
393442 -1008544
727059 -855029
949987 -571343
1028287 -200675
950038 200544
727153 571232
393574 854950
78 1008511
-393438 1008541
-727055 855028
-949983 571344
-1028284 200678
-950037 -200540
-727154 -571228
-393576 -854946
-81 -1008508
393434 -1008540
727052 -855029
949981 -571346
1028282 -200680
950035 200538
727153 571225
393568 854947
74 1008509
-393431 1008536
-727047 855026
-949975 571345
-1028277 200681
-950032 -200535
-727152 -571221
-393569 -854943
-76 -1008505
393428 -1008533
727043 -855024
949971 -571344
1028273 -200682
950029 200532
727150 571217
393567 854939
75 1008501
-393428 1008529
-727042 855020
-949969 571340
-1028270 200678
-950024 -200535
-727144 -571218
-393562 -854937
-72 -1008496
393428 -1008522
727039 -855013
949964 -571335
1028264 -200675
950018 200536
727139 571216
393559 854933
71 1008492
-393427 1008518
-727036 855009
-949959 571332
-1028258 200675
-950013 -200533
-727136 -571212
-393558 -854928
-64 -1008487
393433 -1008513
727034 -855004
949957 -571328
1028256 -200671
950011 200536
727134 571213
393556 854928
62 1008487
-393435 1008513
-727035 855003
-949956 571326
-1028253 200669
-950006 -200538
-727128 -571214
-393550 -854927
-57 -1008484
393438 -1008508
727036 -854997
949955 -571320
1028250 -200664
950002 200541
727124 571215
393547 854926
56 1008481
-393437 1008504
-727033 854993
-949951 571317
-1028246 200663
-949998 -200540
-727121 -571212
-393546 -854921
-57 -1008475
393434 -1008498
727028 -854988
949944 -571314
1028238 -200662
949991 200539
727116 571209
393543 854917
55 1008471
-393442 1008493
-727036 854984
-949946 571312
-1028240 200660
-949992 -200541
-727115 -571211
-393541 -854918
-53 -1008471
393443 -1008492
727036 -854982
949946 -571310
1028240 -200658
949992 200543
727115 571213
393540 854920
51 1008472
-393445 1008492
-727038 854981
-949947 571308
-1028239 200656
-949990 -200545
-727112 -571215
-393536 -854921
-48 -1008471
393447 -1008489
727039 -854977
949946 -571304
1028237 -200652
949987 200548
727108 571216
393532 854921
44 1008471
-393451 1008489
-727042 854976
-949948 571301
-1028238 200648
-949986 -200552
-727106 -571220
-393530 -854924
-42 -1008472
393452 -1008488
727046 -854970
949953 -571296
1028239 -200647
949986 200554
727105 571222
393528 854926
39 1008474
-393456 1008489
-727050 854969
-949956 571294
-1028241 200645
-949987 -200557
-727104 -571226
-393525 -854930
-35 -1008477
393461 -1008491
727056 -854970
949961 -571292
1028244 -200640
949988 200563
727103 571232
393522 854935
31 1008480
-393465 1008492
-727059 854969
-949963 571290
-1028245 200638
-949988 -200565
-727103 -571234
-393522 -854937
-30 -1008482
393467 -1008493
727061 -854969
949965 -571283
1028247 -200631
949990 200565
727105 571234
393523 854938
30 1008484
-393467 1008495
-727062 854971
-949968 571285
-1028251 200632
-949993 -200566
-727106 -571237
-393523 -854942
-29 -1008488
393470 -1008499
727066 -854974
949972 -571286
1028255 -200632
949997 200567
727110 571239
393526 854944
30 1008491
-393471 1008503
-727069 854977
-949976 571287
-1028259 200631
-950000 -200570
-727111 -571244
-393525 -854950
-28 -1008496
393473 -1008507
727071 -854981
949978 -571291
1028261 -200634
950002 200568
727113 571242
393527 854949
29 1008497
-393474 1008509
-727074 854983
-949982 571292
-1028262 200626
-950004 -200576
-727119 -571243
-393532 -854952
-32 -1008501
393473 -1008513
727074 -854987
949983 -571296
1028265 -200629
950008 200575
727122 571244
393534 854954
34 1008504
-393471 1008517
-727073 854991
-949984 571300
-1028267 200633
-950010 -200571
-727125 -571240
-393538 -854951
-38 -1008503
393468 -1008518
727072 -854993
949984 -571302
1028268 -200635
950013 200569
727129 571239
393542 854952
41 1008505
-393466 1008521
-727071 854998
-949986 571308
-1028273 200640
-950019 -200567
-727135 -571240
-393547 -854955
-44 -1008510
393466 -1008527
727074 -855003
949990 -571311
1028277 -200642
950017 200573
727133 571246
393551 854954
48 1008511
-393462 1008530
-727071 855008
-949989 571317
-1028278 200648
-950020 -200568
-727137 -571243
-393555 -854953
-51 -1008512
393461 -1008532
727071 -855010
949990 -571319
1028280 -200649
950022 200568
727139 571243
393557 854953
53 1008512
-393459 1008533
-727070 855013
-949990 571323
-1028281 200653
-950024 -200564
-727141 -571240
-393559 -854951
-56 -1008510
393455 -1008531
727066 -855011
949986 -571322
1028277 -200654
950021 200562
727140 571237
393560 854947
58 1008507
-393453 1008530
-727064 855012
-949985 571325
-1028278 200658
-950024 -200558
-727136 -571241
-393556 -854953
-62 -1008508
393450 -1008533
727063 -855016
949986 -571329
1028281 -200662
950028 200555
727140 571240
393560 854953
66 1008508
-393446 1008533
-727059 855017
-949982 571331
-1028277 200664
-950025 -200552
-727139 -571235
-393561 -854947
-68 -1008503
393443 -1008530
727055 -855016
949979 -571332
1028276 -200667
950026 200548
727142 571232
393565 854946
72 1008504
-393440 1008532
-727053 855018
-949977 571335
-1028275 200671
-950026 -200544
-727142 -571228
-393566 -854942
-75 -1008500
393435 -1008529
727047 -855017
949972 -571336
1028272 -200674
950025 200540
727143 571224
393559 854943
68 1008501
-393433 1008526
-727045 855016
-949970 571336
-1028270 200674
-950024 -200539
-727144 -571222
-393561 -854941
-70 -1008500
393431 -1008526
727043 -855016
949968 -571336
1028268 -200675
950022 200537
727142 571219
393560 854937
70 1008496
-393430 1008522
-727041 855012
-949965 571333
-1028264 200673
-950018 -200538
-727139 -571218
-393559 -854935
-71 -1008494
393428 -1008520
727039 -855011
949963 -571333
1028262 -200674
950016 200536
727137 571216
393557 854932
70 1008489
-393426 1008514
-727034 855006
-949957 571330
-1028256 200673
-950011 -200534
-727134 -571211
-393556 -854926
-62 -1008485
393434 -1008511
727033 -855002
949955 -571327
1028254 -200671
950009 200536
727132 571213
393554 854927
61 1008484
-393434 1008509
-727033 855000
-949954 571325
-1028252 200670
-950007 -200536
-727130 -571212
-393553 -854925
-61 -1008482
393434 -1008507
727032 -854998
949952 -571323
1028249 -200668
950003 200537
727126 571212
393549 854924
58 1008480
-393435 1008504
-727032 854994
-949951 571319
-1028247 200665
-950000 -200539
-727122 -571213
-393546 -854923
-56 -1008477
393436 -1008500
727031 -854990
949949 -571316
1028244 -200663
949996 200540
727119 571212
393544 854921
55 1008475
-393443 1008497
-727039 854987
-949950 571313
-1028244 200659
-949996 -200544
-727118 -571216
-393541 -854925
-50 -1008478
393448 -1008497
727042 -854985
949952 -571311
1028245 -200657
949995 200546
727116 571218
393539 854926
48 1008478
-393450 1008497
-727044 854984
-949953 571308
-1028245 200653
-949994 -200550
-727113 -571221
-393535 -854927
-45 -1008477
393452 -1008495
727046 -854982
949954 -571306
1028244 -200651
949992 200551
727111 571221
393533 854927
43 1008477
-393453 1008494
-727045 854980
-949952 571304
-1028242 200649
-949990 -200553
-727109 -571223
-393531 -854929
-41 -1008478
393455 -1008494
727051 -854975
949959 -571299
1028245 -200648
949992 200555
727110 571225
393530 854931
38 1008480
-393459 1008495
-727055 854974
-949962 571296
-1028247 200644
-949992 -200560
-727107 -571231
-393526 -854936
-34 -1008483
393463 -1008496
727058 -854973
949964 -571294
1028248 -200641
949992 200564
727106 571235
393523 854940
30 1008486
-393467 1008497
-727062 854973
-949967 571293
-1028249 200639
-949991 -200566
-727104 -571236
-393521 -854939
-28 -1008484
393469 -1008495
727063 -854970
949967 -571289
1028249 -200635
949990 200570
727102 571240
393519 854943
26 1008487
-393471 1008497
-727066 854972
-949971 571284
-1028253 200630
-949994 -200569
-727105 -571241
-393520 -854945
-25 -1008489
393473 -1008498
727067 -854971
949971 -571282
1028253 -200628
949994 200571
727105 571243
393520 854947
25 1008491
-393474 1008500
-727070 854973
-949975 571283
-1028256 200627
-949996 -200573
-727107 -571245
-393521 -854950
-24 -1008495
393477 -1008504
727074 -854976
949979 -571284
1028260 -200626
949999 200576
727108 571249
393520 854954
21 1008499
-393481 1008507
-727078 854977
-949983 571283
-1028263 200624
-950001 -200578
-727109 -571252
-393519 -854958
-18 -1008503
393485 -1008510
727083 -854979
949989 -571284
1028266 -200615
950003 200588
727113 571254
393523 854960
22 1008505
-393482 1008513
-727081 854983
-949988 571289
-1028267 200621
-950006 -200583
-727117 -571251
-393527 -854959
-26 -1008506
393479 -1008516
727080 -854987
949988 -571293
1028268 -200625
950009 200579
727121 571248
393531 854958
29 1008507
-393477 1008518
-727079 854990
-949989 571297
-1028270 200628
-950011 -200577
-727124 -571246
-393535 -854957
-33 -1008508
393474 -1008521
727078 -854994
949990 -571301
1028273 -200632
950016 200574
727129 571246
393539 854959
36 1008511
-393473 1008525
-727078 854998
-949991 571305
-1028276 200636
-950014 -200579
-727128 -571251
-393545 -854957
-42 -1008512
393468 -1008529
727076 -855005
949992 -571313
1028279 -200643
950019 200574
727134 571249
393550 854958
45 1008515
-393467 1008533
-727077 855009
-949995 571316
-1028283 200644
-950023 -200574
-727138 -571249
-393554 -854959
-48 -1008517
393465 -1008535
727075 -855011
949994 -571319
1028284 -200648
950025 200571
727140 571248
393556 854959
50 1008518
-393464 1008538
-727076 855015
-949996 571322
-1028286 200650
-950027 -200569
-727142 -571246
-393558 -854957
-52 -1008516
393462 -1008536
727074 -855014
949994 -571323
1028285 -200652
950028 200567
727136 571251
393552 854962
55 1008514
-393458 1008535
-727070 855015
-949991 571325
-1028283 200655
-950026 -200563
-727135 -571247
-393553 -854958
-57 -1008511
393455 -1008533
727066 -855013
949987 -571324
1028280 -200656
950025 200560
727136 571243
393555 854955
60 1008509
-393451 1008532
-727062 855014
-949983 571327
-1028277 200660
-950024 -200556
-727137 -571239
-393558 -854951
-64 -1008506
393447 -1008531
727059 -855015
949982 -571329
1028277 -200662
950024 200554
727137 571237
393558 854949
64 1008504
-393447 1008529
-727058 855013
-949980 571328
-1028275 200663
-950023 -200552
-727137 -571235
-393550 -854951
-57 -1008505
393444 -1008525
727054 -855010
949976 -571327
1028271 -200663
950019 200551
727134 571232
393549 854947
58 1008501
-393442 1008522
-727052 855008
-949973 571325
-1028267 200662
-950016 -200550
-727132 -571230
-393547 -854945
-56 -1008499
393443 -1008519
727051 -855004
949971 -571321
1028265 -200659
950013 200552
727128 571231
393543 854944
53 1008496
-393444 1008515
-727050 855000
-949968 571318
-1028261 200657
-950009 -200553
-727125 -571230
-393542 -854941
-54 -1008492
393441 -1008511
727046 -854997
949964 -571316
1028257 -200656
950006 200552
727123 571228
393541 854939
46 1008492
-393450 1008512
-727048 854997
-949966 571316
-1028259 200656
-950008 -200552
-727125 -571228
-393543 -854939
-48 -1008492
393448 -1008512
727046 -854997
949964 -571316
1028257 -200656
950006 200552
727123 571228
393541 854939
46 1008492
-393450 1008512
-727048 854997
-949966 571316
-1028259 200656
-950008 -200552
-727125 -571228
-393543 -854939
-48 -1008492
393448 -1008512
727046 -854997
949964 -571316
1028257 -200656
950006 200552
727123 571228
393541 854939
46 1008492
-393457 1008510
-727056 854994
-949968 571314
-1028260 200653
-950007 -200556
-727122 -571232
-393538 -854943
-41 -1008495
393463 -1008511
727061 -854993
949971 -571311
1028261 -200649
950006 200560
727120 571235
393536 854944
39 1008495
-393465 1008511
-727063 854993
-949973 571311
-1028263 200649
-950008 -200561
-727121 -571238
-393535 -854948
-37 -1008498
393467 -1008512
727065 -854992
949974 -571308
1028262 -200645
950005 200564
727117 571239
393531 854947
34 1008495
-393468 1008508
-727064 854988
-949972 571305
-1028260 200643
-950003 -200566
-727115 -571240
-393529 -854947
-32 -1008495
393469 -1008507
727068 -854982
949977 -571300
1028262 -200643
950005 200566
727117 571241
393531 854949
33 1008497
-393470 1008509
-727070 854983
-949978 571299
-1028261 200641
-950002 -200568
-727113 -571242
-393527 -854949
-29 -1008497
393474 -1008509
727074 -854983
949982 -571298
1028265 -200638
950005 200573
727114 571248
393526 854955
26 1008502
-393478 1008512
-727078 854984
-949986 571298
-1028268 200637
-950007 -200575
-727115 -571251
-393525 -854959
-24 -1008506
393481 -1008515
727082 -854985
949989 -571297
1028270 -200635
950008 200578
727114 571255
393523 854962
22 1008507
-393483 1008515
-727084 854985
-949992 571290
-1028274 200628
-950012 -200578
-727118 -571256
-393526 -854965
-22 -1008512
393486 -1008521
727088 -854990
949996 -571293
1028278 -200629
950016 200579
727121 571258
393527 854967
22 1008514
-393486 1008523
-727089 854992
-949998 571295
-1028280 200631
-950018 -200578
-727123 -571259
-393529 -854970
-23 -1008518
393487 -1008527
727092 -854996
950003 -571298
1028286 -200631
950023 200581
727126 571264
393529 854976
20 1008524
-393492 1008532
-727098 854998
-950008 571297
-1028289 200629
-950025 -200583
-727127 -571266
-393529 -854978
-20 -1008526
393492 -1008534
727098 -855000
950009 -571299
1028288 -200622
950024 200591
727129 571266
393531 854979
21 1008528
-393492 1008536
-727098 855002
-950009 571301
-1028289 200624
-950026 -200589
-727131 -571265
-393533 -854979
-23 -1008529
393491 -1008538
727099 -855004
950011 -571302
1028291 -200624
950028 200589
727133 571265
393535 854979
25 1008529
-393489 1008539
-727098 855007
-950012 571306
-1028294 200628
-950032 -200586
-727137 -571264
-393538 -854980
-27 -1008531
393488 -1008541
727098 -855009
950012 -571308
1028294 -200630
950033 200584
727140 571262
393542 854979
30 1008532
-393486 1008543
-727096 855011
-950011 571311
-1028295 200634
-950029 -200588
-727136 -571266
-393545 -854975
-35 -1008529
393480 -1008543
727091 -855014
950008 -571315
1028293 -200638
950028 200584
727137 571262
393547 854972
37 1008527
-393478 1008541
-727089 855013
-950006 571316
-1028292 200640
-950029 -200582
-727139 -571260
-393550 -854970
-41 -1008526
393474 -1008542
727086 -855015
950005 -571318
1028292 -200642
950029 200580
727140 571258
393552 854969
43 1008527
-393473 1008544
-727086 855017
-950005 571320
-1028293 200644
-950031 -200578
-727142 -571256
-393554 -854967
-45 -1008525
393471 -1008543
727084 -855018
950004 -571323
1028293 -200648
950032 200574
727136 571260
393548 854972
47 1008523
-393468 1008541
-727080 855017
-950000 571323
-1028290 200649
-950031 -200572
-727137 -571258
-393550 -854970
-49 -1008522
393466 -1008541
727078 -855017
949998 -571324
1028289 -200652
950031 200568
727137 571254
393551 854966
52 1008518
-393462 1008538
-727074 855016
-949995 571325
-1028287 200654
-950030 -200566
-727138 -571252
-393553 -854965
-54 -1008518
393460 -1008539
727073 -855018
949995 -571327
1028287 -200656
950030 200564
727138 571250
393554 854963
56 1008517
-393458 1008539
-727071 855019
-949993 571329
-1028286 200658
-950030 -200562
-727139 -571248
-393547 -854965
-49 -1008518
393456 -1008535
727068 -855015
949989 -571326
1028282 -200657
950027 200561
727137 571245
393546 854961
50 1008514
-393453 1008532
-727064 855014
-949985 571327
-1028279 200660
-950026 -200556
-727139 -571239
-393551 -854956
-56 -1008511
393447 -1008531
727059 -855015
949982 -571329
1028277 -200662
950024 200554
727137 571237
393549 854953
55 1008507
-393446 1008527
-727056 855011
-949977 571326
-1028271 200661
-950019 -200553
-727134 -571234
-393548 -854949
-56 -1008503
393444 -1008523
727054 -855008
949975 -571325
1028269 -200662
950018 200550
727134 571230
393549 854945
50 1008501
-393450 1008522
-727051 855006
-949971 571323
-1028265 200661
-950014 -200550
-727131 -571229
-393547 -854943
-48 -1008499
393451 -1008520
727051 -855004
949971 -571321
1028265 -200659
950013 200552
727128 571231
393543 854944
44 1008498
-393455 1008517
-727054 854999
-949972 571315
-1028264 200653
-950010 -200557
-727124 -571234
-393539 -854945
-41 -1008497
393456 -1008515
727053 -854997
949969 -571313
1028259 -200651
950004 200558
727118 571233
393534 854942
38 1008492
-393457 1008508
-727052 854989
-949966 571306
-1028255 200646
-950000 -200561
-727114 -571234
-393531 -854941
-36 -1008490
393465 -1008504
727060 -854985
949967 -571303
1028254 -200642
949997 200565
727110 571237
393527 854942
33 1008489
-393467 1008502
-727061 854983
-949967 571301
-1028253 200640
-949995 -200567
-727108 -571239
-393524 -854944
-29 -1008490
393470 -1008501
727062 -854980
949966 -571297
1028251 -200637
949993 200568
727106 571239
393522 854944
27 1008490
-393472 1008501
-727064 854980
-949968 571297
-1028253 200636
-949994 -200571
-727105 -571243
-393520 -854947
-25 -1008491
393474 -1008500
727066 -854977
949969 -571293
1028252 -200632
949992 200574
727103 571244
393518 854947
23 1008491
-393476 1008500
-727072 854973
-949976 571289
-1028255 200631
-949993 -200577
-727102 -571248
-393515 -854950
-19 -1008492
393479 -1008499
727073 -854970
949975 -571285
1028253 -200628
949991 200578
727100 571248
393513 854950
17 1008492
-393481 1008499
-727075 854970
-949977 571285
-1028255 200627
-949992 -200581
-727099 -571252
-393511 -854954
-14 -1008496
393486 -1008502
727081 -854971
949983 -571284
1028260 -200624
949995 200585
727101 571256
393512 854958
13 1008500
-393489 1008506
-727085 854974
-949987 571285
-1028264 200623
-949999 -200588
-727103 -571261
-393511 -854964
-10 -1008505
393493 -1008509
727089 -854975
949991 -571277
1028268 -200615
950002 200589
727105 571263
393512 854966
10 1008507
-393493 1008511
-727090 854977
-949993 571279
-1028270 200616
-950004 -200589
-727107 -571264
-393513 -854969
-9 -1008511
393496 -1008514
727094 -854978
949997 -571278
1028273 -200613
950005 200594
727105 571270
393509 854974
5 1008514
-393500 1008516
-727098 854980
-950001 571279
-1028277 200613
-950009 -200594
-727109 -571270
-393512 -854975
-6 -1008517
393501 -1008520
727101 -854983
950005 -571281
1028281 -200614
950013 200595
727113 571273
393515 854980
7 1008523
-393502 1008526
-727104 854989
-950010 571286
-1028284 200609
-950016 -200601
-727119 -571272
-393521 -854981
-12 -1008526
393499 -1008530
727102 -854993
950009 -571290
1028285 -200613
950018 200598
727121 571271
393523 854981
14 1008527
-393498 1008533
-727103 854997
-950012 571294
-1028289 200616
-950022 -200597
-727124 -571272
-393524 -854983
-13 -1008529
393500 -1008534
727105 -854997
950014 -571294
1028291 -200616
950024 200597
727126 571272
393526 854984
15 1008531
-393498 1008537
-727104 855001
-950014 571298
-1028292 200620
-950027 -200593
-727131 -571269
-393532 -854983
-21 -1008532
393493 -1008540
727101 -855006
950014 -571304
1028295 -200625
950025 200598
727129 571275
393536 854982
24 1008533
-393492 1008542
-727102 855008
-950016 571306
-1028297 200627
-950028 -200596
-727133 -571273
-393540 -854981
-28 -1008534
393488 -1008545
727099 -855013
950015 -571312
1028298 -200633
950031 200591
727137 571270
393544 854979
32 1008533
-393485 1008546
-727097 855015
-950014 571314
-1028299 200635
-950033 -200589
-727140 -571268
-393548 -854978
-36 -1008533
393481 -1008547
727094 -855018
950013 -571319
1028300 -200641
950036 200584
727136 571272
393544 854983
40 1008532
-393477 1008547
-727090 855019
-950009 571321
-1028297 200644
-950035 -200579
-727137 -571266
-393547 -854978
-44 -1008529
393473 -1008546
727086 -855019
950006 -571322
1028295 -200646
950033 200577
727135 571264
393546 854975
45 1008525
-393471 1008543
-727084 855018
-950004 571323
-1028293 200648
-950032 -200574
-727136 -571260
-393548 -854972
-47 -1008523
393468 -1008541
727080 -855017
950000 -571323
1028290 -200649
950031 200572
727137 571258
393550 854970
49 1008522
-393466 1008541
-727078 855017
-949998 571324
-1028289 200652
-950031 -200568
-727137 -571254
-393542 -854971
-42 -1008523
393464 -1008538
727076 -855015
949996 -571322
1028286 -200650
950027 200569
727134 571253
393541 854968
43 1008519
-393461 1008534
-727072 855012
-949992 571321
-1028283 200651
-950026 -200567
-727134 -571251
-393541 -854966
-43 -1008517
393461 -1008532
727071 -855010
949990 -571319
1028280 -200649
950022 200568
727131 571250
393539 854964
42 1008515
-393460 1008530
-727069 855009
-949988 571320
-1028279 200652
-950022 -200564
-727131 -571246
-393540 -854960
-44 -1008511
393458 -1008527
727067 -855007
949986 -571318
1028277 -200650
950020 200566
727129 571248
393538 854961
34 1008512
-393468 1008527
-727068 855005
-949985 571316
-1028274 200648
-950016 -200567
-727125 -571247
-393535 -854959
-32 -1008510
393469 -1008524
727068 -855001
949984 -571312
1028272 -200645
950014 200568
727124 571246
393535 854957
33 1008508
-393467 1008523
-727066 855001
-949983 571313
-1028272 200647
-950014 -200566
-727124 -571244
-393535 -854955
-33 -1008506
393467 -1008521
727065 -854999
949980 -571311
1028268 -200645
950010 200568
727120 571246
393531 854956
30 1008505
-393468 1008518
-727064 854995
-949978 571307
-1028265 200642
-950006 -200569
-727116 -571245
-393528 -854953
-28 -1008501
393476 -1008512
727072 -854989
949979 -571303
1028265 -200638
950005 200573
727114 571248
393526 854955
26 1008502
-393478 1008512
-727074 854988
-949980 571301
-1028264 200636
-950003 -200574
-727112 -571248
-393524 -854954
-25 -1008500
393478 -1008510
727073 -854986
949978 -571299
1028262 -200634
950001 200576
727109 571250
393520 854956
21 1008501
-393481 1008509
-727075 854984
-949980 571297
-1028263 200632
-950001 -200578
-727109 -571252
-393519 -854958
-18 -1008503
393485 -1008510
727078 -854983
949981 -571294
1028263 -200628
950000 200582
727107 571255
393517 854959
17 1008502
-393485 1008508
-727082 854977
-949986 571289
-1028264 200627
-949999 -200584
-727104 -571257
-393513 -854960
-13 -1008502
393489 -1008508
727086 -854976
949989 -571286
1028266 -200623
950001 200588
727105 571261
393513 854964
12 1008506
-393491 1008511
-727088 854978
-949991 571288
-1028268 200625
-950003 -200587
-727107 -571262
-393514 -854967
-11 -1008510
393494 -1008515
727093 -854981
949997 -571289
1028274 -200624
950008 200590
727110 571266
393515 854971
10 1008514
-393497 1008518
-727097 854982
-950001 571288
-1028277 200621
-950009 -200594
-727109 -571270
-393512 -854975
-6 -1008517
393501 -1008520
727101 -854983
950005 -571281
1028281 -200614
950013 200595
727113 571273
393515 854980
7 1008523
-393502 1008526
-727104 854989
-950010 571286
-1028287 200617
-950019 -200594
-727118 -571274
-393519 -854982
-10 -1008526
393501 -1008530
727104 -854993
950011 -571290
1028290 -200620
950023 200593
727122 571275
393522 854985
11 1008530
-393502 1008534
-727107 854996
-950015 571291
-1028293 200619
-950024 -200596
-727121 -571279
-393519 -854989
-7 -1008534
393506 -1008537
727111 -854998
950019 -571292
1028297 -200619
950028 200596
727125 571280
393523 854991
10 1008536
-393505 1008540
-727112 855002
-950022 571296
-1028298 200614
-950029 -200602
-727129 -571279
-393526 -854992
-11 -1008539
393506 -1008544
727114 -855005
950024 -571298
1028301 -200616
950033 200601
727132 571280
393528 854995
13 1008543
-393504 1008548
-727114 855010
-950027 571303
-1028305 200619
-950037 -200600
-727136 -571280
-393532 -854995
-16 -1008544
393503 -1008550
727114 -855012
950027 -571305
1028306 -200621
950040 200598
727140 571279
393535 854996
18 1008546
-393502 1008553
-727115 855016
-950030 571309
-1028310 200624
-950044 -200597
-727144 -571280
-393538 -854999
-19 -1008551
393503 -1008559
727118 -855021
950034 -571312
1028314 -200625
950041 200605
727140 571287
393541 854997
23 1008549
-393499 1008558
-727114 855022
-950031 571315
-1028313 200630
-950043 -200599
-727145 -571282
-393547 -854995
-28 -1008551
393495 -1008562
727111 -855027
950030 -571321
1028314 -200636
950045 200594
727148 571278
393552 854991
35 1008548
-393488 1008562
-727106 855030
-950028 571326
-1028315 200642
-950049 -200588
-727154 -571274
-393557 -854991
-38 -1008551
393487 -1008566
727107 -855034
950030 -571330
1028318 -200645
950053 200587
727158 571274
393561 854991
42 1008551
-393483 1008567
-727103 855037
-950027 571334
-1028317 200650
-950054 -200581
-727153 -571275
-393558 -854992
-49 -1008546
393475 -1008565
727096 -855038
950022 -571338
1028314 -200656
950053 200575
727154 571269
393561 854987
53 1008543
-393471 1008563
-727092 855037
-950018 571338
-1028311 200657
-950052 -200572
-727155 -571265
-393563 -854983
-55 -1008540
393469 -1008562
727090 -855037
950017 -571339
1028311 -200659
950052 200570
727155 571263
393564 854981
58 1008538
-393465 1008561
-727086 855038
-950013 571341
-1028308 200662
-950051 -200566
-727156 -571259
-393566 -854978
-60 -1008536
393462 -1008559
727082 -855037
950009 -571342
1028305 -200665
950050 200561
727157 571253
393560 854977
55 1008536
-393458 1008556
-727078 855036
-950006 571343
-1028303 200667
-950048 -200559
-727155 -571251
-393559 -854974
-56 -1008532
393455 -1008552
727074 -855033
950002 -571342
1028299 -200668
950045 200556
727154 571247
393559 854970
57 1008528
-393453 1008549
-727071 855031
-949998 571341
-1028296 200669
-950044 -200554
-727155 -571245
-393561 -854969
-58 -1008529
393453 -1008551
727072 -855033
950000 -571342
1028297 -200668
950043 200556
727153 571246
393560 854968
59 1008527
-393451 1008549
-727069 855031
-949996 571341
-1028294 200669
-950042 -200554
-727153 -571244
-393560 -854966
-51 -1008526
393459 -1008547
727069 -855027
949995 -571337
1028291 -200666
950038 200555
727149 571243
393557 854963
49 1008522
-393460 1008543
-727068 855023
-949992 571333
-1028287 200662
-950033 -200558
-727143 -571244
-393551 -854962
-44 -1008519
393463 -1008538
727069 -855017
949991 -571327
1028284 -200657
950029 200561
727139 571246
393547 854963
40 1008518
-393466 1008535
-727070 855013
-949990 571323
-1028281 200653
-950024 -200564
-727133 -571246
-393542 -854960
-38 -1008513
393465 -1008529
727067 -855007
949986 -571318
1028277 -200650
950020 200566
727129 571248
393538 854961
34 1008512
-393475 1008525
-727076 855002
-949987 571314
-1028276 200646
-950018 -200569
-727127 -571249
-393536 -854961
-32 -1008512
393477 -1008525
727078 -855002
949988 -571313
1028275 -200644
950015 200571
727123 571250
393533 854960
31 1008509
-393476 1008521
-727076 854998
-949986 571310
-1028273 200642
-950013 -200572
-727121 -571250
-393531 -854960
-29 -1008509
393478 -1008520
727077 -854996
949986 -571308
1028273 -200640
950013 200574
727121 571252
393530 854962
26 1008511
-393482 1008521
-727081 854995
-949989 571305
-1028274 200636
-950012 -200578
-727118 -571256
-393526 -854965
-22 -1008512
393486 -1008521
727088 -854990
949996 -571300
1028277 -200635
950013 200581
727117 571260
393523 854969
18 1008515
-393490 1008522
-727092 854989
-949999 571297
-1028279 200631
-950015 -200585
-727118 -571264
-393522 -854973
-15 -1008519
393494 -1008525
727096 -854990
950003 -571296
1028282 -200628
950015 200590
727115 571270
393517 854978
9 1008522
-393500 1008526
-727102 854989
-950008 571293
-1028285 200623
-950016 -200596
-727114 -571276
-393514 -854984
-4 -1008527
393506 -1008529
727108 -854990
950014 -571285
1028290 -200614
950019 200599
727115 571280
393514 854988
3 1008531
-393509 1008532
-727112 854991
-950017 571284
-1028292 200611
-950021 -200603
-727116 -571284
-393513 -854992
-1 -1008534
393511 -1008534
727114 -854993
950020 -571286
1028296 -200613
950025 200602
727120 571285
393516 854994
2 1008537
-393512 1008538
-727116 854996
-950022 571288
-1028298 200614
-950027 -200602
-727122 -571286
-393518 -854997
-3 -1008541
393513 -1008542
727119 -855000
950027 -571291
1028304 -200615
950032 200604
727125 571290
393519 855001
3 1008545
-393514 1008546
-727122 855004
-950031 571294
-1028305 200608
-950033 -200611
-727129 -571289
-393522 -855002
-4 -1008548
393514 -1008550
727123 -855008
950034 -571298
1028310 -200612
950040 200608
727136 571289
393528 855005
9 1008553
-393512 1008557
-727124 855016
-950037 571305
-1028314 200617
-950044 -200605
-727141 -571287
-393534 -855004
-14 -1008554
393509 -1008560
727123 -855020
950038 -571309
1028317 -200621
950049 200602
727146 571287
393537 855007
15 1008558
-393509 1008564
-727124 855024
-950040 571313
-1028320 200624
-950053 -200601
-727150 -571287
-393540 -855008
-17 -1008561
393508 -1008568
727125 -855028
950043 -571316
1028324 -200625
950050 200609
727146 571295
393542 855008
19 1008561
-393506 1008568
-727123 855028
-950041 571317
-1028322 200628
-950049 -200605
-727147 -571291
-393545 -855005
-23 -1008560
393503 -1008569
727121 -855031
950040 -571321
1028323 -200632
950052 200601
727151 571288
393549 855003
27 1008559
-393499 1008570
-727118 855034
-950039 571326
-1028324 200638
-950055 -200596
-727156 -571284
-393555 -855001
-32 -1008560
393496 -1008573
727117 -855038
950040 -571330
1028327 -200641
950059 200595
727160 571285
393559 855003
36 1008563
-393493 1008577
-727116 855042
-950041 571334
-1028329 200645
-950061 -200591
-727154 -571288
-393553 -855006
-38 -1008559
393490 -1008574
727112 -855041
950037 -571334
1028326 -200646
950060 200589
727154 571286
393553 855004
39 1008557
-393488 1008572
-727110 855040
-950035 571335
-1028324 200648
-950059 -200586
-727155 -571282
-393556 -855000
-43 -1008554
393484 -1008571
727106 -855040
950031 -571336
1028321 -200651
950057 200582
727154 571278
393557 854996
46 1008550
-393479 1008568
-727100 855040
-950026 571339
-1028318 200656
-950057 -200575
-727157 -571270
-393562 -854989
-53 -1008545
393471 -1008565
727092 -855039
950019 -571340
1028313 -200659
950054 200571
727156 571266
393554 854990
45 1008547
-393471 1008563
-727092 855037
-950018 571338
-1028311 200657
-950052 -200572
-727155 -571265
-393554 -854988
-45 -1008545
393470 -1008561
727089 -855035
950014 -571337
1028307 -200658
950049 200569
727153 571261
393553 854983
47 1008539
-393465 1008556
-727083 855033
-950009 571338
-1028304 200661
-950047 -200565
-727152 -571257
-393554 -854979
-49 -1008535
393463 -1008553
727081 -855031
950007 -571337
1028302 -200661
950045 200565
727151 571256
393554 854977
50 1008533
-393461 1008551
-727079 855029
-950004 571335
-1028298 200660
-950042 -200564
-727149 -571254
-393553 -854975
-41 -1008533
393471 -1008551
727080 -855027
950004 -571333
1028297 -200658
950039 200566
727145 571255
393549 854974
38 1008530
-393472 1008547
-727079 855023
-950001 571329
-1028293 200655
-950035 -200567
-727141 -571254
-393546 -854971
-37 -1008525
393471 -1008541
727076 -855017
949996 -571324
1028287 -200652
950029 200568
727136 571253
393542 854969
34 1008523
-393472 1008538
-727076 855013
-949996 571320
-1028286 200648
-950027 -200571
-727133 -571255
-393538 -854970
-30 -1008522
393475 -1008535
727077 -855009
949995 -571316
1028283 -200644
950023 200574
727129 571256
393535 854969
29 1008519
-393482 1008530
-727085 855005
-949996 571314
-1028283 200642
-950022 -200576
-727127 -571258
-393532 -854971
-24 -1008521
393488 -1008531
727090 -855004
950000 -571311
1028286 -200638
950023 200581
727126 571264
393529 854976
20 1008524
-393492 1008532
-727094 855003
-950003 571308
-1028287 200633
-950022 -200587
-727123 -571269
-393525 -854979
-16 -1008525
393495 -1008531
727095 -855000
950002 -571304
1028284 -200630
950018 200588
727119 571268
393521 854977
13 1008522
-393496 1008527
-727094 854996
-950000 571301
-1028282 200628
-950015 -200590
-727115 -571270
-393517 -854978
-9 -1008522
393500 -1008526
727102 -854989
950008 -571293
1028285 -200623
950016 200596
727114 571276
393514 854984
4 1008527
-393506 1008529
-727108 854990
-950013 571292
-1028288 200620
-950017 -200600
-727113 -571280
-393512 -854987
-2 -1008528
393508 -1008528
727109 -854988
950013 -571290
1028288 -200618
950017 200602
727113 571282
393512 854989
2 1008530
-393508 1008530
-727110 854990
-950015 571291
-1028290 200618
-950019 -200603
-727114 -571284
-393511 -854991
1 -1008532
393513 -1008532
727115 -854990
950019 -571289
1028293 -200615
950020 200607
727114 571288
393510 854995
-3 1008536
-393515 1008535
-727118 854992
-950023 571283
-1028297 200608
-950023 -200608
-727115 -571290
-393510 -854997
4 -1008538
393518 -1008537
727122 -854993
950027 -571282
1028300 -200606
950025 200610
727116 571293
393509 855001
-6 1008541
-393520 1008538
-727124 854993
-950029 571282
-1028302 200605
-950026 -200613
-727116 -571297
-393508 -855005
9 -1008545
393524 -1008542
727128 -854996
950033 -571283
1028306 -200604
950030 200616
727118 571302
393507 855011
-12 1008550
-393529 1008545
-727134 854997
-950038 571282
-1028309 200602
-950031 -200618
-727118 -571304
-393507 -855013
12 -1008552
393529 -1008547
727134 -854999
950039 -571284
1028308 -200595
950031 200625
727122 571302
393511 855012
-9 1008553
-393528 1008549
-727135 855001
-950041 571286
-1028310 200597
-950033 -200624
-727124 -571303
-393512 -855014
9 -1008555
393528 -1008551
727135 -855003
950041 -571288
1028311 -200599
950035 200622
727126 571301
393514 855013
-7 1008556
-393527 1008554
-727136 855007
-950044 571291
-1028315 200600
-950039 -200623
-727130 -571304
-393518 -855017
4 -1008560
393526 -1008558
727137 -855011
950047 -571295
1028319 -200603
950043 200622
727133 571305
393519 855020
-5 1008564
-393528 1008562
-727140 855015
-950051 571298
-1028324 200605
-950042 -200629
-727131 -571312
-393523 -855019
1 -1008565
393525 -1008564
727138 -855017
950050 -571301
1028324 -200609
950043 200625
727134 571309
393527 855017
3 1008564
-393521 1008565
-727135 855020
-950048 571305
-1028323 200613
-950044 -200621
-727136 -571305
-393530 -855014
-7 -1008563
393517 -1008566
727132 -855023
950047 -571309
1028324 -200617
950047 200617
727141 571302
393536 855013
12 1008564
-393514 1008569
-727130 855027
-950046 571314
-1028325 200623
-950050 -200611
-727146 -571297
-393542 -855010
-18 -1008563
393509 -1008570
727127 -855030
950045 -571318
1028326 -200627
950052 200608
727140 571302
393536 855015
21 1008561
-393505 1008569
-727123 855030
-950042 571319
-1028324 200629
-950051 -200605
-727140 -571298
-393537 -855011
-23 -1008558
393502 -1008567
727119 -855029
950038 -571320
1028321 -200632
950050 200601
727141 571294
393539 855007
26 1008554
-393498 1008564
-727115 855028
-950034 571320
-1028318 200633
-950048 -200599
-727140 -571291
-393540 -855003
-28 -1008551
393495 -1008562
727111 -855027
950030 -571321
1028314 -200636
950045 200594
727139 571285
393541 854997
31 1008545
-393491 1008557
-727107 855024
-950026 571320
-1028310 200636
-950042 -200593
-727138 -571283
-393532 -855000
-22 -1008548
393490 -1008555
727104 -855022
950022 -571319
1028307 -200637
950040 200591
727136 571280
393532 854995
25 1008542
-393486 1008550
-727100 855019
-950018 571318
-1028303 200638
-950037 -200588
-727135 -571276
-393532 -854991
-26 -1008538
393483 -1008546
727096 -855016
950014 -571316
1028299 -200637
950033 200587
727132 571273
393531 854987
27 1008534
-393480 1008543
-727091 855014
-950008 571315
-1028293 200638
-950028 -200584
-727129 -571268
-393530 -854981
-28 -1008528
393477 -1008537
727086 -855009
950002 -571313
1028288 -200639
950025 200581
727128 571264
393531 854977
22 1008526
-393483 1008536
-727084 855007
-950000 571311
-1028286 200638
-950023 -200581
-727126 -571264
-393529 -854976
-20 -1008524
393485 -1008533
727085 -855003
949999 -571307
1028283 -200634
950019 200584
727122 571265
393526 854975
19 1008521
-393484 1008529
-727082 854999
-949994 571304
-1028277 200633
-950013 -200583
-727117 -571262
-393523 -854971
-18 -1008517
393483 -1008525
727080 -854996
949992 -571302
1028275 -200632
950011 200582
727115 571259
393522 854966
19 1008511
-393487 1008518
-727084 854990
-949990 571299
-1028273 200630
-950009 -200584
-727113 -571261
-393519 -854968
-15 -1008512
393491 -1008518
727088 -854990
949993 -571298
1028274 -200628
950009 200586
727113 571263
393519 854970
14 1008514
-393493 1008519
-727089 854989
-949993 571296
-1028274 200626
-950008 -200588
-727111 -571264
-393517 -854970
-12 -1008514
393495 -1008519
727091 -854989
949994 -571295
1028274 -200624
950008 200590
727110 571266
393515 854971
10 1008514
-393497 1008518
-727092 854986
-949994 571291
-1028273 200620
-950005 -200594
-727105 -571270
-393509 -854974
-5 -1008514
393500 -1008516
727098 -854980
950001 -571286
1028276 -200619
950007 200596
727107 571272
393510 854976
4 1008516
-393502 1008517
-727100 854979
-950002 571284
-1028276 200617
-950006 -200598
-727105 -571274
-393508 -854978
-2 -1008518
393505 -1008519
727104 -854980
950006 -571283
1028279 -200614
950007 200602
727104 571278
393505 854982
-2 1008521
-393509 1008520
-727108 854980
-950009 571282
-1028281 200612
-950009 -200605
-727105 -571282
-393504 -854986
5 -1008525
393513 -1008523
727112 -854981
950013 -571281
1028284 -200609
950010 200609
727104 571286
393502 854989
-7 1008526
-393515 1008523
-727113 854980
-950013 571273
-1028284 200603
-950010 -200607
-727105 -571284
-393504 -854988
6 -1008527
393515 -1008525
727114 -854982
950015 -571274
1028286 -200602
950011 200610
727104 571288
393502 854991
-8 1008528
-393517 1008524
-727115 854980
-950015 571272
-1028286 200600
-950011 -200612
-727104 -571290
-393501 -854993
10 -1008530
393519 -1008526
727118 -854982
950019 -571274
1028290 -200601
950015 200612
727107 571291
393502 854996
-11 1008534
-393522 1008530
-727122 854985
-950023 571275
-1028294 200601
-950019 -200613
-727110 -571294
-393504 -855000
9 -1008538
393521 -1008534
727123 -854989
950026 -571278
1028294 -200594
950018 200621
727112 571294
393506 855000
-8 1008539
-393521 1008536
-727123 854991
-950026 571280
-1028295 200596
-950020 -200619
-727115 -571292
-393510 -854999
4 -1008540
393518 -1008539
727122 -854995
950027 -571284
1028298 -200600
950025 200616
727120 571292
393513 855002
-3 1008544
-393519 1008543
-727125 854999
-950032 571288
-1028304 200602
-950030 -200617
-727124 -571294
-393516 -855005
2 -1008548
393520 -1008547
727128 -855003
950036 -571291
1028308 -200604
950034 200616
727128 571295
393520 855007
1 1008551
-393518 1008551
-727126 855007
-950035 571295
-1028309 200608
-950031 -200620
-727126 -571299
-393524 -855004
-5 -1008550
393515 -1008552
727125 -855009
950035 -571297
1028309 -200610
950031 200618
727126 571297
393524 855002
6 1008548
-393512 1008550
-727121 855008
-950032 571298
-1028308 200612
-950032 -200616
-727129 -571295
-393528 -855001
-9 -1008549
393511 -1008553
727122 -855012
950034 -571302
1028310 -200616
950034 200612
727131 571292
393531 854999
14 1008547
-393505 1008552
-727116 855013
-950029 571305
-1028307 200620
-950033 -200608
-727132 -571288
-393533 -854996
-16 -1008546
393503 -1008552
727114 -855014
950028 -571307
1028308 -200622
950035 200606
727126 571293
393527 855001
18 1008544
-393501 1008551
-727112 855014
-950026 571308
-1028306 200625
-950034 -200602
-727127 -571289
-393530 -854997
-23 -1008541
393495 -1008550
727107 -855015
950022 -571310
1028303 -200628
950033 200598
727128 571285
393533 854993
27 1008538
-393491 1008549
-727103 855016
-950019 571313
-1028302 200632
-950034 -200594
-727130 -571281
-393535 -854990
-29 -1008536
393489 -1008547
727101 -855014
950017 -571312
1028300 -200632
950032 200593
727129 571279
393535 854988
30 1008534
-393486 1008545
-727097 855013
-950013 571312
-1028296 200633
-950029 -200590
-727128 -571274
-393528 -854986
-25 -1008532
393482 -1008540
727092 -855010
950007 -571311
1028291 -200634
950025 200588
727124 571272
393524 854983
22 1008527
-393482 1008534
-727089 855004
-950002 571306
-1028285 200632
-950020 -200586
-727121 -571267
-393523 -854977
-23 -1008521
393479 -1008528
727084 -854999
949996 -571303
1028279 -200631
950015 200585
727118 571264
393522 854973
24 1008517
-393477 1008525
-727082 854997
-949994 571302
-1028277 200631
-950013 -200585
-727116 -571264
-393521 -854972
-24 -1008515
393476 -1008523
727080 -854996
949992 -571302
1028275 -200632
950011 200582
727115 571259
393522 854966
19 1008511
-393480 1008520
-727076 854993
-949988 571301
-1028271 200632
-950007 -200582
-727112 -571258
-393520 -854964
-17 -1008509
393482 -1008517
727076 -854988
949985 -571295
1028266 -200627
950001 200584
727106 571257
393515 854961
14 1008504
-393482 1008511
-727074 854983
-949982 571292
-1028262 200626
-949997 -200584
-727102 -571257
-393511 -854960
-11 -1008501
393484 -1008507
727075 -854978
949981 -571286
1028259 -200620
949993 200589
727098 571260
393507 854961
8 1008500
-393485 1008504
-727074 854974
-949979 571282
-1028257 200617
-949990 -200591
-727094 -571261
-393504 -854960
-6 -1008498
393493 -1008500
727082 -854970
949980 -571280
1028256 -200615
949988 200592
727092 571261
393502 854960
4 1008498
-393495 1008500
-727084 854970
-949982 571279
-1028258 200612
-949989 -200597
-727091 -571267
-393499 -854966
1 -1008503
393501 -1008503
727089 -854970
949985 -571277
1028259 -200610
949989 200599
727090 571269
393497 854967
-2 1008502
-393501 1008501
-727089 854968
-949985 571275
-1028259 200608
-949988 -200601
-727088 -571270
-393495 -854967
4 -1008502
393503 -1008500
727091 -854966
949986 -571272
1028258 -200604
949986 200604
727086 571272
393493 854968
-6 1008502
-393505 1008500
-727096 854961
-949991 571267
-1028260 200603
-949987 -200607
-727085 -571276
-393490 -854972
11 -1008505
393511 -1008501
727102 -854960
949996 -571264
1028263 -200599
949988 200611
727084 571280
393487 854976
-15 1008508
-393515 1008502
-727105 854959
-949998 571262
-1028264 200596
-949987 -200615
-727082 -571283
-393485 -854977
17 -1008508
393517 -1008502
727107 -854959
950000 -571261
1028266 -200594
949989 200617
727083 571286
393484 854981
-20 1008511
-393521 1008503
-727111 854958
-950003 571259
-1028267 200592
-949989 -200619
-727083 -571288
-393484 -854983
20 -1008513
393521 -1008505
727111 -854960
950004 -571254
1028270 -200587
949993 200618
727086 571289
393485 854986
-21 1008517
-393524 1008509
-727116 854963
-950010 571255
-1028275 200586
-949996 -200621
-727088 -571293
-393486 -854990
22 -1008521
393526 -1008512
727118 -854965
950012 -571256
1028277 -200585
949998 200623
727089 571295
393486 854992
-22 1008523
-393527 1008514
-727121 854967
-950016 571258
-1028281 200587
-950002 -200622
-727093 -571296
-393489 -854995
21 -1008528
393528 -1008520
727123 -854972
950019 -571261
1028285 -200588
950005 200623
727094 571299
393488 854999
-24 1008531
-393532 1008521
-727127 854971
-950022 571258
-1028283 200576
-950002 -200634
-727094 -571301
-393488 -855001
24 -1008533
393532 -1008523
727127 -854973
950022 -571260
1028284 -200578
950004 200632
727096 571299
393490 854999
-22 1008532
-393531 1008524
-727128 854975
-950025 571262
-1028288 200579
-950008 -200633
-727099 -571302
-393491 -855004
23 -1008538
393533 -1008529
727131 -854979
950029 -571265
1028292 -200580
950011 200634
727101 571304
393493 855006
-21 1008540
-393532 1008532
-727131 854983
-950030 571269
-1028295 200584
-950016 -200631
-727107 -571303
-393498 -855007
18 -1008543
393531 -1008536
727132 -854987
950033 -571273
1028299 -200587
950014 200637
727105 571309
393502 855006
-15 1008544
-393530 1008539
-727133 854991
-950035 571276
-1028301 200588
-950016 -200638
-727106 -571311
-393502 -855008
15 -1008546
393530 -1008541
727133 -854993
950035 -571278
1028301 -200590
950016 200636
727107 571309
393504 855006
-13 1008544
-393528 1008539
-727131 854991
-950033 571277
-1028300 200591
-950016 -200634
-727107 -571307
-393505 -855004
10 -1008542
393524 -1008538
727127 -854992
950030 -571280
1028298 -200595
950016 200629
727102 571308
393501 855006
-6 1008539
-393519 1008536
-727121 854991
-950025 571281
-1028295 200598
-950014 -200625
-727101 -571304
-393502 -855002
3 -1008536
393515 -1008535
727118 -854992
950023 -571283
1028294 -200600
950015 200623
727103 571302
393504 855000
-1 1008534
-393513 1008534
-727116 854992
-950021 571284
-1028292 200603
-950014 -200618
-727104 -571296
-393507 -854994
-4 -1008529
393507 -1008531
727110 -854992
950016 -571287
1028290 -200608
950015 200612
727107 571291
393512 854991
10 1008528
-393501 1008532
-727105 854995
-950013 571292
-1028289 200614
-950016 -200606
-727110 -571285
-393508 -854990
-6 -1008528
393497 -1008529
727101 -854994
950009 -571292
1028285 -200615
950013 200604
727109 571283
393508 854988
7 1008526
-393494 1008527
-727096 854992
-950003 571291
-1028280 200616
-950009 -200601
-727106 -571278
-393507 -854982
-8 -1008520
393492 -1008522
727094 -854989
950001 -571290
1028278 -200616
950008 200600
727106 571276
393507 854980
8 1008518
-393491 1008520
-727092 854987
-949999 571288
-1028276 200615
-950006 -200600
-727104 -571276
-393505 -854980
-6 -1008518
393493 -1008519
727093 -854985
949999 -571286
1028275 -200613
950003 200602
727100 571277
393502 854979
-4 1008517
-393503 1008517
-727094 854980
-949997 571280
-1028270 200608
-949997 -200604
-727095 -571276
-393499 -854976
4 -1008512
393500 -1008512
727090 -854977
949993 -571279
1028266 -200608
949993 200604
727091 571275
393495 854973
-8 1008508
-393503 1008507
-727091 854971
-949992 571273
-1028264 200603
-949991 -200607
-727089 -571277
-393493 -854975
10 -1008509
393504 -1008506
727090 -854969
949990 -571271
1028261 -200601
949987 200609
727085 571278
393489 854974
-13 1008506
-393506 1008502
-727091 854964
-949989 571265
-1028258 200595
-949982 -200614
-727078 -571281
-393481 -854975
20 -1008505
393517 -1008497
727101 -854958
949992 -571261
1028259 -200591
949981 200618
727076 571284
393479 854976
-22 1008505
-393519 1008497
-727102 854957
-949991 571259
-1028257 200589
-949979 -200619
-727074 -571284
-393477 -854976
24 -1008504
393521 -1008495
727104 -854955
949993 -571256
1028258 -200585
949978 200623
727071 571287
393473 854977
-28 1008503
-393524 1008492
-727105 854951
-949992 571252
-1028255 200581
-949974 -200627
-727067 -571291
-393469 -854980
32 -1008505
393528 -1008493
727109 -854950
949995 -571249
1028257 -200577
949975 200631
727066 571295
393466 854984
-36 1008508
-393532 1008494
-727116 854945
-950002 571244
-1028260 200576
-949976 -200633
-727066 -571297
-393466 -854986
37 -1008510
393535 -1008496
727120 -854946
950006 -571243
1028264 -200574
949980 200636
727069 571301
393467 854990
-38 1008514
-393537 1008499
-727122 854947
-950008 571243
-1028265 200573
-949979 -200638
-727066 -571303
-393463 -854991
41 -1008513
393539 -1008497
727124 -854945
950009 -571241
1028265 -200571
949979 200640
727066 571305
393463 854993
-42 1008515
-393541 1008499
-727126 854947
-950011 571242
-1028267 200571
-949980 -200641
-727066 -571307
-393462 -854995
44 -1008517
393543 -1008500
727128 -854946
950013 -571233
1028269 -200562
949982 200643
727067 571309
393462 854997
-44 1008519
-393543 1008502
-727128 854948
-950014 571235
-1028271 200564
-949984 -200641
-727069 -571308
-393464 -854998
43 -1008521
393544 -1008504
727131 -854950
950018 -571236
1028275 -200563
949988 200644
727072 571313
393464 855004
-46 1008527
-393549 1008509
-727137 854953
-950024 571237
-1028280 200562
-949991 -200647
-727073 -571317
-393464 -855008
47 -1008531
393551 -1008513
727139 -854956
950026 -571239
1028282 -200563
949993 200647
727075 571317
393465 855009
-47 1008533
-393552 1008515
-727142 854958
-950030 571240
-1028283 200555
-949994 -200655
-727079 -571318
-393469 -855011
44 -1008535
393550 -1008517
727140 -854960
950028 -571242
1028281 -200557
949992 200653
727077 571316
393467 855009
-45 1008533
-393550 1008515
-727140 854958
-950028 571240
-1028281 200555
-949992 -200655
-727077 -571318
-393467 -855011
46 -1008535
393552 -1008517
727142 -854960
950030 -571242
1028283 -200557
949994 200653
727079 571316
393469 855009
-43 1008533
-393548 1008516
-727139 854961
-950029 571244
-1028284 200559
-949997 -200651
-727083 -571315
-393473 -855010
40 -1008536
393547 -1008520
727139 -854965
950030 -571248
1028286 -200562
949993 200658
727079 571322
393475 855009
-38 1008537
-393546 1008523
-727140 854969
-950032 571252
-1028289 200566
-949997 -200654
-727084 -571319
-393481 -855008
33 -1008538
393542 -1008525
727137 -854971
950031 -571254
1028289 -200568
949998 200652
727086 571318
393483 855008
-31 1008538
-393541 1008526
-727137 854973
-950031 571256
-1028290 200570
-950000 -200651
-727088 -571318
-393485 -855008
29 -1008539
393539 -1008528
727136 -854976
950032 -571260
1028293 -200574
950004 200648
727092 571317
393488 855009
-27 1008541
-393538 1008531
-727137 854980
-950035 571264
-1028297 200577
-950008 -200646
-727088 -571322
-393484 -855014
23 -1008540
393534 -1008531
727133 -854981
950031 -571267
1028294 -200582
950008 200640
727090 571317
393487 855011
-19 1008538
-393530 1008530
-727129 854981
-950028 571268
-1028293 200584
-950008 -200638
-727091 -571315
-393489 -855009
17 -1008537
393528 -1008531
727128 -854984
950029 -571272
1028295 -200588
950011 200634
727096 571311
393495 855006
-11 1008536
-393522 1008532
-727123 854987
-950025 571276
-1028292 200592
-950010 -200630
-727096 -571307
-393496 -855002
8 -1008532
393518 -1008528
727118 -854984
950020 -571276
1028289 -200595
950008 200626
727095 571303
393488 855003
-16 1008534
-393517 1008526
-727116 854982
-950017 571274
-1028285 200594
-950005 -200625
-727094 -571301
-393488 -855001
16 -1008532
393517 -1008524
727115 -854980
950015 -571272
1028282 -200592
950001 200626
727090 571300
393485 854998
-16 1008527
-393514 1008519
-727111 854977
-950011 571271
-1028279 200593
-949999 -200624
-727089 -571297
-393486 -854994
14 -1008524
393512 -1008517
727109 -854975
950009 -571270
1028277 -200594
949998 200621
727090 571293
393488 854990
-11 1008520
-393507 1008514
-727103 854974
-950003 571271
-1028272 200597
-949995 -200616
-727089 -571287
-393489 -854984
17 -1008516
393513 -1008511
727100 -854971
949999 -571269
1028268 -200596
949991 200616
727085 571286
393486 854982
-18 1008514
-393513 1008509
-727100 854969
-949999 571267
-1028268 200594
-949991 -200618
-727085 -571288
-393485 -854984
20 -1008515
393514 -1008508
727099 -854967
949997 -571266
1028266 -200594
949989 200617
727083 571286
393484 854981
-20 1008511
-393514 1008504
-727099 854963
-949996 571262
-1028263 200590
-949984 -200621
-727077 -571289
-393478 -854982
25 -1008510
393517 -1008502
727100 -854960
949995 -571258
1028260 -200587
949980 200622
727073 571288
393475 854979
-26 1008506
-393523 1008496
-727106 854955
-949995 571256
-1028260 200585
-949980 -200624
-727073 -571290
-393475 -854981
27 -1008508
393525 -1008498
727108 -854956
949996 -571255
1028260 -200583
949980 200626
727072 571292
393472 854983
-31 1008509
-393529 1008497
-727111 854953
-949997 571251
-1028259 200579
-949977 -200629
-727068 -571293
-393469 -854982
32 -1008507
393529 -1008495
727111 -854951
949997 -571249
1028259 -200577
949977 200631
727068 571295
393468 854984
-34 1008508
-393531 1008495
-727113 854951
-949999 571249
-1028260 200576
-949976 -200633
-727066 -571297
-393466 -854986
37 -1008510
393535 -1008496
727120 -854946
950006 -571243
1028264 -200574
949980 200636
727069 571301
393467 854990
-38 1008514
-393537 1008499
-727122 854947
-950008 571243
-1028265 200573
-949979 -200638
-727066 -571303
-393463 -854991
41 -1008513
393539 -1008497
727124 -854945
950009 -571241
1028265 -200571
949979 200640
727066 571305
393463 854993
-42 1008515
-393541 1008499
-727126 854947
-950011 571242
-1028267 200571
-949980 -200641
-727066 -571307
-393462 -854995
44 -1008517
393543 -1008500
727128 -854946
950013 -571240
1028268 -200568
949980 200645
727065 571311
393460 854999
-46 1008520
-393545 1008502
-727130 854948
-950016 571235
-1028273 200563
-949986 -200644
-727070 -571312
-393463 -855002
46 -1008525
393548 -1008507
727135 -854951
950022 -571236
1028278 -200562
949989 200646
727072 571315
393464 855006
-46 1008529
-393549 1008511
-727137 854955
-950024 571239
-1028281 200564
-949993 -200645
-727076 -571315
-393468 -855007
43 -1008531
393548 -1008514
727138 -854959
950027 -571243
1028285 -200567
949997 200644
727079 571316
393469 855009
-43 1008533
-393548 1008516
-727139 854961
-950029 571244
-1028284 200559
-949997 -200651
-727083 -571315
-393473 -855010
40 -1008536
393547 -1008520
727139 -854965
950030 -571248
1028286 -200562
949999 200650
727085 571315
393474 855011
-40 1008538
-393547 1008522
-727140 854967
-950032 571250
-1028289 200564
-950003 -200649
-727089 -571316
-393478 -855013
37 -1008541
393547 -1008527
727143 -854972
950036 -571253
1028293 -200565
950007 200649
727092 571317
393479 855016
-38 1008545
-393549 1008530
-727145 854974
-950039 571255
-1028297 200566
-950010 -200650
-727094 -571319
-393481 -855018
36 -1008547
393548 -1008533
727146 -854978
950041 -571259
1028299 -200570
950007 200654
727093 571323
393487 855015
-31 1008547
-393544 1008535
-727143 854981
-950040 571263
-1028300 200574
-950009 -200651
-727095 -571321
-393489 -855014
29 -1008547
393542 -1008536
727141 -854983
950039 -571265
1028301 -200576
950012 200649
727099 571320
393493 855014
-25 1008548
-393539 1008539
-727140 854987
-950039 571269
-1028301 200580
-950012 -200645
-727100 -571316
-393496 -855011
21 -1008546
393535 -1008537
727136 -854986
950036 -571270
1028300 -200582
950013 200643
727102 571315
393498 855011
-19 1008547
-393534 1008540
-727137 854990
-950039 571274
-1028305 200586
-950019 -200640
-727100 -571320
-393495 -855017
15 -1008548
393530 -1008543
727134 -854995
950038 -571280
1028306 -200592
950022 200635
727104 571317
393499 855016
-11 1008548
-393526 1008543
-727130 854996
-950035 571283
-1028304 200596
-950021 -200630
-727105 -571311
-393502 -855010
7 -1008543
393522 -1008540
727126 -854995
950031 -571284
1028301 -200599
950020 200626
727106 571307
393505 855006
-2 1008540
-393516 1008539
-727120 854996
-950026 571287
-1028298 200604
-950019 -200620
-727107 -571301
-393508 -855001
-2 -1008537
393512 -1008538
727116 -854996
950022 -571288
1028295 -200606
950018 200617
727108 571297
393501 855002
-5 1008538
-393509 1008534
-727112 854993
-950018 571286
-1028291 200605
-950014 -200616
-727105 -571294
-393500 -854997
4 -1008532
393506 -1008529
727108 -854990
950014 -571285
1028287 -200606
950011 200614
727103 571292
393499 854995
-4 1008530
-393506 1008527
-727107 854988
-950012 571284
-1028285 200606
-950009 -200613
-727102 -571290
-393499 -854993
3 -1008528
393504 -1008525
727105 -854986
950009 -571282
1028281 -200605
950005 200612
727098 571287
393496 854988
-4 1008522
-393503 1008519
-727102 854981
-950005 571279
-1028277 200604
-950001 -200612
-727095 -571286
-393495 -854986
12 -1008521
393511 -1008518
727102 -854979
950005 -571277
1028277 -200602
950001 200614
727094 571288
393493 854987
-14 1008521
-393512 1008517
-727101 854977
-950002 571275
-1028273 200601
-949997 -200613
-727091 -571285
-393491 -854983
15 -1008516
393511 -1008511
727098 -854971
949997 -571270
1028266 -200598
949990 200613
727086 571282
393489 854978
-14 1008510
-393508 1008506
-727094 854968
-949993 571269
-1028263 200599
-949988 -200611
-727084 -571280
-393487 -854976
15 -1008508
393508 -1008504
727093 -854966
949991 -571267
1028260 -200597
949984 200612
727081 571279
393486 854973
-14 1008504
-393512 1008498
-727097 854960
-949988 571263
-1028256 200594
-949980 -200613
-727077 -571278
-393482 -854971
18 -1008501
393515 -1008494
727098 -854956
949987 -571259
1028253 -200590
949975 200617
727071 571281
393477 854971
-21 1008499
-393516 1008491
-727097 854952
-949985 571256
-1028251 200589
-949974 -200616
-727071 -571279
-393477 -854969
21 -1008497
393516 -1008489
727097 -854950
949985 -571254
1028251 -200587
949973 200618
727069 571281
393475 854971
-23 1008498
-393518 1008489
-727099 854950
-949986 571253
-1028250 200585
-949971 -200620
-727067 -571282
-393473 -854971
25 -1008498
393520 -1008489
727105 -854945
949993 -571248
1028254 -200584
949974 200623
727067 571287
393470 854976
-29 1008501
-393524 1008490
-727108 854944
-949995 571246
-1028255 200581
-949974 -200627
-727067 -571291
-393469 -854980
32 -1008505
393528 -1008493
727112 -854945
949998 -571245
1028257 -200579
949975 200629
727066 571293
393467 854982
-34 1008506
-393530 1008493
-727114 854945
-950000 571245
-1028259 200579
-949977 -200629
-727068 -571293
-393469 -854982
32 -1008507
393529 -1008495
727115 -854947
950002 -571246
1028261 -200578
949978 200632
727068 571297
393468 854986
-35 1008510
-393533 1008496
-727118 854946
-950004 571237
-1028263 200570
-949980 -200632
-727070 -571297
-393469 -854987
35 -1008512
393533 -1008498
727119 -854948
950007 -571239
1028267 -200571
949984 200633
727073 571300
393471 854991
-34 1008517
-393534 1008504
-727122 854954
-950012 571244
-1028273 200574
-949990 -200632
-727078 -571301
-393474 -854994
33 -1008521
393535 -1008508
727124 -854957
950014 -571246
1028275 -200575
949992 200632
727080 571302
393476 854996
-32 1008523
-393535 1008510
-727125 854959
-950016 571247
-1028277 200575
-949994 -200633
-727082 -571304
-393477 -854999
32 -1008527
393536 -1008514
727127 -854963
950019 -571251
1028278 -200570
949995 200639
727086 571303
393481 854999
-29 1008528
-393535 1008517
-727128 854967
-950021 571254
-1028281 200572
-949999 -200637
-727090 -571302
-393484 -855000
28 -1008531
393536 -1008521
727131 -854971
950026 -571258
1028287 -200575
950005 200637
727095 571305
393487 855005
-27 1008537
-393537 1008527
-727134 854976
-950030 571261
-1028291 200576
-950009 -200637
-727098 -571306
-393489 -855007
25 -1008539
393535 -1008529
727133 -854979
950031 -571265
1028294 -200580
950013 200634
727103 571304
393495 855006
-19 1008540
-393530 1008532
-727129 854983
-950028 571270
-1028293 200586
-950008 -200636
-727100 -571306
-393500 -855001
13 -1008538
393524 -1008533
727125 -854987
950027 -571276
1028294 -200592
950012 200630
727106 571301
393506 854998
-7 1008537
-393519 1008534
-727121 854989
-950024 571279
-1028293 200596
-950012 -200626
-727107 -571297
-393508 -854995
5 -1008535
393517 -1008533
727119 -854990
950023 -571281
1028293 -200598
950013 200624
727110 571295
393512 854994
-1 1008536
-393514 1008536
-727118 854994
-950023 571285
-1028294 200602
-950015 -200621
-727112 -571294
-393514 -854994
-1 -1008536
393512 -1008536
727116 -854994
950022 -571286
1028294 -200604
950016 200619
727106 571299
393508 854999
3 1008535
-393510 1008536
-727114 854995
-950020 571288
-1028293 200607
-950016 -200615
-727106 -571295
-393509 -854995
-5 -1008531
393507 -1008533
727110 -854994
950017 -571289
1028292 -200609
950017 200613
727109 571293
393513 854994
9 1008532
-393504 1008536
-727109 854998
-950017 571293
-1028292 200613
-950017 -200609
-727110 -571289
-393516 -854990
-13 -1008529
393500 -1008534
727105 -854997
950014 -571294
1028291 -200616
950018 200605
727112 571286
393518 854988
16 1008527
-393496 1008533
-727102 854998
-950012 571296
-1028290 200618
-950019 -200603
-727114 -571284
-393511 -854991
-8 -1008530
393495 -1008531
727099 -854996
950008 -571295
1028286 -200619
950015 200600
727111 571279
393510 854985
9 1008524
-393492 1008526
-727095 854993
-950004 571293
-1028282 200618
-950012 -200599
-727110 -571277
-393511 -854983
-11 -1008523
393490 -1008526
727093 -854993
950002 -571294
1028280 -200620
950010 200597
727109 571274
393511 854979
12 1008519
-393488 1008522
-727090 854990
-949998 571293
-1028277 200621
-950009 -200594
-727109 -571270
-393512 -854975
-15 -1008515
393483 -1008519
727084 -854989
949992 -571294
1028272 -200624
950006 200590
727108 571266
393513 854971
9 1008513
-393490 1008518
-727084 854987
-949992 571292
-1028271 200622
-950004 -200591
-727106 -571266
-393511 -854970
-7 -1008511
393491 -1008516
727084 -854985
949992 -571290
1028271 -200620
950003 200593
727104 571267
393509 854970
6 1008510
-393491 1008514
-727083 854983
-949989 571288
-1028267 200619
-950000 -200592
-727103 -571265
-393510 -854968
-8 -1008509
393489 -1008514
727081 -854983
949988 -571289
1028267 -200621
950000 200590
727103 571263
393510 854966
8 1008507
-393495 1008510
-727087 854979
-949987 571287
-1028265 200619
-949998 -200592
-727101 -571265
-393508 -854968
-6 -1008508
393497 -1008510
727089 -854979
949989 -571286
1028266 -200617
949997 200594
727099 571266
393506 854967
4 1008506
-393499 1008508
-727090 854976
-949988 571282
-1028264 200613
-949995 -200598
-727096 -571270
-393502 -854970
0 -1008507
393502 -1008507
727092 -854974
949990 -571280
1028265 -200611
949994 200600
727094 571271
393500 854970
-2 1008507
-393504 1008506
-727094 854972
-949991 571277
-1028264 200607
-949992 -200603
-727091 -571273
-393496 -854971
5 -1008506
393505 -1008504
727097 -854965
949994 -571271
1028264 -200607
949992 200603
727091 571273
393496 854971
-5 1008506
-393505 1008504
-727097 854965
-949994 571271
-1028264 200607
-949992 -200603
-727091 -571273
-393496 -854971
5 -1008506
393505 -1008504
727097 -854965
949994 -571271
1028264 -200607
949992 200603
727091 571273
393496 854971
-5 1008506
-393505 1008504
-727097 854965
-949994 571271
-1028264 200607
-949992 -200603
-727091 -571273
-393496 -854971
5 -1008506
393505 -1008504
727097 -854965
949994 -571271
1028264 -200607
949992 200603
727091 571273
393496 854971
-5 1008506
-393505 1008504
-727097 854965
-949994 571264
-1028265 200601
-949994 -200602
-727093 -571273
-393497 -854972
6 -1008508
393508 -1008506
727101 -854966
949998 -571263
1028268 -200598
949995 200606
727093 571277
393497 854976
-6 1008512
-393509 1008510
-727104 854970
-950003 571267
-1028274 200601
-950001 -200605
-727098 -571279
-393500 -854980
5 -1008516
393509 -1008514
727105 -854974
950005 -571270
1028276 -200602
950003 200606
727099 571281
393499 854982
-8 1008518
-393513 1008515
-727108 854973
-950007 571268
-1028278 200600
-950004 -200608
-727099 -571283
-393499 -854984
8 -1008520
393514 -1008517
727111 -854975
950011 -571269
1028278 -200591
950003 200617
727101 571283
393501 854985
-6 1008522
-393512 1008519
-727109 854977
-950009 571272
-1028278 200596
-950006 -200612
-727105 -571280
-393505 -854984
3 -1008523
393511 -1008522
727110 -854981
950012 -571275
1028282 -200597
950010 200613
727109 571283
393508 854988
-2 1008528
-393512 1008528
-727113 854987
-950017 571280
-1028288 200600
-950016 -200612
-727114 -571284
-393511 -854991
1 -1008532
393513 -1008532
727115 -854990
950019 -571282
1028290 -200601
950018 200612
727116 571284
393513 854992
1 1008534
-393511 1008534
-727114 854993
-950020 571286
-1028293 200605
-950016 -200617
-727114 -571290
-393517 -854990
-5 -1008533
393508 -1008535
727112 -854995
950018 -571288
1028291 -200607
950015 200614
727115 571286
393520 854987
9 1008532
-393504 1008536
-727109 854998
-950017 571293
-1028292 200613
-950017 -200609
-727118 -571283
-393524 -854985
-13 -1008531
393500 -1008536
727106 -854999
950016 -571295
1028293 -200615
950020 200607
727122 571281
393528 854984
17 1008531
-393496 1008537
-727102 855002
-950013 571300
-1028292 200622
-950021 -200599
-727125 -571274
-393533 -854979
-23 -1008529
393491 -1008538
727099 -855004
950011 -571302
1028291 -200624
950022 200597
727119 571279
393526 854984
23 1008527
-393490 1008536
-727097 855003
-950010 571303
-1028291 200626
-950022 -200595
-727119 -571277
-393527 -854982
-26 -1008525
393486 -1008535
727093 -855004
950006 -571305
1028288 -200629
950021 200591
727120 571273
393530 854978
30 1008522
-393482 1008534
-727089 855004
-950002 571306
-1028285 200632
-950020 -200586
-727121 -571267
-393532 -854973
-33 -1008518
393478 -1008531
727085 -855003
949999 -571307
1028283 -200634
950019 200584
727122 571265
393535 854971
37 1008517
-393474 1008531
-727082 855004
-949997 571309
-1028281 200636
-950017 -200582
-727121 -571262
-393527 -854971
-30 -1008516
393471 -1008526
727077 -855001
949992 -571309
1028278 -200639
950016 200577
727122 571256
393529 854966
32 1008513
-393469 1008524
-727075 854999
-949989 571307
-1028274 200638
-950013 -200576
-727120 -571254
-393528 -854963
-33 -1008509
393466 -1008521
727071 -854998
949986 -571308
1028273 -200640
950013 200574
727121 571252
393530 854962
35 1008509
-393464 1008521
-727069 854998
-949984 571308
-1028271 200641
-950011 -200572
-727119 -571250
-393529 -854959
-36 -1008505
393462 -1008517
727066 -854995
949980 -571307
1028267 -200641
950008 200571
727118 571247
393530 854955
30 1008503
-393468 1008516
-727064 854993
-949977 571305
-1028263 200640
-950004 -200570
-727115 -571244
-393529 -854951
-31 -1008499
393466 -1008513
727062 -854991
949975 -571304
1028261 -200641
950002 200568
727113 571242
393527 854949
29 1008497
-393467 1008510
-727061 854987
-949972 571300
-1028257 200637
-949998 -200571
-727109 -571243
-393523 -854948
-26 -1008494
393468 -1008506
727060 -854983
949970 -571297
1028255 -200636
949996 200571
727107 571243
393521 854948
24 1008493
-393469 1008503
-727059 854979
-949967 571293
-1028250 200633
-949990 -200572
-727101 -571242
-393517 -854944
-24 -1008487
393473 -1008496
727063 -854974
949965 -571291
1028248 -200631
949988 200573
727100 571241
393517 854942
24 1008485
-393473 1008494
-727063 854972
-949964 571289
-1028245 200629
-949984 -200575
-727095 -571243
-393511 -854943
-18 -1008484
393478 -1008491
727066 -854967
949965 -571283
1028244 -200623
949981 200580
727091 571246
393507 854944
15 1008483
-393479 1008489
-727065 854965
-949963 571281
-1028242 200622
-949979 -200580
-727089 -571245
-393505 -854942
-13 -1008481
393481 -1008486
727067 -854961
949964 -571277
1028242 -200618
949978 200584
727087 571249
393503 854946
11 1008484
-393483 1008488
-727073 854958
-949971 571274
-1028246 200619
-949982 -200585
-727090 -571252
-393504 -854950
-10 -1008488
393486 -1008492
727077 -854961
949975 -571275
1028249 -200618
949983 200587
727089 571254
393501 854952
6 1008490
-393490 1008493
-727081 854960
-949979 571272
-1028252 200613
-949984 -200593
-727088 -571260
-393499 -854957
-3 -1008493
393494 -1008494
727085 -854960
949982 -571271
1028254 -200611
949985 200596
727087 571264
393496 854961
-1 1008496
-393498 1008495
-727088 854959
-949984 571269
-1028255 200609
-949985 -200598
-727087 -571266
-393495 -854963
4 -1008498
393502 -1008496
727092 -854958
949987 -571259
1028256 -200598
949984 200602
727085 571269
393493 854964
-6 1008498
-393504 1008496
-727094 854958
-949989 571259
-1028258 200598
-949986 -200602
-727086 -571270
-393493 -854966
6 -1008500
393504 -1008498
727094 -854960
949990 -571261
1028260 -200599
949988 200603
727088 571272
393494 854969
-7 1008504
-393507 1008502
-727099 854963
-949996 571262
-1028266 200598
-949993 -200606
-727091 -571277
-393495 -854975
8 -1008510
393510 -1008507
727103 -854966
950000 -571263
1028270 -200597
949997 200608
727094 571280
393496 854980
-9 1008516
-393513 1008513
-727108 854971
-950006 571266
-1028272 200590
-949998 -200616
-727097 -571281
-393497 -854982
10 -1008518
393515 -1008514
727110 -854971
950008 -571266
1028274 -200590
949999 200617
727097 571283
393497 854984
-10 1008520
-393515 1008516
-727110 854973
-950009 571268
-1028277 200592
-950004 -200615
-727103 -571282
-393503 -854985
5 -1008523
393513 -1008521
727111 -854979
950011 -571273
1028279 -200595
950006 200614
727105 571282
393504 854986
-5 1008525
-393513 1008523
-727112 854981
-950014 571275
-1028283 200596
-950009 -200615
-727107 -571284
-393506 -854988
4 -1008527
393513 -1008525
727112 -854983
950014 -571277
1028284 -200598
950006 200621
727105 571290
393510 854987
0 1008528
-393510 1008528
-727111 854987
-950015 571281
-1028286 200602
-950008 -200617
-727107 -571287
-393512 -854985
-2 -1008526
393508 -1008526
727109 -854986
950013 -571281
1028284 -200602
950006 200617
727106 571286
393513 854983
4 1008525
-393506 1008527
-727107 854988
-950012 571284
-1028285 200606
-950009 -200613
-727110 -571283
-393517 -854982
-8 -1008526
393503 -1008530
727106 -854992
950013 -571288
1028288 -200610
950013 200610
727114 571282
393520 854983
10 1008528
-393501 1008532
-727105 854995
-950013 571292
-1028289 200614
-950016 -200606
-727110 -571285
-393516 -854986
-14 -1008525
393497 -1008531
727101 -854996
950010 -571294
1028287 -200616
950015 200604
727111 571283
393519 854984
18 1008523
-393493 1008530
-727097 854996
-950006 571295
-1028284 200619
-950013 -200600
-727109 -571279
-393518 -854980
-19 -1008519
393490 -1008526
727093 -854993
950002 -571294
1028280 -200620
950010 200597
727109 571274
393521 854974
24 1008514
-393484 1008523
-727087 854992
-949996 571295
-1028275 200623
-950007 -200592
-727108 -571268
-393513 -854973
-17 -1008514
393481 -1008519
727082 -854989
949990 -571294
1028270 -200624
950004 200589
727107 571264
393513 854969
18 1008510
-393479 1008516
-727080 854987
-949988 571293
-1028268 200625
-950003 -200587
-727107 -571262
-393514 -854967
-20 -1008508
393477 -1008514
727078 -854986
949986 -571293
1028266 -200625
950001 200586
727106 571259
393515 854963
23 1008504
-393472 1008511
-727072 854985
-949981 571294
-1028263 200628
-950000 -200582
-727107 -571255
-393517 -854959
-25 -1008501
393470 -1008509
727070 -854983
949979 -571293
1028261 -200628
949998 200582
727105 571255
393515 854959
15 1008502
-393480 1008509
-727071 854981
-949978 571291
-1028259 200627
-949996 -200581
-727103 -571253
-393514 -854956
-16 -1008498
393478 -1008506
727069 -854979
949976 -571289
1028256 -200625
949992 200583
727099 571254
393510 854956
12 1008497
-393481 1008503
-727070 854975
-949975 571285
-1028254 200621
-949989 -200586
-727095 -571255
-393507 -854955
-10 -1008495
393482 -1008501
727070 -854973
949975 -571283
1028253 -200619
949987 200588
727093 571257
393505 854956
9 1008494
-393482 1008499
-727069 854971
-949973 571281
-1028251 200618
-949985 -200587
-727091 -571254
-393503 -854952
-8 -1008490
393488 -1008493
727075 -854965
949972 -571277
1028248 -200614
949981 200591
727087 571257
393499 854953
4 1008489
-393491 1008490
-727076 854961
-949971 571273
-1028246 200611
-949979 -200592
-727085 -571257
-393497 -854953
-2 -1008489
393493 -1008490
727078 -854960
949973 -571271
1028247 -200608
949978 200596
727082 571261
393493 854956
-2 1008490
-393497 1008489
-727081 854958
-949974 571269
-1028247 200606
-949977 -200598
-727080 -571262
-393491 -854956
4 -1008490
393499 -1008489
727083 -854957
949975 -571266
1028246 -200602
949975 200602
727077 571266
393487 854959
-8 1008491
-393502 1008488
-727088 854950
-949980 571259
-1028248 200600
-949976 -200604
-727077 -571268
-393486 -854961
10 -1008492
393504 -1008488
727090 -854950
949982 -571259
1028249 -200599
949976 200606
727077 571270
393486 854963
-10 1008494
-393505 1008490
-727093 854952
-949986 571260
-1028253 200599
-949979 -200607
-727078 -571272
-393485 -854965
13 -1008496
393509 -1008491
727096 -854951
949988 -571258
1028254 -200596
949979 200611
727077 571276
393483 854969
-16 1008500
-393513 1008494
-727100 854952
-949991 571257
-1028256 200594
-949980 -200613
-727077 -571278
-393482 -854971
18 -1008501
393515 -1008494
727102 -854952
949993 -571250
1028258 -200587
949982 200614
727078 571281
393481 854975
-20 1008505
-393517 1008497
-727104 854953
-949995 571249
-1028260 200585
-949983 -200616
-727078 -571283
-393481 -854977
21 -1008507
393520 -1008499
727108 -854954
949999 -571249
1028263 -200584
949985 200619
727079 571287
393480 854981
-24 1008511
-393524 1008502
-727113 854956
-950005 571250
-1028269 200583
-949990 -200622
-727082 -571292
-393481 -854987
25 -1008517
393527 -1008508
727117 -854961
950009 -571253
1028273 -200584
949994 200622
727086 571293
393484 854990
-24 1008521
-393528 1008512
-727120 854965
-950014 571256
-1028276 200577
-949997 -200631
-727091 -571296
-393488 -854994
21 -1008526
393527 -1008518
727121 -854971
950017 -571262
1028281 -200582
950003 200628
727097 571295
393493 854996
-18 1008530
-393527 1008523
-727124 854976
-950021 571265
-1028285 200584
-950007 -200627
-727100 -571296
-393494 -854998
18 -1008532
393527 -1008525
727125 -854978
950023 -571266
1028287 -200583
950009 200629
727102 571298
393496 855000
-17 1008535
-393528 1008529
-727127 854982
-950026 571270
-1028291 200586
-950013 -200628
-727106 -571299
-393499 -855003
15 -1008539
393526 -1008533
727126 -854986
950027 -571274
1028294 -200590
950011 200632
727104 571303
393504 855000
-9 1008538
-393521 1008534
-727123 854989
-950026 571278
-1028294 200594
-950012 -200628
-727107 -571299
-393508 -854997
5 -1008537
393517 -1008535
727120 -854992
950025 -571283
1028296 -200600
950017 200623
727113 571296
393514 854996
0 1008538
-393514 1008538
-727118 854996
-950024 571287
-1028296 200604
-950018 -200619
-727116 -571293
-393518 -854995
-4 -1008539
393510 -1008540
727115 -854999
950023 -571292
1028298 -200610
950022 200614
727120 571289
393523 854991
10 1008536
-393505 1008540
-727112 855002
-950022 571296
-1028298 200614
-950023 -200610
-727115 -571292
-393519 -854995
-14 -1008535
393501 -1008540
727108 -855002
950018 -571297
1028295 -200617
950022 200606
727116 571288
393521 854991
17 1008531
-393496 1008537
-727102 855002
-950013 571300
-1028292 200622
-950021 -200599
-727117 -571280
-393525 -854983
-24 -1008525
393488 -1008535
727095 -855003
950008 -571303
1028289 -200626
950020 200595
727118 571276
393527 854980
26 1008523
-393486 1008533
-727093 855002
-950006 571303
-1028288 200627
-950021 -200593
-727120 -571275
-393529 -854980
-28 -1008523
393484 -1008533
727091 -855002
950004 -571304
1028286 -200629
950019 200590
727119 571270
393521 854979
21 1008523
-393482 1008530
-727088 855000
-950000 571303
-1028282 200630
-950016 -200588
-727117 -571268
-393520 -854976
-22 -1008519
393479 -1008526
727084 -854997
949996 -571301
1028278 -200629
950012 200587
727114 571265
393519 854972
22 1008515
-393478 1008522
-727081 854993
-949991 571298
-1028272 200628
-950007 -200586
-727111 -571262
-393517 -854968
-22 -1008510
393475 -1008517
727077 -854990
949987 -571297
1028269 -200629
950005 200583
727110 571258
393518 854964
24 1008507
-393473 1008515
-727075 854989
-949985 571297
-1028267 200629
-950003 -200583
-727108 -571258
-393517 -854963
-16 -1008506
393481 -1008513
727074 -854985
949983 -571294
1028264 -200627
949999 200584
727104 571257
393513 854960
13 1008502
-393482 1008509
-727073 854981
-949980 571290
-1028260 200624
-949995 -200585
-727101 -571256
-393512 -854958
-13 -1008500
393482 -1008507
727073 -854979
949980 -571288
1028260 -200622
949995 200587
727100 571258
393509 854960
9 1008501
-393485 1008506
-727074 854976
-949979 571284
-1028257 200619
-949991 -200589
-727096 -571259
-393506 -854959
-8 -1008498
393484 -1008502
727072 -854973
949977 -571283
1028255 -200619
949989 200588
727095 571257
393506 854957
8 1008496
-393491 1008499
-727080 854970
-949978 571280
-1028254 200615
-949986 -200592
-727090 -571260
-393500 -854958
-3 -1008495
393494 -1008496
727081 -854966
949977 -571276
1028252 -200611
949984 200595
727088 571262
393498 854959
1 1008495
-393496 1008496
-727083 854966
-949979 571276
-1028254 200611
-949985 -200596
-727087 -571264
-393496 -854961
1 -1008496
393498 -1008495
727084 -854963
949979 -571272
1028253 -200607
949983 200599
727085 571265
393494 854960
-3 1008494
-393499 1008493
-727084 854961
-949978 571270
-1028250 200605
-949979 -200601
-727081 -571267
-393490 -854962
7 -1008495
393503 -1008492
727091 -854954
949984 -571262
1028252 -200601
949980 200605
727080 571271
393487 854965
-11 1008496
-393507 1008491
-727094 854951
-949986 571258
-1028253 200597
-949979 -200609
-727078 -571274
-393485 -854967
13 -1008498
393509 -1008493
727097 -854953
949990 -571259
1028256 -200596
949981 200611
727079 571277
393484 854971
-16 1008502
-393513 1008496
-727101 854954
-949994 571259
-1028260 200595
-949984 -200614
-727080 -571281
-393483 -854975
18 -1008505
393516 -1008498
727105 -854955
949997 -571258
1028262 -200593
949985 200617
727079 571285
393481 854979
-21 1008509
-393520 1008501
-727109 854956
-950001 571250
-1028265 200584
-949987 -200619
-727081 -571287
-393482 -854981
22 -1008511
393523 -1008503
727113 -854958
950005 -571252
1028269 -200585
949990 200620
727082 571290
393481 854985
-24 1008515
-393525 1008506
-727115 854959
-950007 571251
-1028271 200583
-949992 -200622
-727084 -571292
-393483 -854987
23 -1008517
393525 -1008508
727115 -854961
950007 -571253
1028271 -200585
949992 200620
727084 571290
393483 854985
-22 1008515
-393523 1008507
-727114 854962
-950008 571255
-1028270 200578
-949992 -200627
-727088 -571289
-393487 -854986
19 -1008518
393522 -1008511
727115 -854966
950011 -571259
1028275 -200582
949998 200625
727094 571290
393492 854989
-16 1008522
-393521 1008515
-727115 854970
-950011 571263
-1028276 200586
-950001 -200621
-727098 -571287
-393496 -854988
12 -1008523
393518 -1008518
727114 -854974
950012 -571267
1028278 -200589
950003 200619
727101 571285
393500 854987
-9 1008524
-393516 1008520
-727113 854976
-950013 571269
-1028280 200591
-950005 -200618
-727102 -571286
-393500 -854989
9 -1008526
393517 -1008522
727115 -854978
950015 -571270
1028282 -200590
950000 200628
727096 571295
393500 854989
-9 1008526
-393517 1008522
-727115 854978
-950015 571270
-1028282 200590
-950000 -200628
-727096 -571295
-393500 -854989
9 -1008526
393517 -1008522
727115 -854978
950015 -571270
1028282 -200590
950000 200628
727096 571295
393500 854989
-9 1008526
-393517 1008522
-727115 854978
-950015 571270
-1028282 200590
-950000 -200628
-727096 -571295
-393500 -854989
9 -1008526
393517 -1008522
727115 -854978
950015 -571270
1028282 -200590
950000 200628
727096 571295
393500 854989
-9 1008526
-393517 1008522
-727115 854978
-950015 571270
-1028282 200590
-950000 -200628
-727088 -571301
-393492 -854993
8 -1008522
393514 -1008519
727111 -854977
950011 -571271
1028279 -200593
949999 200624
727089 571297
393494 854990
-6 1008520
-393512 1008517
-727109 854975
-950009 571270
-1028277 200594
-949998 -200621
-727090 -571293
-393497 -854986
2 -1008517
393508 -1008516
727105 -854976
950005 -571272
1028274 -200596
949996 200619
727088 571291
393496 854984
-1 1008515
-393505 1008514
-727101 854975
-950002 571273
-1028272 200599
-949995 -200614
-727089 -571285
-393499 -854978
-4 -1008510
393499 -1008512
727095 -854976
949997 -571276
1028270 -200604
949997 200608
727094 571280
393496 854980
0 1008514
-393495 1008512
-727092 854977
-949995 571279
-1028268 200608
-949995 -200604
-727093 -571275
-393497 -854974
-3 -1008508
393491 -1008507
727087 -854974
949989 -571278
1028263 -200609
949992 200601
727092 571271
393498 854970
5 1008505
-393489 1008506
-727085 854974
-949987 571278
-1028261 200609
-949990 -200601
-727090 -571271
-393496 -854969
-4 -1008502
393488 -1008502
727083 -854970
949985 -571275
1028259 -200608
949988 200601
727088 571270
393495 854967
4 1008500
-393487 1008500
-727081 854969
-949983 571275
-1028257 200608
-949987 -200600
-727089 -571268
-393497 -854965
2 -1008500
393494 -1008500
727080 -854967
949981 -571273
1028255 -200607
949985 200600
727087 571268
393495 854965
-4 1008500
-393496 1008500
-727082 854966
-949982 571271
-1028254 200605
-949983 -200601
-727085 -571267
-393494 -854962
3 -1008496
393493 -1008496
727077 -854963
949976 -571270
1028249 -200606
949979 200599
727081 571265
393490 854960
-6 1008493
-393494 1008492
-727077 854959
-949975 571266
-1028246 200602
-949975 -200602
-727077 -571266
-393487 -854959
8 -1008491
393496 -1008490
727078 -854957
949975 -571264
1028246 -200600
949974 200604
727075 571267
393485 854959
-10 1008490
-393504 1008486
-727086 854952
-949976 571260
-1028245 200596
-949972 -200607
-727073 -571269
-393483 -854960
12 -1008490
393505 -1008485
727085 -854950
949974 -571258
1028243 -200595
949970 200607
727071 571269
393481 854960
-14 1008490
-393507 1008485
-727087 854950
-949976 571258
-1028244 200594
-949969 -200609
-727069 -571270
-393479 -854959
15 -1008487
393507 -1008481
727087 -854946
949975 -571254
1028242 -200591
949967 200611
727067 571272
393477 854961
-17 1008489
-393509 1008482
-727089 854946
-949977 571253
-1028243 200588
-949966 -200615
-727064 -571275
-393473 -854962
21 -1008488
393512 -1008480
727094 -854939
949981 -571246
1028243 -200586
949966 200617
727064 571277
393472 854964
-23 1008490
-393514 1008481
-727096 854938
-949983 571244
-1028244 200584
-949965 -200619
-727061 -571279
-393468 -854965
27 -1008489
393518 -1008479
727099 -854936
949984 -571242
1028244 -200582
949965 200621
727061 571281
393468 854967
-27 1008491
-393518 1008481
-727100 854938
-949986 571243
-1028246 200581
-949967 -200623
-727063 -571283
-393469 -854970
28 -1008495
393521 -1008484
727104 -854939
949990 -571243
1028250 -200581
949970 200624
727064 571286
393468 854974
-31 1008499
-393525 1008487
-727108 854940
-949994 571235
-1028253 200572
-949972 -200626
-727065 -571288
-393468 -854976
31 -1008501
393525 -1008489
727108 -854942
949995 -571237
1028255 -200573
949974 200627
727067 571291
393469 854980
-32 1008505
-393528 1008493
-727112 854945
-949999 571238
-1028259 200573
-949978 -200627
-727071 -571291
-393473 -854981
28 -1008507
393525 -1008496
727111 -854950
950000 -571244
1028262 -200578
949982 200624
727075 571290
393476 854982
-27 1008510
-393526 1008500
-727114 854953
-950004 571246
-1028266 200579
-949986 -200625
-727078 -571293
-393477 -854986
28 -1008514
393528 -1008503
727116 -854955
950006 -571247
1028265 -200571
949985 200632
727080 571291
393479 854985
-26 1008514
-393527 1008504
-727117 854957
-950009 571249
-1028269 200572
-949989 -200633
-727084 -571294
-393483 -854989
23 -1008519
393526 -1008510
727118 -854963
950011 -571254
1028272 -200576
949993 200630
727088 571293
393486 854990
-22 1008521
-393526 1008512
-727118 854965
-950012 571256
-1028274 200578
-949995 -200628
-727090 -571291
-393489 -854988
18 -1008520
393523 -1008513
727117 -854967
950012 -571258
1028275 -200580
949997 200627
727092 571292
393490 854991
-18 1008524
-393523 1008517
-727117 854971
-950013 571262
-1028277 200583
-949994 -200633
-727090 -571298
-393494 -854990
15 -1008525
393522 -1008519
727118 -854973
950015 -571264
1028279 -200585
949996 200631
727092 571296
393496 854988
-12 1008523
-393518 1008518
-727114 854974
-950012 571267
-1028278 200589
-949997 -200627
-727095 -571292
-393501 -854985
6 -1008522
393512 -1008519
727109 -854977
950009 -571272
1028278 -200596
950000 200620
727100 571287
393507 854982
-1 1008522
-393509 1008522
-727108 854982
-950011 571278
-1028282 200601
-950005 -200616
-727106 -571284
-393513 -854981
-5 -1008523
393504 -1008525
727105 -854986
950009 -571282
1028281 -200605
950005 200612
727098 571287
393505 854984
6 1008519
-393501 1008522
-727101 854985
-950006 571283
-1028280 200608
-950006 -200608
-727101 -571283
-393510 -854980
-12 -1008516
393495 -1008521
727095 -854986
950001 -571286
1028277 -200612
950005 200604
727102 571279
393512 854977
14 1008514
-393493 1008519
-727093 854985
-949999 571286
-1028275 200613
-950003 -200602
-727100 -571277
-393511 -854974
-15 -1008510
393491 -1008516
727091 -854983
949997 -571285
1028273 -200613
950002 200601
727101 571275
393513 854973
17 1008511
-393489 1008518
-727090 854986
-949997 571289
-1028274 200617
-950004 -200598
-727103 -571273
-393506 -854976
-9 -1008514
393489 -1008516
727089 -854984
949995 -571287
1028272 -200616
950003 200597
727103 571271
393507 854974
12 1008512
-393485 1008515
-727085 854984
-949991 571288
-1028268 200618
-949999 -200594
-727100 -571267
-393506 -854969
-13 -1008506
393481 -1008509
727079 -854979
949985 -571285
1028262 -200617
949994 200593
727097 571264
393505 854965
14 1008502
-393479 1008505
-727076 854976
-949981 571284
-1028259 200618
-949992 -200591
-727096 -571261
-393505 -854961
-14 -1008498
393478 -1008501
727073 -854972
949977 -571281
1028255 -200617
949989 200590
727094 571259
393504 854958
6 1008496
-393486 1008500
-727073 854970
-949976 571279
-1028252 200615
-949985 -200591
-727091 -571258
-393503 -854956
-7 -1008494
393484 -1008498
727071 -854969
949974 -571279
1028251 -200616
949985 200589
727091 571256
393503 854954
7 1008492
-393483 1008496
-727069 854967
-949972 571277
-1028248 200614
-949981 -200591
-727087 -571257
-393499 -854953
-4 -1008489
393484 -1008492
727068 -854963
949969 -571274
1028244 -200613
949977 200590
727083 571255
393496 854950
3 1008485
-393490 1008486
-727073 854957
-949967 571270
-1028242 200609
-949975 -200593
-727081 -571256
-393494 -854950
-1 -1008484
393492 -1008484
727075 -854955
949968 -571268
1028241 -200607
949972 200595
727077 571257
393491 854949
-1 1008482
-393493 1008482
-727075 854953
-949968 571266
-1028241 200605
-949972 -200597
-727077 -571259
-393490 -854951
3 -1008484
393495 -1008483
727076 -854952
949967 -571264
1028239 -200604
949970 200597
727075 571259
393488 854951
-5 1008483
-393497 1008481
-727078 854950
-949969 571261
-1028240 200599
-949969 -200603
-727072 -571265
-393483 -854956
11 -1008486
393503 -1008482
727087 -854944
949977 -571254
1028243 -200597
949970 200605
727071 571267
393481 854958
-13 1008488
-393505 1008483
-727089 854944
-949979 571253
-1028244 200594
-949969 -200609
-727069 -571270
-393479 -854959
15 -1008487
393507 -1008481
727091 -854942
949980 -571251
1028244 -200592
949969 200611
727069 571272
393479 854961
-15 1008489
-393507 1008483
-727091 854944
-949981 571253
-1028246 200594
-949971 -200609
-727071 -571271
-393480 -854962
16 -1008491
393509 -1008484
727093 -854943
949982 -571250
1028246 -200590
949971 200613
727070 571275
393478 854965
-18 1008493
-393511 1008486
-727095 854945
-949985 571245
-1028250 200585
-949975 -200612
-727074 -571275
-393481 -854966
16 -1008495
393510 -1008488
727095 -854947
949985 -571247
1028250 -200587
949975 200610
727074 571273
393482 854964
-14 1008494
-393508 1008489
-727094 854949
-949985 571249
-1028251 200589
-949977 -200609
-727076 -571274
-393483 -854967
15 -1008498
393511 -1008492
727098 -854950
949989 -571249
1028254 -200588
949979 200611
727077 571276
393483 854969
-16 1008500
-393513 1008494
-727100 854952
-949991 571250
-1028256 200588
-949981 -200611
-727079 -571277
-393484 -854971
16 -1008502
393513 -1008496
727101 -854954
949994 -571252
1028257 -200581
949982 200619
727083 571277
393488 854972
-12 1008504
-393510 1008499
-727099 854958
-949993 571256
-1028258 200585
-949984 -200616
-727085 -571276
-393490 -854972
11 -1008505
393511 -1008501
727102 -854960
949997 -571257
1028262 -200584
949988 200618
727088 571279
393491 854976
-12 1008509
-393513 1008504
-727104 854962
-949999 571259
-1028264 200586
-949990 -200617
-727090 -571279
-393493 -854977
10 -1008511
393512 -1008507
727105 -854966
950002 -571263
1028268 -200589
949994 200615
727094 571278
393496 854978
-9 1008514
-393513 1008511
-727107 854969
-950004 571264
-1028270 200589
-949990 -200624
-727090 -571287
-393498 -854978
7 -1008514
393511 -1008511
727106 -854970
950004 -571266
1028271 -200591
949992 200622
727092 571286
393500 854978
-5 1008514
-393509 1008512
-727104 854972
-950003 571269
-1028272 200595
-949995 -200618
-727097 -571282
-393506 -854976
0 -1008516
393506 -1008516
727103 -854976
950004 -571273
1028274 -200598
949997 200617
727098 571283
393506 854978
0 1008518
-393506 1008518
-727103 854978
-950004 571275
-1028274 200600
-949997 -200615
-727099 -571281
-393508 -854976
-2 -1008516
393504 -1008517
727102 -854979
950005 -571277
1028277 -200602
950001 200614
727094 571288
393502 854983
4 1008516
-393502 1008517
-727100 854979
-950003 571277
-1028275 200602
-949999 -200613
-727093 -571286
-393502 -854981
-5 -1008514
393500 -1008516
727098 -854980
950001 -571279
1028274 -200605
950000 200609
727095 571282
393505 854977
9 1008511
-393496 1008514
-727094 854978
-949997 571278
-1028270 200606
-949997 -200606
-727094 -571278
-393506 -854973
-12 -1008508
393492 -1008513
727090 -854979
949994 -571281
1028269 -200610
949998 200602
727097 571274
393510 854970
16 1008506
-393488 1008512
-727087 854980
-949992 571283
-1028267 200612
-949996 -200600
-727095 -571272
-393499 -854972
-5 -1008507
393489 -1008508
727086 -854976
949990 -571280
1028265 -200611
949994 200600
727094 571271
393500 854970
7 1008505
-393487 1008506
-727083 854974
-949986 571279
-1028261 200611
-949991 -200599
-727092 -571269
-393498 -854968
-6 -1008503
393486 -1008504
727081 -854973
949984 -571279
1028260 -200612
949991 200597
727093 571267
393501 854966
10 1008502
-393483 1008505
-727080 854975
-949984 571281
-1028260 200614
-949991 -200595
-727093 -571265
-393501 -854964
-10 -1008500
393482 -1008503
727077 -854973
949980 -571280
1028256 -200615
949988 200592
727092 571261
393502 854960
4 1008498
-393488 1008502
-727075 854972
-949978 571280
-1028254 200615
-949986 -200592
-727090 -571260
-393500 -854958
-3 -1008495
393488 -1008498
727075 -854968
949977 -571276
1028252 -200611
949984 200595
727088 571262
393498 854959
1 1008495
-393489 1008497
-727074 854966
-949975 571275
-1028250 200612
-949982 -200593
-727087 -571259
-393499 -854955
-4 -1008491
393485 -1008494
727070 -854965
949971 -571275
1028246 -200613
949979 200590
727085 571255
393498 854951
4 1008487
-393484 1008490
-727067 854961
-949967 571272
-1028242 200611
-949975 -200591
-727082 -571254
-393497 -854948
-5 -1008483
393488 -1008485
727072 -854958
949967 -571272
1028242 -200611
949975 200591
727082 571254
393497 854948
5 1008483
-393488 1008485
-727072 854958
-949967 571272
-1028242 200611
-949975 -200591
-727082 -571254
-393497 -854948
-5 -1008483
393488 -1008485
727072 -854958
949967 -571272
1028242 -200611
949975 200591
727082 571254
393497 854948
5 1008483
-393488 1008485
-727072 854958
-949967 571272
-1028242 200611
-949975 -200591
-727082 -571254
-393497 -854948
-5 -1008483
393488 -1008485
727072 -854958
949967 -571272
1028242 -200611
949975 200591
727082 571254
393497 854948
5 1008483
-393488 1008485
-727075 854953
-949970 571268
-1028242 200613
-949975 -200589
-727082 -571252
-393497 -854946
-5 -1008481
393488 -1008483
727075 -854951
949970 -571266
1028242 -200611
949975 200591
727082 571254
393497 854948
5 1008483
-393488 1008485
-727075 854953
-949970 571268
-1028242 200613
-949975 -200589
-727082 -571252
-393497 -854946
-5 -1008481
393488 -1008483
727075 -854951
949970 -571266
1028242 -200611
949975 200591
727082 571254
393497 854948
5 1008483
-393488 1008485
-727075 854953
-949970 571268
-1028242 200613
-949975 -200589
-727082 -571252
-393497 -854946
-5 -1008481
393488 -1008483
727075 -854951
949970 -571259
1028242 -200605
949975 200589
727082 571252
393497 854946
5 1008481
-393488 1008483
-727075 854951
-949970 571259
-1028242 200605
-949975 -200589
-727082 -571252
-393497 -854946
-5 -1008481
393488 -1008483
727075 -854951
949970 -571259
1028242 -200605
949975 200589
727082 571252
393497 854946
5 1008481
-393488 1008483
-727075 854951
-949970 571259
-1028242 200605
-949975 -200589
-727082 -571252
-393497 -854946
-5 -1008481
393488 -1008483
727075 -854951
949970 -571259
1028242 -200605
949975 200589
727082 571252
393497 854946
5 1008481
-393488 1008483
-727075 854951
-949970 571259
-1028239 200597
-949973 -200596
-727084 -571251
-393499 -854947
-7 -1008484
393487 -1008487
727076 -854955
949973 -571263
1028244 -200601
949979 200594
727090 571252
393504 854950
10 1008488
-393486 1008492
-727077 854961
-949976 571268
-1028248 200604
-949983 -200592
-727094 -571251
-393507 -854951
-11 -1008491
393487 -1008496
727080 -854965
949980 -571271
1028252 -200605
949987 200593
727097 571253
393509 854953
13 1008493
-393485 1008498
-727078 854967
-949979 571274
-1028253 200609
-949989 -200590
-727099 -571252
-393511 -854954
-14 -1008496
393486 -1008502
727081 -854971
949983 -571277
1028257 -200610
949987 200598
727097 571260
393515 854954
18 1008496
-393482 1008503
-727077 854973
-949980 571280
-1028256 200615
-949988 -200592
-727100 -571254
-393519 -854949
-22 -1008493
393478 -1008501
727073 -854972
949977 -571281
1028255 -200617
949989 200590
727103 571252
393523 854948
26 1008494
-393475 1008504
-727073 854977
-949979 571286
-1028258 200621
-949993 -200587
-727107 -571251
-393527 -854949
-29 -1008497
393474 -1008509
727074 -854983
949982 -571292
1028262 -200626
949997 200584
727111 571250
393531 854949
33 1008497
-393470 1008509
-727070 854983
-949979 571293
-1028261 200628
-949998 -200582
-727105 -571255
-393525 -854954
-35 -1008496
393468 -1008510
727068 -854986
949978 -571297
1028261 -200632
949999 200578
727107 571251
393527 854951
38 1008494
-393464 1008509
-727065 854987
-949976 571299
-1028260 200635
-949999 -200574
-727108 -571247
-393530 -854947
-42 -1008491
393460 -1008507
727060 -854985
949970 -571299
1028255 -200638
949996 200569
727107 571241
393531 854941
45 1008485
-393455 1008502
-727054 854983
-949965 571300
-1028252 200641
-949995 -200565
-727108 -571237
-393525 -854942
-40 -1008487
393451 -1008501
727050 -854983
949961 -571300
1028248 -200641
949992 200564
727106 571235
393523 854940
38 1008485
-393453 1008499
-727052 854981
-949962 571298
-1028247 200639
-949990 -200565
-727105 -571234
-393523 -854938
-38 -1008483
393452 -1008497
727050 -854979
949960 -571296
1028245 -200638
949988 200565
727103 571234
393522 854937
39 1008481
-393450 1008495
-727048 854978
-949958 571297
-1028244 200640
-949988 -200563
-727103 -571232
-393522 -854935
-39 -1008479
393449 -1008493
727045 -854976
949954 -571296
1028240 -200641
949985 200560
727102 571227
393523 854929
33 1008475
-393455 1008490
-727043 854973
-949952 571294
-1028238 200639
-949982 -200562
-727098 -571229
-393519 -854930
-30 -1008474
393456 -1008487
727042 -854969
949949 -571290
1028233 -200636
949976 200563
727093 571227
393516 854926
29 1008469
-393455 1008481
-727039 854963
-949944 571285
-1028227 200633
-949971 -200563
-727089 -571225
-393513 -854923
-28 -1008465
393454 -1008477
727036 -854959
949940 -571282
1028223 -200632
949967 200563
727086 571224
393512 854920
29 1008461
-393452 1008474
-727034 854958
-949938 571282
-1028221 200632
-949965 -200562
-727084 -571221
-393510 -854916
-27 -1008457
393460 -1008468
727041 -854951
949937 -571276
1028218 -200627
949960 200566
727078 571224
393504 854917
22 1008456
-393463 1008465
-727043 854947
-949938 571272
-1028217 200623
-949958 -200569
-727076 -571226
-393502 -854918
-20 -1008455
393465 -1008463
727044 -854945
949938 -571270
1028217 -200621
949958 200571
727075 571228
393500 854920
18 1008457
-393467 1008464
-727046 854944
-949939 571268
-1028217 200619
-949957 -200573
-727073 -571229
-393498 -854920
-16 -1008456
393468 -1008462
727045 -854942
949937 -571266
1028214 -200617
949953 200574
727069 571229
393494 854919
13 1008454
-393470 1008459
-727050 854933
-949941 571257
-1028214 200613
-949952 -200578
-727067 -571232
-393492 -854921
-11 -1008455
393472 -1008459
727052 -854933
949943 -571257
1028216 -200613
949954 200579
727068 571235
393491 854925
8 1008459
-393476 1008462
-727056 854934
-949947 571256
-1028219 200610
-949955 -200583
-727067 -571239
-393489 -854928
-6 -1008460
393478 -1008462
727058 -854934
949949 -571256
1028221 -200610
949957 200584
727069 571241
393490 854931
5 1008464
-393481 1008466
-727063 854937
-949954 571256
-1028224 200607
-949958 -200588
-727068 -571245
-393488 -854934
-3 -1008466
393483 -1008467
727065 -854937
949957 -571249
1028228 -200600
949962 200589
727071 571248
393488 854939
-1 1008472
-393490 1008472
-727073 854939
-949964 571248
-1028233 200597
-949965 -200593
-727073 -571252
-393490 -854943
-1 -1008476
393488 -1008476
727071 -854943
949963 -571252
1028234 -200601
949967 200590
727075 571251
393492 854943
3 1008476
-393487 1008477
-727072 854945
-949965 571254
-1028236 200602
-949969 -200590
-727077 -571251
-393493 -854944
-2 -1008478
393489 -1008478
727074 -854945
949967 -571253
1028238 -200600
949971 200593
727078 571255
393493 854948
1 1008482
-393491 1008482
-727077 854949
-949972 571257
-1028241 200595
-949974 -200599
-727083 -571255
-393496 -854950
-3 -1008485
393490 -1008486
727077 -854953
949973 -571261
1028244 -200599
949978 200596
727088 571253
393502 854950
8 1008488
-393487 1008491
-727077 854959
-949975 571266
-1028246 200602
-949981 -200594
-727092 -571252
-393506 -854950
-12 -1008489
393484 -1008494
727075 -854963
949975 -571271
1028249 -200608
949986 200589
727098 571249
393511 854950
15 1008492
-393483 1008498
-727076 854967
-949977 571274
-1028251 200609
-949988 -200589
-727100 -571250
-393513 -854952
-16 -1008494
393483 -1008500
727077 -854969
949979 -571276
1028254 -200611
949985 200596
727096 571257
393515 854950
19 1008492
-393479 1008499
-727073 854970
-949976 571279
-1028252 200615
-949985 -200591
-727099 -571252
-393520 -854947
-25 -1008491
393474 -1008500
727070 -854973
949975 -571283
1028253 -200619
949987 200588
727101 571250
393522 854946
26 1008492
-393474 1008502
-727070 854975
-949975 571285
-1028254 200621
-949989 -200586
-727103 -571248
-393524 -854944
-29 -1008490
393470 -1008501
727067 -854976
949974 -571287
1028254 -200623
949990 200584
727105 571247
393526 854944
30 1008491
-393471 1008503
-727069 854977
-949976 571287
-1028256 200623
-949991 -200585
-727097 -571255
-393518 -854951
-30 -1008491
393471 -1008503
727069 -854977
949976 -571287
1028256 -200623
949991 200585
727097 571255
393518 854951
30 1008491
-393471 1008503
-727069 854977
-949976 571287
-1028256 200623
-949991 -200585
-727097 -571255
-393518 -854951
-30 -1008491
393471 -1008503
727069 -854977
949976 -571287
1028256 -200623
949991 200585
727097 571255
393518 854951
30 1008491
-393471 1008503
-727069 854977
-949976 571287
-1028256 200623
-949991 -200585
-727097 -571255
-393518 -854951
-30 -1008491
393471 -1008503
727069 -854977
949976 -571287
1028256 -200623
949991 200585
727097 571255
393509 854955
21 1008494
-393470 1008501
-727067 854976
-949974 571287
-1028254 200623
-949990 -200584
-727097 -571253
-393509 -854953
-21 -1008492
393470 -1008499
727066 -854974
949972 -571286
1028252 -200624
949988 200582
727096 571251
393509 854951
22 1008490
-393467 1008497
-727062 854973
-949968 571287
-1028249 200627
-949987 -200577
-727097 -571245
-393512 -854946
-26 -1008486
393463 -1008494
727058 -854971
949964 -571285
1028245 -200625
949983 200579
727093 571246
393509 854945
25 1008484
-393463 1008492
-727057 854969
-949962 571284
-1028243 200626
-949982 -200576
-727094 -571242
-393511 -854941
-19 -1008482
393469 -1008491
727055 -854968
949960 -571284
1028241 -200626
949980 200576
727092 571242
393509 854941
17 1008482
-393471 1008491
-727057 854967
-949961 571282
-1028241 200624
-949979 -200578
-727090 -571243
-393508 -854940
-17 -1008480
393470 -1008489
727055 -854966
949959 -571282
1028239 -200625
949978 200575
727090 571239
393508 854936
18 1008476
-393468 1008485
-727052 854962
-949955 571279
-1028235 200623
-949974 -200577
-727086 -571241
-393504 -854938
-14 -1008477
393471 -1008484
727054 -854960
949956 -571276
1028234 -200619
949971 200580
727082 571242
393500 854937
11 1008474
-393479 1008478
-727061 854953
-949955 571270
-1028231 200614
-949967 -200583
-727078 -571243
-393497 -854936
-9 -1008472
393481 -1008476
727063 -854951
949957 -571268
1028232 -200611
949966 200587
727075 571247
393492 854939
3 1008472
-393486 1008473
-727065 854946
-949955 571262
-1028228 200606
-949961 -200591
-727069 -571249
-393487 -854938
0 -1008470
393487 -1008470
727065 -854942
949955 -571258
1028227 -200602
949959 200594
727067 571251
393484 854940
-4 1008471
-393491 1008470
-727069 854942
-949958 571257
-1028228 200600
-949959 -200596
-727067 -571253
-393484 -854942
5 -1008473
393493 -1008471
727074 -854937
949963 -571252
1028230 -200599
949960 200599
727066 571257
393482 854945
-7 1008474
-393495 1008471
-727076 854936
-949965 571250
-1028232 200597
-949961 -200601
-727065 -571259
-393479 -854947
11 -1008476
393499 -1008472
727080 -854936
949968 -571249
1028233 -200595
949961 200603
727065 571261
393479 854949
-11 1008478
-393500 1008474
-727082 854937
-949970 571249
-1028235 200594
-949963 -200605
-727067 -571263
-393481 -854951
10 -1008480
393500 -1008476
727082 -854939
949971 -571251
1028237 -200596
949965 200604
727068 571264
393480 854953
-12 1008482
-393502 1008478
-727085 854941
-949975 571245
-1028241 200589
-949968 -200605
-727070 -571266
-393481 -854956
13 -1008486
393505 -1008481
727089 -854942
949979 -571245
1028245 -200588
949972 200607
727073 571269
393483 854960
-12 1008490
-393505 1008485
-727089 854946
-949980 571249
-1028248 200592
-949976 -200604
-727077 -571268
-393486 -854961
10 -1008492
393504 -1008488
727090 -854950
949982 -571252
1028250 -200593
949978 200605
727079 571270
393488 854963
-9 1008495
-393505 1008492
-727093 854954
-949987 571255
-1028252 200586
-949979 -200612
-727083 -571269
-393491 -854964
7 -1008497
393503 -1008494
727091 -854956
949985 -571258
1028252 -200591
949982 200607
727087 571266
393495 854963
-4 1008498
-393502 1008496
-727092 854958
-949987 571259
-1028253 200590
-949982 -200609
-727087 -571268
-393495 -854965
4 -1008500
393502 -1008498
727092 -854960
949988 -571261
1028256 -200592
949986 200608
727090 571269
393497 854967
-2 1008502
-393501 1008501
-727093 854964
-949991 571265
-1028260 200595
-949990 -200606
-727095 -571267
-393503 -854966
-3 -1008504
393498 -1008506
727092 -854970
949992 -571271
1028263 -200601
949989 200609
727095 571272
393508 854966
6 1008506
-393497 1008508
-727093 854972
-949994 571273
-1028265 200602
-949991 -200609
-727097 -571272
-393510 -854966
-8 -1008507
393495 -1008510
727091 -854975
949993 -571277
1028266 -200606
949993 200606
727099 571270
393513 854964
12 1008506
-393491 1008511
-727088 854978
-949992 571281
-1028267 200610
-949996 -200602
-727103 -571267
-393517 -854963
-16 -1008506
393488 -1008512
727087 -854980
949992 -571283
1028267 -200612
949996 200600
727104 571265
393519 854962
18 1008507
-393486 1008514
-727085 854982
-949991 571286
-1028268 200616
-949999 -200596
-727100 -571269
-393514 -854967
-20 -1008505
393484 -1008513
727083 -854983
949989 -571288
1028267 -200619
950000 200592
727103 571265
393519 854964
26 1008504
-393479 1008514
-727080 854985
-949988 571291
-1028268 200623
-950002 -200589
-727105 -571263
-393521 -854962
-28 -1008503
393477 -1008514
727078 -854986
949986 -571293
1028266 -200625
950001 200586
727106 571259
393524 854958
33 1008499
-393470 1008511
-727070 854985
-949979 571295
-1028261 200630
-949998 -200580
-727105 -571253
-393525 -854952
-36 -1008494
393466 -1008508
727066 -854984
949975 -571295
1028257 -200631
949995 200577
727104 571249
393517 854953
28 1008495
-393465 1008504
-727064 854981
-949973 571294
-1028255 200631
-949993 -200577
-727102 -571248
-393515 -854950
-27 -1008491
393464 -1008500
727061 -854977
949969 -571291
1028251 -200630
949989 200576
727099 571245
393514 854946
28 1008487
-393462 1008497
-727059 854975
-949966 571289
-1028247 200629
-949986 -200575
-727097 -571243
-393513 -854944
-28 -1008485
393461 -1008495
727057 -854974
949964 -571289
1028245 -200629
949984 200575
727095 571243
393511 854943
27 1008482
-393461 1008491
-727056 854970
-949962 571286
-1028243 200628
-949982 -200574
-727094 -571240
-393512 -854939
-21 -1008480
393466 -1008489
727051 -854967
949956 -571285
1028238 -200629
949979 200571
727093 571236
393512 854935
22 1008476
-393464 1008486
-727049 854965
-949954 571283
-1028235 200627
-949974 -200573
-727087 -571237
-393507 -854934
-18 -1008474
393467 -1008483
727050 -854961
949953 -571279
1028233 -200624
949972 200574
727085 571236
393505 854932
17 1008471
-393466 1008479
-727047 854957
-949949 571276
-1028229 200622
-949968 -200575
-727082 -571235
-393504 -854929
-18 -1008467
393464 -1008475
727045 -854953
949946 -571272
1028224 -200619
949962 200576
727076 571234
393499 854926
15 1008462
-393471 1008467
-727050 854945
-949943 571267
-1028220 200616
-949958 -200578
-727072 -571235
-393495 -854925
-11 -1008460
393475 -1008465
727053 -854943
949944 -571264
1028219 -200612
949956 200581
727070 571237
393493 854927
9 1008461
-393476 1008464
-727053 854941
-949944 571262
-1028219 200610
-949955 -200583
-727067 -571239
-393489 -854928
-6 -1008460
393478 -1008462
727054 -854938
949943 -571258
1028216 -200606
949951 200586
727063 571240
393485 854927
2 1008458
-393481 1008459
-727055 854934
-949942 571254
-1028214 200603
-949949 -200588
-727061 -571242
-393483 -854929
0 -1008459
393483 -1008459
727061 -854929
949949 -571249
1028217 -200602
949950 200590
727060 571244
393480 854931
-4 1008460
-393487 1008458
-727064 854926
-949950 571245
-1028216 200598
-949947 -200594
-727056 -571247
-393476 -854932
8 -1008460
393490 -1008457
727066 -854924
949952 -571242
1028218 -200594
949949 200598
727057 571251
393476 854936
-9 1008464
-393493 1008461
-727070 854927
-949956 571244
-1028222 200595
-949952 -200599
-727059 -571254
-393477 -854940
9 -1008468
393494 -1008465
727073 -854931
949960 -571247
1028226 -200596
949956 200600
727062 571256
393478 854943
-10 1008472
-393496 1008468
-727075 854932
-949963 571240
-1028230 200589
-949959 -200601
-727063 -571259
-393477 -854947
13 -1008475
393501 -1008470
727081 -854933
949968 -571239
1028233 -200586
949961 200605
727065 571263
393479 854951
-12 1008480
-393502 1008476
-727084 854939
-949973 571244
-1028239 200589
-949967 -200604
-727070 -571264
-393482 -854954
11 -1008484
393503 -1008480
727087 -854942
949977 -571245
1028243 -200588
949970 200607
727071 571269
393481 854960
-14 1008490
-393507 1008485
-727091 854946
-949981 571248
-1028247 200590
-949974 -200606
-727075 -571269
-393484 -854961
12 -1008492
393506 -1008487
727092 -854948
949984 -571250
1028248 -200583
949975 200614
727079 571270
393488 854963
-9 1008495
-393505 1008492
-727093 854954
-949987 571255
-1028252 200586
-949979 -200612
-727083 -571269
-393491 -854964
7 -1008497
393503 -1008494
727091 -854956
949985 -571258
1028252 -200591
949982 200607
727087 571266
393495 854963
-4 1008498
-393502 1008496
-727092 854958
-949987 571259
-1028253 200590
-949982 -200609
-727087 -571268
-393495 -854965
4 -1008500
393502 -1008498
727092 -854960
949988 -571261
1028256 -200592
949986 200608
727090 571269
393497 854967
-2 1008502
-393501 1008501
-727093 854964
-949991 571265
-1028260 200595
-949984 -200614
-727089 -571274
-393503 -854964
-3 -1008502
393498 -1008504
727092 -854968
949991 -571269
1028261 -200599
949986 200611
727091 571273
393505 854965
5 1008504
-393496 1008506
-727091 854971
-949992 571273
-1028264 200603
-949991 -200607
-727097 -571270
-393511 -854964
-10 -1008505
393493 -1008509
727089 -854975
949991 -571277
1028264 -200607
949992 200603
727100 571266
393515 854961
14 1008504
-393489 1008510
-727086 854978
-949990 571282
-1028266 200613
-949997 -200598
-727106 -571263
-393521 -854960
-20 -1008505
393484 -1008513
727083 -854983
949989 -571288
1028267 -200619
950000 200592
727103 571265
393519 854964
26 1008504
-393479 1008514
-727080 854985
-949988 571291
-1028268 200623
-950002 -200589
-727105 -571263
-393521 -854962
-28 -1008503
393477 -1008514
727078 -854986
949986 -571293
1028266 -200625
950001 200586
727106 571259
393524 854958
33 1008499
-393470 1008511
-727070 854985
-949979 571295
-1028261 200630
-949998 -200580
-727105 -571253
-393525 -854952
-36 -1008494
393466 -1008508
727066 -854984
949975 -571295
1028257 -200631
949995 200577
727104 571249
393526 854948
38 1008490
-393463 1008505
-727062 854983
-949972 571296
-1028256 200633
-949995 -200575
-727104 -571247
-393517 -854951
-29 -1008493
393463 -1008503
727062 -854981
949971 -571294
1028254 -200632
949993 200575
727103 571246
393517 854949
29 1008491
-393463 1008501
-727061 854979
-949969 571293
-1028252 200632
-949992 -200574
-727103 -571244
-393518 -854947
-31 -1008490
393461 -1008501
727059 -854979
949967 -571293
1028250 -200633
949990 200572
727101 571242
393517 854944
32 1008486
-393458 1008497
-727055 854976
-949963 571292
-1028246 200633
-949986 -200571
-727098 -571239
-393515 -854940
-31 -1008481
393457 -1008491
727052 -854971
949958 -571288
1028240 -200631
949981 200570
727095 571236
393514 854936
23 1008479
-393465 1008490
-727052 854969
-949958 571286
-1028240 200629
-949980 -200572
-727092 -571238
-393510 -854937
-19 -1008478
393468 -1008487
727053 -854964
949957 -571280
1028237 -200623
949976 200577
727088 571241
393506 854938
16 1008477
-393470 1008485
-727054 854962
-949957 571278
-1028236 200621
-949973 -200579
-727084 -571242
-393502 -854937
-13 -1008474
393470 -1008480
727051 -854956
949952 -571273
1028230 -200618
949968 200579
727081 571239
393501 854933
13 1008470
-393470 1008476
-727050 854952
-949949 571270
-1028226 200617
-949964 -200579
-727077 -571239
-393498 -854932
-12 -1008468
393476 -1008473
727057 -854950
949951 -571269
1028227 -200614
949963 200583
727074 571242
393494 854933
8 1008467
-393480 1008470
-727059 854945
-949950 571263
-1028224 200609
-949959 -200586
-727070 -571243
-393490 -854933
-5 -1008466
393481 -1008468
727059 -854943
949949 -571261
1028222 -200607
949956 200588
727066 571245
393486 854934
1 1008466
-393485 1008467
-727063 854941
-949953 571258
-1028225 200602
-949957 -200594
-727065 -571251
-393483 -854939
4 -1008469
393491 -1008468
727072 -854935
949961 -571251
1028228 -200600
949959 200596
727067 571253
393484 854942
-5 1008473
-393493 1008471
-727074 854937
-949963 571252
-1028230 200599
-949960 -200599
-727066 -571257
-393482 -854945
7 -1008474
393495 -1008471
727076 -854936
949965 -571250
1028232 -200597
949961 200601
727065 571259
393479 854947
-11 1008476
-393499 1008472
-727080 854936
-949968 571249
-1028233 200595
-949961 -200603
-727065 -571261
-393479 -854949
11 -1008478
393500 -1008474
727082 -854937
949970 -571249
1028235 -200594
949963 200605
727067 571263
393481 854951
-10 1008480
-393500 1008476
-727082 854939
-949971 571244
-1028238 200590
-949967 -200602
-727071 -571262
-393484 -854952
8 -1008482
393498 -1008478
727081 -854942
949972 -571248
1028240 -200593
949969 200601
727072 571263
393484 854954
-9 1008484
-393501 1008480
-727085 854943
-949975 571247
-1028242 200591
-949971 -200603
-727074 -571265
-393485 -854957
9 -1008488
393501 -1008484
727086 -854947
949978 -571251
1028246 -200594
949975 200602
727077 571266
393487 854959
-8 1008491
-393502 1008488
-727088 854950
-949981 571253
-1028250 200595
-949978 -200603
-727079 -571268
-393488 -854961
8 -1008493
393503 -1008490
727091 -854952
949985 -571254
1028251 -200587
949980 200610
727085 571267
393494 854962
-3 1008496
-393500 1008495
-727090 854958
-949986 571260
-1028254 200592
-949984 -200607
-727089 -571266
-393497 -854963
2 -1008498
393500 -1008497
727090 -854960
949986 -571262
1028254 -200594
949984 200605
727089 571264
393498 854961
0 1008497
-393498 1008497
-727089 854961
-949987 571264
-1028256 200596
-949986 -200604
-727091 -571265
-393499 -854964
0 -1008501
393499 -1008501
727091 -854964
949989 -571265
1028258 -200595
949988 200606
727093 571267
393501 854966
1 1008503
-393499 1008503
-727091 854966
-949989 571267
-1028258 200597
-949982 -200612
-727087 -571272
-393501 -854962
-2 -1008499
393497 -1008500
727089 -854965
949987 -571268
1028257 -200600
949983 200608
727090 571268
393506 854959
8 1008498
-393491 1008501
-727084 854968
-949985 571273
-1028258 200606
-949986 -200602
-727095 -571263
-393512 -854956
-14 -1008498
393486 -1008504
727081 -854973
949984 -571279
1028260 -200612
949991 200597
727101 571260
393518 854955
19 1008499
-393483 1008507
-727080 854977
-949985 571283
-1028262 200615
-949993 -200595
-727103 -571259
-393520 -854956
-21 -1008501
393481 -1008509
727079 -854979
949985 -571285
1028262 -200617
949994 200593
727097 571264
393514 854960
24 1008497
-393477 1008506
-727075 854978
-949981 571286
-1028259 200620
-949993 -200589
-727098 -571260
-393516 -854957
-26 -1008496
393475 -1008506
727073 -854979
949980 -571288
1028260 -200622
949995 200587
727100 571258
393519 854955
30 1008495
-393471 1008507
-727069 854981
-949976 571291
-1028257 200627
-949994 -200581
-727101 -571252
-393522 -854950
-34 -1008491
393467 -1008504
727065 -854980
949973 -571292
1028255 -200629
949993 200579
727102 571250
393524 854948
36 1008490
-393465 1008504
-727064 854981
-949973 571294
-1028255 200631
-949993 -200577
-727102 -571248
-393515 -854950
-27 -1008491
393464 -1008500
727061 -854977
949969 -571291
1028251 -200630
949989 200576
727099 571245
393514 854946
28 1008487
-393462 1008497
-727059 854975
-949966 571289
-1028247 200629
-949986 -200575
-727097 -571243
-393513 -854944
-28 -1008485
393461 -1008495
727057 -854974
949964 -571289
1028245 -200629
949984 200575
727095 571243
393511 854943
27 1008482
-393461 1008491
-727056 854970
-949962 571286
-1028243 200628
-949982 -200574
-727094 -571240
-393512 -854939
-29 -1008479
393458 -1008489
727052 -854969
949958 -571286
1028240 -200629
949980 200572
727092 571238
393510 854937
19 1008478
-393468 1008487
-727053 854964
-949957 571280
-1028237 200623
-949976 -200577
-727088 -571241
-393506 -854938
-16 -1008477
393470 -1008485
727054 -854962
949957 -571278
1028236 -200621
949973 200579
727084 571242
393502 854937
13 1008474
-393470 1008480
-727051 854956
-949952 571273
-1028230 200618
-949968 -200579
-727081 -571239
-393501 -854933
-13 -1008470
393470 -1008476
727050 -854952
949949 -571270
1028226 -200617
949964 200579
727077 571239
393498 854932
12 1008468
-393469 1008474
-727048 854951
-949947 571270
-1028224 200617
-949962 -200578
-727076 -571236
-393498 -854928
-13 -1008464
393474 -1008469
727054 -854947
949947 -571268
1028224 -200615
949962 200580
727075 571238
393496 854930
10 1008466
-393478 1008470
-727058 854946
-949950 571265
-1028225 200611
-949961 -200584
-727072 -571242
-393492 -854933
-6 -1008467
393482 -1008470
727061 -854945
949952 -571263
1028226 -200608
949960 200588
727070 571245
393489 854935
2 1008468
-393485 1008469
-727063 854943
-949953 571260
-1028225 200604
-949957 -200592
-727065 -571249
-393483 -854937
3 -1008467
393488 -1008466
727064 -854938
949952 -571254
1028222 -200599
949953 200595
727061 571250
393479 854937
-7 1008466
-393492 1008463
-727071 854929
-949958 571245
-1028223 200594
-949952 -200601
-727058 -571256
-393474 -854942
13 -1008469
393498 -1008464
727076 -854928
949961 -571242
1028224 -200590
949951 200605
727056 571259
393472 854943
-15 1008469
-393500 1008464
-727078 854928
-949963 571242
-1028226 200590
-949953 -200606
-727057 -571262
-393472 -854947
16 -1008473
393502 -1008467
727080 -854929
949965 -571242
1028228 -200589
949954 200608
727057 571264
393471 854949
-18 1008474
-393504 1008467
-727082 854929
-949967 571241
-1028230 200587
-949956 -200610
-727058 -571266
-393471 -854951
19 -1008476
393506 -1008468
727084 -854928
949969 -571232
1028231 -200578
949955 200612
727056 571268
393469 854953
-21 1008478
-393508 1008470
-727086 854930
-949971 571234
-1028234 200580
-949959 -200611
-727060 -571268
-393472 -854954
19 -1008480
393507 -1008472
727087 -854932
949973 -571235
1028236 -200580
949961 200611
727061 571269
393472 854956
-20 1008482
-393509 1008474
-727089 854934
-949976 571237
-1028240 200581
-949965 -200612
-727065 -571271
-393475 -854959
19 -1008487
393510 -1008480
727092 -854939
949980 -571240
1028244 -200582
949969 200613
727068 571274
393476 854963
-20 1008491
-393513 1008484
-727096 854942
-949984 571241
-1028244 200573
-949968 -200622
-727070 -571275
-393478 -854965
18 -1008493
393511 -1008486
727095 -854945
949985 -571245
1028247 -200577
949972 200619
727074 571273
393482 854964
-14 1008494
-393508 1008489
-727094 854949
-949985 571249
-1028248 200581
-949975 -200616
-727078 -571272
-393485 -854965
13 -1008496
393509 -1008491
727096 -854951
949988 -571251
1028252 -200582
949979 200616
727082 571273
393489 854968
-10 1008501
-393508 1008497
-727097 854957
-949991 571257
-1028256 200587
-949983 -200613
-727086 -571272
-393493 -854968
6 -1008502
393505 -1008500
727096 -854961
949992 -571261
1028259 -200591
949981 200618
727084 571278
393497 854967
-2 1008502
-393501 1008501
-727093 854964
-949991 571265
-1028260 200595
-949984 -200614
-727089 -571274
-393503 -854964
-3 -1008502
393498 -1008504
727092 -854968
949991 -571269
1028261 -200599
949986 200611
727091 571273
393505 854965
5 1008504
-393496 1008506
-727091 854971
-949992 571273
-1028264 200603
-949991 -200607
-727097 -571270
-393511 -854964
-10 -1008505
393493 -1008509
727089 -854975
949991 -571277
1028264 -200607
949992 200603
727100 571266
393515 854961
14 1008504
-393489 1008510
-727086 854978
-949990 571282
-1028266 200613
-949997 -200598
-727098 -571270
-393513 -854966
-20 -1008503
393484 -1008511
727083 -854981
949989 -571286
1028266 -200617
949997 200594
727099 571266
393515 854963
23 1008501
-393479 1008509
-727077 854980
-949983 571287
-1028261 200620
-949995 -200589
-727100 -571260
-393518 -854957
-28 -1008496
393473 -1008507
727071 -854981
949978 -571291
1028259 -200627
949996 200581
727103 571253
393523 854952
34 1008493
-393467 1008506
-727066 854982
-949975 571293
-1028257 200629
-949995 -200579
-727103 -571251
-393515 -854954
-26 -1008495
393467 -1008504
727065 -854980
949973 -571292
1028255 -200629
949993 200579
727102 571250
393515 854952
27 1008493
-393465 1008502
-727063 854979
-949971 571292
-1028253 200630
-949991 -200576
-727101 -571246
-393516 -854948
-30 -1008489
393460 -1008499
727057 -854978
949965 -571293
1028248 -200633
949988 200571
727100 571239
393517 854940
33 1008482
-393455 1008494
-727051 854975
-949959 571292
-1028243 200634
-949985 -200569
-727098 -571237
-393516 -854938
-33 -1008480
393455 -1008492
727051 -854973
949959 -571290
1028242 -200632
949983 200570
727096 571237
393514 854938
23 1008481
-393465 1008492
-727052 854971
-949958 571288
-1028240 200631
-949981 -200570
-727095 -571236
-393514 -854936
-23 -1008479
393465 -1008490
727052 -854969
949958 -571286
1028240 -200629
949980 200572
727092 571238
393510 854937
19 1008478
-393468 1008487
-727053 854964
-949957 571280
-1028237 200623
-949976 -200577
-727088 -571241
-393506 -854938
-16 -1008477
393470 -1008485
727054 -854962
949957 -571278
1028236 -200621
949973 200579
727084 571242
393502 854937
13 1008474
-393470 1008480
-727051 854956
-949952 571273
-1028230 200618
-949968 -200579
-727081 -571239
-393501 -854933
-13 -1008470
393477 -1008475
727059 -854952
949953 -571271
1028230 -200616
949967 200581
727078 571241
393497 854934
9 1008470
-393480 1008474
-727060 854949
-949953 571267
-1028229 200612
-949965 -200585
-727076 -571245
-393494 -854938
-5 -1008473
393484 -1008475
727064 -854949
949956 -571266
1028230 -200610
949964 200587
727074 571246
393493 854937
5 1008471
-393484 1008473
-727064 854947
-949956 571264
-1028230 200608
-949964 -200589
-727073 -571248
-393490 -854939
-1 -1008472
393488 -1008472
727067 -854944
949957 -571260
1028229 -200604
949961 200593
727069 571251
393486 854940
-2 1008471
-393489 1008470
-727070 854937
-949960 571253
-1028229 200602
-949961 -200595
-727069 -571253
-393486 -854942
3 -1008473
393492 -1008472
727075 -854939
949966 -571254
1028234 -200601
949964 200597
727070 571256
393485 854946
-5 1008477
-393494 1008475
-727077 854940
-949968 571254
-1028236 200600
-949965 -200600
-727069 -571260
-393483 -854950
8 -1008480
393498 -1008476
727081 -854940
949971 -571253
1028238 -200598
949967 200602
727071 571262
393484 854952
-8 1008482
-393498 1008478
-727081 854942
-949972 571255
-1028240 200599
-949969 -200603
-727072 -571265
-393483 -854956
11 -1008486
393503 -1008482
727087 -854944
949977 -571247
1028243 -200590
949970 200605
727071 571267
393481 854958
-13 1008488
-393505 1008483
-727089 854944
-949979 571247
-1028245 200590
-949972 -200605
-727073 -571267
-393483 -854958
11 -1008488
393503 -1008484
727087 -854946
949978 -571249
1028246 -200592
949974 200604
727075 571267
393485 854959
-10 1008490
-393504 1008486
-727090 854948
-949982 571250
-1028249 200591
-949976 -200606
-727077 -571270
-393486 -854963
10 -1008494
393505 -1008490
727093 -854952
949986 -571253
1028253 -200592
949979 200607
727078 571272
393485 854965
-13 1008496
-393509 1008491
-727096 854951
-949988 571251
-1028252 200582
-949979 -200616
-727082 -571273
-393489 -854968
10 -1008501
393508 -1008497
727097 -854957
949991 -571257
1028256 -200587
949983 200613
727086 571272
393493 854968
-6 1008502
-393505 1008500
-727096 854961
-949992 571261
-1028259 200591
-949987 -200610
-727090 -571271
-393496 -854969
5 -1008504
393505 -1008502
727097 -854963
949994 -571262
1028261 -200591
949989 200610
727092 571271
393498 854970
-3 1008506
-393503 1008504
-727095 854966
-949993 571267
-1028262 200597
-949992 -200605
-727096 -571268
-393502 -854968
-1 -1008505
393500 -1008505
727094 -854968
949993 -571269
1028263 -200599
949988 200611
727093 571273
393507 854965
7 1008504
-393494 1008506
-727089 854971
-949990 571273
-1028262 200603
-949989 -200607
-727095 -571270
-393509 -854964
-8 -1008505
393495 -1008508
727091 -854973
949993 -571275
1028266 -200604
949993 200608
727099 571272
393512 854966
10 1008507
-393493 1008511
-727090 854977
-949993 571279
-1028266 200608
-949993 -200604
-727099 -571268
-393513 -854962
-12 -1008504
393491 -1008509
727088 -854976
949991 -571279
1028265 -200609
949994 200602
727101 571267
393515 854963
14 1008506
-393490 1008512
-727089 854980
-949994 571283
-1028269 200612
-949998 -200600
-727097 -571272
-393510 -854968
-16 -1008504
393487 -1008510
727084 -854978
949988 -571282
1028264 -200613
949995 200598
727096 571270
393511 854966
18 1008503
-393485 1008510
-727083 854979
-949989 571284
-1028266 200615
-949997 -200596
-727098 -571268
-393513 -854964
-21 -1008501
393481 -1008509
727079 -854979
949985 -571285
1028262 -200617
949994 200593
727097 571264
393514 854960
24 1008497
-393477 1008506
-727075 854978
-949981 571286
-1028259 200620
-949993 -200589
-727098 -571260
-393516 -854957
-26 -1008496
393475 -1008506
727073 -854979
949980 -571288
1028260 -200622
949995 200587
727100 571258
393509 854960
18 1008499
-393475 1008504
-727073 854977
-949979 571286
-1028258 200621
-949993 -200587
-727098 -571258
-393508 -854959
-18 -1008497
393474 -1008502
727070 -854975
949975 -571285
1028254 -200621
949989 200586
727095 571255
393507 854955
19 1008493
-393472 1008499
-727068 854973
-949973 571283
-1028252 200620
-949987 -200586
-727093 -571255
-393505 -854954
-18 -1008491
393471 -1008497
727066 -854972
949971 -571284
1028250 -200622
949986 200583
727094 571251
393507 854951
20 1008489
-393469 1008495
-727063 854970
-949967 571283
-1028246 200623
-949983 -200581
-727093 -571248
-393508 -854947
-14 -1008487
393475 -1008494
727061 -854969
949965 -571283
1028244 -200623
949981 200580
727091 571246
393507 854944
15 1008483
-393472 1008490
-727057 854965
-949961 571280
-1028240 200622
-949977 -200579
-727088 -571243
-393506 -854940
-15 -1008479
393472 -1008486
727056 -854961
949958 -571276
1028236 -200619
949973 200581
727084 571244
393502 854939
12 1008476
-393473 1008482
-727055 854957
-949955 571272
-1028232 200616
-949969 -200582
-727080 -571243
-393499 -854936
-11 -1008472
393472 -1008478
727053 -854954
949953 -571271
1028230 -200616
949967 200581
727078 571241
393497 854934
9 1008470
-393480 1008474
-727060 854949
-949953 571267
-1028229 200612
-949965 -200585
-727076 -571245
-393494 -854938
-5 -1008473
393484 -1008475
727064 -854949
949956 -571266
1028230 -200610
949964 200587
727074 571246
393493 854937
5 1008471
-393484 1008473
-727064 854947
-949956 571264
-1028230 200608
-949964 -200589
-727073 -571248
-393490 -854939
-1 -1008472
393488 -1008472
727067 -854944
949957 -571260
1028229 -200604
949961 200593
727069 571251
393486 854940
-2 1008471
-393489 1008470
-727067 854942
-949957 571258
-1028229 200602
-949961 -200595
-727069 -571253
-393486 -854942
3 -1008473
393492 -1008472
727075 -854939
949966 -571254
1028234 -200601
949964 200597
727070 571256
393485 854946
-5 1008477
-393494 1008475
-727077 854940
-949968 571254
-1028236 200600
-949965 -200600
-727069 -571260
-393483 -854950
8 -1008480
393498 -1008476
727081 -854940
949971 -571253
1028238 -200598
949967 200602
727071 571262
393484 854952
-8 1008482
-393498 1008478
-727081 854942
-949972 571255
-1028240 200599
-949969 -200603
-727072 -571265
-393483 -854956
11 -1008486
393503 -1008482
727087 -854944
949977 -571254
1028243 -200597
949970 200605
727071 571267
393481 854958
-13 1008488
-393505 1008483
-727089 854944
-949979 571247
-1028245 200590
-949972 -200605
-727073 -571267
-393483 -854958
11 -1008488
393503 -1008484
727087 -854946
949978 -571249
1028246 -200592
949974 200604
727075 571267
393485 854959
-10 1008490
-393504 1008486
-727090 854948
-949982 571250
-1028249 200591
-949976 -200606
-727077 -571270
-393486 -854963
10 -1008494
393505 -1008490
727093 -854952
949986 -571253
1028253 -200592
949979 200607
727078 571272
393485 854965
-13 1008496
-393509 1008491
-727096 854951
-949988 571251
-1028255 200590
-949981 -200609
-727079 -571275
-393485 -854969
14 -1008500
393511 -1008494
727098 -854952
949990 -571251
1028254 -200582
949980 200617
727081 571275
393487 854969
-12 1008500
-393509 1008495
-727097 854955
-949991 571255
-1028256 200585
-949983 -200615
-727085 -571274
-393490 -854970
10 -1008503
393508 -1008499
727098 -854959
949993 -571258
1028258 -200587
949985 200614
727087 571274
393492 854970
-8 1008503
-393507 1008500
-727098 854961
-949993 571260
-1028259 200589
-949987 -200612
-727089 -571273
-393494 -854971
7 -1008506
393507 -1008504
727099 -854965
949996 -571264
1028263 -200592
949985 200619
727087 571280
393498 854970
-3 1008506
-393503 1008504
-727095 854966
-949993 571267
-1028262 200597
-949986 -200613
-727090 -571275
-393503 -854966
-3 -1008504
393498 -1008506
727092 -854970
949992 -571271
1028263 -200601
949989 200609
727095 571272
393508 854966
6 1008506
-393497 1008508
-727093 854972
-949994 571273
-1028265 200602
-949991 -200609
-727097 -571272
-393510 -854966
-8 -1008507
393495 -1008510
727091 -854975
949993 -571277
1028266 -200606
949993 200606
727099 571270
393513 854964
12 1008506
-393491 1008511
-727088 854978
-949992 571281
-1028267 200610
-949996 -200602
-727095 -571274
-393508 -854970
-14 -1008506
393490 -1008512
727089 -854980
949994 -571283
1028269 -200612
949998 200600
727097 571272
393510 854968
16 1008504
-393487 1008510
-727084 854978
-949988 571282
-1028264 200613
-949995 -200598
-727096 -571270
-393511 -854966
-18 -1008503
393485 -1008510
727083 -854979
949989 -571284
1028266 -200615
949997 200596
727098 571268
393513 854964
21 1008501
-393481 1008509
-727079 854979
-949985 571285
-1028262 200617
-949994 -200593
-727097 -571264
-393514 -854960
-24 -1008497
393477 -1008506
727075 -854978
949981 -571286
1028259 -200620
949993 200589
727098 571260
393507 854961
16 1008499
-393477 1008504
-727074 854976
-949979 571284
-1028257 200619
-949991 -200589
-727096 -571259
-393506 -854959
-16 -1008497
393476 -1008502
727072 -854975
949977 -571285
1028256 -200621
949991 200587
727097 571257
393508 854957
19 1008495
-393472 1008501
-727068 854975
-949973 571285
-1028252 200622
-949988 -200584
-727095 -571253
-393507 -854953
-20 -1008491
393469 -1008497
727064 -854972
949969 -571284
1028248 -200623
949985 200581
727094 571249
393508 854949
22 1008488
-393467 1008495
-727062 854971
-949968 571285
-1028249 200625
-949987 -200579
-727097 -571247
-393512 -854948
-17 -1008490
393474 -1008498
727062 -854973
949968 -571287
1028249 -200627
949987 200577
727097 571245
393512 854946
18 1008488
-393472 1008497
-727060 854973
-949966 571287
-1028247 200627
-949985 -200577
-727095 -571245
-393511 -854945
-18 -1008486
393472 -1008495
727060 -854971
949966 -571285
1028247 -200625
949985 200579
727095 571247
393510 854947
16 1008488
-393474 1008496
-727062 854971
-949968 571285
-1028249 200625
-949987 -200579
-727097 -571247
-393512 -854948
-17 -1008490
393474 -1008498
727062 -854973
949968 -571287
1028249 -200627
949987 200577
727097 571245
393512 854946
18 1008488
-393479 1008495
-727068 854971
-949968 571287
-1028249 200627
-949987 -200577
-727097 -571245
-393512 -854946
-18 -1008488
393479 -1008495
727068 -854971
949968 -571287
1028249 -200627
949987 200577
727097 571245
393512 854946
18 1008488
-393479 1008495
-727068 854971
-949968 571287
-1028249 200627
-949987 -200577
-727097 -571245
-393512 -854946
-18 -1008488
393479 -1008495
727068 -854971
949968 -571287
1028249 -200627
949987 200577
727097 571245
393512 854946
18 1008488
-393479 1008495
-727068 854971
-949968 571287
-1028249 200627
-949987 -200577
-727097 -571245
-393512 -854946
-18 -1008488
393479 -1008495
727072 -854966
949973 -571282
1028251 -200626
949989 200580
727098 571249
393511 854950
15 1008492
-393483 1008498
-727076 854967
-949977 571281
-1028254 200623
-949990 -200584
-727097 -571253
-393509 -854953
-13 -1008493
393485 -1008498
727078 -854967
949978 -571280
1028254 -200621
949989 200586
727095 571255
393507 854955
10 1008495
-393489 1008499
-727082 854966
-949982 571278
-1028257 200619
-949991 -200589
-727096 -571259
-393506 -854959
-8 -1008498
393491 -1008501
727084 -854968
949984 -571279
1028259 -200618
949992 200591
727096 571261
393505 854961
6 1008500
-393493 1008502
-727086 854968
-949986 571272
-1028261 200612
-949995 -200589
-727100 -571260
-393509 -854962
-9 -1008503
393493 -1008507
727089 -854973
949991 -571275
1028267 -200613
950000 200590
727103 571263
393510 854966
8 1008507
-393495 1008510
-727091 854975
-949993 571277
-1028269 200614
-950002 -200591
-727105 -571265
-393512 -854968
-10 -1008509
393494 -1008513
727092 -854979
949996 -571281
1028274 -200617
950008 200590
727110 571266
393515 854971
10 1008514
-393497 1008518
-727097 854982
-950001 571281
-1028277 200615
-950009 -200592
-727110 -571268
-393515 -854973
-10 -1008516
393497 -1008520
727097 -854984
950002 -571283
1028276 -200608
950008 200600
727111 571269
393514 854975
8 1008517
-393499 1008520
-727099 854984
-950004 571283
-1028278 200608
-950010 -200600
-727113 -571269
-393516 -854976
-9 -1008520
393500 -1008524
727101 -854987
950006 -571285
1028280 -200610
950012 200599
727115 571270
393517 854978
9 1008522
-393500 1008526
-727102 854989
-950008 571286
-1028282 200609
-950014 -200601
-727117 -571272
-393519 -854980
-10 -1008524
393500 -1008528
727102 -854991
950009 -571288
1028284 -200611
950016 200599
727119 571270
393521 854979
12 1008524
-393498 1008528
-727100 854992
-950007 571291
-1028283 200615
-950011 -200603
-727115 -571274
-393524 -854975
-17 -1008521
393493 -1008528
727097 -854994
950006 -571293
1028284 -200617
950013 200602
727117 571274
393526 854975
19 1008521
-393491 1008528
-727095 854995
-950004 571295
-1028282 200620
-950012 -200597
-727119 -571268
-393531 -854970
-25 -1008519
393485 -1008529
727090 -854998
950001 -571300
1028282 -200626
950015 200592
727123 571265
393535 854969
29 1008519
-393482 1008530
-727088 855000
-950000 571303
-1028282 200630
-950016 -200588
-727126 -571261
-393539 -854966
-33 -1008518
393478 -1008531
727085 -855003
949999 -571307
1028283 -200634
950019 200584
727122 571265
393535 854971
37 1008517
-393474 1008531
-727082 855004
-949997 571309
-1028281 200636
-950017 -200582
-727121 -571262
-393536 -854967
-40 -1008513
393470 -1008528
727078 -855003
949994 -571310
1028280 -200639
950018 200578
727123 571259
393538 854965
42 1008512
-393468 1008529
-727076 855005
-949992 571313
-1028279 200643
-950019 -200574
-727126 -571255
-393542 -854962
-46 -1008511
393464 -1008529
727072 -855006
949989 -571315
1028278 -200646
950019 200570
727127 571251
393545 854959
50 1008509
-393460 1008528
-727069 855007
-949988 571318
-1028279 200650
-950022 -200566
-727131 -571248
-393540 -854962
-44 -1008513
393458 -1008529
727067 -855009
949986 -571320
1028277 -200652
950020 200564
727129 571246
393539 854959
45 1008509
-393456 1008525
-727064 855005
-949982 571317
-1028273 200651
-950017 -200563
-727128 -571243
-393539 -854955
-46 -1008505
393453 -1008521
727060 -855002
949978 -571316
1028269 -200651
950013 200562
727125 571240
393538 854951
46 1008501
-393452 1008517
-727058 854999
-949975 571314
-1028265 200650
-950010 -200561
-727123 -571238
-393537 -854949
-47 -1008499
393450 -1008516
727056 -854999
949974 -571315
1028265 -200652
950010 200559
727124 571236
393539 854947
40 1008499
-393458 1008516
-727055 854997
-949971 571313
-1028261 200651
-950006 -200558
-727120 -571233
-393536 -854942
-40 -1008493
393456 -1008511
727052 -854993
949967 -571310
1028257 -200650
950002 200558
727117 571232
393535 854940
40 1008491
-393455 1008509
-727050 854992
-949965 571310
-1028255 200650
-950001 -200557
-727117 -571230
-393535 -854938
-40 -1008489
393455 -1008507
727050 -854990
949964 -571308
1028253 -200649
949999 200557
727115 571230
393533 854937
39 1008486
-393454 1008503
-727047 854986
-949960 571305
-1028249 200647
-949995 -200558
-727112 -571229
-393532 -854935
-40 -1008484
393458 -1008499
727052 -854983
949960 -571305
1028249 -200647
949995 200558
727112 571229
393532 854935
40 1008484
-393458 1008499
-727052 854983
-949960 571305
-1028249 200647
-949995 -200558
-727112 -571229
-393532 -854935
-40 -1008484
393458 -1008499
727052 -854983
949960 -571305
1028249 -200647
949995 200558
727112 571229
393532 854935
40 1008484
-393458 1008499
-727052 854983
-949960 571305
-1028249 200647
-949995 -200558
-727112 -571229
-393532 -854935
-40 -1008484
393458 -1008499
727055 -854978
949963 -571300
1028249 -200647
949995 200558
727112 571229
393532 854935
40 1008484
-393458 1008499
-727055 854978
-949963 571300
-1028249 200647
-949995 -200558
-727112 -571229
-393532 -854935
-40 -1008484
393458 -1008499
727055 -854978
949963 -571300
1028249 -200647
949995 200558
727112 571229
393532 854935
40 1008484
-393458 1008499
-727055 854978
-949963 571300
-1028249 200647
-949995 -200558
-727112 -571229
-393532 -854935
-40 -1008484
393458 -1008499
727055 -854978
949963 -571300
1028249 -200647
949995 200558
727112 571229
393532 854935
40 1008484
-393458 1008499
-727055 854978
-949964 571294
-1028252 200643
-949999 -200555
-727116 -571228
-393535 -854936
-41 -1008487
393459 -1008503
727058 -854982
949968 -571297
1028256 -200644
950003 200556
727119 571231
393537 854940
42 1008491
-393460 1008507
-727060 854985
-949970 571299
-1028258 200646
-950005 -200554
-727121 -571229
-393539 -854939
-44 -1008491
393458 -1008508
727059 -854988
949971 -571303
1028261 -200649
950009 200553
727125 571230
393542 854941
45 1008494
-393459 1008512
-727062 854991
-949975 571304
-1028264 200648
-950011 -200555
-727126 -571232
-393542 -854943
-45 -1008496
393459 -1008514
727062 -854993
949976 -571306
1028263 -200642
950010 200561
727128 571231
393543 854944
44 1008498
-393461 1008515
-727064 854993
-949977 571305
-1028263 200640
-950010 -200563
-727128 -571233
-393543 -854946
-44 -1008500
393462 -1008517
727066 -854995
949980 -571307
1028267 -200641
950014 200563
727132 571234
393546 854949
45 1008504
-393462 1008521
-727067 854999
-949982 571311
-1028270 200645
-950018 -200560
-727136 -571232
-393551 -854947
-51 -1008503
393457 -1008523
727064 -855003
949981 -571315
1028271 -200649
950021 200557
727140 571231
393554 854948
52 1008506
-393458 1008527
-727067 855007
-949986 571318
-1028277 200650
-950020 -200566
-727137 -571241
-393555 -854951
-52 -1008510
393459 -1008531
727070 -855011
949990 -571321
1028281 -200651
950024 200566
727141 571242
393559 854953
55 1008512
-393457 1008533
-727068 855013
-949989 571324
-1028281 200655
-950025 -200562
-727144 -571238
-393563 -854950
-59 -1008511
393454 -1008534
727066 -855015
949987 -571326
1028280 -200658
950026 200558
727147 571234
393568 854947
65 1008510
-393448 1008535
-727061 855019
-949985 571333
-1028282 200666
-950031 -200551
-727153 -571230
-393574 -854946
-70 -1008512
393445 -1008540
727061 -855025
949988 -571339
1028286 -200671
950035 200548
727149 571235
393570 854951
75 1008510
-393439 1008539
-727055 855026
-949983 571342
-1028284 200676
-950036 -200542
-727152 -571229
-393574 -854946
-79 -1008507
393435 -1008538
727051 -855027
949979 -571345
1028280 -200680
950034 200537
727153 571223
393578 854940
86 1008502
-393427 1008535
-727043 855026
-949972 571346
-1028275 200683
-950031 -200532
-727152 -571217
-393579 -854934
-89 -1008497
393422 -1008532
727038 -855026
949969 -571349
1028274 -200688
950032 200526
727156 571211
393585 854930
95 1008496
-393417 1008533
-727034 855028
-949965 571352
-1028272 200693
-950033 -200520
-727158 -571206
-393579 -854930
-90 -1008496
393412 -1008530
727029 -855028
949962 -571354
1028270 -200695
950031 200518
727157 571203
393580 854926
92 1008492
-393410 1008526
-727026 855024
-949957 571351
-1028264 200694
-950026 -200517
-727154 -571201
-393578 -854924
-91 -1008490
393409 -1008524
727023 -855022
949953 -571350
1028260 -200695
950023 200514
727153 571196
393579 854918
94 1008484
-393404 1008519
-727017 855020
-949948 571351
-1028257 200698
-950021 -200510
-727151 -571192
-393578 -854914
-95 -1008480
393402 -1008515
727015 -855016
949945 -571348
1028253 -200697
950018 200509
727150 571190
393578 854912
86 1008480
-393412 1008516
-727017 855016
-949947 571347
-1028254 200694
-950017 -200513
-727147 -571193
-393574 -854913
-83 -1008479
393413 -1008513
727016 -855012
949945 -571344
1028252 -200693
950015 200512
727146 571191
393575 854911
85 1008477
-393411 1008512
-727014 855012
-949943 571344
-1028250 200693
-950013 -200512
-727144 -571190
-393573 -854909
-84 -1008475
393411 -1008510
727013 -855010
949940 -571342
1028246 -200692
950010 200511
727143 571188
393574 854907
86 1008473
-393409 1008508
-727011 855008
-949938 571341
-1028244 200692
-950008 -200511
-727141 -571188
-393572 -854906
-84 -1008471
393417 -1008504
727019 -855004
949939 -571338
1028244 -200688
950007 200515
727138 571191
393568 854907
81 1008470
-393419 1008502
-727021 855002
-949941 571336
-1028245 200686
-950007 -200517
-727138 -571193
-393568 -854909
-80 -1008472
393421 -1008503
727022 -855001
949941 -571334
1028245 -200684
950006 200519
727135 571195
393563 854911
74 1008473
-393426 1008502
-727025 854998
-949942 571330
-1028244 200680
-950003 -200523
-727131 -571198
-393559 -854912
-71 -1008472
393428 -1008500
727027 -854996
949943 -571327
1028243 -200676
950001 200526
727129 571200
393557 854913
69 1008472
-393429 1008499
-727031 854990
-949948 571322
-1028245 200675
-950002 -200529
-727128 -571204
-393554 -854917
-64 -1008475
393435 -1008500
727036 -854988
949951 -571317
1028246 -200669
950001 200535
727125 571209
393550 854920
60 1008476
-393439 1008499
-727040 854986
-949954 571315
-1028247 200667
-950001 -200537
-727125 -571211
-393550 -854922
-60 -1008478
393439 -1008501
727040 -854988
949955 -571317
1028249 -200668
950003 200537
727126 571212
393549 854924
58 1008480
-393442 1008503
-727044 854989
-949958 571316
-1028251 200666
-950004 -200539
-727126 -571214
-393549 -854926
-57 -1008482
393444 -1008505
727046 -854991
949961 -571311
1028255 -200661
950008 200538
727130 571214
393552 854927
59 1008484
-393443 1008507
-727047 854993
-949963 571312
-1028257 200660
-950010 -200540
-727131 -571217
-393552 -854931
-58 -1008488
393445 -1008511
727049 -854996
949966 -571314
1028261 -200662
950014 200539
727135 571218
393555 854934
59 1008492
-393446 1008515
-727052 855000
-949970 571317
-1028265 200663
-950018 -200540
-727138 -571220
-393557 -854936
-60 -1008495
393447 -1008519
727054 -855003
949972 -571319
1028267 -200664
950020 200540
727140 571221
393558 854939
60 1008499
-393448 1008523
-727057 855007
-949977 571322
-1028270 200657
-950022 -200549
-727143 -571224
-393559 -854943
-59 -1008503
393450 -1008526
727060 -855009
949981 -571323
1028274 -200657
950026 200549
727147 571224
393563 854944
62 1008506
-393449 1008531
-727061 855015
-949984 571329
-1028279 200662
-950032 -200547
-727153 -571225
-393568 -854947
-65 -1008510
393448 -1008535
727061 -855019
949985 -571333
1028282 -200666
950037 200543
727159 571223
393573 854948
68 1008513
-393447 1008539
-727062 855023
-949987 571337
-1028284 200669
-950039 -200542
-727161 -571223
-393575 -854948
-70 -1008514
393446 -1008542
727063 -855027
949990 -571340
1028288 -200670
950037 200550
727159 571231
393579 854949
74 1008516
-393442 1008544
-727059 855029
-949987 571343
-1028287 200675
-950038 -200544
-727162 -571225
-393584 -854944
-80 -1008514
393437 -1008546
727057 -855034
949988 -571349
1028290 -200680
950042 200541
727166 571224
393587 854945
81 1008516
-393437 1008548
-727057 855036
-949988 571351
-1028290 200682
-950043 -200539
-727168 -571222
-393590 -854943
-85 -1008515
393433 -1008548
727053 -855037
949985 -571354
1028290 -200687
950046 200534
727172 571219
393594 854942
89 1008516
-393430 1008551
-727052 855041
-949986 571358
-1028292 200690
-950048 -200532
-727166 -571224
-393588 -854947
-91 -1008514
393428 -1008550
727051 -855042
949986 -571360
1028292 -200692
950048 200530
727167 571222
393590 854945
94 1008512
-393423 1008548
-727045 855041
-949981 571361
-1028289 200695
-950047 -200526
-727168 -571218
-393592 -854942
-96 -1008511
393422 -1008549
727045 -855043
949981 -571363
1028290 -200697
950049 200524
727170 571217
393594 854942
98 1008511
-393420 1008549
-727043 855043
-949979 571363
-1028288 200698
-950048 -200522
-727170 -571215
-393586 -854944
-90 -1008512
393419 -1008545
727041 -855040
949977 -571362
1028286 -200698
950046 200521
727169 571212
393587 854940
93 1008509
-393415 1008544
-727037 855040
-949973 571362
-1028282 200699
-950043 -200518
-727168 -571208
-393587 -854936
-94 -1008505
393412 -1008540
727032 -855037
949967 -571362
1028277 -200702
950040 200514
727167 571203
393589 854930
98 1008500
-393408 1008537
-727028 855036
-949963 571362
-1028274 200703
-950039 -200511
-727168 -571199
-393591 -854927
-101 -1008498
393404 -1008536
727025 -855037
949962 -571365
1028274 -200707
950039 200507
727168 571195
393592 854923
95 1008496
-393410 1008535
-727022 855035
-949958 571364
-1028270 200707
-950036 -200506
-727167 -571193
-393592 -854921
-95 -1008494
393410 -1008533
727022 -855033
949958 -571362
1028270 -200705
950035 200508
727164 571195
393588 854922
92 1008493
-393411 1008530
-727021 855029
-949955 571358
-1028266 200702
-950031 -200510
-727160 -571196
-393584 -854921
-88 -1008490
393414 -1008526
727022 -855025
949954 -571354
1028263 -200699
950027 200511
727157 571195
393583 854919
89 1008488
-393412 1008524
-727020 855023
-949952 571352
-1028261 200697
-950025 -200512
-727155 -571195
-393581 -854918
-87 -1008486
393420 -1008520
727028 -855019
949953 -571350
1028260 -200695
950023 200514
727153 571196
393579 854918
85 1008486
-393422 1008520
-727029 855018
-949953 571348
-1028260 200693
-950022 -200516
-727150 -571198
-393575 -854919
-82 -1008485
393423 -1008517
727029 -855014
949952 -571344
1028257 -200689
950018 200519
727146 571199
393571 854919
78 1008484
-393426 1008514
-727030 855010
-949951 571340
-1028255 200686
-950015 -200521
-727142 -571200
-393568 -854918
-76 -1008482
393428 -1008512
727031 -855008
949951 -571338
1028254 -200684
950013 200522
727140 571200
393566 854917
75 1008479
-393427 1008508
-727033 855000
-949954 571331
-1028254 200682
-950013 -200524
-727140 -571202
-393566 -854919
-75 -1008481
393428 -1008510
727035 -855001
949956 -571331
1028256 -200681
950014 200527
727139 571206
393563 854923
70 1008484
-393434 1008511
-727040 855000
-949959 571328
-1028257 200677
-950013 -200531
-727136 -571210
-393558 -854926
-64 -1008485
393439 -1008510
727044 -854997
949962 -571324
1028258 -200673
950013 200535
727136 571214
393558 854930
64 1008489
-393440 1008514
-727046 855001
-949964 571327
-1028260 200674
-950015 -200535
-727138 -571214
-393559 -854931
-63 -1008491
393442 -1008515
727048 -855001
949967 -571320
1028264 -200667
950018 200536
727139 571216
393559 854933
63 1008493
-393442 1008517
-727049 855003
-949969 571322
-1028266 200669
-950021 -200534
-727143 -571215
-393563 -854933
-66 -1008494
393441 -1008520
727050 -855007
949971 -571325
1028268 -200670
950022 200535
727143 571217
393563 854935
66 1008496
-393442 1008522
-727052 855008
-949973 571325
-1028270 200670
-950024 -200535
-727144 -571218
-393562 -854937
-64 -1008498
393444 -1008523
727054 -855008
949975 -571325
1028272 -200670
950026 200536
727146 571220
393563 854940
63 1008502
-393446 1008527
-727056 855011
-949977 571326
-1028271 200661
-950025 -200545
-727148 -571220
-393565 -854940
-65 -1008502
393444 -1008527
727054 -855012
949976 -571329
1028272 -200665
950028 200541
727152 571217
393569 854939
68 1008503
-393443 1008530
-727055 855016
-949979 571332
-1028276 200667
-950032 -200540
-727156 -571218
-393573 -854942
-71 -1008508
393442 -1008536
727056 -855022
949982 -571338
1028281 -200672
950038 200537
727162 571217
393578 854943
75 1008510
-393439 1008539
-727055 855026
-949983 571342
-1028284 200676
-950043 -200534
-727168 -571216
-393584 -854944
-80 -1008514
393437 -1008546
727057 -855034
949988 -571349
1028290 -200680
950042 200541
727166 571224
393587 854945
81 1008516
-393437 1008548
-727057 855036
-949988 571351
-1028290 200682
-950043 -200539
-727168 -571222
-393590 -854943
-85 -1008515
393433 -1008548
727053 -855037
949985 -571354
1028290 -200687
950046 200534
727172 571219
393594 854942
89 1008516
-393430 1008551
-727052 855041
-949986 571358
-1028292 200690
-950048 -200532
-727174 -571218
-393596 -854942
-91 -1008516
393428 -1008552
727051 -855044
949987 -571362
1028295 -200694
950052 200529
727179 571216
393601 854942
94 1008519
-393427 1008556
-727052 855048
-949989 571365
-1028297 200696
-950055 -200527
-727174 -571222
-393595 -854948
-97 -1008517
393423 -1008555
727048 -855048
949985 -571366
1028294 -200698
950053 200525
727173 571219
393596 854944
99 1008513
-393420 1008551
-727043 855045
-949979 571365
-1028288 200700
-950048 -200520
-727170 -571213
-393595 -854938
-100 -1008507
393417 -1008546
727039 -855042
949975 -571364
1028284 -200700
950045 200519
727169 571210
393596 854934
103 1008504
-393413 1008544
-727035 855041
-949972 571365
-1028283 200703
-950045 -200515
-727170 -571206
-393599 -854930
-107 -1008501
393409 -1008543
727031 -855042
949968 -571368
1028280 -200707
950045 200510
727173 571201
393594 854932
102 1008504
-393405 1008542
-727027 855042
-949964 571368
-1028276 200708
-950041 -200508
-727170 -571198
-393593 -854927
-103 -1008498
393402 -1008536
727023 -855037
949960 -571365
1028272 -200707
950037 200507
727166 571195
393590 854922
102 1008492
-393401 1008530
-727020 855032
-949956 571362
-1028268 200706
-950034 -200506
-727165 -571193
-393590 -854920
-102 -1008490
393400 -1008528
727017 -855030
949952 -571361
1028265 -200707
950032 200504
727163 571190
393589 854916
103 1008486
-393398 1008525
-727015 855028
-949949 571359
-1028260 200705
-950027 -200504
-727160 -571187
-393588 -854912
-95 -1008484
393406 -1008523
727014 -855024
949947 -571356
1028258 -200704
950025 200504
727158 571187
393586 854911
94 1008481
-393405 1008519
-727012 855021
-949945 571354
-1028256 200702
-950022 -200506
-727154 -571188
-393583 -854910
-92 -1008479
393407 -1008517
727013 -855018
949944 -571350
1028254 -200699
950020 200507
727152 571188
393581 854910
91 1008478
-393406 1008515
-727011 855017
-949942 571350
-1028252 200699
-950018 -200507
-727150 -571188
-393579 -854910
-89 -1008478
393408 -1008514
727012 -855014
949941 -571346
1028249 -200695
950014 200510
727146 571189
393575 854909
86 1008475
-393416 1008508
-727020 855008
-949942 571342
-1028248 200691
-950011 -200514
-727142 -571192
-393571 -854910
-82 -1008474
393419 -1008506
727021 -855006
949942 -571340
1028248 -200689
950011 200516
727141 571194
393569 854912
80 1008476
-393421 1008507
-727023 855005
-949943 571338
-1028247 200687
-950009 -200517
-727139 -571194
-393567 -854911
-78 -1008474
393423 -1008505
727025 -855003
949945 -571335
1028248 -200683
950008 200521
727137 571197
393565 854913
76 1008475
-393425 1008504
-727026 855000
-949944 571331
-1028246 200679
-950005 -200525
-727133 -571200
-393561 -854914
-72 -1008474
393428 -1008502
727032 -854994
949951 -571326
1028250 -200679
950009 200526
727136 571203
393562 854919
71 1008480
-393431 1008507
-727036 854997
-949955 571327
-1028253 200678
-950010 -200528
-727136 -571205
-393561 -854921
-69 -1008482
393433 -1008509
727038 -854998
949957 -571327
1028255 -200677
950012 200530
727137 571208
393560 854925
66 1008486
-393438 1008512
-727044 854999
-949962 571326
-1028258 200675
-950013 -200533
-727136 -571212
-393558 -854928
-64 -1008487
393440 -1008512
727046 -854999
949964 -571325
1028260 -200672
950014 200537
727135 571216
393555 854932
60 1008490
-393444 1008513
-727050 854998
-949968 571316
-1028263 200663
-950016 -200540
-727136 -571220
-393555 -854936
-59 -1008494
393446 -1008517
727052 -855002
949970 -571319
1028266 -200665
950020 200538
727140 571219
393558 854937
60 1008497
-393447 1008521
-727055 855005
-949975 571321
-1028272 200666
-950025 -200540
-727143 -571224
-393559 -854943
-59 -1008503
393450 -1008526
727060 -855009
949981 -571323
1028277 -200665
950029 200542
727147 571226
393562 854946
60 1008507
-393451 1008530
-727062 855012
-949983 571325
-1028279 200666
-950030 -200543
-727146 -571228
-393560 -854947
-58 -1008507
393453 -1008530
727064 -855012
949985 -571325
1028278 -200658
950030 200550
727150 571227
393564 854948
61 1008510
-393452 1008534
-727065 855016
-949987 571328
-1028281 200660
-950034 -200549
-727154 -571228
-393567 -854951
-62 -1008514
393452 -1008538
727065 -855020
949988 -571332
1028283 -200663
950036 200547
727156 571226
393569 854949
65 1008512
-393448 1008537
-727062 855021
-949987 571335
-1028284 200667
-950039 -200544
-727160 -571225
-393573 -854950
-68 -1008515
393447 -1008541
727063 -855025
949989 -571338
1028286 -200669
950035 200550
727157 571230
393577 854947
72 1008514
-393444 1008542
-727061 855027
-949988 571341
-1028287 200673
-950038 -200546
-727161 -571227
-393581 -854946
-76 -1008515
393440 -1008545
727058 -855032
949987 -571347
1028288 -200679
950040 200541
727164 571224
393586 854944
82 1008514
-393435 1008546
-727055 855035
-949986 571351
-1028289 200683
-950043 -200537
-727168 -571220
-393590 -854941
-86 -1008513
393431 -1008547
727051 -855037
949983 -571354
1028288 -200687
950044 200533
727171 571217
393594 854940
89 1008514
-393429 1008549
-727050 855040
-949984 571358
-1028290 200691
-950046 -200530
-727165 -571222
-393588 -854945
-92 -1008512
393425 -1008548
727046 -855040
949980 -571359
1028287 -200694
950045 200525
727166 571216
393591 854939
96 1008507
-393421 1008545
-727042 855039
-949977 571360
-1028286 200696
-950046 -200523
-727168 -571214
-393593 -854938
-98 -1008507
393419 -1008545
727041 -855040
949977 -571362
1028286 -200698
950046 200521
727169 571212
393596 854936
102 1008506
-393415 1008546
-727037 855042
-949973 571364
-1028283 200701
-950045 -200517
-727170 -571208
-393598 -854932
-105 -1008502
393411 -1008543
727033 -855041
949970 -571365
1028281 -200703
950044 200514
727170 571204
393590 854933
98 1008504
-393409 1008541
-727031 855040
-949968 571366
-1028280 200705
-950044 -200512
-727171 -571202
-393592 -854931
-100 -1008502
393406 -1008539
727027 -855038
949964 -571364
1028276 -200704
950040 200512
727167 571201
393589 854928
99 1008498
-393406 1008535
-727026 855034
-949961 571361
-1028272 200703
-950037 -200511
-727166 -571199
-393589 -854926
-99 -1008496
393405 -1008533
727024 -855033
949959 -571361
1028270 -200703
950035 200510
727164 571197
393588 854924
100 1008494
-393403 1008532
-727022 855033
-949958 571362
-1028270 200705
-950035 -200508
-727164 -571195
-393588 -854922
-92 -1008493
393411 -1008530
727021 -855029
949955 -571358
1028266 -200702
950031 200510
727160 571196
393584 854921
88 1008490
-393414 1008526
-727022 855025
-949954 571354
-1028263 200699
-950027 -200511
-727157 -571195
-393583 -854919
-89 -1008488
393412 -1008524
727020 -855023
949952 -571352
1028261 -200697
950025 200512
727155 571195
393581 854918
87 1008486
-393413 1008522
-727019 855021
-949950 571351
-1028259 200697
-950023 -200512
-727153 -571194
-393580 -854916
-88 -1008484
393411 -1008520
727017 -855020
949948 -571351
1028257 -200698
950021 200510
727151 571192
393578 854914
86 1008482
-393419 1008516
-727025 855015
-949949 571347
-1028256 200694
-950019 -200513
-727149 -571194
-393576 -854915
-84 -1008481
393421 -1008514
727027 -855013
949950 -571344
1028256 -200690
950018 200517
727147 571197
393574 854917
82 1008483
-393423 1008515
-727028 855012
-949950 571342
-1028255 200688
-950016 -200519
-727144 -571199
-393570 -854918
-78 -1008482
393426 -1008512
727029 -855008
949949 -571338
1028252 -200684
950011 200522
727138 571200
393564 854917
73 1008479
-393429 1008508
-727031 855004
-949950 571334
-1028252 200680
-950011 -200526
-727138 -571204
-393563 -854921
-71 -1008482
393431 -1008509
727036 -854999
949955 -571329
1028254 -200680
950013 200526
727140 571204
393565 854921
72 1008483
-393432 1008511
-727038 855000
-949957 571329
-1028255 200679
-950012 -200528
-727137 -571206
-393561 -854923
-68 -1008484
393435 -1008510
727040 -854998
949958 -571326
1028254 -200675
950009 200532
727133 571209
393557 854924
65 1008483
-393437 1008508
-727042 854996
-949960 571324
-1028256 200673
-950011 -200534
-727134 -571211
-393556 -854926
-62 -1008485
393441 -1008509
727045 -854995
949962 -571322
1028258 -200671
950012 200537
727134 571215
393556 854930
62 1008489
-393442 1008513
-727048 854999
-949966 571318
-1028262 200666
-950016 -200536
-727137 -571216
-393557 -854932
-61 -1008491
393444 -1008515
727050 -855000
949968 -571318
1028264 -200665
950018 200538
727139 571218
393559 854935
62 1008495
-393445 1008519
-727053 855004
-949973 571321
-1028270 200666
-950024 -200539
-727144 -571222
-393561 -854941
-61 -1008501
393448 -1008525
727058 -855009
949979 -571324
1028276 -200667
950029 200540
727147 571224
393563 854944
62 1008506
-393449 1008531
-727061 855015
-949984 571329
-1028282 200670
-950035 -200540
-727152 -571227
-393565 -854949
-61 -1008512
393452 -1008536
727065 -855018
949988 -571330
1028283 -200661
950036 200549
727156 571228
393569 854951
64 1008514
-393451 1008539
-727066 855022
-949991 571334
-1028287 200664
-950040 -200548
-727160 -571229
-393572 -854954
-65 -1008519
393452 -1008545
727069 -855027
949995 -571337
1028291 -200666
950044 200547
727163 571230
393574 854956
67 1008521
-393450 1008547
-727067 855030
-949994 571341
-1028292 200670
-950047 -200543
-727168 -571227
-393579 -854956
-70 -1008524
393449 -1008551
727068 -855034
949997 -571345
1028296 -200673
950051 200542
727172 571227
393583 854956
74 1008525
-393446 1008554
-727067 855038
-949997 571349
-1028297 200677
-950047 -200546
-727168 -571231
-393586 -854953
-78 -1008524
393442 -1008555
727064 -855041
949996 -571353
1028298 -200681
950050 200543
727172 571230
393589 854954
79 1008526
-393443 1008557
-727066 855043
-949999 571355
-1028302 200682
-950054 -200543
-727176 -571230
-393593 -854954
-83 -1008527
393439 -1008560
727063 -855047
949997 -571359
1028301 -200686
950054 200539
727177 571226
393596 854951
87 1008526
-393435 1008560
-727059 855048
-949994 571362
-1028300 200691
-950056 -200533
-727182 -571221
-393602 -854948
-93 -1008525
393430 -1008562
727057 -855053
949995 -571368
1028303 -200696
950060 200530
727177 571227
393596 854955
95 1008525
-393428 1008562
-727055 855053
-949994 571369
-1028303 200698
-950060 -200528
-727178 -571225
-393598 -854953
-97 -1008523
393426 -1008560
727053 -855052
949992 -571369
1028302 -200699
950061 200526
727180 571223
393600 854952
99 1008524
-393425 1008563
-727053 855056
-949992 571373
-1028302 200703
-950061 -200522
-727181 -571219
-393603 -854948
-103 -1008521
393421 -1008562
727049 -855056
949989 -571374
1028301 -200705
950062 200520
727183 571217
393605 854946
106 1008519
-393416 1008560
-727044 855056
-949986 571377
-1028300 200710
-950063 -200514
-727186 -571212
-393600 -854948
-100 -1008523
393415 -1008561
727044 -855058
949986 -571379
1028300 -200712
950063 200512
727186 571210
393601 854946
102 1008521
-393412 1008559
-727040 855056
-949982 571377
-1028296 200710
-950059 -200513
-727183 -571209
-393599 -854943
-101 -1008517
393411 -1008555
727037 -855053
949978 -571376
1028292 -200711
950056 200511
727181 571207
393598 854941
101 1008515
-393411 1008553
-727037 855051
-949977 571374
-1028290 200710
-950054 -200510
-727180 -571204
-393599 -854937
-104 -1008511
393407 -1008550
727033 -855050
949974 -571375
1028289 -200712
950055 200508
727182 571203
393601 854937
97 1008513
-393415 1008552
-727033 855050
-949974 571375
-1028289 200712
-950055 -200508
-727182 -571203
-393601 -854937
-97 -1008513
393415 -1008552
727033 -855050
949974 -571375
1028289 -200712
950055 200508
727182 571203
393601 854937
97 1008513
-393415 1008552
-727033 855050
-949974 571375
-1028289 200712
-950055 -200508
-727182 -571203
-393601 -854937
-97 -1008513
393415 -1008552
727033 -855050
949974 -571375
1028289 -200712
950055 200508
727182 571203
393601 854937
97 1008513
-393415 1008552
-727033 855050
-949974 571375
-1028289 200712
-950055 -200508
-727182 -571203
-393601 -854937
-97 -1008513
393422 -1008551
727041 -855049
949975 -571374
1028288 -200710
950052 200510
727178 571204
393597 854936
94 1008510
-393423 1008546
-727040 855043
-949972 571369
-1028284 200707
-950048 -200511
-727174 -571203
-393593 -854934
-90 -1008508
393427 -1008544
727044 -855041
949976 -571366
1028287 -200702
950049 200518
727173 571211
393590 854941
86 1008513
-393431 1008547
-727048 855042
-949979 571365
-1028288 200700
-950048 -200520
-727170 -571213
-393586 -854942
-82 -1008512
393434 -1008544
727053 -855033
949983 -571356
1028288 -200696
950047 200524
727168 571216
393584 854944
80 1008514
-393437 1008546
-727057 855034
-949987 571356
-1028291 200695
-950049 -200526
-727169 -571219
-393583 -854948
-77 -1008517
393441 -1008547
727060 -855033
949989 -571353
1028292 -200690
950048 200532
727166 571224
393579 854951
73 1008518
-393444 1008546
-727062 855031
-949990 571351
-1028292 200688
-950048 -200534
-727166 -571226
-393578 -854953
-71 -1008520
393447 -1008548
727066 -855032
949994 -571350
1028295 -200686
950049 200536
727166 571228
393578 854955
71 1008522
-393447 1008550
-727066 855034
-949995 571345
-1028298 200681
-950053 -200535
-727169 -571229
-393579 -854958
-70 -1008526
393449 -1008553
727069 -855036
949999 -571347
1028302 -200682
950057 200536
727173 571232
393582 854962
71 1008530
-393450 1008557
-727071 855039
-950001 571348
-1028304 200682
-950059 -200536
-727175 -571232
-393584 -854963
-72 -1008533
393451 -1008561
727074 -855043
950005 -571351
1028308 -200683
950062 200537
727176 571235
393583 854967
70 1008536
-393453 1008563
-727076 855045
-950008 571353
-1028312 200684
-950066 -200538
-727179 -571237
-393585 -854969
-71 -1008539
393454 -1008567
727079 -855048
950012 -571354
1028312 -200676
950065 200545
727181 571236
393586 854970
71 1008541
-393455 1008569
-727081 855050
-950014 571356
-1028314 200677
-950067 -200546
-727183 -571238
-393588 -854972
-72 -1008543
393455 -1008571
727081 -855052
950015 -571358
1028317 -200679
950071 200544
727187 571237
393592 854973
75 1008546
-393454 1008575
-727082 855056
-950017 571361
-1028319 200680
-950073 -200545
-727189 -571239
-393593 -854975
-75 -1008548
393454 -1008577
727083 -855058
950019 -571363
1028321 -200682
950075 200543
727191 571238
393595 854976
77 1008550
-393453 1008580
-727083 855062
-950020 571367
-1028324 200686
-950074 -200548
-727191 -571244
-393601 -854975
-82 -1008552
393450 -1008584
727082 -855066
950021 -571371
1028326 -200689
950076 200546
727193 571242
393603 854973
84 1008550
-393448 1008583
-727080 855067
-950019 571373
-1028325 200692
-950077 -200542
-727195 -571239
-393606 -854971
-88 -1008549
393444 -1008584
727077 -855069
950018 -571376
1028326 -200696
950079 200539
727198 571237
393610 854970
92 1008549
-393440 1008584
-727073 855070
-950015 571379
-1028325 200700
-950080 -200535
-727201 -571233
-393614 -854967
-96 -1008548
393437 -1008585
727072 -855073
950016 -571383
1028328 -200704
950085 200531
727199 571237
393611 854973
100 1008549
-393433 1008588
-727069 855077
-950014 571387
-1028326 200708
-950084 -200527
-727199 -571233
-393612 -854969
-103 -1008545
393429 -1008585
727065 -855076
950011 -571388
1028325 -200710
950084 200525
727200 571231
393614 854967
105 1008544
-393427 1008585
-727063 855077
-950009 571390
-1028324 200713
-950085 -200521
-727202 -571228
-393617 -854965
-109 -1008543
393423 -1008586
727060 -855079
950008 -571393
1028324 -200717
950085 200517
727203 571224
393619 854962
111 1008541
-393421 1008584
-727058 855078
-950006 571393
-1028322 200717
-950083 -200517
-727201 -571223
-393609 -854964
-102 -1008542
393420 -1008580
727055 -855074
950002 -571390
1028318 -200716
950080 200516
727200 571221
393609 854962
102 1008540
-393420 1008578
-727054 855072
-949999 571388
-1028314 200715
-950076 -200515
-727196 -571218
-393606 -854957
-101 -1008534
393419 -1008572
727051 -855066
949994 -571383
1028308 -200712
950070 200516
727191 571217
393603 854954
101 1008529
-393416 1008567
-727047 855063
-949990 571382
-1028304 200713
-950067 -200513
-727190 -571213
-393604 -854950
-103 -1008526
393413 -1008565
727043 -855062
949987 -571383
1028303 -200715
950067 200511
727190 571211
393604 854948
95 1008525
-393422 1008564
-727044 855060
-949986 571381
-1028301 200714
-950065 -200511
-727188 -571210
-393603 -854946
-95 -1008523
393421 -1008562
727042 -855058
949984 -571379
1028298 -200712
950061 200512
727185 571209
393601 854944
94 1008521
-393421 1008560
-727042 855056
-949984 571377
-1028298 200710
-950061 -200514
-727184 -571211
-393599 -854945
-92 -1008520
393422 -1008557
727041 -855052
949981 -571373
1028294 -200707
950057 200515
727180 571211
393595 854944
89 1008518
-393424 1008555
-727043 855050
-949982 571371
-1028293 200705
-950055 -200517
-727178 -571212
-393593 -854944
-87 -1008517
393432 -1008551
727050 -855045
949982 -571367
1028292 -200701
950052 200520
727174 571213
393590 854943
85 1008515
-393433 1008548
-727049 855041
-949979 571363
-1028288 200698
-950048 -200522
-727170 -571215
-393586 -854944
-82 -1008514
393435 -1008546
727051 -855039
949981 -571361
1028289 -200695
950047 200526
727168 571218
393583 854946
78 1008515
-393438 1008545
-727053 855037
-949982 571359
-1028289 200693
-950047 -200528
-727167 -571220
-393581 -854948
-75 -1008517
393442 -1008546
727056 -855036
949983 -571356
1028288 -200689
950044 200531
727163 571221
393577 854947
72 1008514
-393444 1008542
-727061 855027
-949987 571347
-1028287 200685
-950042 -200535
-727160 -571225
-393573 -854950
-68 -1008515
393447 -1008541
727063 -855025
949989 -571345
1028289 -200683
950043 200537
727160 571227
393573 854952
68 1008517
-393448 1008543
-727065 855026
-949991 571344
-1028290 200680
-950042 -200541
-727157 -571231
-393568 -854955
-62 -1008518
393453 -1008542
727068 -855023
949992 -571340
1028289 -200676
950040 200545
727155 571234
393566 854957
59 1008520
-393457 1008543
-727072 855023
-949996 571339
-1028293 200674
-950043 -200548
-727156 -571239
-393565 -854963
-57 -1008525
393460 -1008547
727076 -855026
950000 -571334
1028297 -200669
950047 200546
727160 571237
393569 854962
60 1008526
-393458 1008549
-727075 855028
-950001 571336
-1028299 200670
-950049 -200547
-727161 -571240
-393568 -854966
-57 -1008530
393463 -1008553
727081 -855031
950007 -571337
1028305 -200669
950054 200550
727164 571245
393569 854972
56 1008536
-393466 1008558
-727085 855034
-950011 571338
-1028308 200668
-950056 -200552
-727166 -571247
-393570 -854974
-56 -1008538
393466 -1008560
727086 -855036
950013 -571339
1028310 -200668
950057 200553
727165 571249
393568 854976
54 1008539
-393468 1008560
-727088 855036
-950015 571339
-1028309 200660
-950057 -200560
-727169 -571248
-393572 -854977
-57 -1008542
393467 -1008564
727089 -855040
950017 -571343
1028312 -200663
950061 200559
727173 571249
393575 854980
58 1008546
-393468 1008568
-727091 855043
-950019 571344
-1028314 200663
-950063 -200559
-727175 -571249
-393577 -854980
-60 -1008547
393467 -1008571
727092 -855047
950022 -571348
1028318 -200666
950067 200558
727179 571250
393580 854983
61 1008551
-393467 1008575
-727093 855051
-950025 571352
-1028323 200669
-950073 -200557
-727184 -571251
-393583 -854986
-62 -1008556
393469 -1008581
727098 -855057
950031 -571356
1028329 -200670
950072 200566
727181 571261
393585 854988
64 1008558
-393467 1008583
-727096 855059
-950030 571359
-1028329 200674
-950073 -200562
-727184 -571257
-393589 -854985
-68 -1008557
393463 -1008584
727093 -855062
950029 -571363
1028330 -200678
950075 200559
727187 571255
393593 854984
71 1008558
-393462 1008586
-727093 855064
-950029 571365
-1028330 200680
-950076 -200557
-727189 -571254
-393595 -854984
-73 -1008558
393460 -1008587
727092 -855066
950030 -571367
1028333 -200682
950080 200555
727193 571253
393599 854985
76 1008561
-393459 1008591
-727092 855070
-950031 571371
-1028335 200685
-950082 -200554
-727186 -571260
-393591 -854991
-77 -1008559
393457 -1008589
727090 -855069
950029 -571372
1028334 -200688
950083 200550
727189 571256
393595 854988
81 1008558
-393453 1008590
-727087 855071
-950027 571374
-1028332 200690
-950082 -200547
-727190 -571252
-393598 -854984
-86 -1008554
393447 -1008587
727081 -855071
950022 -571377
1028330 -200695
950083 200541
727193 571246
393603 854979
92 1008551
-393441 1008586
-727076 855072
-950019 571380
-1028328 200699
-950082 -200537
-727194 -571242
-393605 -854975
-94 -1008548
393439 -1008585
727074 -855072
950017 -571380
1028327 -200700
950082 200535
727194 571240
393596 854978
85 1008551
-393438 1008583
-727072 855071
-950015 571381
-1028325 200702
-950080 -200533
-727193 -571238
-393597 -854976
-87 -1008549
393436 -1008581
727069 -855069
950011 -571379
1028321 -200701
950077 200532
727191 571236
393595 854974
85 1008547
-393437 1008579
-727069 855067
-950010 571377
-1028319 200699
-950075 -200533
-727189 -571235
-393594 -854971
-86 -1008543
393435 -1008575
727066 -855063
950006 -571374
1028315 -200698
950071 200533
727185 571235
393590 854970
74 1008542
-393446 1008573
-727067 855059
-950005 571370
-1028312 200694
-950066 -200536
-727180 -571235
-393587 -854968
-73 -1008539
393446 -1008569
727067 -855055
950005 -571366
1028311 -200690
950064 200539
727177 571237
393583 854969
69 1008538
-393449 1008566
-727068 855051
-950004 571362
-1028309 200687
-950062 -200541
-727175 -571239
-393581 -854970
-67 -1008538
393451 -1008566
727069 -855050
950003 -571360
1028306 -200685
950058 200542
727171 571238
393577 854968
64 1008535
-393452 1008561
-727068 855044
-950001 571355
-1028304 200682
-950055 -200544
-727167 -571239
-393573 -854967
-61 -1008532
393459 -1008555
727074 -855038
950000 -571351
1028301 -200678
950051 200547
727163 571240
393570 854966
59 1008530
-393461 1008553
-727075 855036
-949999 571349
-1028299 200676
-950048 -200549
-727159 -571241
-393566 -854965
-56 -1008527
393462 -1008549
727075 -855032
949999 -571345
1028298 -200672
950046 200552
727157 571243
393564 854967
54 1008529
-393464 1008550
-727076 855031
-949998 571343
-1028296 200671
-950044 -200552
-727155 -571243
-393562 -854967
-52 -1008528
393466 -1008548
727078 -855029
949999 -571340
1028295 -200667
950041 200556
727151 571246
393558 854968
48 1008528
-393470 1008547
-727085 855022
-950006 571333
-1028299 200664
-950044 -200560
-727152 -571250
-393557 -854972
-46 -1008531
393472 -1008549
727087 -855023
950008 -571333
1028301 -200664
950046 200561
727153 571253
393556 854976
43 1008535
-393476 1008552
-727091 855025
-950012 571334
-1028304 200663
-950048 -200563
-727155 -571255
-393558 -854978
-45 -1008537
393475 -1008554
727092 -855027
950014 -571335
1028306 -200662
950049 200565
727154 571257
393556 854980
42 1008539
-393479 1008555
-727095 855026
-950016 571333
-1028307 200660
-950049 -200567
-727154 -571259
-393555 -854982
-40 -1008541
393481 -1008557
727098 -855028
950020 -571328
1028312 -200655
950055 200567
727159 571262
393558 854987
41 1008547
-393482 1008563
-727101 855033
-950025 571331
-1028318 200656
-950060 -200568
-727162 -571265
-393559 -854991
-40 -1008551
393485 -1008567
727105 -855036
950029 -571332
1028321 -200655
950062 200570
727164 571267
393561 854993
41 1008553
-393485 1008569
-727105 855038
-950029 571334
-1028322 200657
-950064 -200569
-727165 -571268
-393560 -854995
-39 -1008555
393487 -1008570
727107 -855038
950031 -571334
1028324 -200657
950066 200569
727167 571268
393562 854996
41 1008557
-393486 1008573
-727108 855042
-950033 571337
-1028323 200651
-950066 -200574
-727172 -571265
-393568 -854995
-46 -1008558
393483 -1008575
727107 -855044
950034 -571339
1028325 -200652
950067 200575
727171 571267
393566 854996
44 1008558
-393485 1008575
-727109 855044
-950036 571339
-1028327 200652
-950069 -200575
-727173 -571267
-393568 -854997
-46 -1008560
393483 -1008577
727107 -855046
950034 -571341
1028325 -200654
950068 200573
727174 571265
393570 854995
48 1008559
-393481 1008578
-727106 855049
-950035 571345
-1028328 200658
-950072 -200570
-727178 -571264
-393574 -854996
-51 -1008562
393480 -1008582
727107 -855053
950038 -571349
1028333 -200661
950072 200577
727178 571272
393579 854997
55 1008564
-393477 1008585
-727105 855057
-950037 571353
-1028333 200665
-950073 -200573
-727180 -571269
-393581 -854996
-56 -1008565
393477 -1008587
727106 -855059
950039 -571355
1028336 -200667
950077 200571
727184 571267
393586 854994
62 1008564
-393472 1008588
-727103 855062
-950038 571359
-1028337 200671
-950079 -200568
-727186 -571266
-393587 -854995
-62 -1008566
393472 -1008590
727103 -855064
950038 -571361
1028337 -200673
950080 200566
727189 571264
393591 854994
66 1008567
-393469 1008593
-727102 855068
-950039 571365
-1028339 200676
-950082 -200564
-727183 -571269
-393585 -854998
-68 -1008563
393466 -1008589
727097 -855065
950033 -571364
1028334 -200677
950079 200561
727181 571265
393584 854994
69 1008559
-393464 1008586
-727095 855063
-950031 571363
-1028332 200678
-950077 -200559
-727180 -571263
-393585 -854992
-71 -1008558
393462 -1008586
727093 -855064
950029 -571365
1028330 -200680
950076 200557
727180 571261
393585 854990
72 1008556
-393460 1008585
-727091 855064
-950028 571366
-1028331 200682
-950078 -200555
-727183 -571259
-393589 -854989
-76 -1008556
393456 -1008585
727088 -855065
950026 -571368
1028330 -200685
950079 200551
727185 571255
393582 854990
68 1008558
-393455 1008583
-727085 855063
-950022 571367
-1028326 200685
-950075 -200550
-727182 -571253
-393581 -854987
-69 -1008554
393453 -1008580
727083 -855062
950020 -571367
1028324 -200686
950074 200548
727182 571251
393582 854985
71 1008552
-393451 1008578
-727081 855060
-950018 571365
-1028322 200684
-950072 -200549
-727181 -571250
-393582 -854983
-71 -1008550
393450 -1008576
727079 -855059
950016 -571366
1028320 -200686
950070 200547
727179 571248
393580 854981
70 1008548
-393450 1008574
-727079 855057
-950016 571364
-1028320 200684
-950070 -200549
-727179 -571250
-393580 -854983
-61 -1008551
393460 -1008576
727080 -855056
950015 -571362
1028318 -200683
950068 200549
727177 571249
393579 854980
62 1008547
-393458 1008573
-727078 855055
-950013 571362
-1028316 200683
-950066 -200548
-727175 -571247
-393577 -854978
-60 -1008545
393459 -1008570
727077 -855051
950011 -571359
1028314 -200682
950064 200548
727173 571247
393575 854978
59 1008544
-393459 1008568
-727077 855049
-950011 571357
-1028313 200680
-950062 -200549
-727172 -571246
-393576 -854976
-61 -1008543
393457 -1008569
727075 -855051
950009 -571359
1028312 -200682
950062 200547
727172 571244
393576 854974
61 1008541
-393463 1008565
-727081 855047
-950009 571357
-1028311 200680
-950060 -200549
-727170 -571246
-393574 -854975
-59 -1008540
393465 -1008563
727083 -855045
950010 -571355
1028311 -200678
950060 200551
727169 571248
393572 854977
57 1008542
-393467 1008564
-727085 855044
-950011 571352
-1028310 200674
-950057 -200555
-727165 -571251
-393568 -854978
-53 -1008541
393470 -1008561
727086 -855040
950011 -571348
1028309 -200670
950054 200558
727161 571252
393564 854977
50 1008538
-393471 1008557
-727085 855036
-950008 571345
-1028305 200669
-950051 -200557
-727159 -571250
-393562 -854975
-49 -1008536
393471 -1008555
727088 -855029
950011 -571338
1028305 -200667
950050 200559
727157 571251
393560 854975
47 1008536
-393473 1008555
-727090 855029
-950013 571338
-1028307 200666
-950052 -200562
-727158 -571256
-393559 -854981
-44 -1008541
393477 -1008558
727094 -855030
950016 -571337
1028308 -200664
950051 200564
727156 571257
393558 854980
44 1008539
-393477 1008556
-727094 855028
-950016 571335
-1028308 200662
-950051 -200566
-727156 -571259
-393557 -854982
-42 -1008541
393479 -1008557
727096 -855028
950018 -571335
1028310 -200662
950053 200566
727157 571260
393557 854984
41 1008543
-393481 1008559
-727098 855030
-950021 571330
-1028314 200657
-950057 -200565
-727161 -571261
-393560 -854987
-43 -1008547
393480 -1008563
727099 -855034
950023 -571333
1028316 -200658
950059 200565
727163 571261
393562 854987
44 1008548
-393481 1008565
-727101 855035
-950025 571333
-1028318 200658
-950061 -200566
-727165 -571263
-393563 -854990
-43 -1008552
393483 -1008569
727104 -855039
950029 -571336
1028322 -200659
950064 200567
727166 571266
393562 854994
41 1008555
-393486 1008571
-727108 855040
-950033 571335
-1028325 200656
-950065 -200571
-727165 -571270
-393560 -854997
-39 -1008557
393488 -1008572
727110 -855040
950035 -571335
1028324 -200648
950065 200578
727169 571269
393564 854998
42 1008560
-393487 1008577
-727111 855046
-950038 571340
-1028329 200651
-950070 -200578
-727173 -571271
-393567 -855001
-43 -1008564
393488 -1008581
727113 -855049
950040 -571342
1028331 -200653
950073 200576
727177 571270
393570 855002
45 1008566
-393486 1008583
-727112 855052
-950041 571346
-1028334 200657
-950077 -200573
-727181 -571269
-393574 -855002
-48 -1008567
393485 -1008585
727113 -855054
950043 -571348
1028336 -200658
950073 200581
727177 571276
393576 855001
50 1008568
-393483 1008588
-727111 855058
-950042 571352
-1028337 200662
-950076 -200577
-727181 -571273
-393580 -855000
-54 -1008568
393480 -1008589
727110 -855060
950043 -571354
1028339 -200664
950078 200576
727183 571273
393582 855000
56 1008569
-393478 1008591
-727109 855063
-950043 571358
-1028340 200668
-950081 -200572
-727188 -571270
-393588 -854999
-61 -1008570
393475 -1008594
727107 -855067
950042 -571362
1028341 -200672
950083 200568
727190 571267
393590 854998
63 1008570
-393473 1008594
-727106 855068
-950043 571364
-1028343 200673
-950085 -200569
-727183 -571276
-393582 -855006
-63 -1008570
393473 -1008594
727106 -855068
950043 -571364
1028343 -200673
950085 200569
727183 571276
393582 855006
63 1008570
-393473 1008594
-727106 855068
-950043 571364
-1028343 200673
-950085 -200569
-727183 -571276
-393582 -855006
-63 -1008570
393473 -1008594
727106 -855068
950043 -571364
1028343 -200673
950085 200569
727183 571276
393582 855006
63 1008570
-393473 1008594
-727106 855068
-950043 571364
-1028343 200673
-950085 -200569
-727183 -571276
-393582 -855006
-63 -1008570
393473 -1008594
727106 -855068
950043 -571364
1028343 -200673
950085 200569
727183 571276
393573 855010
54 1008573
-393473 1008592
-727105 855066
-950041 571363
-1028341 200674
-950084 -200566
-727184 -571272
-393575 -855007
-56 -1008572
393471 -1008593
727104 -855068
950041 -571365
1028341 -200676
950084 200564
727184 571270
393576 855005
58 1008570
-393469 1008591
-727101 855066
-950037 571364
-1028338 200677
-950083 -200562
-727185 -571268
-393578 -855003
-60 -1008568
393466 -1008589
727097 -855065
950033 -571364
1028334 -200677
950079 200561
727181 571265
393575 854998
60 1008562
-393463 1008584
-727093 855062
-950029 571363
-1028330 200678
-950075 -200559
-727178 -571262
-393574 -854994
-52 -1008560
393471 -1008582
727092 -855058
950027 -571360
1028328 -200677
950074 200558
727179 571260
393576 854992
54 1008558
-393469 1008581
-727090 855058
-950025 571360
-1028326 200677
-950072 -200558
-727177 -571260
-393574 -854992
-52 -1008558
393471 -1008580
727092 -855056
950026 -571358
1028326 -200675
950071 200560
727175 571261
393572 854992
50 1008557
-393472 1008578
-727091 855054
-950024 571356
-1028323 200673
-950067 -200561
-727171 -571261
-393569 -854991
-49 -1008555
393472 -1008576
727091 -855052
950023 -571354
1028321 -200672
950065 200561
727169 571260
393568 854988
49 1008551
-393478 1008570
-727097 855046
-950023 571350
-1028321 200668
-950065 -200565
-727168 -571264
-393565 -854992
-45 -1008554
393482 -1008571
727100 -855045
950024 -571348
1028320 -200666
950063 200566
727166 571264
393563 854992
43 1008554
-393484 1008571
-727102 855045
-950026 571347
-1028321 200663
-950062 -200570
-727164 -571267
-393561 -854993
-41 -1008553
393485 -1008569
727102 -855043
950025 -571345
1028319 -200662
950060 200570
727162 571267
393559 854993
39 1008553
-393487 1008568
-727103 855040
-950025 571341
-1028319 200658
-950059 -200574
-727159 -571271
-393554 -854996
-33 -1008554
393493 -1008567
727112 -855033
950033 -571333
1028321 -200653
950058 200580
727156 571276
393550 854999
29 1008555
-393496 1008566
-727113 855030
-950032 571329
-1028319 200649
-950055 -200583
-727152 -571277
-393546 -854999
-26 -1008554
393498 -1008564
727115 -855028
950034 -571327
1028320 -200647
950055 200585
727152 571279
393546 855001
25 1008556
-393500 1008566
-727117 855030
-950036 571329
-1028323 200649
-950059 -200584
-727156 -571280
-393549 -855003
-27 -1008559
393499 -1008570
727118 -855034
950038 -571332
1028325 -200650
950061 200585
727157 571283
393548 855007
24 1008562
-393503 1008571
-727122 855033
-950042 571323
-1028328 200641
-950062 -200587
-727156 -571285
-393546 -855009
-22 -1008564
393505 -1008573
727124 -855034
950044 -571322
1028330 -200639
950064 200589
727158 571287
393548 855011
24 1008566
-393504 1008575
-727124 855036
-950044 571324
-1028330 200641
-950064 -200587
-727158 -571285
-393548 -855009
-24 -1008564
393503 -1008573
727122 -855035
950043 -571325
1028331 -200643
950066 200586
727160 571285
393550 855010
25 1008567
-393504 1008577
-727125 855038
-950047 571326
-1028334 200642
-950068 -200588
-727162 -571288
-393551 -855014
-24 -1008571
393507 -1008581
727129 -855042
950051 -571329
1028335 -200635
950069 200596
727165 571289
393552 855017
24 1008575
-393508 1008585
-727132 855045
-950056 571331
-1028341 200636
-950075 -200597
-727170 -571292
-393555 -855021
-25 -1008579
393509 -1008589
727135 -855049
950060 -571334
1028345 -200637
950078 200598
727172 571294
393557 855024
26 1008583
-393509 1008593
-727135 855053
-950061 571338
-1028348 200641
-950083 -200595
-727178 -571293
-393562 -855025
-29 -1008586
393508 -1008597
727136 -855057
950063 -571341
1028350 -200643
950085 200593
727180 571292
393564 855025
31 1008587
-393507 1008600
-727137 855061
-950066 571345
-1028355 200646
-950085 -200600
-727180 -571300
-393570 -855026
-36 -1008590
393504 -1008604
727136 -855065
950067 -571349
1028357 -200650
950087 200596
727182 571296
393572 855023
38 1008588
-393502 1008603
-727134 855066
-950065 571351
-1028356 200652
-950088 -200594
-727184 -571295
-393574 -855023
-40 -1008588
393500 -1008603
727132 -855066
950063 -571352
1028354 -200654
950086 200592
727183 571292
393575 855019
43 1008585
-393496 1008602
-727129 855067
-950062 571354
-1028355 200656
-950089 -200590
-727187 -571291
-393579 -855020
-46 -1008588
393494 -1008606
727127 -855071
950061 -571359
1028356 -200662
950091 200585
727182 571294
393575 855023
51 1008584
-393488 1008603
-727121 855070
-950055 571360
-1028351 200665
-950089 -200580
-727183 -571288
-393578 -855018
-55 -1008581
393484 -1008602
727118 -855071
950054 -571362
1028351 -200667
950089 200578
727183 571286
393578 855016
56 1008579
-393482 1008601
-727116 855072
-950052 571364
-1028350 200670
-950090 -200574
-727186 -571282
-393583 -855012
-62 -1008576
393476 -1008600
727110 -855073
950047 -571368
1028347 -200677
950089 200566
727188 571274
393588 855005
68 1008572
-393470 1008599
-727105 855074
-950044 571370
-1028346 200679
-950090 -200564
-727190 -571273
-393581 -855010
-60 -1008577
393470 -1008599
727105 -855074
950044 -571370
1028346 -200679
950090 200564
727190 571273
393581 855010
60 1008577
-393470 1008599
-727105 855074
-950044 571370
-1028346 200679
-950090 -200564
-727190 -571273
-393581 -855010
-60 -1008577
393470 -1008599
727105 -855074
950044 -571370
1028346 -200679
950090 200564
727190 571273
393581 855010
60 1008577
-393470 1008599
-727105 855074
-950044 571370
-1028346 200679
-950090 -200564
-727190 -571273
-393581 -855010
-60 -1008577
393470 -1008599
727105 -855074
950044 -571370
1028346 -200679
950090 200564
727190 571273
393581 855010
52 1008578
-393478 1008599
-727104 855072
-950042 571369
-1028344 200679
-950088 -200563
-727188 -571270
-393579 -855006
-51 -1008574
393478 -1008595
727104 -855068
950041 -571365
1028341 -200676
950084 200564
727184 571270
393576 855005
49 1008572
-393479 1008593
-727103 855066
-950039 571363
-1028339 200674
-950082 -200566
-727182 -571271
-393574 -855004
-48 -1008569
393478 -1008589
727101 -855062
950036 -571360
1028335 -200673
950078 200565
727179 571269
393572 855002
46 1008567
-393480 1008587
-727102 855060
-950036 571358
-1028335 200671
-950078 -200567
-727178 -571271
-393570 -855004
-44 -1008568
393489 -1008585
727112 -855057
950039 -571355
1028336 -200667
950077 200571
727176 571274
393568 855005
42 1008568
-393490 1008584
-727112 855055
-950039 571353
-1028335 200665
-950075 -200573
-727174 -571276
-393566 -855007
-40 -1008570
393493 -1008586
727116 -855056
950042 -571352
1028337 -200662
950076 200577
727173 571280
393563 855010
36 1008571
-393496 1008585
-727117 855054
-950042 571350
-1028336 200660
-950073 -200579
-727169 -571281
-393559 -855010
-32 -1008570
393499 -1008582
727119 -855050
950043 -571346
1028335 -200656
950071 200583
727166 571285
393555 855013
28 1008571
-393503 1008582
-727126 855044
-950049 571338
-1028337 200652
-950072 -200587
-727165 -571289
-393552 -855017
-24 -1008575
393508 -1008585
727132 -855045
950055 -571337
1028342 -200649
950075 200592
727166 571295
393551 855023
21 1008580
-393512 1008588
-727136 855047
-950059 571338
-1028345 200648
-950076 -200594
-727166 -571297
-393551 -855025
-20 -1008582
393515 -1008590
727140 -855048
950063 -571338
1028349 -200647
950079 200597
727167 571301
393550 855029
18 1008586
-393517 1008593
-727142 855049
-950065 571331
-1028351 200641
-950082 -200595
-727171 -571300
-393554 -855029
-21 -1008587
393516 -1008596
727143 -855053
950068 -571334
1028355 -200642
950085 200596
727172 571303
393553 855033
19 1008590
-393518 1008597
-727145 855053
-950070 571334
-1028357 200641
-950087 -200598
-727174 -571305
-393554 -855036
-18 -1008594
393521 -1008601
727149 -855056
950074 -571335
1028361 -200641
950091 200599
727177 571308
393555 855040
17 1008598
-393523 1008604
-727152 855058
-950078 571336
-1028365 200640
-950094 -200602
-727178 -571312
-393555 -855044
-16 -1008602
393526 -1008608
727156 -855061
950082 -571337
1028365 -200631
950093 200611
727180 571312
393557 855044
18 1008603
-393524 1008610
-727155 855063
-950082 571339
-1028366 200633
-950095 -200610
-727182 -571313
-393558 -855047
-17 -1008607
393527 -1008614
727159 -855067
950087 -571343
1028372 -200636
950101 200609
727187 571314
393561 855050
19 1008611
-393526 1008618
-727160 855071
-950089 571346
-1028374 200638
-950103 -200607
-727190 -571312
-393565 -855048
-23 -1008610
393522 -1008619
727157 -855073
950088 -571349
1028375 -200642
950106 200604
727194 571311
393569 855049
26 1008613
-393521 1008624
-727158 855079
-950091 571354
-1028380 200645
-950106 -200611
-727193 -571319
-393573 -855050
-29 -1008615
393520 -1008626
727158 -855081
950091 -571356
1028380 -200647
950106 200609
727194 571317
393575 855048
31 1008614
-393518 1008626
-727156 855082
-950090 571359
-1028381 200651
-950109 -200605
-727198 -571314
-393579 -855047
-35 -1008614
393514 -1008627
727153 -855085
950089 -571363
1028381 -200655
950110 200601
727201 571311
393583 855046
39 1008615
-393511 1008630
-727152 855089
-950089 571367
-1028382 200659
-950112 -200597
-727203 -571307
-393586 -855042
-43 -1008612
393507 -1008629
727148 -855090
950086 -571370
1028381 -200663
950113 200593
727198 571310
393582 855046
47 1008611
-393503 1008629
-727145 855091
-950085 571372
-1028381 200665
-950113 -200591
-727198 -571308
-393582 -855044
-48 -1008609
393501 -1008628
727143 -855091
950083 -571373
1028380 -200668
950114 200587
727201 571304
393587 855040
54 1008606
-393495 1008627
-727137 855092
-950078 571376
-1028377 200672
-950113 -200583
-727202 -571300
-393589 -855037
-57 -1008604
393491 -1008626
727134 -855093
950076 -571378
1028376 -200675
950114 200579
727204 571297
393592 855035
61 1008603
-393487 1008627
-727130 855096
-950073 571383
-1028375 200681
-950115 -200573
-727207 -571291
-393587 -855034
-55 -1008603
393484 -1008623
727126 -855092
950069 -571380
1028371 -200680
950111 200572
727204 571288
393586 855030
56 1008599
-393482 1008619
-727123 855089
-950065 571379
-1028367 200681
-950108 -200570
-727202 -571286
-393585 -855028
-56 -1008597
393481 -1008617
727121 -855087
950063 -571377
1028365 -200679
950106 200571
727200 571286
393583 855027
55 1008594
-393480 1008613
-727118 855084
-950059 571376
-1028361 200680
-950103 -200568
-727200 -571281
-393586 -855022
-60 -1008591
393475 -1008613
727115 -855086
950057 -571378
1028360 -200682
950103 200566
727200 571279
393586 855020
51 1008591
-393485 1008613
-727116 855084
-950057 571376
-1028359 200680
-950101 -200568
-727198 -571281
-393584 -855021
-50 -1008590
393485 -1008611
727116 -855082
950056 -571374
1028357 -200679
950099 200568
727196 571280
393583 855019
50 1008588
-393484 1008609
-727114 855080
-950054 571372
-1028355 200677
-950097 -200569
-727194 -571280
-393581 -855018
-48 -1008586
393485 -1008606
727113 -855076
950051 -571369
1028351 -200676
950093 200568
727191 571277
393580 855014
49 1008582
-393483 1008603
-727111 855075
-950049 571369
-1028349 200676
-950091 -200568
-727189 -571277
-393578 -855014
-47 -1008582
393492 -1008601
727121 -855072
950053 -571366
1028352 -200671
950092 200574
727188 571283
393575 855019
43 1008585
-393496 1008602
-727124 855071
-950054 571364
-1028351 200669
-950089 -200576
-727184 -571284
-393571 -855018
-40 -1008582
393497 -1008597
727123 -855065
950051 -571358
1028347 -200664
950085 200579
727180 571285
393567 855018
36 1008581
-393500 1008595
-727125 855063
-950053 571356
-1028348 200662
-950085 -200581
-727179 -571287
-393565 -855019
-34 -1008581
393502 -1008594
727126 -855061
950052 -571354
1028346 -200660
950082 200583
727175 571289
393561 855020
30 1008580
-393505 1008592
-727132 855054
-950059 571347
-1028349 200657
-950083 -200587
-727174 -571293
-393559 -855024
-28 -1008584
393508 -1008595
727136 -855055
950062 -571346
1028351 -200655
950085 200590
727175 571297
393558 855028
25 1008587
-393512 1008596
-727139 855054
-950064 571344
-1028352 200653
-950084 -200592
-727173 -571299
-393555 -855030
-21 -1008589
393516 -1008598
727143 -855055
950068 -571343
1028355 -200650
950085 200596
727172 571303
393553 855033
19 1008590
-393518 1008597
-727145 855053
-950069 571340
-1028355 200646
-950085 -200600
-727171 -571307
-393550 -855037
-14 -1008593
393524 -1008598
727151 -855052
950075 -571331
1028360 -200637
950088 200603
727173 571311
393551 855041
14 1008597
-393525 1008602
-727153 855055
-950077 571332
-1028362 200636
-950090 -200605
-727174 -571313
-393551 -855043
-13 -1008599
393527 -1008604
727155 -855057
950079 -571334
1028364 -200638
950092 200604
727176 571314
393552 855046
12 1008603
-393529 1008607
-727158 855059
-950083 571335
-1028368 200637
-950095 -200606
-727177 -571316
-393552 -855048
-12 -1008605
393530 -1008609
727160 -855060
950085 -571335
1028370 -200637
950097 200607
727179 571318
393553 855050
12 1008607
-393530 1008611
-727160 855062
-950086 571337
-1028369 200630
-950096 -200614
-727181 -571317
-393555 -855050
-13 -1008608
393530 -1008613
727161 -855064
950088 -571338
1028371 -200630
950098 200615
727183 571319
393557 855053
15 1008612
-393530 1008618
-727164 855070
-950092 571343
-1028375 200633
-950102 -200613
-727187 -571318
-393560 -855054
-16 -1008615
393530 -1008622
727165 -855074
950095 -571347
1028380 -200636
950108 200612
727192 571319
393564 855056
19 1008617
-393529 1008624
-727165 855076
-950095 571349
-1028380 200638
-950109 -200610
-727194 -571318
-393566 -855057
-21 -1008620
393528 -1008628
727166 -855080
950098 -571353
1028385 -200642
950109 200615
727194 571324
393572 855056
26 1008621
-393524 1008631
-727163 855085
-950097 571359
-1028386 200648
-950112 -200610
-727199 -571321
-393578 -855055
-32 -1008622
393519 -1008634
727160 -855089
950096 -571363
1028387 -200652
950114 200606
727201 571317
393580 855052
34 1008620
-393517 1008633
-727158 855090
-950095 571366
-1028387 200656
-950115 -200602
-727204 -571313
-393585 -855048
-40 -1008618
393512 -1008634
727155 -855093
950094 -571370
1028388 -200660
950118 200599
727208 571312
393588 855049
42 1008620
-393510 1008636
-727153 855095
-950093 571373
-1028389 200664
-950120 -200595
-727203 -571315
-393584 -855052
-46 -1008617
393506 -1008635
727150 -855096
950091 -571375
1028387 -200666
950119 200593
727203 571313
393585 855050
49 1008615
-393502 1008634
-727146 855097
-950088 571378
-1028386 200670
-950119 -200589
-727204 -571309
-393587 -855047
-51 -1008614
393500 -1008634
727144 -855097
950086 -571378
1028385 -200671
950120 200587
727206 571308
393589 855047
53 1008614
-393498 1008635
-727142 855099
-950085 571381
-1028385 200675
-950121 -200583
-727209 -571304
-393594 -855044
-59 -1008613
393493 -1008636
727139 -855102
950083 -571385
1028384 -200679
950121 200579
727209 571300
393585 855044
50 1008612
-393492 1008630
-727136 855096
-950079 571380
-1028380 200676
-950117 -200580
-727206 -571299
-393584 -855042
-50 -1008610
393491 -1008628
727134 -855095
950077 -571380
1028378 -200676
950116 200579
727206 571297
393584 855040
51 1008608
-393489 1008626
-727132 855093
-950075 571379
-1028376 200677
-950114 -200577
-727204 -571295
-393583 -855038
-51 -1008606
393488 -1008624
727130 -855092
950073 -571379
1028374 -200677
950112 200577
727203 571294
393583 855036
43 1008606
-393497 1008625
-727131 855091
-950072 571377
-1028372 200676
-950111 -200576
-727203 -571292
-393583 -855034
-43 -1008604
393497 -1008623
727131 -855089
950072 -571375
1028372 -200674
950110 200578
727201 571294
393581 855035
41 1008603
-393498 1008620
-727130 855085
-950069 571371
-1028367 200670
-950104 -200581
-727195 -571295
-393576 -855034
-38 -1008600
393499 -1008616
727129 -855081
950067 -571368
1028365 -200669
950102 200581
727193 571294
393574 855032
36 1008598
-393500 1008613
-727128 855077
-950064 571364
-1028361 200666
-950098 -200582
-727189 -571294
-393571 -855031
-35 -1008596
393507 -1008610
727137 -855075
950067 -571363
1028362 -200663
950097 200586
727187 571297
393569 855032
33 1008595
-393508 1008608
-727136 855073
-950065 571362
-1028360 200664
-950095 -200584
-727185 -571295
-393567 -855030
-32 -1008593
393508 -1008606
727136 -855071
950065 -571360
1028360 -200662
950095 200586
727185 571297
393567 855032
31 1008595
-393510 1008607
-727138 855071
-950067 571359
-1028361 200659
-950094 -200590
-727182 -571300
-393563 -855033
-28 -1008594
393512 -1008605
727139 -855068
950066 -571355
1028359 -200656
950092 200591
727180 571300
393561 855033
26 1008594
-393513 1008604
-727143 855062
-950071 571350
-1028360 200655
-950092 -200593
-727180 -571302
-393560 -855035
-24 -1008595
393515 -1008604
727145 -855061
950072 -571348
1028360 -200653
950091 200595
727178 571304
393558 855036
22 1008595
-393517 1008604
-727147 855061
-950074 571348
-1028362 200653
-950093 -200596
-727179 -571306
-393558 -855038
-21 -1008597
393519 -1008605
727149 -855061
950076 -571347
1028363 -200650
950092 200600
727177 571310
393555 855042
17 1008600
-393523 1008606
-727152 855060
-950078 571345
-1028365 200648
-950094 -200602
-727178 -571312
-393555 -855044
-16 -1008602
393526 -1008608
727156 -855061
950082 -571337
1028368 -200639
950096 200604
727180 571314
393556 855046
16 1008604
-393526 1008610
-727157 855063
-950084 571339
-1028371 200641
-950100 -200603
-727183 -571315
-393557 -855049
-15 -1008608
393529 -1008614
727161 -855066
950088 -571340
1028374 -200640
950101 200606
727183 571319
393557 855053
15 1008612
-393530 1008618
-727164 855070
-950092 571343
-1028378 200641
-950105 -200606
-727186 -571320
-393558 -855055
-14 -1008614
393532 -1008619
727165 -855069
950092 -571341
1028378 -200639
950104 200608
727184 571322
393556 855057
12 1008616
-393534 1008621
-727168 855071
-950096 571343
-1028379 200632
-950105 -200616
-727188 -571322
-393560 -855058
-15 -1008619
393533 -1008625
727169 -855075
950099 -571346
1028383 -200634
950109 200615
727191 571323
393561 855060
15 1008621
-393533 1008627
-727169 855077
-950099 571348
-1028384 200636
-950112 -200613
-727195 -571322
-393565 -855061
-18 -1008623
393532 -1008630
727170 -855081
950102 -571352
1028388 -200639
950116 200612
727199 571323
393568 855064
19 1008628
-393533 1008636
-727173 855087
-950107 571357
-1028394 200642
-950122 -200611
-727205 -571324
-393573 -855067
-22 -1008633
393532 -1008642
727174 -855093
950110 -571363
1028399 -200647
950122 200616
727205 571330
393579 855066
27 1008634
-393528 1008637
-727169 855089
-950103 571360
-1028392 200647
-950117 -200613
-727202 -571325
-393578 -855060
-29 -1008628
393524 -1008640
727166 -855094
950103 -571366
1028394 -200652
950120 200609
727206 571322
393583 855058
35 1008627
-393519 1008641
-727163 855097
-950102 571371
-1028395 200658
-950122 -200604
-727209 -571318
-393587 -855055
-39 -1008626
393515 -1008642
727160 -855100
950101 -571375
1028396 -200662
950125 200600
727213 571315
393591 855054
43 1008626
-393511 1008642
-727156 855101
-950097 571378
-1028393 200667
-950124 -200594
-727206 -571316
-393586 -855055
-47 -1008621
393507 -1008639
727152 -855099
950093 -571377
1028390 -200668
950123 200591
727207 571312
393588 855051
50 1008618
-393503 1008638
-727148 855100
-950090 571379
-1028388 200670
-950121 -200589
-727205 -571310
-393587 -855049
-50 -1008616
393502 -1008636
727146 -855099
950088 -571380
1028387 -200672
950122 200587
727208 571308
393591 855047
55 1008614
-393496 1008635
-727141 855100
-950085 571383
-1028386 200677
-950123 -200581
-727211 -571302
-393596 -855042
-61 -1008612
393491 -1008636
727137 -855102
950081 -571385
1028383 -200680
950122 200577
727212 571298
393589 855043
53 1008613
-393490 1008632
-727135 855099
-950079 571384
-1028381 200680
-950120 -200576
-727210 -571296
-393588 -855041
-54 -1008611
393488 -1008631
727133 -855099
950077 -571384
1028379 -200680
950118 200576
727208 571296
393586 855040
53 1008608
-393487 1008627
-727130 855096
-950073 571383
-1028375 200681
-950115 -200573
-727207 -571291
-393587 -855034
-55 -1008603
393484 -1008623
727126 -855092
950069 -571380
1028371 -200680
950111 200572
727204 571288
393586 855030
56 1008599
-393482 1008619
-727123 855089
-950065 571379
-1028367 200681
-950108 -200570
-727202 -571286
-393585 -855028
-48 -1008598
393490 -1008618
727123 -855087
950065 -571377
1028367 -200679
950107 200572
727200 571288
393583 855029
46 1008598
-393491 1008617
-727122 855085
-950062 571375
-1028363 200678
-950104 -200571
-727199 -571285
-393583 -855025
-47 -1008594
393489 -1008614
727120 -855083
950060 -571373
1028361 -200676
950102 200572
727197 571285
393581 855025
45 1008594
-393491 1008613
-727122 855081
-950061 571371
-1028360 200674
-950099 -200574
-727193 -571286
-393578 -855024
-44 -1008591
393490 -1008609
727119 -855077
950057 -571368
1028356 -200673
950096 200573
727191 571284
393576 855022
42 1008589
-393498 1008605
-727127 855073
-950058 571365
-1028355 200669
-950093 -200577
-727187 -571287
-393572 -855023
-38 -1008588
393502 -1008603
727130 -855070
950059 -571361
1028355 -200665
950092 200581
727184 571290
393568 855024
35 1008587
-393503 1008600
-727129 855066
-950057 571357
-1028352 200661
-950088 -200584
-727180 -571292
-393564 -855025
-31 -1008587
393507 -1008600
727133 -855065
950060 -571355
1028353 -200659
950087 200586
727178 571293
393562 855025
29 1008586
-393508 1008597
-727132 855061
-950057 571351
-1028349 200655
-950083 -200589
-727174 -571295
-393558 -855026
-26 -1008585
393510 -1008595
727138 -855055
950064 -571346
1028353 -200655
950087 200590
727177 571297
393560 855028
27 1008588
-393511 1008599
-727140 855058
-950066 571347
-1028354 200654
-950086 -200592
-727175 -571299
-393557 -855030
-23 -1008589
393514 -1008598
727142 -855056
950068 -571345
1028356 -200652
950088 200594
727176 571301
393557 855032
22 1008591
-393517 1008600
-727146 855057
-950072 571344
-1028359 200649
-950089 -200599
-727175 -571307
-393554 -855038
-18 -1008596
393521 -1008603
727150 -855058
950075 -571343
1028361 -200647
950090 200601
727175 571309
393553 855040
15 1008598
-393525 1008604
-727153 855057
-950077 571334
-1028362 200638
-950090 -200603
-727175 -571311
-393553 -855042
-15 -1008600
393525 -1008606
727154 -855059
950080 -571336
1028366 -200639
950094 200604
727178 571314
393554 855046
14 1008604
-393528 1008610
-727159 855063
-950086 571339
-1028372 200640
-950099 -200605
-727181 -571317
-393555 -855050
-13 -1008608
393530 -1008613
727161 -855064
950088 -571338
1028374 -200638
950100 200608
727180 571321
393553 855054
11 1008611
-393533 1008615
-727165 855065
-950091 571337
-1028375 200635
-950100 -200612
-727179 -571325
-393550 -855058
-6 -1008615
393539 -1008618
727171 -855066
950097 -571336
1028377 -200624
950100 200623
727181 571327
393552 855060
8 1008617
-393538 1008620
-727171 855068
-950097 571338
-1028378 200626
-950102 -200622
-727183 -571328
-393553 -855062
-7 -1008619
393540 -1008622
727173 -855070
950100 -571340
1028382 -200628
950107 200620
727189 571327
393558 855064
10 1008624
-393539 1008628
-727175 855076
-950104 571345
-1028386 200631
-950111 -200619
-727192 -571328
-393560 -855066
-12 -1008626
393538 -1008630
727175 -855078
950105 -571347
1028389 -200633
950115 200618
727196 571328
393564 855067
15 1008629
-393537 1008635
-727176 855084
-950108 571353
-1028394 200638
-950115 -200623
-727196 -571335
-393569 -855068
-18 -1008632
393536 -1008639
727177 -855088
950110 -571356
1028396 -200639
950117 200623
727198 571335
393571 855068
20 1008632
-393534 1008640
-727175 855090
-950109 571359
-1028396 200643
-950118 -200619
-727201 -571331
-393576 -855065
-26 -1008631
393528 -1008641
727170 -855093
950106 -571364
1028396 -200650
950121 200612
727205 571326
393580 855062
30 1008630
-393525 1008642
-727169 855096
-950107 571368
-1028398 200653
-950123 -200610
-727199 -571331
-393574 -855067
-33 -1008628
393520 -1008640
727163 -855095
950101 -571369
1028393 -200657
950121 200603
727201 571323
393579 855060
39 1008624
-393515 1008640
-727160 855098
-950100 571373
-1028394 200661
-950123 -200600
-727203 -571322
-393581 -855060
-41 -1008624
393513 -1008640
727158 -855098
950098 -571373
1028392 -200661
950122 200599
727203 571320
393581 855058
41 1008622
-393512 1008638
-727156 855097
-950097 571374
-1028393 200663
-950124 -200598
-727205 -571320
-393583 -855058
-43 -1008622
393510 -1008638
727154 -855097
950095 -571374
1028391 -200663
950122 200597
727204 571318
393574 855061
34 1008625
-393510 1008636
-727153 855095
-950093 571373
-1028389 200664
-950120 -200595
-727203 -571315
-393575 -855057
-36 -1008622
393508 -1008635
727151 -855095
950091 -571373
1028387 -200664
950118 200595
727201 571315
393574 855056
37 1008620
-393506 1008633
-727149 855094
-950089 571373
-1028385 200664
-950117 -200594
-727201 -571313
-393574 -855054
-37 -1008618
393505 -1008631
727147 -855092
950087 -571372
1028383 -200665
950115 200592
727200 571310
393575 855050
40 1008614
-393501 1008628
-727143 855091
-950083 571373
-1028380 200668
-950114 -200587
-727201 -571304
-393577 -855045
-34 -1008612
393507 -1008627
727140 -855089
950079 -571371
1028376 -200666
950110 200589
727197 571306
393573 855046
30 1008611
-393510 1008624
-727142 855085
-950080 571367
-1028375 200662
-950107 -200592
-727193 -571307
-393570 -855045
-29 -1008609
393510 -1008622
727141 -855083
950077 -571365
1028371 -200661
950103 200592
727189 571306
393567 855042
27 1008605
-393511 1008618
-727140 855079
-950075 571362
-1028369 200660
-950102 -200591
-727189 -571304
-393567 -855040
-28 -1008603
393509 -1008616
727138 -855077
950073 -571360
1028367 -200658
950099 200593
727185 571305
393563 855040
24 1008602
-393519 1008612
-727148 855073
-950076 571357
-1028368 200654
-950099 -200597
-727185 -571309
-393562 -855044
-22 -1008605
393521 -1008613
727150 -855072
950077 -571355
1028367 -200652
950097 200598
727183 571309
393561 855043
22 1008603
-393520 1008611
-727148 855071
-950075 571355
-1028365 200652
-950095 -200598
-727181 -571308
-393559 -855041
-20 -1008601
393522 -1008609
727149 -855068
950075 -571351
1028365 -200648
950094 200602
727178 571312
393555 855044
16 1008602
-393526 1008608
-727152 855065
-950076 571347
-1028364 200644
-950091 -200606
-727174 -571315
-393551 -855045
-13 -1008601
393527 -1008606
727156 -855059
950081 -571342
1028366 -200644
950093 200606
727175 571316
393550 855047
10 1008603
-393531 1008607
-727159 855058
-950082 571340
-1028366 200642
-950093 -200608
-727175 -571318
-393550 -855049
-10 -1008605
393532 -1008609
727162 -855060
950086 -571341
1028369 -200641
950094 200610
727175 571320
393549 855051
8 1008607
-393534 1008610
-727163 855059
-950086 571339
-1028369 200639
-950094 -200612
-727174 -571322
-393547 -855053
-6 -1008608
393536 -1008610
727165 -855059
950088 -571339
1028370 -200638
950094 200614
727174 571324
393547 855055
5 1008610
-393538 1008612
-727168 855061
-950092 571333
-1028374 200631
-950097 -200615
-727175 -571326
-393546 -855057
-3 -1008612
393540 -1008613
727169 -855060
950092 -571331
1028374 -200629
950097 200617
727175 571328
393546 855059
3 1008614
-393540 1008615
-727170 855062
-950094 571333
-1028376 200631
-950099 -200616
-727177 -571328
-393548 -855059
-5 -1008614
393539 -1008616
727170 -855064
950095 -571335
1028379 -200633
950103 200614
727181 571327
393552 855060
8 1008617
-393538 1008620
-727171 855068
-950097 571338
-1028381 200634
-950105 -200615
-727182 -571330
-393551 -855064
-5 -1008621
393542 -1008623
727175 -855069
950101 -571338
1028382 -200626
950106 200622
727187 571328
393557 855063
11 1008622
-393537 1008626
-727172 855074
-950100 571344
-1028383 200632
-950109 -200617
-727191 -571325
-393561 -855062
-14 -1008623
393536 -1008629
727173 -855078
950103 -571348
1028387 -200635
950113 200616
727195 571326
393564 855065
15 1008627
-393536 1008633
-727174 855082
-950105 571351
-1028390 200637
-950117 -200614
-727199 -571325
-393568 -855066
-19 -1008630
393534 -1008638
727175 -855088
950109 -571357
1028396 -200641
950123 200614
727204 571328
393571 855070
20 1008634
-393533 1008634
-727172 855085
-950105 571356
-1028392 200642
-950114 -200619
-727197 -571331
-393572 -855064
-23 -1008629
393530 -1008638
727171 -855089
950105 -571360
1028393 -200646
950116 200615
727199 571327
393574 855061
25 1008627
-393528 1008637
-727169 855089
-950103 571360
-1028392 200647
-950117 -200613
-727202 -571325
-393578 -855060
-29 -1008628
393524 -1008640
727166 -855094
950103 -571366
1028394 -200652
950120 200609
727206 571322
393583 855058
35 1008627
-393519 1008641
-727163 855097
-950102 571371
-1028395 200658
-950122 -200604
-727209 -571318
-393587 -855055
-39 -1008626
393515 -1008642
727160 -855100
950101 -571375
1028396 -200662
950125 200600
727205 571322
393583 855060
43 1008624
-393511 1008640
-727156 855099
-950097 571376
-1028393 200665
-950124 -200596
-727206 -571318
-393585 -855057
-45 -1008623
393509 -1008641
727154 -855101
950095 -571378
1028391 -200667
950123 200593
727207 571314
393588 855053
49 1008620
-393505 1008639
-727150 855100
-950092 571379
-1028390 200670
-950123 -200589
-727207 -571310
-393589 -855049
-52 -1008616
393500 -1008636
727144 -855099
950086 -571380
1028385 -200673
950120 200585
727206 571306
393590 855045
55 1008612
-393496 1008633
-727140 855098
-950083 571381
-1028383 200675
-950119 -200582
-727207 -571302
-393583 -855046
-47 -1008614
393496 -1008631
727140 -855096
950082 -571379
1028381 -200674
950117 200582
727205 571301
393581 855044
46 1008611
-393495 1008627
-727137 855092
-950078 571376
-1028377 200672
-950113 -200583
-727202 -571300
-393580 -855041
-47 -1008607
393492 -1008623
727133 -855089
950074 -571375
1028373 -200673
950110 200580
727200 571296
393579 855037
48 1008603
-393490 1008620
-727130 855087
-950069 571373
-1028367 200672
-950104 -200579
-727195 -571293
-393576 -855032
-47 -1008597
393488 -1008614
727126 -855082
950065 -571370
1028363 -200671
950101 200578
727194 571290
393577 855028
41 1008595
-393495 1008613
-727125 855080
-950063 571369
-1028362 200672
-950101 -200576
-727194 -571288
-393577 -855026
-41 -1008593
393494 -1008611
727123 -855078
950061 -571367
1028359 -200670
950097 200578
727190 571290
393573 855027
38 1008592
-393495 1008608
-727122 855074
-950058 571363
-1028355 200667
-950093 -200579
-727186 -571289
-393570 -855024
-36 -1008588
393497 -1008604
727123 -855070
950057 -571359
1028352 -200663
950088 200582
727180 571290
393565 855023
33 1008585
-393498 1008599
-727122 855064
-950054 571354
-1028348 200660
-950084 -200583
-727177 -571289
-393563 -855021
-32 -1008583
393504 -1008596
727128 -855062
950054 -571354
1028348 -200660
950084 200583
727177 571289
393563 855021
32 1008583
-393504 1008596
-727128 855062
-950054 571354
-1028348 200660
-950084 -200583
-727177 -571289
-393563 -855021
-32 -1008583
393504 -1008596
727128 -855062
950054 -571354
1028348 -200660
950084 200583
727177 571289
393563 855021
32 1008583
-393504 1008596
-727128 855062
-950054 571354
-1028348 200660
-950084 -200583
-727177 -571289
-393563 -855021
-32 -1008583
393504 -1008596
727128 -855062
950054 -571354
1028348 -200660
950084 200583
727177 571289
393563 855021
32 1008583
-393504 1008596
-727133 855058
-950061 571350
-1028351 200659
-950085 -200586
-727176 -571293
-393561 -855024
-30 -1008584
393506 -1008596
727134 -855057
950061 -571348
1028351 -200657
950085 200588
727176 571295
393560 855026
27 1008586
-393510 1008597
-727138 855057
-950065 571348
-1028355 200656
-950089 -200590
-727179 -571298
-393561 -855031
-26 -1008592
393513 -1008602
727143 -855060
950070 -571348
1028358 -200654
950090 200593
727178 571302
393559 855034
24 1008593
-393515 1008602
-727144 855059
-950071 571340
-1028360 200647
-950092 -200593
-727180 -571302
-393560 -855035
-24 -1008595
393515 -1008604
727145 -855061
950073 -571341
1028362 -200647
950093 200594
727180 571304
393560 855037
23 1008597
-393518 1008606
-727149 855063
-950077 571343
-1028366 200648
-950097 -200594
-727183 -571305
-393561 -855039
-23 -1008599
393518 -1008608
727149 -855065
950077 -571345
1028367 -200650
950099 200593
727185 571305
393563 855040
24 1008602
-393519 1008612
-727152 855068
-950081 571346
-1028370 200649
-950101 -200595
-727187 -571308
-393564 -855044
-23 -1008606
393521 -1008615
727154 -855070
950083 -571347
1028369 -200641
950100 200603
727189 571308
393566 855044
25 1008606
-393520 1008616
-727155 855072
-950086 571349
-1028373 200642
-950104 -200603
-727192 -571309
-393567 -855047
-25 -1008610
393520 -1008620
727155 -855076
950087 -571353
1028376 -200646
950109 200600
727198 571308
393573 855048
30 1008613
-393517 1008624
-727154 855080
-950087 571357
-1028377 200650
-950111 -200596
-727201 -571304
-393577 -855045
-34 -1008612
393514 -1008625
727153 -855083
950088 -571361
1028379 -200653
950113 200595
727203 571305
393579 855047
35 1008614
-393514 1008627
-727153 855085
-950089 571363
-1028381 200655
-950110 -200601
-727201 -571311
-393583 -855046
-39 -1008615
393511 -1008630
727152 -855089
950089 -571367
1028382 -200659
950112 200597
727203 571307
393586 855042
43 1008612
-393507 1008629
-727148 855090
-950086 571370
-1028381 200663
-950113 -200593
-727206 -571303
-393590 -855039
-47 -1008611
393503 -1008629
727145 -855091
950085 -571372
1028381 -200665
950113 200591
727207 571301
393593 855037
51 1008610
-393499 1008630
-727141 855093
-950081 571375
-1028379 200670
-950115 -200585
-727211 -571296
-393597 -855034
-56 -1008608
393493 -1008629
727136 -855094
950078 -571378
1028377 -200674
950113 200581
727202 571298
393590 855035
59 1008603
-393489 1008626
-727132 855093
-950075 571379
-1028376 200677
-950114 -200577
-727204 -571295
-393592 -855033
-61 -1008601
393487 -1008625
727130 -855094
950073 -571381
1028375 -200679
950115 200575
727207 571293
393596 855032
65 1008602
-393483 1008627
-727126 855096
-950070 571384
-1028374 200684
-950116 -200569
-727210 -571288
-393600 -855029
-69 -1008601
393480 -1008628
727125 -855099
950070 -571388
1028374 -200688
950117 200565
727212 571284
393603 855025
73 1008598
-393476 1008627
-727122 855100
-950069 571390
-1028375 200690
-950119 -200563
-727215 -571282
-393598 -855028
-67 -1008601
393473 -1008625
727117 -855098
950063 -571389
1028369 -200691
950114 200560
727212 571278
393597 855024
68 1008597
-393471 1008622
-727115 855097
-950061 571390
-1028368 200693
-950114 -200558
-727212 -571276
-393597 -855022
-68 -1008595
393470 -1008620
727113 -855095
950059 -571388
1028366 -200692
950112 200558
727210 571275
393596 855019
69 1008591
-393468 1008616
-727110 855092
-950055 571387
-1028362 200692
-950109 -200557
-727209 -571273
-393597 -855017
-71 -1008590
393466 -1008617
727109 -855094
950055 -571389
1028362 -200694
950109 200555
727209 571271
393597 855015
63 1008589
-393474 1008615
-727108 855090
-950052 571385
-1028358 200691
-950105 -200556
-727206 -571270
-393595 -855013
-62 -1008587
393473 -1008613
727106 -855088
950050 -571384
1028356 -200691
950103 200556
727204 571270
393593 855013
60 1008586
-393475 1008611
-727107 855086
-950050 571382
-1028355 200689
-950101 -200558
-727202 -571271
-393592 -855012
-60 -1008584
393475 -1008609
727107 -855084
950050 -571380
1028355 -200687
950100 200560
727199 571273
393587 855014
54 1008585
-393480 1008607
-727110 855079
-950050 571373
-1028352 200680
-950095 -200565
-727193 -571276
-393582 -855014
-51 -1008582
393488 -1008601
727117 -855073
950049 -571369
1028349 -200676
950091 200568
727189 571277
393578 855014
47 1008582
-393492 1008601
-727121 855072
-950053 571366
-1028352 200671
-950092 -200574
-727188 -571283
-393575 -855019
-43 -1008585
393496 -1008602
727124 -855071
950054 -571364
1028351 -200669
950089 200576
727184 571284
393571 855018
40 1008582
-393497 1008597
-727123 855065
-950051 571358
-1028347 200664
-950085 -200579
-727180 -571285
-393567 -855018
-36 -1008581
393500 -1008595
727125 -855063
950053 -571356
1028348 -200662
950085 200581
727179 571287
393565 855019
34 1008581
-393502 1008594
-727130 855056
-950057 571349
-1028348 200660
-950084 -200583
-727177 -571289
-393563 -855021
-32 -1008583
393504 -1008596
727133 -855058
950061 -571350
1028351 -200659
950085 200586
727176 571293
393561 855024
30 1008584
-393506 1008596
-727134 855057
-950061 571348
-1028351 200657
-950085 -200588
-727176 -571295
-393560 -855026
-27 -1008586
393510 -1008597
727138 -855057
950065 -571348
1028355 -200656
950089 200590
727179 571298
393561 855031
26 1008592
-393513 1008602
-727143 855060
-950070 571348
-1028358 200654
-950090 -200593
-727178 -571302
-393559 -855034
-24 -1008593
393515 -1008602
727144 -855059
950071 -571340
1028360 -200647
950092 200593
727180 571302
393560 855035
24 1008595
-393515 1008604
-727145 855061
-950073 571341
-1028362 200647
-950093 -200594
-727180 -571304
-393560 -855037
-23 -1008597
393518 -1008606
727149 -855063
950077 -571343
1028366 -200648
950097 200594
727183 571305
393561 855039
23 1008599
-393518 1008608
-727149 855065
-950077 571345
-1028367 200650
-950099 -200593
-727185 -571305
-393563 -855040
-24 -1008602
393519 -1008612
727152 -855068
950081 -571346
1028370 -200649
950101 200595
727187 571308
393564 855044
23 1008606
-393521 1008615
-727154 855070
-950083 571347
-1028369 200641
-950100 -200603
-727189 -571308
-393566 -855044
-25 -1008606
393520 -1008616
727155 -855072
950086 -571349
1028373 -200642
950104 200603
727192 571309
393567 855047
25 1008610
-393520 1008620
-727155 855076
-950087 571353
-1028376 200646
-950109 -200600
-727198 -571308
-393573 -855048
-30 -1008613
393517 -1008624
727154 -855080
950087 -571357
1028377 -200650
950111 200596
727201 571304
393577 855045
34 1008612
-393514 1008625
-727153 855083
-950088 571361
-1028379 200653
-950113 -200595
-727203 -571305
-393579 -855047
-35 -1008614
393514 -1008627
727153 -855085
950089 -571363
1028381 -200655
950110 200601
727201 571311
393583 855046
39 1008615
-393511 1008630
-727152 855089
-950089 571367
-1028382 200659
-950112 -200597
-727203 -571307
-393586 -855042
-43 -1008612
393507 -1008629
727148 -855090
950086 -571370
1028381 -200663
950113 200593
727206 571303
393590 855039
47 1008611
-393503 1008629
-727145 855091
-950085 571372
-1028381 200665
-950113 -200591
-727207 -571301
-393593 -855037
-51 -1008610
393499 -1008630
727141 -855093
950081 -571375
1028379 -200670
950115 200585
727211 571296
393597 855034
56 1008608
-393493 1008629
-727136 855094
-950078 571378
-1028377 200674
-950113 -200581
-727202 -571298
-393590 -855035
-59 -1008603
393489 -1008626
727132 -855093
950075 -571379
1028376 -200677
950114 200577
727204 571295
393592 855033
61 1008601
-393487 1008625
-727130 855094
-950073 571381
-1028375 200679
-950115 -200575
-727207 -571293
-393596 -855032
-65 -1008602
393483 -1008627
727126 -855096
950070 -571384
1028374 -200684
950116 200569
727210 571288
393600 855029
69 1008601
-393480 1008628
-727125 855099
-950070 571388
-1028374 200688
-950117 -200565
-727212 -571284
-393603 -855025
-73 -1008598
393476 -1008627
727122 -855100
950069 -571390
1028375 -200690
950119 200563
727215 571282
393598 855028
67 1008601
-393473 1008625
-727117 855098
-950063 571389
-1028369 200691
-950114 -200560
-727212 -571278
-393597 -855024
-68 -1008597
393471 -1008622
727115 -855097
950061 -571390
1028368 -200693
950114 200558
727212 571276
393597 855022
68 1008595
-393470 1008620
-727113 855095
-950059 571388
-1028366 200692
-950112 -200558
-727210 -571275
-393596 -855019
-69 -1008591
393468 -1008616
727110 -855092
950055 -571387
1028362 -200692
950109 200557
727209 571273
393597 855017
63 1008591
-393474 1008617
-727108 855092
-950053 571387
-1028360 200693
-950107 -200555
-727208 -571270
-393597 -855013
-64 -1008587
393471 -1008613
727104 -855089
950049 -571386
1028356 -200693
950103 200554
727204 571268
393594 855011
62 1008585
-393473 1008611
-727105 855086
-950048 571382
-1028354 200690
-950101 -200556
-727202 -571269
-393592 -855010
-61 -1008582
393472 -1008607
727103 -855083
950046 -571380
1028351 -200688
950097 200557
727198 571268
393589 855008
59 1008580
-393474 1008605
-727104 855080
-950045 571376
-1028349 200685
-950095 -200558
-727196 -571268
-393587 -855007
-58 -1008578
393480 -1008601
727110 -855076
950045 -571374
1028348 -200683
950093 200560
727194 571270
393585 855009
56 1008579
-393482 1008601
-727112 855076
-950047 571374
-1028350 200682
-950094 -200562
-727194 -571272
-393584 -855011
-53 -1008581
393486 -1008602
727116 -855075
950050 -571371
1028351 -200678
950093 200566
727191 571275
393580 855012
50 1008580
-393487 1008599
-727115 855071
-950047 571368
-1028347 200677
-950089 -200566
-727188 -571274
-393579 -855010
-50 -1008578
393487 -1008597
727114 -855069
950045 -571366
1028345 -200675
950087 200567
727186 571274
393577 855009
48 1008576
-393489 1008595
-727120 855062
-950051 571359
-1028347 200673
-950089 -200570
-727187 -571278
-393576 -855013
-46 -1008579
393491 -1008597
727122 -855064
950053 -571360
1028348 -200672
950088 200572
727184 571280
393572 855014
42 1008578
-393494 1008594
-727123 855060
-950053 571356
-1028347 200668
-950086 -200575
-727182 -571282
-393570 -855016
-40 -1008580
393496 -1008595
727125 -855059
950054 -571354
1028347 -200666
950085 200577
727180 571283
393568 855016
38 1008580
-393498 1008595
-727127 855059
-950056 571354
-1028349 200666
-950087 -200578
-727181 -571286
-393567 -855020
-36 -1008583
393501 -1008597
727131 -855060
950060 -571346
1028353 -200657
950091 200580
727185 571288
393571 855022
39 1008586
-393499 1008601
-727130 855064
-950061 571350
-1028355 200661
-950093 -200577
-727187 -571287
-393572 -855023
-38 -1008588
393502 -1008603
727134 -855066
950065 -571351
1028359 -200660
950096 200580
727188 571291
393571 855027
36 1008592
-393504 1008606
-727136 855067
-950067 571351
-1028361 200659
-950098 -200582
-727189 -571294
-393571 -855031
-35 -1008596
393507 -1008610
727141 -855071
950073 -571354
1028367 -200660
950103 200583
727193 571296
393574 855034
36 1008600
-393508 1008614
-727143 855074
-950075 571355
-1028365 200652
-950101 -200590
-727195 -571295
-393576 -855034
-38 -1008600
393506 -1008614
727142 -855075
950076 -571357
1028368 -200654
950105 200589
727198 571296
393577 855036
38 1008602
-393506 1008616
-727142 855077
-950076 571359
-1028368 200656
-950105 -200587
-727199 -571294
-393579 -855035
-39 -1008603
393506 -1008618
727142 -855079
950077 -571361
1028370 -200657
950107 200587
727201 571294
393581 855035
41 1008603
-393505 1008619
-727143 855081
-950079 571363
-1028373 200659
-950111 -200586
-727204 -571295
-393583 -855038
-42 -1008608
393506 -1008625
727146 -855086
950083 -571366
1028377 -200660
950109 200595
727202 571305
393586 855040
44 1008610
-393504 1008627
-727144 855089
-950083 571371
-1028380 200666
-950114 -200589
-727209 -571300
-393594 -855038
-51 -1008612
393500 -1008632
727144 -855095
950085 -571376
1028382 -200669
950116 200588
727211 571300
393596 855038
53 1008612
-393498 1008633
-727142 855097
-950084 571379
-1028383 200673
-950119 -200584
-727215 -571297
-393600 -855037
-57 -1008613
393494 -1008635
727139 -855100
950083 -571383
1028384 -200677
950121 200581
727217 571295
393603 855035
61 1008612
-393491 1008636
-727137 855102
-950081 571385
-1028383 200680
-950122 -200577
-727212 -571298
-393598 -855039
-63 -1008610
393489 -1008635
727136 -855103
950082 -571387
1028385 -200681
950124 200577
727213 571299
393598 855041
63 1008612
-393489 1008637
-727136 855105
-950082 571389
-1028385 200683
-950124 -200575
-727214 -571297
-393600 -855039
-65 -1008610
393487 -1008635
727134 -855103
950080 -571388
1028383 -200684
950123 200573
727214 571295
393601 855037
67 1008609
-393485 1008635
-727132 855104
-950078 571390
-1028382 200686
-950123 -200571
-727214 -571293
-393601 -855035
-67 -1008607
393484 -1008633
727130 -855102
950076 -571389
1028380 -200686
950121 200570
727213 571290
393593 855035
61 1008606
-393480 1008628
-727125 855099
-950070 571388
-1028374 200688
-950117 -200565
-727212 -571284
-393594 -855029
-64 -1008600
393475 -1008623
727119 -855096
950064 -571387
1028369 -200689
950113 200562
727210 571279
393595 855023
66 1008595
-393472 1008619
-727114 855093
-950058 571386
-1028363 200690
-950108 -200559
-727207 -571274
-393595 -855017
-70 -1008589
393466 -1008615
727108 -855092
950053 -571387
1028360 -200693
950107 200555
727208 571270
393597 855013
72 1008586
-393463 1008613
-727104 855091
-950049 571388
-1028356 200695
-950104 -200552
-727206 -571266
-393596 -855009
-64 -1008583
393471 -1008609
727103 -855085
950046 -571382
1028352 -200690
950099 200555
727200 571267
393591 855008
61 1008580
-393472 1008605
-727102 855081
-950044 571379
-1028350 200689
-950097 -200555
-727199 -571266
-393591 -855006
-62 -1008578
393469 -1008603
727098 -855079
950040 -571378
1028346 -200689
950094 200554
727197 571264
393589 855004
60 1008576
-393471 1008601
-727100 855077
-950041 571375
-1028345 200685
-950091 -200558
-727193 -571267
-393585 -855005
-56 -1008575
393474 -1008598
727101 -855073
950040 -571371
1028342 -200682
950087 200559
727189 571266
393582 855002
55 1008571
-393481 1008593
-727108 855068
-950039 571367
-1028340 200678
-950085 -200562
-727187 -571268
-393580 -855004
-53 -1008572
393482 -1008592
727108 -855066
950039 -571365
1028339 -200676
950082 200564
727183 571269
393576 855003
50 1008570
-393484 1008590
-727110 855064
-950041 571363
-1028341 200674
-950084 -200566
-727184 -571272
-393575 -855007
-47 -1008573
393488 -1008591
727113 -855063
950042 -571360
1028340 -200670
950081 200570
727180 571275
393571 855008
44 1008572
-393489 1008589
-727113 855061
-950041 571358
-1028338 200668
-950079 -200572
-727177 -571277
-393567 -855009
-40 -1008572
393493 -1008588
727120 -855054
950048 -571351
1028341 -200665
950080 200576
727176 571281
393565 855013
37 1008575
-393497 1008589
-727124 855053
-950051 571348
-1028342 200661
-950079 -200580
-727174 -571284
-393563 -855014
-35 -1008575
393499 -1008589
727126 -855053
950053 -571348
1028344 -200661
950081 200580
727176 571285
393564 855017
34 1008579
-393501 1008592
-727128 855054
-950055 571348
-1028346 200660
-950082 -200583
-727175 -571289
-393561 -855020
-30 -1008580
393505 -1008592
727132 -855054
950059 -571347
1028349 -200657
950083 200587
727174 571293
393559 855024
28 1008584
-393508 1008595
-727136 855055
-950063 571339
-1028353 200649
-950087 -200588
-727178 -571295
-393562 -855027
-29 -1008588
393509 -1008599
727139 -855059
950067 -571343
1028357 -200652
950091 200587
727181 571296
393563 855029
28 1008590
-393511 1008601
-727141 855060
-950069 571342
-1028359 200649
-950092 -200591
-727180 -571300
-393561 -855033
-26 -1008594
393513 -1008604
727143 -855062
950071 -571344
1028361 -200651
950094 200590
727182 571300
393563 855033
28 1008594
-393512 1008605
-727143 855064
-950072 571346
-1028363 200653
-950097 -200588
-727186 -571299
-393566 -855034
-29 -1008597
393512 -1008609
727144 -855068
950074 -571349
1028362 -200646
950096 200595
727188 571298
393568 855034
31 1008597
-393510 1008609
-727142 855068
-950073 571350
-1028363 200648
-950098 -200594
-727190 -571298
-393570 -855035
-32 -1008599
393511 -1008611
727145 -855070
950077 -571351
1028367 -200648
950102 200595
727194 571301
393573 855040
33 1008606
-393512 1008619
-727148 855077
-950081 571356
-1028371 200651
-950106 -200593
-727198 -571300
-393577 -855040
-37 -1008606
393509 -1008620
727146 -855080
950081 -571361
1028374 -200656
950111 200590
727204 571299
393582 855042
40 1008611
-393508 1008626
-727148 855086
-950085 571366
-1028379 200660
-950111 -200595
-727204 -571305
-393588 -855041
-45 -1008612
393505 -1008629
727146 -855090
950084 -571370
1028379 -200664
950111 200591
727205 571301
393591 855037
50 1008609
-393499 1008628
-727141 855091
-950081 571373
-1028378 200668
-950112 -200587
-727207 -571297
-393593 -855033
-52 -1008606
393497 -1008627
727139 -855092
950079 -571375
1028377 -200670
950113 200585
727209 571296
393595 855034
54 1008608
-393495 1008629
-727138 855094
-950080 571377
-1028379 200672
-950115 -200583
-727203 -571301
-393589 -855039
-56 -1008606
393493 -1008627
727135 -855092
950076 -571376
1028375 -200673
950111 200581
727200 571298
393588 855034
57 1008600
-393490 1008622
-727131 855089
-950072 571375
-1028372 200674
-950110 -200578
-727201 -571294
-393590 -855031
-59 -1008599
393488 -1008622
727129 -855090
950070 -571377
1028370 -200676
950109 200576
727201 571292
393591 855029
62 1008597
-393484 1008621
-727125 855090
-950067 571378
-1028369 200678
-950109 -200574
-727202 -571290
-393593 -855027
-64 -1008596
393482 -1008621
727124 -855091
950067 -571380
1028369 -200680
950109 200572
727202 571288
393584 855030
54 1008598
-393483 1008617
-727123 855087
-950065 571377
-1028367 200679
-950107 -200572
-727200 -571288
-393583 -855029
-55 -1008596
393481 -1008615
727120 -855085
950060 -571375
1028361 -200678
950102 200570
727197 571283
393582 855023
56 1008590
-393478 1008610
-727116 855082
-950056 571374
-1028357 200679
-950099 -200568
-727196 -571280
-393583 -855019
-58 -1008587
393476 -1008608
727114 -855080
950054 -571372
1028355 -200677
950097 200569
727194 571280
393581 855018
57 1008584
-393475 1008604
-727111 855077
-950050 571371
-1028351 200678
-950093 -200566
-727191 -571275
-393580 -855012
-50 -1008580
393481 -1008601
727108 -855073
950045 -571368
1028345 -200677
950088 200565
727188 571272
393579 855008
50 1008576
-393480 1008597
-727106 855070
-950043 571366
-1028343 200675
-950085 -200567
-727184 -571274
-393575 -855009
-47 -1008575
393482 -1008595
727107 -855067
950042 -571362
1028341 -200672
950083 200568
727182 571273
393574 855006
48 1008571
-393479 1008591
-727103 855064
-950038 571361
-1028337 200673
-950080 -200566
-727180 -571271
-393572 -855004
-46 -1008569
393480 -1008589
727103 -855062
950038 -571359
1028337 -200671
950079 200568
727178 571273
393570 855006
44 1008570
-393489 1008587
-727112 855059
-950039 571357
-1028336 200669
-950077 -200569
-727176 -571272
-393568 -855003
-43 -1008566
393488 -1008583
727110 -855056
950037 -571355
1028334 -200667
950075 200571
727174 571274
393566 855005
40 1008568
-393492 1008584
-727114 855055
-950040 571352
-1028335 200663
-950074 -200575
-727172 -571277
-393564 -855006
-39 -1008567
393492 -1008582
727113 -855053
950038 -571351
1028333 -200663
950072 200575
727170 571277
393562 855006
37 1008567
-393493 1008581
-727113 855051
-950038 571349
-1028333 200661
-950072 -200577
-727169 -571279
-393560 -855008
-34 -1008569
393498 -1008583
727123 -855047
950048 -571343
1028338 -200658
950075 200581
727170 571283
393559 855012
32 1008572
-393500 1008584
-727125 855047
-950050 571342
-1028339 200655
-950074 -200585
-727168 -571287
-393557 -855015
-30 -1008574
393502 -1008586
727127 -855048
950052 -571342
1028341 -200655
950076 200586
727169 571289
393556 855017
28 1008575
-393504 1008586
-727129 855048
-950054 571342
-1028343 200655
-950078 -200586
-727171 -571290
-393557 -855020
-27 -1008579
393507 -1008589
727133 -855049
950058 -571341
1028346 -200652
950079 200590
727170 571294
393555 855023
24 1008581
-393511 1008590
-727137 855049
-950062 571333
-1028350 200643
-950082 -200593
-727171 -571298
-393554 -855027
-22 -1008585
393513 -1008594
727139 -855052
950064 -571335
1028352 -200645
950084 200592
727173 571299
393555 855030
21 1008589
-393516 1008598
-727143 855055
-950068 571336
-1028356 200644
-950088 -200594
-727176 -571301
-393557 -855032
-22 -1008591
393517 -1008600
727146 -855057
950072 -571337
1028359 -200643
950089 200597
727176 571305
393556 855036
20 1008595
-393519 1008603
-727148 855059
-950074 571339
-1028362 200645
-950093 -200596
-727179 -571306
-393558 -855038
-21 -1008597
393519 -1008605
727149 -855061
950077 -571341
1028363 -200638
950095 200603
727185 571305
393563 855040
24 1008602
-393519 1008612
-727152 855068
-950081 571346
-1028367 200641
-950099 -200602
-727189 -571306
-393567 -855042
-27 -1008605
393518 -1008616
727153 -855072
950084 -571349
1028371 -200642
950102 200603
727191 571308
393568 855045
27 1008609
-393518 1008620
-727153 855076
-950085 571353
-1028374 200646
-950107 -200600
-727196 -571308
-393571 -855048
-28 -1008613
393519 -1008624
727156 -855080
950089 -571357
1028378 -200649
950111 200598
727201 571306
393577 855047
33 1008614
-393516 1008627
-727155 855084
-950090 571361
-1028381 200653
-950109 -200603
-727199 -571312
-393581 -855046
-37 -1008615
393513 -1008630
727154 -855089
950091 -571367
1028384 -200658
950114 200600
727205 571311
393587 855047
42 1008618
-393510 1008634
-727153 855093
-950092 571371
-1028387 200662
-950118 -200597
-727209 -571310
-393591 -855047
-46 -1008619
393506 -1008637
727150 -855098
950091 -571377
1028388 -200668
950121 200591
727213 571305
393595 855044
50 1008618
-393503 1008638
-727148 855100
-950090 571379
-1028388 200670
-950121 -200589
-727214 -571303
-393597 -855043
-52 -1008618
393501 -1008638
727147 -855101
950090 -571381
1028389 -200672
950124 200587
727210 571308
393593 855048
56 1008617
-393497 1008639
-727143 855103
-950087 571384
-1028387 200676
-950123 -200583
-727211 -571304
-393596 -855044
-60 -1008614
393493 -1008638
727140 -855104
950086 -571387
1028388 -200680
950125 200579
727213 571301
393598 855043
62 1008614
-393491 1008638
-727138 855104
-950084 571387
-1028387 200681
-950126 -200577
-727215 -571299
-393600 -855041
-65 -1008612
393487 -1008637
727134 -855105
950080 -571390
1028384 -200686
950125 200571
727216 571293
393603 855035
69 1008607
-393483 1008634
-727130 855104
-950077 571391
-1028382 200688
-950123 -200569
-727215 -571291
-393594 -855038
-60 -1008610
393482 -1008632
727128 -855102
950074 -571389
1028378 -200687
950120 200568
727214 571288
393595 855034
63 1008606
-393478 1008629
-727124 855101
-950071 571390
-1028376 200689
-950119 -200565
-727214 -571284
-393596 -855030
-65 -1008603
393476 -1008627
727122 -855100
950069 -571390
1028375 -200690
950119 200563
727215 571282
393598 855028
67 1008601
-393473 1008625
-727117 855098
-950063 571389
-1028369 200691
-950114 -200560
-727212 -571278
-393597 -855024
-68 -1008597
393471 -1008622
727115 -855097
950061 -571390
1028368 -200693
950114 200558
727212 571276
393597 855022
60 1008597
-393479 1008622
-727115 855095
-950061 571388
-1028367 200691
-950112 -200560
-727210 -571277
-393596 -855021
-60 -1008595
393479 -1008620
727114 -855093
950058 -571386
1028363 -200690
950108 200559
727207 571274
393595 855017
61 1008591
-393476 1008617
-727110 855092
-950055 571387
-1028362 200692
-950109 -200557
-727209 -571273
-393597 -855017
-63 -1008591
393474 -1008617
727108 -855092
950053 -571387
1028360 -200693
950107 200555
727208 571270
393597 855013
64 1008587
-393471 1008613
-727104 855089
-950049 571386
-1028356 200693
-950103 -200554
-727204 -571268
-393594 -855011
-62 -1008585
393480 -1008609
727114 -855084
950052 -571381
1028357 -200687
950102 200560
727201 571273
393589 855014
56 1008586
-393485 1008608
-727117 855081
-950053 571377
-1028356 200683
-950099 -200564
-727197 -571276
-393585 -855015
-52 -1008585
393488 -1008605
727118 -855077
950052 -571373
1028353 -200679
950095 200567
727192 571278
393579 855016
47 1008584
-393492 1008603
-727121 855074
-950053 571368
-1028352 200673
-950092 -200572
-727188 -571281
-393575 -855017
-43 -1008583
393495 -1008600
727122 -855070
950052 -571364
1028350 -200670
950090 200574
727186 571282
393573 855017
42 1008582
-393495 1008598
-727126 855063
-950057 571358
-1028351 200669
-950089 -200576
-727184 -571284
-393571 -855018
-40 -1008582
393497 -1008597
727127 -855061
950057 -571356
1028351 -200667
950089 200578
727183 571286
393569 855020
37 1008584
-393501 1008599
-727131 855062
-950060 571355
-1028353 200665
-950091 -200580
-727185 -571288
-393571 -855022
-39 -1008586
393499 -1008601
727130 -855064
950061 -571357
1028355 -200667
950093 200579
727186 571289
393570 855024
36 1008588
-393503 1008602
-727134 855064
-950065 571349
-1028359 200658
-950096 -200582
-727188 -571293
-393571 -855029
-35 -1008594
393506 -1008608
727139 -855069
950071 -571352
1028365 -200659
950101 200583
727191 571296
393572 855033
34 1008598
-393509 1008612
-727143 855072
-950075 571353
-1028368 200658
-950103 -200585
-727192 -571298
-393572 -855035
-34 -1008600
393510 -1008614
727145 -855074
950077 -571355
1028370 -200659
950105 200586
727194 571301
393573 855040
33 1008606
-393512 1008619
-727148 855077
-950081 571356
-1028374 200659
-950109 -200586
-727197 -571302
-393574 -855042
-33 -1008608
393513 -1008621
727150 -855079
950084 -571358
1028375 -200652
950110 200594
727201 571302
393578 855043
36 1008610
-393512 1008624
-727151 855083
-950086 571361
-1028377 200654
-950112 -200592
-727203 -571301
-393580 -855043
-38 -1008611
393510 -1008626
727149 -855085
950085 -571364
1028378 -200658
950115 200589
727207 571300
393583 855044
39 1008613
-393510 1008628
-727150 855087
-950087 571365
-1028380 200657
-950116 -200591
-727207 -571302
-393583 -855046
-39 -1008615
393511 -1008630
727152 -855089
950089 -571367
1028382 -200659
950118 200590
727209 571302
393585 855046
41 1008616
-393509 1008632
-727150 855091
-950088 571369
-1028383 200661
-950114 -200596
-727205 -571307
-393587 -855043
-43 -1008614
393507 -1008631
727149 -855092
950088 -571371
1028383 -200663
950115 200594
727207 571306
393589 855043
45 1008614
-393505 1008631
-727147 855092
-950087 571372
-1028383 200665
-950115 -200592
-727208 -571304
-393592 -855041
-49 -1008613
393502 -1008632
727146 -855095
950087 -571376
1028384 -200669
950118 200588
727213 571300
393598 855039
55 1008614
-393496 1008635
-727141 855100
-950085 571383
-1028386 200677
-950123 -200581
-727219 -571296
-393604 -855038
-60 -1008616
393493 -1008640
727140 -855106
950086 -571389
1028389 -200682
950127 200578
727215 571301
393600 855043
64 1008614
-393489 1008639
-727136 855107
-950082 571391
-1028385 200685
-950125 -200573
-727216 -571295
-393603 -855037
-69 -1008609
393483 -1008636
727130 -855106
950077 -571393
1028382 -200690
950124 200567
727217 571289
393606 855032
73 1008606
-393479 1008635
-727127 855107
-950076 571395
-1028383 200692
-950126 -200565
-727220 -571287
-393610 -855031
-77 -1008607
393475 -1008637
727123 -855110
950073 -571400
1028382 -200698
950127 200559
727222 571282
393612 855027
80 1008603
-393471 1008634
-727119 855108
-950069 571399
-1028378 200699
-950124 -200556
-727222 -571277
-393606 -855026
-75 -1008603
393467 -1008631
727115 -855107
950065 -571399
1028375 -200700
950123 200554
727222 571275
393607 855024
77 1008601
-393464 1008629
-727111 855106
-950061 571400
-1028372 200703
-950122 -200549
-727223 -571269
-393610 -855018
-82 -1008596
393458 -1008626
727105 -855105
950056 -571401
1028368 -200706
950118 200545
727220 571265
393609 855014
82 1008592
-393457 1008622
-727102 855101
-950051 571398
-1028362 200705
-950113 -200544
-727217 -571262
-393608 -855009
-84 -1008586
393452 -1008617
727096 -855099
950046 -571399
1028359 -200707
950112 200541
727217 571258
393609 855005
78 1008584
-393459 1008616
-727096 855097
-950045 571397
-1028357 200706
-950110 -200541
-727215 -571258
-393607 -855005
-76 -1008584
393461 -1008616
727098 -855096
950047 -571395
1028358 -200703
950109 200545
727213 571261
393604 855007
72 1008585
-393464 1008615
-727099 855094
-950046 571393
-1028356 200702
-950107 -200544
-727211 -571259
-393603 -855004
-72 -1008581
393463 -1008611
727096 -855090
950042 -571390
1028352 -200701
950103 200544
727208 571258
393601 855002
71 1008578
-393463 1008607
-727096 855086
-950041 571386
-1028349 200697
-950099 -200547
-727204 -571259
-393598 -855001
-70 -1008576
393469 -1008603
727102 -855082
950041 -571384
1028349 -200695
950098 200549
727201 571261
393594 855002
66 1008575
-393472 1008601
-727103 855080
-950040 571382
-1028346 200693
-950094 -200550
-727198 -571260
-393592 -855000
-64 -1008573
393474 -1008598
727104 -855076
950040 -571378
1028346 -200689
950094 200554
727197 571264
393589 855004
60 1008576
-393478 1008599
-727108 855075
-950043 571375
-1028347 200685
-950093 -200558
-727194 -571268
-393585 -855007
-56 -1008577
393482 -1008599
727112 -855074
950046 -571372
1028348 -200681
950092 200562
727192 571271
393583 855008
54 1008577
-393483 1008598
-727115 855068
-950049 571368
-1028348 200683
-950093 -200560
-727194 -571270
-393585 -855009
-56 -1008579
393482 -1008601
727116 -855072
950052 -571371
1028352 -200684
950096 200561
727196 571272
393586 855011
55 1008581
-393484 1008602
-727118 855071
-950053 571369
-1028352 200682
-950096 -200563
-727195 -571274
-393584 -855013
-53 -1008583
393486 -1008604
727120 -855073
950055 -571370
1028354 -200681
950097 200565
727195 571276
393583 855015
51 1008584
-393488 1008603
-727121 855070
-950055 571366
-1028353 200677
-950095 -200569
-727192 -571280
-393579 -855018
-46 -1008586
393494 -1008604
727127 -855069
950061 -571357
1028359 -200668
950100 200572
727195 571284
393580 855022
46 1008590
-393495 1008608
-727130 855073
-950065 571360
-1028363 200669
-950103 -200573
-727196 -571287
-393579 -855026
-43 -1008593
393499 -1008609
727133 -855072
950066 -571357
1028362 -200665
950101 200576
727194 571288
393577 855026
41 1008593
-393501 1008609
-727135 855072
-950068 571357
-1028364 200665
-950103 -200577
-727196 -571291
-393579 -855030
-42 -1008597
393502 -1008613
727138 -855075
950072 -571358
1028367 -200664
950104 200579
727195 571293
393576 855032
38 1008598
-393505 1008612
-727139 855073
-950072 571356
-1028364 200654
-950101 -200588
-727195 -571293
-393576 -855032
-38 -1008598
393505 -1008612
727139 -855073
950072 -571356
1028364 -200654
950101 200588
727195 571293
393576 855032
38 1008598
-393505 1008612
-727139 855073
-950072 571356
-1028364 200654
-950101 -200588
-727195 -571293
-393576 -855032
-38 -1008598
393505 -1008612
727139 -855073
950072 -571356
1028364 -200654
950101 200588
727195 571293
393576 855032
38 1008598
-393505 1008612
-727139 855073
-950072 571356
-1028364 200654
-950101 -200588
-727195 -571293
-393576 -855032
-38 -1008598
393505 -1008612
727139 -855073
950072 -571356
1028364 -200654
950095 200596
727189 571300
393577 855030
40 1008597
-393504 1008613
-727140 855075
-950074 571358
-1028366 200656
-950097 -200594
-727192 -571298
-393581 -855029
-44 -1008598
393500 -1008615
727136 -855078
950071 -571363
1028365 -200662
950099 200588
727196 571293
393585 855026
48 1008596
-393496 1008614
-727132 855078
-950067 571363
-1028362 200663
-950097 -200586
-727195 -571291
-393585 -855024
-49 -1008594
393494 -1008613
727131 -855079
950068 -571365
1028364 -200665
950099 200584
727197 571289
393588 855022
53 1008593
-393490 1008613
-727127 855080
-950065 571368
-1028363 200669
-950100 -200580
-727192 -571292
-393584 -855025
-57 -1008590
393486 -1008612
727123 -855080
950061 -571369
1028360 -200672
950099 200576
727192 571288
393585 855021
60 1008586
-393482 1008609
-727119 855079
-950057 571370
-1028357 200675
-950098 -200572
-727193 -571284
-393587 -855018
-62 -1008585
393480 -1008609
727118 -855080
950058 -571372
1028359 -200676
950100 200572
727195 571284
393589 855018
64 1008585
-393478 1008610
-727116 855082
-950056 571374
-1028357 200679
-950099 -200568
-727196 -571280
-393592 -855014
-68 -1008582
393474 -1008609
727112 -855083
950053 -571377
1028356 -200683
950099 200564
727197 571276
393585 855015
61 1008583
-393471 1008605
-727108 855080
-950049 571376
-1028352 200684
-950096 -200561
-727196 -571272
-393586 -855011
-64 -1008580
393467 -1008604
727104 -855080
950045 -571376
1028349 -200685
950095 200558
727196 571268
393587 855007
66 1008576
-393464 1008600
-727100 855077
-950041 571375
-1028345 200685
-950091 -200558
-727193 -571267
-393585 -855005
-65 -1008574
393464 -1008598
727099 -855075
950039 -571374
1028343 -200686
950090 200555
727193 571263
393586 855001
68 1008570
-393460 1008595
-727095 855074
-950035 571374
-1028340 200687
-950088 -200553
-727192 -571261
-393586 -854999
-59 -1008570
393470 -1008595
727096 -855071
950034 -571370
1028337 -200683
950084 200556
727188 571262
393583 854998
58 1008567
-393469 1008591
-727094 855068
-950032 571369
-1028335 200683
-950082 -200556
-727186 -571262
-393581 -854998
-56 -1008567
393471 -1008591
727096 -855067
950033 -571366
1028334 -200679
950079 200559
727182 571263
393577 854997
53 1008564
-393472 1008586
-727095 855061
-950031 571361
-1028332 200676
-950077 -200561
-727179 -571265
-393573 -854998
-49 -1008563
393482 -1008582
727104 -855057
950032 -571358
1028331 -200672
950074 200565
727175 571268
393569 854999
46 1008562
-393483 1008579
-727104 855053
-950031 571354
-1028328 200668
-950070 -200568
-727171 -571269
-393566 -854998
-44 -1008560
393485 -1008577
727105 -855050
950030 -571350
1028326 -200665
950068 200569
727169 571269
393564 854998
42 1008560
-393487 1008577
-727107 855050
-950032 571350
-1028327 200664
-950067 -200571
-727167 -571270
-393562 -854998
-40 -1008559
393488 -1008574
727106 -855046
950029 -571346
1028323 -200661
950063 200573
727163 571271
393558 854997
37 1008557
-393490 1008572
-727111 855039
-950034 571339
-1028325 200659
-950065 -200575
-727164 -571274
-393557 -855001
-34 -1008560
393494 -1008573
727115 -855038
950038 -571337
1028328 -200656
950066 200579
727164 571278
393556 855005
32 1008564
-393497 1008577
-727120 855042
-950044 571340
-1028334 200657
-950071 -200581
-727166 -571283
-393555 -855011
-29 -1008569
393501 -1008580
727124 -855043
950048 -571339
1028337 -200654
950072 200585
727166 571287
393555 855015
28 1008573
-393504 1008584
-727128 855046
-950052 571340
-1028341 200653
-950075 -200588
-727167 -571291
-393554 -855019
-25 -1008577
393508 -1008587
727132 -855047
950056 -571333
1028345 -200646
950079 200588
727170 571292
393555 855021
25 1008579
-393509 1008589
-727135 855049
-950060 571334
-1028348 200645
-950081 -200591
-727172 -571296
-393556 -855026
-24 -1008585
393511 -1008594
727137 -855053
950062 -571337
1028351 -200647
950085 200590
727175 571297
393558 855028
25 1008587
-393512 1008596
-727139 855054
-950064 571337
-1028353 200647
-950087 -200590
-727177 -571297
-393560 -855028
-27 -1008588
393511 -1008599
727140 -855058
950067 -571341
1028357 -200650
950091 200589
727181 571298
393563 855031
28 1008592
-393511 1008603
-727141 855062
-950069 571344
-1028356 200644
-950091 -200594
-727185 -571295
-393567 -855030
-32 -1008593
393508 -1008606
727140 -855067
950071 -571350
1028361 -200649
950097 200591
727191 571294
393573 855031
37 1008596
-393505 1008610
-727139 855071
-950071 571354
-1028362 200653
-950099 -200588
-727194 -571292
-393577 -855030
-40 -1008597
393504 -1008613
727140 -855075
950074 -571358
1028366 -200656
950103 200587
727197 571293
393578 855032
40 1008599
-393504 1008615
-727140 855077
-950075 571360
-1028369 200658
-950108 -200585
-727203 -571292
-393583 -855034
-43 -1008604
393503 -1008621
727141 -855083
950077 -571365
1028371 -200661
950103 200592
727197 571299
393584 855032
45 1008602
-393501 1008619
-727139 855081
-950075 571364
-1028369 200662
-950102 -200589
-727198 -571295
-393587 -855028
-50 -1008599
393495 -1008619
727134 -855084
950073 -571369
1028371 -200668
950107 200584
727204 571293
393592 855029
53 1008602
-393494 1008623
-727134 855088
-950073 571373
-1028371 200672
-950108 -200580
-727207 -571289
-393597 -855026
-59 -1008601
393488 -1008624
727130 -855092
950073 -571379
1028374 -200677
950112 200577
727211 571288
393600 855027
61 1008603
-393487 1008627
-727130 855096
-950073 571383
-1028375 200681
-950115 -200573
-727207 -571291
-393596 -855030
-65 -1008600
393483 -1008625
727126 -855094
950069 -571382
1028371 -200682
950112 200570
727206 571287
393597 855026
68 1008596
-393478 1008622
-727120 855094
-950064 571385
-1028368 200687
-950111 -200564
-727207 -571281
-393600 -855020
-72 -1008591
393474 -1008619
727116 -855092
950060 -571384
1028365 -200688
950109 200562
727206 571278
393601 855016
75 1008588
-393470 1008618
-727112 855093
-950056 571386
-1028361 200690
-950106 -200559
-727205 -571274
-393602 -855012
-78 -1008584
393466 -1008615
727108 -855092
950053 -571387
1028360 -200693
950107 200555
727208 571270
393597 855013
72 1008586
-393463 1008613
-727104 855091
-950049 571388
-1028356 200695
-950104 -200552
-727206 -571266
-393596 -855009
-73 -1008582
393460 -1008609
727100 -855087
950045 -571385
1028352 -200694
950100 200551
727203 571263
393595 855005
74 1008578
-393458 1008606
-727098 855086
-950043 571385
-1028351 200695
-950100 -200549
-727203 -571261
-393595 -855003
-74 -1008576
393458 -1008604
727097 -855084
950041 -571384
1028349 -200695
950098 200549
727201 571261
393594 855002
74 1008574
-393457 1008602
-727095 855082
-950038 571382
-1028345 200694
-950095 -200548
-727200 -571258
-393594 -854998
-67 -1008571
393463 -1008599
727092 -855079
950034 -571381
1028341 -200695
950092 200545
727199 571254
393595 854994
69 1008568
-393461 1008597
-727090 855077
-950032 571379
-1028339 200693
-950089 -200547
-727195 -571255
-393591 -854994
-66 -1008567
393462 -1008595
727090 -855075
950032 -571377
1028338 -200691
950087 200548
727193 571255
393590 854993
66 1008565
-393462 1008593
-727089 855073
-950030 571376
-1028336 200691
-950085 -200548
-727191 -571254
-393588 -854991
-65 -1008562
393461 -1008589
727086 -855069
950025 -571372
1028330 -200689
950080 200547
727188 571252
393587 854988
66 1008558
-393465 1008583
-727090 855064
-950023 571371
-1028328 200689
-950078 -200547
-727186 -571251
-393585 -854986
-64 -1008556
393467 -1008581
727092 -855062
950024 -571368
1028328 -200685
950077 200551
727183 571255
393581 854989
60 1008557
-393470 1008580
-727093 855059
-950023 571364
-1028325 200681
-950072 -200554
-727177 -571256
-393575 -854988
-55 -1008554
393473 -1008575
727094 -855053
950022 -571358
1028322 -200676
950068 200557
727173 571257
393572 854987
53 1008552
-393475 1008573
-727095 855050
-950021 571354
-1028319 200672
-950064 -200560
-727169 -571258
-393568 -854986
-50 -1008549
393476 -1008569
727099 -855042
950026 -571347
1028321 -200670
950065 200563
727169 571262
393567 854990
47 1008552
-393480 1008570
-727102 855041
-950028 571345
-1028322 200667
-950064 -200567
-727166 -571266
-393562 -854994
-41 -1008555
393486 -1008571
727108 -855040
950033 -571342
1028325 -200663
950065 200571
727165 571270
393560 854997
39 1008557
-393488 1008572
-727110 855040
-950034 571341
-1028325 200661
-950065 -200573
-727165 -571272
-393560 -854999
-38 -1008559
393490 -1008574
727112 -855041
950036 -571341
1028327 -200660
950067 200575
727166 571274
393559 855001
36 1008561
-393492 1008575
-727114 855041
-950039 571334
-1028331 200653
-950070 -200576
-727168 -571277
-393560 -855006
-35 -1008567
393495 -1008581
727119 -855046
950045 -571337
1028337 -200654
950076 200577
727173 571280
393563 855010
36 1008571
-393496 1008585
-727121 855050
-950047 571340
-1028339 200656
-950078 -200576
-727175 -571280
-393565 -855011
-38 -1008573
393495 -1008587
727122 -855052
950050 -571342
1028343 -200657
950082 200576
727178 571281
393567 855013
39 1008576
-393495 1008591
-727123 855056
-950053 571346
-1028347 200660
-950086 -200575
-727182 -571282
-393570 -855016
-40 -1008580
393496 -1008595
727125 -855059
950055 -571347
1028346 -200652
950085 200583
727184 571282
393572 855016
42 1008580
-393495 1008596
-727125 855061
-950055 571349
-1028347 200654
-950087 -200581
-727186 -571280
-393574 -855015
-44 -1008581
393493 -1008598
727124 -855064
950056 -571353
1028349 -200657
950090 200579
727190 571279
393577 855016
45 1008583
-393493 1008600
-727125 855066
-950058 571355
-1028351 200659
-950092 -200578
-727192 -571280
-393579 -855018
-46 -1008586
393494 -1008604
727127 -855069
950061 -571357
1028355 -200660
950095 200579
727194 571282
393581 855020
48 1008588
-393493 1008607
-727128 855073
-950063 571360
-1028358 200662
-950093 -200585
-727192 -571288
-393585 -855019
-52 -1008589
393489 -1008609
727124 -855076
950060 -571365
1028357 -200668
950095 200579
727196 571283
393589 855016
56 1008588
-393486 1008610
-727123 855078
-950061 571367
-1028359 200670
-950097 -200578
-727198 -571283
-393591 -855016
-58 -1008588
393484 -1008611
727122 -855081
950061 -571371
1028360 -200674
950099 200574
727201 571279
393595 855013
62 1008587
-393480 1008611
-727118 855082
-950058 571374
-1028359 200678
-950100 -200570
-727196 -571282
-393592 -855016
-68 -1008584
393474 -1008611
727113 -855085
950055 -571378
1028358 -200683
950101 200564
727198 571277
393594 855013
70 1008582
-393472 1008609
-727110 855083
-950051 571377
-1028354 200683
-950098 -200563
-727197 -571274
-393595 -855009
-73 -1008579
393468 -1008608
727107 -855084
950050 -571380
1028355 -200687
950100 200560
727199 571273
393597 855009
75 1008579
-393466 1008608
-727105 855084
-950048 571380
-1028353 200688
-950099 -200557
-727200 -571269
-393599 -855005
-77 -1008576
393464 -1008607
727103 -855085
950046 -571382
1028352 -200690
950099 200555
727200 571267
393591 855008
70 1008579
-393462 1008605
-727101 855083
-950044 571381
-1028350 200691
-950098 -200553
-727201 -571265
-393593 -855006
-72 -1008577
393459 -1008603
727097 -855082
950040 -571382
1028346 -200693
950094 200550
727198 571260
393592 855000
73 1008571
-393456 1008598
-727092 855079
-950034 571381
-1028341 200695
-950092 -200545
-727199 -571254
-393595 -854994
-78 -1008566
393450 -1008595
727086 -855078
950029 -571382
1028338 -200697
950090 200543
727197 571252
393594 854992
78 1008564
-393450 1008593
-727086 855076
-950028 571380
-1028336 200696
-950088 -200542
-727196 -571249
-393594 -854988
-70 -1008562
393458 -1008591
727085 -855072
950026 -571376
1028333 -200692
950084 200546
727192 571252
393590 854989
67 1008561
-393459 1008589
-727085 855070
-950025 571374
-1028331 200691
-950082 -200545
-727190 -571250
-393589 -854987
-67 -1008559
393459 -1008587
727084 -855068
950023 -571373
1028329 -200691
950080 200545
727188 571250
393587 854986
66 1008556
-393458 1008583
-727082 855064
-950021 571369
-1028326 200687
-950076 -200548
-727184 -571251
-393583 -854986
-62 -1008556
393462 -1008582
727085 -855061
950022 -571365
1028325 -200683
950073 200552
727180 571254
393579 854987
58 1008555
-393472 1008578
-727095 855057
-950025 571362
-1028326 200679
-950072 -200556
-727177 -571258
-393575 -854990
-54 -1008556
393475 -1008577
727096 -855054
950024 -571358
1028324 -200675
950070 200559
727175 571259
393573 854990
52 1008556
-393477 1008577
-727098 855054
-950026 571358
-1028326 200675
-950071 -200560
-727175 -571261
-393572 -854992
-50 -1008557
393479 -1008576
727100 -855052
950027 -571355
1028325 -200671
950069 200563
727172 571263
393568 854993
47 1008556
-393481 1008574
-727101 855049
-950027 571351
-1028324 200667
-950066 -200567
-727168 -571266
-393564 -854994
-43 -1008556
393484 -1008573
727106 -855042
950031 -571344
1028324 -200665
950066 200569
727167 571268
393562 854996
41 1008557
-393486 1008573
-727108 855042
-950033 571344
-1028326 200665
-950068 -200569
-727169 -571269
-393564 -854998
-42 -1008560
393487 -1008577
727111 -855046
950038 -571347
1028331 -200665
950071 200572
727170 571273
393563 855002
40 1008563
-393489 1008578
-727113 855045
-950039 571345
-1028331 200663
-950071 -200574
-727170 -571275
-393562 -855004
-37 -1008565
393493 -1008579
727116 -855044
950040 -571342
1028330 -200659
950068 200578
727166 571278
393558 855005
34 1008564
-393495 1008577
-727118 855042
-950042 571333
-1028332 200651
-950070 -200578
-727167 -571279
-393558 -855007
-33 -1008566
393497 -1008579
727120 -855044
950045 -571335
1028336 -200652
950073 200579
727169 571281
393559 855010
32 1008570
-393499 1008582
-727122 855045
-950046 571334
-1028336 200650
-950073 -200581
-727168 -571283
-393557 -855011
-30 -1008570
393501 -1008582
727124 -855045
950048 -571334
1028338 -200650
950075 200581
727170 571283
393559 855012
32 1008572
-393500 1008584
-727125 855047
-950051 571336
-1028342 200651
-950079 -200582
-727174 -571286
-393562 -855016
-33 -1008577
393501 -1008590
727127 -855052
950053 -571339
1028341 -200645
950078 200587
727176 571283
393564 855015
35 1008577
-393499 1008591
-727126 855055
-950054 571343
-1028343 200648
-950080 -200586
-727178 -571283
-393566 -855015
-37 -1008577
393497 -1008591
727124 -855055
950052 -571344
1028342 -200651
950081 200582
727181 571279
393571 855012
43 1008576
-393492 1008592
-727121 855058
-950051 571348
-1028343 200655
-950084 -200578
-727185 -571276
-393575 -855011
-46 -1008577
393491 -1008595
727122 -855062
950054 -571352
1028347 -200658
950088 200577
727189 571277
393578 855014
47 1008582
-393492 1008601
-727125 855068
-950059 571357
-1028354 200661
-950090 -200584
-727190 -571285
-393583 -855015
-51 -1008584
393488 -1008603
727121 -855070
950055 -571360
1028351 -200665
950089 200580
727191 571281
393586 855011
55 1008581
-393484 1008602
-727118 855071
-950054 571362
-1028351 200667
-950089 -200578
-727192 -571279
-393588 -855010
-57 -1008582
393483 -1008605
727118 -855075
950055 -571366
1028354 -200671
950093 200575
727196 571278
393592 855010
61 1008582
-393479 1008605
-727115 855076
-950053 571368
-1028352 200673
-950092 -200572
-727196 -571274
-393593 -855006
-63 -1008579
393477 -1008604
727113 -855076
950051 -571369
1028351 -200676
950093 200568
727191 571277
393589 855010
67 1008578
-393473 1008605
-727110 855079
-950050 571373
-1028352 200680
-950095 -200565
-727193 -571276
-393591 -855010
-69 -1008578
393471 -1008605
727108 -855080
950049 -571376
1028352 -200684
950096 200561
727196 571272
393595 855007
73 1008577
-393468 1008606
-727106 855082
-950047 571378
-1028351 200686
-950097 -200559
-727198 -571270
-393597 -855005
-76 -1008575
393464 -1008605
727103 -855083
950046 -571380
1028351 -200688
950097 200557
727198 571268
393598 855003
78 1008574
-393462 1008605
-727101 855083
-950044 571381
-1028350 200691
-950098 -200553
-727201 -571265
-393593 -855006
-72 -1008577
393459 -1008603
727097 -855082
950040 -571382
1028346 -200693
950094 200550
727198 571260
393592 855000
73 1008571
-393456 1008598
-727092 855079
-950034 571381
-1028341 200695
-950092 -200545
-727199 -571254
-393595 -854994
-78 -1008566
393450 -1008595
727086 -855078
950029 -571382
1028338 -200697
950090 200543
727197 571252
393594 854992
78 1008564
-393450 1008593
-727086 855076
-950028 571380
-1028336 200696
-950088 -200542
-727196 -571249
-393594 -854988
-79 -1008560
393447 -1008589
727082 -855073
950024 -571379
1028332 -200697
950085 200540
727195 571247
393595 854986
73 1008560
-393454 1008590
-727082 855073
-950024 571379
-1028332 200697
-950085 -200540
-727195 -571247
-393595 -854986
-73 -1008560
393454 -1008590
727082 -855073
950024 -571379
1028332 -200697
950085 200540
727195 571247
393595 854986
73 1008560
-393454 1008590
-727082 855073
-950024 571379
-1028332 200697
-950085 -200540
-727195 -571247
-393595 -854986
-73 -1008560
393454 -1008590
727082 -855073
950024 -571379
1028332 -200697
950085 200540
727195 571247
393595 854986
73 1008560
-393454 1008590
-727082 855073
-950024 571379
-1028332 200697
-950085 -200540
-727195 -571247
-393595 -854986
-73 -1008560
393461 -1008589
727090 -855072
950026 -571378
1028333 -200694
950084 200544
727192 571250
393591 854987
69 1008559
-393464 1008586
-727091 855068
-950025 571374
-1028331 200691
-950082 -200545
-727190 -571250
-393589 -854987
-67 -1008559
393465 -1008585
727091 -855066
950025 -571372
1028330 -200689
950080 200547
727188 571252
393587 854988
66 1008558
-393465 1008583
-727090 855064
-950023 571371
-1028328 200689
-950078 -200547
-727186 -571251
-393585 -854986
-64 -1008556
393467 -1008581
727092 -855062
950024 -571368
1028328 -200685
950077 200551
727183 571255
393581 854989
60 1008557
-393470 1008580
-727097 855055
-950029 571361
-1028329 200683
-950076 -200553
-727181 -571257
-393578 -854991
-56 -1008558
393474 -1008579
727101 -855052
950032 -571357
1028330 -200678
950075 200559
727178 571262
393574 854994
52 1008560
-393478 1008581
-727105 855053
-950035 571356
-1028332 200676
-950077 -200561
-727179 -571265
-393573 -854998
-49 -1008563
393482 -1008582
727108 -855052
950037 -571353
1028333 -200671
950076 200567
727177 571270
393570 855002
45 1008566
-393486 1008583
-727112 855052
-950041 571353
-1028337 200671
-950079 -200568
-727178 -571273
-393570 -855006
-44 -1008570
393489 -1008587
727117 -855055
950047 -571347
1028342 -200663
950083 200570
727182 571275
393573 855008
45 1008573
-393490 1008591
-727119 855058
-950049 571348
-1028344 200663
-950085 -200571
-727183 -571278
-393573 -855012
-44 -1008577
393492 -1008594
727121 -855060
950051 -571350
1028346 -200664
950087 200571
727185 571278
393574 855013
44 1008579
-393493 1008596
-727124 855062
-950055 571351
-1028350 200664
-950090 -200572
-727186 -571280
-393574 -855015
-44 -1008581
393493 -1008598
727124 -855064
950056 -571353
1028349 -200657
950090 200579
727190 571279
393577 855016
45 1008583
-393493 1008600
-727125 855066
-950058 571355
-1028351 200659
-950092 -200578
-727192 -571280
-393579 -855018
-46 -1008586
393494 -1008604
727127 -855069
950061 -571357
1028355 -200660
950095 200579
727194 571282
393581 855020
48 1008588
-393493 1008607
-727128 855073
-950063 571360
-1028358 200662
-950100 -200577
-727200 -571281
-393586 -855022
-51 -1008593
393492 -1008613
727129 -855079
950066 -571366
1028363 -200667
950106 200575
727205 571282
393589 855024
52 1008595
-393492 1008615
-727129 855081
-950067 571368
-1028365 200669
-950102 -200581
-727201 -571288
-393591 -855023
-54 -1008596
393491 -1008617
727130 -855083
950069 -571369
1028367 -200668
950103 200583
727201 571290
393591 855025
54 1008598
-393491 1008619
-727130 855085
-950069 571371
-1028367 200670
-950104 -200581
-727203 -571288
-393593 -855023
-56 -1008596
393489 -1008618
727128 -855086
950068 -571374
1028368 -200674
950106 200578
727205 571287
393595 855023
58 1008596
-393487 1008618
-727126 855086
-950066 571374
-1028366 200675
-950105 -200575
-727206 -571283
-393598 -855020
-62 -1008595
393484 -1008619
727125 -855088
950066 -571376
1028367 -200677
950107 200574
727200 571290
393591 855027
62 1008595
-393484 1008619
-727125 855088
-950066 571376
-1028367 200677
-950107 -200574
-727200 -571290
-393591 -855027
-62 -1008595
393484 -1008619
727125 -855088
950066 -571376
1028367 -200677
950107 200574
727200 571290
393591 855027
62 1008595
-393484 1008619
-727125 855088
-950066 571376
-1028367 200677
-950107 -200574
-727200 -571290
-393591 -855027
-62 -1008595
393484 -1008619
727125 -855088
950066 -571376
1028367 -200677
950107 200574
727200 571290
393591 855027
62 1008595
-393484 1008619
-727125 855088
-950066 571376
-1028367 200677
-950107 -200574
-727200 -571290
-393582 -855031
-52 -1008598
393485 -1008617
727124 -855086
950064 -571375
1028365 -200677
950105 200573
727198 571287
393581 855027
53 1008594
-393482 1008613
-727120 855083
-950060 571373
-1028361 200676
-950102 -200572
-727197 -571285
-393581 -855025
-54 -1008592
393480 -1008611
727118 -855082
950058 -571374
1028359 -200678
950100 200570
727196 571282
393582 855021
56 1008588
-393478 1008608
-727116 855080
-950056 571372
-1028357 200677
-950098 -200570
-727194 -571282
-393581 -855020
-57 -1008586
393475 -1008606
727112 -855079
950052 -571373
1028353 -200679
950095 200567
727192 571278
393579 855016
47 1008584
-393485 1008604
-727112 855074
-950049 571367
-1028349 200674
-950091 -200570
-727188 -571279
-393576 -855015
-46 -1008581
393484 -1008600
727110 -855071
950047 -571366
1028347 -200675
950089 200568
727187 571276
393577 855011
48 1008578
-393482 1008599
-727108 855071
-950045 571366
-1028345 200675
-950087 -200567
-727186 -571274
-393577 -855009
-48 -1008576
393482 -1008597
727108 -855069
950045 -571364
1028345 -200673
950087 200569
727185 571276
393575 855011
46 1008577
-393484 1008596
-727109 855067
-950044 571362
-1028342 200671
-950083 -200570
-727182 -571275
-393573 -855008
-45 -1008573
393490 -1008591
727115 -855063
950044 -571360
1028342 -200669
950083 200572
727181 571277
393571 855010
43 1008574
-393491 1008590
-727115 855061
-950043 571358
-1028340 200668
-950081 -200572
-727179 -571277
-393569 -855010
-41 -1008574
393493 -1008590
727116 -855060
950043 -571356
1028339 -200666
950078 200574
727175 571278
393565 855009
38 1008571
-393494 1008585
-727115 855054
-950040 571350
-1028335 200661
-950074 -200577
-727171 -571279
-393562 -855008
-36 -1008569
393496 -1008583
727117 -855052
950041 -571348
1028334 -200659
950071 200579
727167 571281
393558 855009
33 1008568
-393497 1008581
-727121 855046
-950046 571343
-1028336 200658
-950073 -200581
-727168 -571283
-393557 -855011
-30 -1008570
393501 -1008582
727124 -855045
950048 -571341
1028337 -200656
950073 200583
727168 571285
393557 855013
30 1008572
-393502 1008584
-727126 855046
-950050 571340
-1028339 200653
-950074 -200587
-727167 -571289
-393554 -855017
-26 -1008575
393506 -1008585
727130 -855046
950054 -571340
1028343 -200653
950077 200588
727169 571291
393556 855019
27 1008577
-393506 1008587
-727131 855048
-950056 571341
-1028344 200652
-950077 -200590
-727168 -571293
-393553 -855021
-23 -1008579
393510 -1008588
727134 -855047
950058 -571332
1028346 -200644
950079 200590
727170 571294
393555 855023
24 1008581
-393511 1008590
-727137 855049
-950062 571333
-1028350 200643
-950082 -200593
-727171 -571298
-393554 -855027
-22 -1008585
393513 -1008594
727139 -855052
950064 -571335
1028352 -200645
950084 200592
727173 571299
393555 855030
21 1008589
-393516 1008598
-727143 855055
-950068 571336
-1028356 200644
-950088 -200594
-727176 -571301
-393557 -855032
-22 -1008591
393517 -1008600
727146 -855057
950072 -571337
1028359 -200643
950089 200597
727176 571305
393556 855036
20 1008595
-393519 1008603
-727148 855059
-950074 571339
-1028359 200637
-950091 -200603
-727182 -571304
-393562 -855037
-25 -1008598
393516 -1008608
727147 -855065
950075 -571345
1028362 -200642
950095 200599
727186 571301
393566 855036
28 1008599
-393514 1008610
-727146 855067
-950076 571347
-1028364 200644
-950097 -200598
-727188 -571302
-393567 -855038
-28 -1008601
393515 -1008612
727148 -855069
950078 -571349
1028366 -200646
950100 200596
727192 571300
393571 855037
32 1008601
-393511 1008613
-727145 855072
-950077 571353
-1028367 200650
-950102 -200593
-727194 -571299
-393573 -855038
-33 -1008604
393512 -1008617
727147 -855075
950079 -571355
1028369 -200651
950098 200601
727190 571306
393575 855036
36 1008602
-393508 1008616
-727144 855076
-950078 571357
-1028369 200653
-950098 -200599
-727191 -571304
-393578 -855034
-40 -1008601
393504 -1008617
727140 -855079
950075 -571362
1028369 -200660
950102 200591
727198 571297
393586 855030
48 1008600
-393497 1008618
-727135 855082
-950072 571367
-1028368 200666
-950103 -200585
-727200 -571292
-393589 -855026
-52 -1008597
393493 -1008617
727132 -855083
950071 -571369
1028369 -200668
950105 200584
727202 571292
393591 855027
53 1008600
-393494 1008621
-727134 855086
-950073 571371
-1028371 200670
-950107 -200582
-727196 -571297
-393584 -855032
-54 -1008598
393491 -1008619
727130 -855085
950069 -571371
1028367 -200670
950104 200581
727195 571295
393585 855030
56 1008596
-393489 1008618
-727128 855086
-950068 571374
-1028368 200674
-950106 -200578
-727197 -571293
-393587 -855028
-58 -1008594
393487 -1008616
727126 -855084
950065 -571372
1028364 -200673
950103 200577
727196 571291
393588 855026
60 1008593
-393485 1008617
-727124 855086
-950064 571375
-1028365 200677
-950105 -200573
-727198 -571287
-393590 -855022
-63 -1008589
393480 -1008613
727118 -855084
950059 -571376
1028361 -200680
950103 200568
727200 571281
393586 855022
60 1008591
-393475 1008613
-727115 855086
-950057 571378
-1028360 200682
-950103 -200566
-727200 -571279
-393586 -855020
-60 -1008589
393474 -1008611
727113 -855085
950055 -571378
1028358 -200683
950101 200564
727198 571277
393585 855017
61 1008585
-393472 1008607
-727110 855081
-950051 571375
-1028354 200681
-950097 -200565
-727195 -571276
-393583 -855015
-59 -1008583
393473 -1008605
727110 -855079
950050 -571373
1028352 -200680
950095 200565
727193 571276
393582 855014
60 1008581
-393471 1008603
-727108 855078
-950049 571374
-1028352 200682
-950096 -200563
-727195 -571274
-393584 -855013
-53 -1008583
393479 -1008605
727108 -855078
950049 -571374
1028352 -200682
950096 200563
727195 571274
393584 855013
53 1008583
-393479 1008605
-727108 855078
-950049 571374
-1028352 200682
-950096 -200563
-727195 -571274
-393584 -855013
-53 -1008583
393479 -1008605
727108 -855078
950049 -571374
1028352 -200682
950096 200563
727195 571274
393584 855013
53 1008583
-393479 1008605
-727108 855078
-950049 571374
-1028352 200682
-950096 -200563
-727195 -571274
-393584 -855013
-53 -1008583
393486 -1008604
727116 -855077
950050 -571373
1028352 -200680
950095 200565
727193 571276
393582 855014
51 1008582
-393488 1008601
-727117 855073
-950049 571369
-1028349 200676
-950091 -200568
-727189 -571277
-393578 -855014
-47 -1008582
393492 -1008601
727121 -855072
950053 -571366
1028352 -200671
950092 200574
727188 571283
393575 855019
43 1008585
-393496 1008602
-727124 855071
-950054 571364
-1028351 200669
-950089 -200576
-727184 -571284
-393571 -855018
-40 -1008582
393497 -1008597
727123 -855065
950051 -571358
1028347 -200664
950085 200579
727180 571285
393567 855018
36 1008581
-393500 1008595
-727129 855058
-950058 571351
-1028350 200661
-950086 -200584
-727178 -571291
-393563 -855023
-31 -1008585
393507 -1008598
727137 -855059
950065 -571350
1028355 -200658
950089 200588
727179 571296
393561 855029
26 1008590
-393513 1008600
-727142 855058
-950068 571347
-1028356 200654
-950088 -200592
-727177 -571299
-393559 -855030
-25 -1008589
393512 -1008598
727140 -855056
950066 -571345
1028354 -200652
950086 200594
727174 571301
393555 855032
20 1008591
-393518 1008599
-727145 855055
-950069 571342
-1028355 200648
-950085 -200598
-727172 -571305
-393553 -855035
-18 -1008592
393520 -1008599
727147 -855055
950072 -571335
1028359 -200641
950089 200599
727175 571307
393554 855038
18 1008596
-393521 1008603
-727150 855058
-950076 571337
-1028363 200642
-950092 -200600
-727177 -571310
-393555 -855042
-17 -1008600
393523 -1008606
727152 -855060
950078 -571338
1028365 -200642
950094 200600
727179 571310
393557 855042
18 1008601
-393524 1008608
-727154 855061
-950080 571338
-1028367 200641
-950096 -200602
-727180 -571312
-393557 -855044
-18 -1008603
393524 -1008610
727155 -855063
950082 -571339
1028369 -200641
950098 200603
727181 571315
393556 855048
16 1008606
-393526 1008612
-727157 855065
-950084 571341
-1028368 200635
-950097 -200608
-727184 -571311
-393560 -855045
-20 -1008605
393523 -1008613
727155 -855067
950083 -571343
1028368 -200637
950098 200606
727186 571310
393562 855046
21 1008607
-393523 1008615
-727156 855069
-950085 571345
-1028370 200638
-950099 -200607
-727186 -571312
-393561 -855048
-19 -1008609
393525 -1008616
727158 -855069
950087 -571345
1028372 -200638
950101 200607
727188 571312
393563 855048
21 1008609
-393524 1008617
-727158 855071
-950087 571347
-1028373 200640
-950104 -200605
-727192 -571311
-393567 -855049
-24 -1008612
393522 -1008621
727157 -855075
950088 -571351
1028376 -200644
950102 200610
727190 571317
393571 855048
28 1008613
-393519 1008624
-727156 855080
-950089 571357
-1028378 200649
-950105 -200606
-727195 -571313
-393577 -855045
-34 -1008612
393514 -1008625
727153 -855083
950088 -571361
1028379 -200653
950107 200603
727197 571312
393579 855045
36 1008612
-393512 1008626
-727151 855085
-950087 571363
-1028379 200655
-950108 -200601
-727199 -571310
-393581 -855044
-37 -1008613
393512 -1008628
727152 -855087
950089 -571365
1028382 -200657
950112 200599
727203 571309
393585 855044
41 1008614
-393509 1008630
-727150 855089
-950087 571367
-1028380 200659
-950110 -200597
-727193 -571313
-393576 -855046
-42 -1008608
393506 -1008625
727146 -855086
950083 -571366
1028377 -200660
950109 200595
727194 571311
393578 855045
44 1008608
-393504 1008625
-727144 855087
-950082 571369
-1028377 200664
-950109 -200591
-727195 -571307
-393581 -855041
-49 -1008605
393498 -1008624
727138 -855088
950077 -571372
1028375 -200669
950111 200585
727199 571302
393585 855038
53 1008604
-393494 1008625
-727135 855090
-950075 571374
-1028373 200671
-950109 -200582
-727198 -571298
-393586 -855034
-55 -1008600
393492 -1008621
727132 -855087
950071 -571373
1028369 -200672
950106 200580
727197 571295
393578 855034
48 1008599
-393489 1008616
-727128 855084
-950067 571372
-1028366 200673
-950105 -200577
-727198 -571291
-393580 -855031
-50 -1008598
393487 -1008616
727126 -855084
950065 -571372
1028364 -200673
950103 200577
727196 571291
393579 855030
51 1008596
-393485 1008615
-727124 855084
-950064 571373
-1028364 200675
-950103 -200575
-727196 -571289
-393579 -855028
-51 -1008594
393484 -1008613
727122 -855083
950062 -571373
1028363 -200676
950103 200573
727196 571287
393579 855026
52 1008592
-393482 1008611
-727120 855081
-950059 571371
-1028358 200674
-950097 -200574
-727191 -571286
-393576 -855024
-42 -1008591
393492 -1008609
727121 -855077
950059 -571367
1028357 -200670
950095 200577
727189 571287
393574 855023
40 1008588
-393493 1008605
-727120 855073
-950056 571364
-1028353 200669
-950091 -200576
-727186 -571284
-393573 -855019
-41 -1008584
393490 -1008601
727116 -855070
950052 -571362
1028349 -200668
950087 200576
727182 571284
393569 855018
38 1008582
-393492 1008599
-727117 855067
-950051 571358
-1028347 200664
-950085 -200579
-727180 -571285
-393567 -855018
-36 -1008581
393493 -1008596
727116 -855063
950049 -571355
1028345 -200663
950083 200579
727178 571285
393566 855017
36 1008579
-393500 1008593
-727124 855061
-950050 571354
-1028344 200661
-950081 -200580
-727176 -571285
-393564 -855017
-34 -1008579
393501 -1008592
727124 -855059
950050 -571352
1028344 -200659
950081 200582
727175 571287
393562 855018
32 1008579
-393503 1008592
-727126 855059
-950052 571352
-1028345 200658
-950080 -200584
-727173 -571288
-393560 -855018
-31 -1008578
393503 -1008590
727126 -855057
950051 -571350
1028343 -200657
950078 200584
727171 571288
393558 855018
29 1008578
-393505 1008590
-727127 855056
-950051 571348
-1028343 200655
-950078 -200586
-727171 -571290
-393557 -855020
-27 -1008579
393507 -1008589
727133 -855049
950058 -571341
1028346 -200652
950079 200590
727170 571294
393555 855023
24 1008581
-393511 1008590
-727137 855049
-950061 571340
-1028347 200649
-950078 -200594
-727168 -571297
-393553 -855025
-22 -1008583
393513 -1008592
727139 -855050
950063 -571340
1028349 -200649
950080 200595
727169 571300
393552 855029
20 1008586
-393515 1008594
-727141 855052
-950065 571341
-1028351 200649
-950082 -200595
-727171 -571300
-393554 -855029
-21 -1008587
393516 -1008596
727143 -855053
950067 -571341
1028353 -200648
950083 200598
727170 571304
393551 855033
17 1008590
-393520 1008597
-727147 855053
-950071 571333
-1028357 200639
-950087 -200600
-727173 -571307
-393552 -855037
-16 -1008594
393522 -1008600
727149 -855054
950073 -571333
1028359 -200639
950088 200601
727173 571309
393552 855039
16 1008596
-393523 1008602
-727151 855056
-950076 571335
-1028363 200640
-950092 -200602
-727176 -571312
-393553 -855044
-14 -1008602
393528 -1008608
727158 -855061
950084 -571337
1028370 -200639
950097 200605
727179 571316
393554 855048
14 1008606
-393528 1008612
-727159 855065
-950086 571341
-1028373 200642
-950101 -200604
-727183 -571317
-393557 -855051
-15 -1008610
393529 -1008616
727161 -855068
950088 -571342
1028372 -200634
950101 200611
727187 571316
393561 855052
18 1008613
-393528 1008620
-727162 855072
-950091 571346
-1028376 200637
-950105 -200610
-727191 -571317
-393564 -855054
-20 -1008615
393526 -1008622
727161 -855075
950092 -571350
1028379 -200641
950109 200606
727195 571314
393568 855053
23 1008616
-393525 1008625
-727162 855079
-950094 571353
-1028381 200642
-950111 -200607
-727197 -571316
-393570 -855056
-24 -1008621
393526 -1008631
727164 -855084
950097 -571357
1028386 -200646
950117 200604
727203 571315
393575 855057
28 1008623
-393523 1008634
-727164 855089
-950100 571363
-1028390 200651
-950116 -200609
-727203 -571321
-393581 -855056
-33 -1008624
393520 -1008636
727162 -855091
950099 -571365
1028391 -200653
950118 200607
727205 571320
393583 855056
35 1008625
-393518 1008639
-727161 855095
-950099 571369
-1028391 200657
-950119 -200603
-727207 -571316
-393586 -855053
-39 -1008624
393515 -1008640
727160 -855098
950100 -571373
1028394 -200661
950123 200600
727211 571315
393590 855053
43 1008624
-393511 1008640
-727156 855099
-950097 571376
-1028393 200665
-950124 -200596
-727206 -571318
-393585 -855057
-45 -1008623
393509 -1008641
727154 -855101
950095 -571378
1028391 -200667
950123 200593
727207 571314
393588 855053
49 1008620
-393505 1008639
-727150 855100
-950092 571379
-1028390 200670
-950123 -200589
-727207 -571310
-393589 -855049
-52 -1008616
393500 -1008636
727144 -855099
950086 -571380
1028385 -200673
950120 200585
727206 571306
393590 855045
55 1008612
-393496 1008633
-727140 855098
-950083 571381
-1028383 200675
-950119 -200582
-727207 -571302
-393592 -855041
-57 -1008609
393494 -1008631
727138 -855096
950080 -571379
1028379 -200674
950115 200581
727204 571299
393582 855042
48 1008610
-393493 1008627
-727135 855092
-950076 571376
-1028375 200673
-950111 -200581
-727200 -571298
-393579 -855039
-47 -1008605
393492 -1008621
727132 -855087
950071 -571373
1028369 -200672
950106 200580
727197 571295
393578 855034
48 1008599
-393489 1008616
-727128 855084
-950067 571372
-1028366 200673
-950105 -200577
-727198 -571291
-393580 -855031
-50 -1008598
393487 -1008616
727126 -855084
950065 -571372
1028364 -200673
950103 200577
727196 571291
393579 855030
51 1008596
-393485 1008615
-727124 855084
-950064 571373
-1028364 200675
-950103 -200575
-727196 -571289
-393579 -855028
-43 -1008595
393493 -1008613
727123 -855080
950061 -571369
1028360 -200672
950099 200576
727192 571288
393575 855026
40 1008592
-393494 1008609
-727122 855076
-950058 571365
-1028355 200669
-950093 -200577
-727187 -571287
-393572 -855023
-38 -1008588
393495 -1008604
727121 -855070
950055 -571360
1028351 -200665
950089 200580
727183 571288
393569 855022
37 1008586
-393494 1008602
-727119 855069
-950053 571360
-1028349 200666
-950087 -200578
-727181 -571286
-393567 -855020
-36 -1008583
393494 -1008598
727119 -855065
950053 -571356
1028348 -200662
950085 200581
727179 571287
393565 855019
34 1008581
-393502 1008594
-727126 855061
-950052 571354
-1028346 200660
-950082 -200583
-727175 -571289
-393561 -855020
-30 -1008580
393505 -1008592
727128 -855058
950053 -571350
1028345 -200656
950080 200586
727173 571290
393559 855020
28 1008580
-393507 1008591
-727129 855056
-950053 571348
-1028345 200654
-950079 -200588
-727170 -571292
-393555 -855021
-25 -1008579
393509 -1008589
727131 -855053
950054 -571343
1028343 -200648
950074 200594
727164 571297
393549 855024
19 1008580
-393514 1008588
-727134 855051
-950055 571341
-1028343 200646
-950074 -200596
-727163 -571299
-393547 -855026
-17 -1008581
393516 -1008587
727139 -855044
950060 -571334
1028345 -200644
950075 200598
727163 571301
393546 855028
14 1008583
-393520 1008588
-727143 855043
-950063 571331
-1028346 200639
-950074 -200604
-727160 -571306
-393542 -855031
-10 -1008584
393524 -1008588
727147 -855042
950066 -571328
1028347 -200635
950074 200608
727159 571310
393539 855035
6 1008587
-393528 1008589
-727150 855041
-950068 571326
-1028348 200633
-950073 -200610
-727157 -571312
-393537 -855036
-4 -1008587
393529 -1008588
727150 -855039
950068 -571324
1028348 -200631
950073 200612
727157 571314
393537 855038
4 1008589
-393530 1008590
-727152 855041
-950070 571319
-1028350 200626
-950075 -200610
-727159 -571312
-393539 -855037
-6 -1008589
393528 -1008591
727151 -855043
950071 -571321
1028353 -200628
950079 200609
727163 571313
393542 855039
7 1008592
-393529 1008595
-727153 855047
-950074 571325
-1028357 200631
-950083 -200608
-727166 -571314
-393543 -855042
-6 -1008596
393531 -1008598
727156 -855049
950078 -571326
1028361 -200630
950086 200611
727167 571318
393543 855046
5 1008600
-393534 1008602
-727160 855052
-950082 571327
-1028364 200629
-950088 -200613
-727169 -571321
-393544 -855050
-4 -1008604
393537 -1008606
727165 -855055
950088 -571328
1028367 -200620
950091 200623
727174 571324
393547 855055
5 1008610
-393538 1008612
-727168 855061
-950092 571333
-1028372 200624
-950097 -200621
-727179 -571325
-393550 -855058
-6 -1008615
393539 -1008618
727171 -855066
950097 -571336
1028377 -200624
950100 200623
727181 571327
393552 855060
8 1008617
-393538 1008620
-727171 855068
-950097 571338
-1028378 200626
-950102 -200622
-727183 -571328
-393553 -855062
-7 -1008619
393540 -1008622
727173 -855070
950100 -571340
1028382 -200628
950107 200620
727189 571327
393558 855064
10 1008624
-393539 1008628
-727175 855076
-950104 571345
-1028386 200631
-950104 -200627
-727185 -571334
-393561 -855062
-14 -1008623
393536 -1008629
727173 -855078
950103 -571348
1028387 -200635
950107 200623
727189 571331
393565 855061
18 1008623
-393532 1008630
-727170 855081
-950102 571352
-1028388 200639
-950110 -200620
-727193 -571330
-393568 -855062
-19 -1008626
393533 -1008634
727172 -855085
950105 -571356
1028392 -200642
950114 200619
727197 571331
393572 855064
23 1008629
-393530 1008638
-727171 855089
-950105 571360
-1028393 200646
-950116 -200615
-727199 -571327
-393574 -855061
-25 -1008627
393528 -1008637
727169 -855089
950103 -571360
1028392 -200647
950117 200613
727193 571332
393568 855066
27 1008625
-393525 1008635
-727165 855088
-950100 571361
-1028390 200649
-950115 -200611
-727192 -571330
-393569 -855064
-29 -1008624
393524 -1008636
727166 -855090
950102 -571362
1028392 -200649
950117 200611
727194 571330
393571 855064
31 1008624
-393522 1008636
-727164 855091
-950101 571365
-1028393 200653
-950120 -200607
-727198 -571327
-393575 -855063
-35 -1008625
393518 -1008639
727161 -855095
950099 -571369
1028391 -200657
950119 200603
727199 571323
393577 855059
38 1008621
-393514 1008636
-727157 855094
-950096 571370
-1028390 200659
-950119 -200601
-727199 -571321
-393568 -855062
-28 -1008624
393515 -1008633
727156 -855090
950093 -571366
1028385 -200656
950113 200602
727194 571320
393565 855059
27 1008620
-393514 1008629
-727154 855087
-950091 571365
-1028383 200656
-950112 -200601
-727194 -571318
-393566 -855057
-29 -1008618
393512 -1008628
727152 -855087
950089 -571365
1028382 -200657
950112 200599
727195 571316
393568 855055
31 1008617
-393510 1008628
-727150 855087
-950087 571365
-1028380 200657
-950110 -200599
-727193 -571315
-393566 -855053
-30 -1008614
393510 -1008624
727149 -855083
950085 -571362
1028378 -200656
950108 200599
727191 571315
393565 855052
22 1008614
-393518 1008624
-727148 855081
-950082 571360
-1028373 200654
-950102 -200600
-727185 -571314
-393559 -855049
-17 -1008609
393521 -1008618
727149 -855075
950081 -571354
1028371 -200649
950100 200603
727183 571315
393557 855049
15 1008608
-393522 1008615
-727149 855071
-950080 571350
-1028368 200645
-950095 -200606
-727177 -571316
-393552 -855048
-12 -1008605
393523 -1008611
727148 -855067
950078 -571347
1028366 -200644
950093 200606
727175 571316
393550 855047
10 1008603
-393524 1008608
-727147 855063
-950075 571343
-1028361 200640
-950087 -200609
-727169 -571317
-393545 -855046
-7 -1008600
393532 -1008602
727155 -855057
950076 -571339
1028360 -200636
950084 200612
727165 571318
393541 855045
4 1008597
-393533 1008598
-727154 855053
-950074 571335
-1028358 200633
-950082 -200614
-727163 -571319
-393539 -855045
-2 -1008597
393535 -1008598
727155 -855052
950073 -571333
1028356 -200631
950080 200616
727161 571321
393537 855047
0 1008599
-393537 1008599
-727157 855052
-950075 571333
-1028358 200631
-950082 -200616
-727163 -571321
-393539 -855047
-2 -1008599
393536 -1008600
727158 -855054
950077 -571334
1028359 -200630
950081 200618
727161 571323
393536 855049
-2 1008600
-393539 1008599
-727163 855047
-950082 571327
-1028361 200628
-950083 -200620
-727162 -571325
-393536 -855051
3 -1008602
393542 -1008601
727167 -855048
950086 -571327
1028364 -200627
950084 200623
727161 571329
393533 855054
-7 1008604
-393546 1008602
-727171 855047
-950089 571324
-1028366 200623
-950085 -200627
-727161 -571333
-393533 -855058
8 -1008608
393548 -1008605
727173 -855049
950091 -571325
1028367 -200622
950085 200629
727160 571335
393530 855060
-12 1008609
-393552 1008605
-727177 855048
-950095 571323
-1028371 200620
-950088 -200632
-727161 -571340
-393529 -855066
15 -1008614
393557 -1008608
727183 -855049
950100 -571315
1028374 -200611
950090 200634
727163 571342
393531 855068
-13 1008617
-393555 1008612
-727182 855054
-950102 571321
-1028379 200616
-950096 -200632
-727168 -571343
-393534 -855071
12 -1008621
393556 -1008616
727184 -855057
950104 -571322
1028381 -200616
950098 200632
727170 571344
393536 855073
-11 1008624
-393557 1008620
-727187 855061
-950108 571326
-1028386 200619
-950104 -200631
-727175 -571345
-393539 -855076
10 -1008628
393558 -1008624
727189 -855064
950110 -571327
1028384 -200611
950101 200638
727176 571343
393541 855075
-8 1008628
-393556 1008625
-727188 855067
-950111 571331
-1028387 200614
-950105 -200637
-727179 -571344
-393542 -855077
8 -1008630
393556 -1008627
727189 -855069
950114 -571333
1028391 -200615
950109 200638
727183 571346
393546 855080
-5 1008635
-393556 1008633
-727191 855074
-950116 571336
-1028393 200617
-950111 -200636
-727185 -571345
-393548 -855080
3 -1008635
393554 -1008633
727190 -855075
950116 -571338
1028394 -200619
950114 200634
727189 571344
393551 855081
-2 1008638
-393553 1008629
-727187 855071
-950112 571335
-1028390 200618
-950104 -200641
-727180 -571348
-393551 -855074
-1 -1008630
393549 -1008630
727184 -855074
950111 -571340
1028391 -200624
950107 200636
727184 571345
393555 855073
5 1008631
-393546 1008633
-727183 855078
-950112 571344
-1028393 200627
-950109 -200634
-727187 -571343
-393559 -855072
-9 -1008632
393543 -1008636
727182 -855083
950113 -571350
1028396 -200633
950114 200629
727193 571340
393565 855071
14 1008633
-393539 1008638
-727178 855085
-950109 571352
-1028393 200636
-950112 -200625
-727192 -571336
-393566 -855067
-17 -1008629
393535 -1008635
727174 -855084
950106 -571353
1028392 -200638
950113 200623
727186 571341
393559 855072
17 1008627
-393534 1008633
-727172 855083
-950104 571354
-1028390 200641
-950112 -200618
-727187 -571335
-393563 -855066
-24 -1008623
393527 -1008633
727167 -855086
950101 -571358
1028389 -200645
950113 200614
727190 571331
393567 855063
28 1008621
-393523 1008632
-727163 855087
-950098 571361
-1028388 200649
-950114 -200610
-727192 -571328
-393569 -855062
-30 -1008622
393521 -1008634
727162 -855089
950098 -571363
1028388 -200651
950114 200608
727193 571326
393571 855060
32 1008620
-393519 1008632
-727159 855087
-950094 571362
-1028385 200652
-950112 -200606
-727191 -571323
-393561 -855060
-23 -1008619
393518 -1008626
727156 -855082
950090 -571359
1028381 -200651
950109 200605
727190 571321
393562 855058
26 1008617
-393514 1008625
-727153 855083
-950088 571361
-1028379 200653
-950107 -200603
-727189 -571318
-393562 -855054
-27 -1008613
393511 -1008622
727148 -855081
950082 -571360
1028373 -200654
950102 200600
727185 571314
393559 855049
26 1008607
-393510 1008616
-727146 855076
-950080 571357
-1028371 200653
-950100 -200599
-727184 -571311
-393560 -855045
-28 -1008603
393507 -1008612
727141 -855073
950074 -571356
1028366 -200654
950097 200596
727183 571307
393561 855041
22 1008601
-393513 1008611
-727139 855071
-950071 571354
-1028362 200653
-950093 -200596
-727179 -571306
-393558 -855038
-21 -1008597
393513 -1008607
727138 -855067
950069 -571351
1028359 -200651
950089 200597
727176 571305
393556 855036
20 1008595
-393512 1008605
-727136 855065
-950067 571349
-1028357 200650
-950087 -200596
-727174 -571303
-393555 -855034
-20 -1008593
393512 -1008603
727135 -855063
950064 -571347
1028353 -200648
950083 200598
727170 571304
393551 855033
17 1008590
-393513 1008598
-727134 855057
-950061 571342
-1028349 200645
-950079 -200599
-727166 -571303
-393548 -855030
-16 -1008585
393519 -1008591
727140 -855051
950061 -571338
1028348 -200641
950077 200602
727164 571305
393545 855032
12 1008587
-393523 1008592
-727144 855051
-950064 571337
-1028350 200639
-950078 -200605
-727163 -571309
-393543 -855035
-10 -1008588
393525 -1008592
727145 -855050
950064 -571335
1028349 -200637
950076 200606
727161 571309
393541 855035
8 1008588
-393526 1008591
-727145 855048
-950064 571333
-1028349 200635
-950076 -200608
-727161 -571311
-393541 -855037
-7 -1008590
393529 -1008593
727149 -855049
950067 -571332
1028350 -200632
950075 200612
727159 571314
393538 855039
3 1008591
-393532 1008592
-727155 855043
-950074 571327
-1028354 200632
-950078 -200613
-727160 -571317
-393537 -855043
0 -1008595
393537 -1008595
727160 -855043
950077 -571324
1028355 -200627
950077 200619
727157 571322
393533 855046
-4 1008596
-393541 1008595
-727164 855043
-950081 571323
-1028358 200624
-950078 -200624
-727156 -571328
-393530 -855051
8 -1008599
393545 -1008596
727168 -855042
950085 -571321
1028362 -200622
950082 200626
727159 571331
393531 855056
-9 1008605
-393547 1008601
-727170 855045
-950087 571322
-1028363 200621
-950081 -200628
-727157 -571333
-393529 -855057
11 -1008605
393549 -1008601
727172 -855045
950089 -571315
1028366 -200615
950085 200627
727161 571333
393533 855058
-8 1008608
-393548 1008605
-727173 855049
-950092 571319
-1028370 200618
-950089 -200626
-727164 -571334
-393534 -855061
9 -1008612
393551 -1008609
727177 -855052
950096 -571320
1028374 -200617
950092 200629
727165 571339
393533 855067
-11 1008617
-393554 1008613
-727182 855056
-950102 571323
-1028380 200618
-950098 -200630
-727170 -571342
-393536 -855071
11 -1008622
393556 -1008618
727185 -855059
950106 -571324
1028383 -200617
950100 200632
727172 571344
393537 855074
-11 1008626
-393557 1008622
-727187 855063
-950109 571328
-1028385 200613
-950104 -200636
-727180 -571342
-393545 -855075
4 -1008629
393552 -1008627
727185 -855070
950110 -571336
1028388 -200620
950108 200631
727185 571338
393551 855072
2 1008628
-393547 1008629
-727182 855074
-950109 571340
-1028389 200624
-950111 -200628
-727189 -571337
-393555 -855073
-5 -1008631
393546 -1008633
727183 -855078
950112 -571344
1028393 -200627
950115 200626
727193 571336
393558 855074
7 1008633
-393544 1008635
-727181 855081
-950111 571348
-1028394 200631
-950117 -200623
-727195 -571334
-393561 -855072
-11 -1008632
393541 -1008636
727180 -855083
950111 -571350
1028394 -200633
950112 200629
727191 571340
393563 855071
12 1008633
-393541 1008638
-727180 855085
-950111 571352
-1028395 200635
-950114 -200627
-727193 -571338
-393565 -855069
-15 -1008631
393537 -1008637
727176 -855086
950108 -571355
1028394 -200640
950115 200621
727196 571333
393570 855066
21 1008630
-393532 1008638
-727173 855089
-950107 571359
-1028395 200644
-950118 -200617
-727201 -571329
-393576 -855063
-27 -1008629
393526 -1008639
727168 -855092
950104 -571364
1028394 -200650
950119 200611
727204 571324
393580 855060
31 1008628
-393522 1008640
-727165 855095
-950103 571368
-1028395 200654
-950122 -200608
-727200 -571329
-393576 -855065
-35 -1008627
393519 -1008641
727163 -855097
950102 -571371
1028395 -200658
950122 200604
727201 571325
393579 855062
39 1008626
-393515 1008642
-727160 855100
-950101 571375
-1028396 200662
-950125 -200600
-727205 -571322
-393583 -855060
-43 -1008624
393511 -1008640
727156 -855099
950097 -571376
1028393 -200665
950124 200596
727206 571318
393585 855057
45 1008623
-393509 1008641
-727154 855101
-950095 571378
-1028391 200667
-950123 -200593
-727207 -571314
-393588 -855053
-49 -1008620
393505 -1008639
727150 -855100
950092 -571379
1028390 -200670
950123 200589
727207 571310
393580 855054
42 1008621
-393502 1008636
-727146 855099
-950088 571380
-1028387 200672
-950122 -200587
-727208 -571308
-393582 -855052
-45 -1008619
393498 -1008635
727142 -855099
950085 -571381
1028385 -200675
950121 200583
727209 571304
393585 855048
49 1008616
-393494 1008633
-727138 855098
-950081 571381
-1028382 200676
-950119 -200580
-727207 -571300
-393583 -855044
-48 -1008612
393493 -1008629
727136 -855094
950078 -571378
1028377 -200674
950113 200581
727202 571298
393581 855039
49 1008606
-393490 1008624
-727131 855091
-950072 571377
-1028372 200676
-950111 -200576
-727203 -571292
-393583 -855034
-43 -1008604
393497 -1008623
727131 -855089
950072 -571375
1028372 -200674
950110 200578
727201 571294
393581 855035
41 1008603
-393498 1008620
-727130 855085
-950069 571371
-1028367 200670
-950104 -200581
-727195 -571295
-393576 -855034
-38 -1008600
393499 -1008616
727129 -855081
950067 -571368
1028365 -200669
950102 200581
727193 571294
393574 855032
36 1008598
-393500 1008613
-727128 855077
-950064 571364
-1028361 200666
-950098 -200582
-727189 -571294
-393571 -855031
-35 -1008596
393507 -1008610
727137 -855075
950067 -571363
1028362 -200663
950097 200586
727187 571297
393569 855032
33 1008595
-393508 1008608
-727136 855073
-950065 571362
-1028360 200664
-950095 -200584
-727185 -571295
-393567 -855030
-32 -1008593
393508 -1008606
727136 -855071
950065 -571360
1028360 -200662
950095 200586
727185 571297
393567 855032
31 1008595
-393510 1008607
-727138 855071
-950067 571359
-1028361 200659
-950094 -200590
-727182 -571300
-393563 -855033
-28 -1008594
393512 -1008605
727139 -855068
950066 -571355
1028359 -200656
950092 200591
727180 571300
393561 855033
26 1008594
-393513 1008604
-727143 855062
-950071 571350
-1028360 200655
-950092 -200593
-727180 -571302
-393560 -855035
-24 -1008595
393515 -1008604
727145 -855061
950072 -571348
1028360 -200653
950091 200595
727178 571304
393558 855036
22 1008595
-393517 1008604
-727147 855061
-950074 571348
-1028362 200653
-950093 -200596
-727179 -571306
-393558 -855038
-21 -1008597
393519 -1008605
727149 -855061
950076 -571347
1028363 -200650
950092 200600
727177 571310
393555 855042
17 1008600
-393523 1008606
-727152 855060
-950078 571345
-1028365 200648
-950094 -200602
-727178 -571312
-393555 -855044
-16 -1008602
393526 -1008608
727156 -855061
950082 -571337
1028368 -200639
950096 200604
727180 571314
393556 855046
16 1008604
-393526 1008610
-727157 855063
-950084 571339
-1028371 200641
-950100 -200603
-727183 -571315
-393557 -855049
-15 -1008608
393529 -1008614
727161 -855066
950088 -571340
1028374 -200640
950101 200606
727183 571319
393557 855053
15 1008612
-393530 1008618
-727164 855070
-950092 571343
-1028378 200641
-950105 -200606
-727186 -571320
-393558 -855055
-14 -1008614
393532 -1008619
727165 -855069
950092 -571341
1028378 -200639
950104 200608
727184 571322
393556 855057
12 1008616
-393534 1008621
-727168 855071
-950096 571343
-1028379 200632
-950105 -200616
-727188 -571322
-393560 -855058
-15 -1008619
393533 -1008625
727169 -855075
950099 -571346
1028383 -200634
950109 200615
727191 571323
393561 855060
15 1008621
-393533 1008627
-727169 855077
-950099 571348
-1028384 200636
-950112 -200613
-727195 -571322
-393565 -855061
-18 -1008623
393532 -1008630
727170 -855081
950102 -571352
1028388 -200639
950116 200612
727199 571323
393568 855064
19 1008628
-393533 1008636
-727173 855087
-950107 571357
-1028394 200642
-950122 -200611
-727205 -571324
-393573 -855067
-22 -1008633
393532 -1008642
727174 -855093
950110 -571363
1028399 -200647
950122 200616
727205 571330
393579 855066
27 1008634
-393528 1008637
-727169 855089
-950103 571360
-1028392 200647
-950117 -200613
-727202 -571325
-393578 -855060
-29 -1008628
393524 -1008640
727166 -855094
950103 -571366
1028394 -200652
950120 200609
727206 571322
393583 855058
35 1008627
-393519 1008641
-727163 855097
-950102 571371
-1028395 200658
-950122 -200604
-727209 -571318
-393587 -855055
-39 -1008626
393515 -1008642
727160 -855100
950101 -571375
1028396 -200662
950125 200600
727213 571315
393591 855054
43 1008626
-393511 1008642
-727156 855101
-950097 571378
-1028393 200667
-950124 -200594
-727206 -571316
-393586 -855055
-47 -1008621
393507 -1008639
727152 -855099
950093 -571377
1028390 -200668
950123 200591
727207 571312
393588 855051
50 1008618
-393503 1008638
-727148 855100
-950090 571379
-1028388 200670
-950121 -200589
-727205 -571310
-393587 -855049
-50 -1008616
393502 -1008636
727146 -855099
950088 -571380
1028387 -200672
950122 200587
727208 571308
393591 855047
55 1008614
-393496 1008635
-727141 855100
-950085 571383
-1028386 200677
-950123 -200581
-727211 -571302
-393596 -855042
-61 -1008612
393491 -1008636
727137 -855102
950081 -571385
1028383 -200680
950122 200577
727212 571298
393589 855043
53 1008613
-393490 1008632
-727135 855099
-950079 571384
-1028381 200680
-950120 -200576
-727210 -571296
-393588 -855041
-54 -1008611
393488 -1008631
727133 -855099
950077 -571384
1028379 -200680
950118 200576
727208 571296
393586 855040
53 1008608
-393487 1008627
-727130 855096
-950073 571383
-1028375 200681
-950115 -200573
-727207 -571291
-393587 -855034
-55 -1008603
393484 -1008623
727126 -855092
950069 -571380
1028371 -200680
950111 200572
727204 571288
393586 855030
56 1008599
-393482 1008619
-727123 855089
-950065 571379
-1028367 200681
-950108 -200570
-727202 -571286
-393585 -855028
-48 -1008598
393490 -1008618
727123 -855087
950065 -571377
1028367 -200679
950107 200572
727200 571288
393583 855029
46 1008598
-393491 1008617
-727122 855085
-950062 571375
-1028363 200678
-950104 -200571
-727199 -571285
-393583 -855025
-47 -1008594
393489 -1008614
727120 -855083
950060 -571373
1028361 -200676
950102 200572
727197 571285
393581 855025
45 1008594
-393491 1008613
-727122 855081
-950061 571371
-1028360 200674
-950099 -200574
-727193 -571286
-393578 -855024
-44 -1008591
393490 -1008609
727119 -855077
950057 -571368
1028356 -200673
950096 200573
727191 571284
393576 855022
42 1008589
-393498 1008605
-727127 855073
-950058 571365
-1028355 200669
-950093 -200577
-727187 -571287
-393572 -855023
-38 -1008588
393502 -1008603
727130 -855070
950059 -571361
1028355 -200665
950092 200581
727184 571290
393568 855024
35 1008587
-393503 1008600
-727129 855066
-950057 571357
-1028352 200661
-950088 -200584
-727180 -571292
-393564 -855025
-31 -1008587
393507 -1008600
727133 -855065
950060 -571355
1028353 -200659
950087 200586
727178 571293
393562 855025
29 1008586
-393508 1008597
-727132 855061
-950057 571351
-1028349 200655
-950083 -200589
-727174 -571295
-393558 -855026
-26 -1008585
393510 -1008595
727138 -855055
950064 -571346
1028353 -200655
950087 200590
727177 571297
393560 855028
27 1008588
-393511 1008599
-727140 855058
-950066 571347
-1028354 200654
-950086 -200592
-727175 -571299
-393557 -855030
-23 -1008589
393514 -1008598
727142 -855056
950068 -571345
1028356 -200652
950088 200594
727176 571301
393557 855032
22 1008591
-393517 1008600
-727146 855057
-950072 571344
-1028359 200649
-950089 -200599
-727175 -571307
-393554 -855038
-18 -1008596
393521 -1008603
727150 -855058
950075 -571343
1028361 -200647
950090 200601
727175 571309
393553 855040
15 1008598
-393525 1008604
-727153 855057
-950077 571334
-1028362 200638
-950090 -200603
-727175 -571311
-393553 -855042
-15 -1008600
393525 -1008606
727154 -855059
950080 -571336
1028366 -200639
950094 200604
727178 571314
393554 855046
14 1008604
-393528 1008610
-727159 855063
-950086 571339
-1028372 200640
-950099 -200605
-727181 -571317
-393555 -855050
-13 -1008608
393530 -1008613
727161 -855064
950088 -571338
1028374 -200638
950100 200608
727180 571321
393553 855054
11 1008611
-393533 1008615
-727165 855065
-950091 571337
-1028375 200635
-950100 -200612
-727179 -571325
-393550 -855058
-6 -1008615
393539 -1008618
727171 -855066
950097 -571336
1028377 -200624
950100 200623
727181 571327
393552 855060
8 1008617
-393538 1008620
-727171 855068
-950097 571338
-1028378 200626
-950102 -200622
-727183 -571328
-393553 -855062
-7 -1008619
393540 -1008622
727173 -855070
950100 -571340
1028382 -200628
950107 200620
727189 571327
393558 855064
10 1008624
-393539 1008628
-727175 855076
-950104 571345
-1028386 200631
-950111 -200619
-727192 -571328
-393560 -855066
-12 -1008626
393538 -1008630
727175 -855078
950105 -571347
1028389 -200633
950115 200618
727196 571328
393564 855067
15 1008629
-393537 1008635
-727176 855084
-950108 571353
-1028394 200638
-950115 -200623
-727196 -571335
-393569 -855068
-18 -1008632
393536 -1008639
727177 -855088
950110 -571356
1028396 -200639
950117 200623
727198 571335
393571 855068
20 1008632
-393534 1008640
-727175 855090
-950109 571359
-1028396 200643
-950118 -200619
-727201 -571331
-393576 -855065
-26 -1008631
393528 -1008641
727170 -855093
950106 -571364
1028396 -200650
950121 200612
727205 571326
393580 855062
30 1008630
-393525 1008642
-727169 855096
-950107 571368
-1028398 200653
-950123 -200610
-727208 -571324
-393584 -855061
-34 -1008631
393521 -1008644
727166 -855099
950106 -571372
1028399 -200657
950126 200607
727203 571330
393577 855068
34 1008631
-393520 1008636
-727162 855091
-950099 571365
-1028391 200653
-950118 -200607
-727197 -571326
-393575 -855061
-35 -1008623
393518 -1008637
727160 -855093
950097 -571367
1028389 -200655
950116 200605
727195 571324
393574 855058
36 1008619
-393515 1008633
-727156 855090
-950093 571366
-1028385 200656
-950113 -200602
-727194 -571320
-393574 -855054
-37 -1008615
393513 -1008630
727154 -855089
950091 -571367
1028384 -200658
950114 200600
727196 571318
393568 855057
31 1008619
-393511 1008630
-727152 855089
-950089 571367
-1028382 200659
-950112 -200597
-727195 -571314
-393568 -855053
-32 -1008615
393508 -1008626
727148 -855086
950085 -571366
1028379 -200660
950111 200595
727195 571312
393569 855051
34 1008613
-393506 1008625
-727146 855086
-950083 571366
-1028377 200660
-950109 -200595
-727194 -571311
-393569 -855049
-35 -1008611
393504 -1008623
727144 -855085
950082 -571367
1028377 -200662
950109 200593
727194 571309
393569 855047
35 1008609
-393503 1008621
-727141 855083
-950077 571365
-1028371 200661
-950103 -200592
-727189 -571306
-393567 -855042
-27 -1008605
393511 -1008618
727140 -855079
950075 -571362
1028369 -200660
950102 200591
727189 571304
393567 855040
28 1008603
-393509 1008616
-727138 855077
-950073 571360
-1028367 200658
-950099 -200593
-727185 -571305
-393563 -855040
-24 -1008602
393512 -1008613
727139 -855073
950072 -571356
1028364 -200654
950095 200596
727181 571306
393559 855039
21 1008599
-393513 1008609
-727139 855069
-950071 571352
-1028361 200651
-950091 -200597
-727177 -571306
-393556 -855038
-19 -1008597
393514 -1008606
727138 -855065
950069 -571349
1028359 -200649
950089 200599
727175 571307
393554 855038
18 1008596
-393521 1008603
-727146 855063
-950070 571348
-1028359 200647
-950088 -200601
-727173 -571309
-393552 -855039
-16 -1008596
393523 -1008602
727147 -855060
950069 -571344
1028356 -200644
950084 200602
727169 571308
393548 855037
12 1008593
-393526 1008598
-727149 855056
-950071 571340
-1028357 200639
-950083 -200608
-727166 -571314
-393543 -855042
-6 -1008596
393531 -1008598
727152 -855053
950072 -571335
1028356 -200633
950080 200614
727161 571319
393537 855045
0 1008597
-393537 1008597
-727157 855050
-950075 571331
-1028357 200629
-950079 -200618
-727159 -571323
-393535 -855048
2 -1008598
393539 -1008597
727163 -855045
950081 -571325
1028358 -200626
950078 200622
727156 571326
393531 855049
-6 1008598
-393543 1008596
-727166 855042
-950083 571321
-1028360 200622
-950080 -200626
-727157 -571331
-393529 -855055
11 -1008603
393549 -1008599
727172 -855043
950088 -571320
1028363 -200619
950081 200630
727156 571335
393527 855059
-13 1008606
-393551 1008601
-727174 855045
-950090 571321
-1028365 200619
-950082 -200631
-727156 -571337
-393526 -855061
16 -1008608
393555 -1008602
727178 -855044
950094 -571319
1028368 -200616
950084 200635
727157 571341
393526 855065
-16 1008612
-393556 1008606
-727181 855048
-950098 571315
-1028372 200611
-950088 -200634
-727161 -571342
-393529 -855068
15 -1008616
393557 -1008610
727183 -855051
950101 -571317
1028376 -200612
950091 200635
727162 571344
393528 855070
-17 1008618
-393559 1008611
-727185 855051
-950102 571316
-1028376 200610
-950091 -200637
-727162 -571346
-393528 -855072
18 -1008620
393561 -1008613
727187 -855052
950104 -571316
1028378 -200610
950093 200637
727163 571347
393528 855074
-18 1008622
-393562 1008615
-727189 855054
-950107 571318
-1028382 200611
-950097 -200638
-727167 -571349
-393531 -855077
17 -1008626
393562 -1008619
727190 -855058
950109 -571321
1028381 -200605
950096 200643
727169 571346
393533 855075
-15 1008625
-393560 1008619
-727188 855058
-950108 571322
-1028382 200607
-950098 -200642
-727171 -571346
-393535 -855075
13 -1008625
393559 -1008620
727189 -855060
950110 -571323
1028384 -200607
950100 200642
727173 571346
393537 855076
-12 1008628
-393560 1008624
-727191 855064
-950112 571327
-1028386 200610
-950103 -200640
-727177 -571345
-393540 -855077
10 -1008630
393558 -1008626
727190 -855066
950113 -571329
1028388 -200612
950105 200639
727179 571346
393542 855079
-9 1008632
-393558 1008628
-727190 855068
-950113 571331
-1028389 200614
-950101 -200645
-727176 -571351
-393546 -855076
5 -1008631
393555 -1008629
727189 -855071
950114 -571335
1028391 -200617
950103 200643
727178 571349
393549 855074
-1 1008630
-393551 1008630
-727186 855074
-950113 571339
-1028392 200621
-950106 -200640
-727182 -571348
-393552 -855075
-1 -1008632
393550 -1008632
727186 -855076
950113 -571341
1028392 -200623
950106 200638
727182 571346
393553 855073
3 1008631
-393548 1008633
-727185 855078
-950114 571343
-1028395 200625
-950110 -200637
-727186 -571347
-393556 -855076
-4 -1008635
393549 -1008637
727187 -855082
950116 -571347
1028398 -200629
950115 200633
727184 571351
393554 855081
10 1008634
-393543 1008638
-727182 855085
-950113 571352
-1028397 200635
-950116 -200627
-727187 -571345
-393559 -855076
-17 -1008631
393535 -1008637
727174 -855086
950106 -571355
1028392 -200640
950113 200621
727186 571339
393560 855070
19 1008626
-393533 1008634
-727172 855085
-950105 571356
-1028392 200642
-950114 -200619
-727189 -571337
-393564 -855069
-23 -1008627
393529 -1008636
727169 -855087
950103 -571358
1028391 -200645
950114 200615
727189 571333
393565 855065
26 1008623
-393525 1008633
-727165 855086
-950099 571359
-1028388 200647
-950113 -200612
-727190 -571329
-393558 -855066
-19 -1008624
393522 -1008630
727161 -855085
950095 -571359
1028384 -200648
950110 200609
727189 571325
393559 855062
21 1008621
-393520 1008628
-727158 855083
-950091 571358
-1028380 200649
-950106 -200607
-727186 -571322
-393558 -855057
-22 -1008615
393517 -1008622
727154 -855078
950087 -571355
1028376 -200648
950103 200606
727184 571320
393556 855055
21 1008612
-393516 1008618
-727151 855075
-950083 571354
-1028372 200648
-950099 -200605
-727181 -571317
-393555 -855050
-22 -1008606
393513 -1008613
727147 -855071
950079 -571351
1028368 -200647
950096 200604
727180 571314
393556 855046
16 1008604
-393519 1008612
-727145 855070
-950077 571351
-1028367 200648
-950096 -200602
-727180 -571312
-393557 -855044
-18 -1008603
393517 -1008612
727143 -855070
950075 -571351
1028365 -200648
950094 200602
727178 571312
393555 855044
16 1008602
-393519 1008610
-727144 855068
-950074 571349
-1028362 200646
-950090 -200603
-727175 -571311
-393553 -855042
-15 -1008600
393519 -1008608
727144 -855066
950074 -571347
1028362 -200644
950090 200605
727174 571313
393551 855043
13 1008599
-393520 1008605
-727143 855062
-950071 571344
-1028358 200643
-950086 -200604
-727171 -571311
-393549 -855041
-12 -1008597
393527 -1008602
727151 -855059
950073 -571341
1028359 -200639
950085 200608
727168 571314
393545 855042
8 1008596
-393530 1008599
-727152 855055
-950072 571337
-1028356 200635
-950080 -200612
-727162 -571317
-393539 -855043
-2 -1008595
393535 -1008596
727155 -855050
950073 -571331
1028355 -200629
950078 200617
727159 571321
393535 855046
-2 1008596
-393539 1008595
-727159 855048
-950076 571328
-1028356 200625
-950077 -200621
-727157 -571324
-393533 -855048
4 -1008598
393541 -1008597
727161 -855049
950078 -571328
1028358 -200624
950078 200624
727156 571328
393530 855051
-8 1008599
-393545 1008596
-727168 855042
-950085 571321
-1028362 200622
-950082 -200626
-727159 -571331
-393531 -855056
9 -1008605
393547 -1008601
727170 -855045
950087 -571322
1028363 -200621
950081 200628
727157 571333
393529 855057
-11 1008605
-393549 1008601
-727172 855045
-950089 571322
-1028365 200621
-950083 -200629
-727158 -571335
-393529 -855059
12 -1008607
393552 -1008603
727176 -855046
950092 -571321
1028366 -200618
950082 200633
727155 571339
393524 855063
-18 1008610
-393557 1008603
-727180 855044
-950095 571318
-1028368 200614
-950083 -200637
-727155 -571343
-393523 -855067
20 -1008613
393560 -1008605
727184 -855045
950100 -571311
1028374 -200607
950089 200638
727160 571346
393526 855071
-19 1008618
-393561 1008611
-727187 855050
-950104 571314
-1028378 200608
-950093 -200639
-727163 -571349
-393527 -855076
21 -1008624
393566 -1008616
727193 -855053
950110 -571315
1028383 -200607
950096 200642
727164 571353
393526 855080
-23 1008627
-393568 1008618
-727195 855055
-950112 571316
-1028385 200606
-950097 -200644
-727164 -571355
-393526 -855082
23 -1008629
393568 -1008620
727196 -855057
950114 -571318
1028384 -200600
950097 200650
727168 571354
393530 855083
-20 1008632
-393567 1008624
-727197 855061
-950117 571322
-1028389 200603
-950103 -200649
-727174 -571355
-393535 -855086
17 -1008637
393567 -1008631
727200 -855068
950122 -571327
1028395 -200606
950109 200648
727179 571356
393538 855089
-16 1008641
-393566 1008627
-727197 855065
-950118 571326
-1028391 200607
-950106 -200645
-727178 -571352
-393539 -855085
14 -1008638
393565 -1008633
727199 -855071
950123 -571331
1028398 -200610
950113 200645
727183 571355
393542 855089
-13 1008642
-393564 1008629
-727196 855067
-950118 571328
-1028392 200609
-950102 -200651
-727174 -571357
-393542 -855081
9 -1008634
393559 -1008630
727193 -855070
950117 -571332
1028392 -200613
950103 200647
727177 571353
393546 855078
-5 1008633
-393555 1008631
-727189 855073
-950114 571337
-1028392 200619
-950105 -200642
-727180 -571350
-393550 -855076
1 -1008632
393552 -1008632
727188 -855075
950115 -571339
1028394 -200621
950108 200640
727184 571349
393554 855077
2 1008635
-393550 1008636
-727187 855080
-950116 571345
-1028397 200627
-950113 -200635
-727190 -571346
-393560 -855076
-8 -1008636
393545 -1008639
727184 -855084
950115 -571349
1028398 -200631
950115 200631
727184 571349
393554 855079
11 1008632
-393541 1008636
-727180 855083
-950111 571350
-1028394 200633
-950112 -200629
-727183 -571346
-393555 -855075
-13 -1008629
393538 -1008634
727176 -855082
950107 -571351
1028391 -200636
950111 200624
727184 571340
393558 855070
18 1008625
-393532 1008632
-727170 855083
-950102 571354
-1028388 200641
-950110 -200618
-727185 -571334
-393561 -855064
-23 -1008620
393526 -1008629
727164 -855082
950097 -571355
1028385 -200644
950109 200613
727187 571328
393566 855059
29 1008617
-393520 1008628
-727158 855083
-950091 571358
-1028380 200649
-950106 -200607
-727186 -571322
-393558 -855057
-22 -1008615
393517 -1008622
727154 -855078
950087 -571355
1028376 -200648
950103 200606
727184 571320
393556 855055
21 1008612
-393516 1008618
-727151 855075
-950083 571354
-1028372 200648
-950099 -200605
-727181 -571317
-393555 -855050
-22 -1008606
393513 -1008613
727147 -855071
950079 -571351
1028368 -200647
950096 200604
727180 571314
393556 855046
24 1008603
-393511 1008611
-727145 855070
-950077 571351
-1028367 200648
-950096 -200602
-727180 -571312
-393557 -855044
-27 -1008601
393507 -1008610
727141 -855071
950073 -571354
1028363 -200652
950093 200598
727179 571308
393557 855040
19 1008599
-393515 1008608
-727140 855067
-950071 571350
-1028361 200649
-950091 -200599
-727177 -571308
-393555 -855040
-17 -1008598
393516 -1008606
727140 -855065
950070 -571348
1028359 -200647
950088 200601
727173 571309
393552 855039
16 1008596
-393516 1008604
-727139 855063
-950068 571347
-1028357 200648
-950087 -200598
-727174 -571305
-393554 -855036
-18 -1008594
393514 -1008602
727137 -855061
950066 -571345
1028355 -200646
950085 200600
727171 571307
393550 855037
14 1008593
-393517 1008600
-727139 855059
-950067 571343
-1028354 200644
-950082 -200602
-727167 -571308
-393547 -855036
-13 -1008591
393523 -1008596
727145 -855055
950067 -571341
1028354 -200642
950082 200604
727167 571310
393546 855038
10 1008593
-393527 1008597
-727148 855054
-950068 571338
-1028353 200638
-950080 -200607
-727165 -571311
-393544 -855038
-9 -1008592
393527 -1008595
727148 -855052
950068 -571336
1028353 -200636
950079 200609
727163 571313
393542 855039
7 1008592
-393529 1008595
-727149 855051
-950068 571334
-1028352 200634
-950077 -200611
-727160 -571315
-393538 -855041
-3 -1008593
393533 -1008594
727153 -855049
950071 -571331
1028354 -200630
950078 200615
727159 571319
393535 855044
-1 1008594
-393536 1008593
-727158 855042
-950075 571324
-1028353 200628
-950076 -200617
-727157 -571320
-393533 -855044
3 -1008594
393538 -1008593
727160 -855041
950077 -571322
1028354 -200625
950075 200621
727155 571324
393531 855047
-6 1008596
-393542 1008594
-727164 855041
-950081 571321
-1028358 200622
-950078 -200626
-727155 -571330
-393528 -855053
10 -1008601
393547 -1008597
727169 -855041
950084 -571319
1028359 -200620
950077 200628
727153 571332
393525 855055
-14 1008602
-393551 1008597
-727173 855041
-950088 571318
-1028362 200617
-950078 -200632
-727152 -571336
-393523 -855058
17 -1008604
393555 -1008598
727177 -855040
950091 -571308
1028364 -200607
950080 200634
727154 571338
393524 855061
-18 1008608
-393557 1008601
-727179 855042
-950094 571310
-1028368 200608
-950084 -200635
-727157 -571341
-393526 -855065
16 -1008612
393556 -1008606
727181 -855048
950098 -571315
1028372 -200611
950088 200634
727161 571342
393529 855068
-15 1008616
-393557 1008610
-727183 855051
-950101 571317
-1028376 200612
-950091 -200635
-727162 -571344
-393528 -855070
17 -1008618
393559 -1008611
727185 -855051
950102 -571316
1028376 -200610
950091 200637
727162 571346
393528 855072
-18 1008620
-393561 1008613
-727187 855052
-950104 571316
-1028375 200602
-950090 -200644
-727164 -571345
-393530 -855072
16 -1008620
393559 -1008613
727185 -855053
950103 -571318
1028375 -200604
950091 200642
727166 571343
393532 855071
-14 1008621
-393558 1008616
-727186 855057
-950106 571322
-1028380 200607
-950097 -200641
-727172 -571344
-393537 -855074
11 -1008626
393557 -1008622
727187 -855063
950109 -571328
1028385 -200613
950104 200636
727180 571342
393545 855075
-4 1008629
-393552 1008627
-727185 855070
-950110 571336
-1028388 200620
-950108 -200631
-727185 -571338
-393551 -855072
-2 -1008628
393547 -1008629
727182 -855074
950109 -571340
1028389 -200624
950105 200635
727183 571342
393556 855069
8 1008627
-393542 1008630
-727179 855077
-950108 571344
-1028390 200628
-950107 -200632
-727185 -571341
-393557 -855070
-7 -1008629
393544 -1008631
727181 -855077
950110 -571344
1028392 -200628
950109 200632
727187 571341
393559 855070
9 1008630
-393542 1008634
-727179 855081
-950109 571348
-1028392 200632
-950110 -200628
-727190 -571337
-393564 -855067
-15 -1008629
393537 -1008635
727176 -855084
950108 -571353
1028394 -200638
950115 200623
727196 571335
393569 855068
18 1008632
-393536 1008639
-727177 855088
-950110 571356
-1028396 200639
-950117 -200623
-727189 -571342
-393561 -855074
-19 -1008630
393534 -1008638
727175 -855088
950109 -571357
1028396 -200641
950117 200621
727190 571340
393563 855073
21 1008630
-393532 1008638
-727173 855089
-950107 571359
-1028395 200644
-950118 -200617
-727193 -571336
-393567 -855070
-25 -1008629
393528 -1008639
727170 -855091
950106 -571362
1028396 -200648
950120 200614
727195 571334
393570 855068
29 1008628
-393524 1008640
-727166 855094
-950103 571366
-1028394 200652
-950120 -200609
-727198 -571329
-393574 -855065
-33 -1008626
393520 -1008638
727162 -855093
950099 -571367
1028391 -200655
950118 200605
727197 571324
393566 855063
26 1008624
-393517 1008633
-727158 855090
-950095 571366
-1028387 200656
-950115 -200602
-727196 -571320
-393567 -855059
-29 -1008620
393513 -1008630
727154 -855089
950091 -571367
1028384 -200658
950114 200600
727196 571318
393568 855057
31 1008619
-393511 1008630
-727152 855089
-950089 571367
-1028382 200659
-950112 -200597
-727195 -571314
-393568 -855053
-32 -1008615
393508 -1008626
727148 -855086
950085 -571366
1028379 -200660
950111 200595
727195 571312
393569 855051
34 1008613
-393506 1008625
-727146 855086
-950083 571366
-1028377 200660
-950109 -200595
-727194 -571311
-393569 -855049
-26 -1008613
393514 -1008625
727145 -855084
950081 -571365
1028375 -200660
950107 200594
727192 571309
393567 855047
25 1008610
-393513 1008621
-727143 855081
-950079 571363
-1028373 200659
-950105 -200594
-727191 -571308
-393568 -855045
-27 -1008609
393512 -1008622
727143 -855083
950079 -571365
1028373 -200661
950105 200592
727191 571306
393568 855043
27 1008607
-393511 1008620
-727141 855081
-950077 571363
-1028371 200659
-950103 -200594
-727189 -571308
-393566 -855044
-25 -1008606
393513 -1008617
727142 -855077
950076 -571359
1028368 -200656
950099 200595
727185 571307
393563 855042
24 1008604
-393519 1008614
-727148 855075
-950076 571359
-1028368 200656
-950099 -200595
-727185 -571307
-393563 -855042
-24 -1008604
393519 -1008614
727148 -855075
950076 -571359
1028368 -200656
950099 200595
727185 571307
393563 855042
24 1008604
-393519 1008614
-727148 855075
-950076 571359
-1028368 200656
-950099 -200595
-727185 -571307
-393563 -855042
-24 -1008604
393519 -1008614
727148 -855075
950076 -571359
1028368 -200656
950099 200595
727185 571307
393563 855042
24 1008604
-393519 1008614
-727152 855070
-950081 571354
-1028370 200655
-950101 -200597
-727186 -571310
-393562 -855046
-21 -1008607
393523 -1008615
727156 -855069
950085 -571352
1028373 -200652
950102 200602
727185 571316
393559 855051
17 1008611
-393528 1008618
-727162 855070
-950090 571351
-1028377 200650
-950105 -200604
-727187 -571318
-393560 -855054
-16 -1008615
393530 -1008622
727165 -855074
950095 -571354
1028382 -200650
950108 200607
727188 571322
393560 855058
15 1008619
-393533 1008625
-727169 855075
-950098 571353
-1028384 200648
-950110 -200609
-727189 -571325
-393559 -855062
-13 -1008622
393535 -1008627
727171 -855077
950101 -571348
1028388 -200643
950114 200608
727193 571326
393562 855064
14 1008625
-393536 1008631
-727173 855080
-950103 571350
-1028391 200645
-950118 -200607
-727197 -571326
-393566 -855065
-17 -1008627
393534 -1008633
727172 -855083
950104 -571354
1028393 -200648
950120 200605
727199 571325
393568 855066
19 1008630
-393534 1008638
-727175 855088
-950109 571357
-1028399 200649
-950126 -200607
-727203 -571330
-393568 -855072
-16 -1008635
393538 -1008641
727179 -855089
950112 -571356
1028401 -200647
950127 200609
727203 571332
393568 855074
15 1008637
-393538 1008634
-727176 855082
-950107 571351
-1028391 200636
-950117 -200616
-727198 -571327
-393566 -855067
-17 -1008629
393535 -1008635
727174 -855084
950106 -571353
1028392 -200638
950119 200615
727200 571327
393567 855068
17 1008631
-393535 1008637
-727174 855086
-950106 571355
-1028392 200640
-950119 -200613
-727201 -571325
-393570 -855066
-21 -1008630
393532 -1008638
727173 -855089
950107 -571359
1028395 -200644
950124 200610
727207 571324
393575 855067
24 1008633
-393529 1008634
-727168 855085
-950101 571356
-1028389 200643
-950119 -200608
-727203 -571320
-393572 -855062
-23 -1008627
393529 -1008636
727169 -855087
950103 -571358
1028391 -200645
950114 200615
727197 571327
393573 855060
25 1008625
-393527 1008635
-727167 855088
-950101 571360
-1028390 200647
-950115 -200613
-727200 -571325
-393577 -855059
-29 -1008626
393524 -1008638
727166 -855092
950102 -571364
1028392 -200651
950118 200609
727204 571322
393581 855058
33 1008626
-393520 1008638
-727162 855093
-950099 571367
-1028391 200655
-950118 -200605
-727205 -571318
-393584 -855054
-37 -1008623
393516 -1008637
727159 -855094
950097 -571369
1028389 -200657
950117 200603
727205 571316
393584 855052
38 1008621
-393514 1008636
-727157 855094
-950096 571370
-1028390 200659
-950119 -200601
-727199 -571321
-393578 -855057
-40 -1008620
393512 -1008636
727155 -855095
950094 -571372
1028389 -200662
950120 200597
727202 571317
393582 855054
44 1008618
-393508 1008635
-727151 855095
-950091 571373
-1028387 200664
-950118 -200595
-727201 -571315
-393582 -855052
-45 -1008616
393506 -1008633
727149 -855094
950089 -571373
1028385 -200664
950117 200594
727201 571313
393583 855050
47 1008615
-393504 1008633
-727147 855094
-950087 571374
-1028384 200667
-950117 -200590
-727202 -571309
-393586 -855046
-51 -1008612
393500 -1008632
727144 -855095
950085 -571376
1028382 -200669
950116 200588
727202 571307
393577 855049
41 1008615
-393501 1008630
-727143 855093
-950083 571375
-1028381 200670
-950116 -200586
-727203 -571305
-393579 -855047
-44 -1008613
393497 -1008629
727140 -855094
950082 -571377
1028381 -200672
950117 200584
727205 571303
393581 855046
46 1008613
-393495 1008629
-727138 855094
-950080 571377
-1028379 200672
-950115 -200583
-727203 -571301
-393580 -855043
-47 -1008609
393492 -1008625
727133 -855091
950074 -571377
1028374 -200675
950112 200579
727202 571296
393581 855037
49 1008604
-393490 1008622
-727131 855089
-950072 571375
-1028372 200674
-950110 -200578
-727201 -571294
-393581 -855035
-41 -1008603
393498 -1008620
727130 -855085
950069 -571371
1028367 -200670
950104 200581
727195 571295
393576 855034
38 1008600
-393499 1008616
-727129 855081
-950067 571368
-1028365 200669
-950102 -200581
-727193 -571294
-393574 -855032
-36 -1008598
393500 -1008613
727128 -855077
950064 -571364
1028361 -200666
950098 200582
727189 571294
393571 855031
35 1008596
-393500 1008611
-727128 855075
-950063 571362
-1028358 200664
-950094 -200583
-727186 -571293
-393569 -855028
-34 -1008591
393499 -1008605
727125 -855070
950059 -571359
1028354 -200663
950090 200582
727182 571290
393566 855024
33 1008587
-393505 1008600
-727131 855066
-950059 571357
-1028354 200661
-950090 -200584
-727182 -571292
-393566 -855026
-32 -1008589
393507 -1008602
727133 -855067
950061 -571357
1028355 -200660
950089 200586
727180 571294
393564 855027
30 1008589
-393509 1008601
-727135 855065
-950062 571354
-1028355 200656
-950089 -200590
-727179 -571298
-393561 -855031
-26 -1008592
393513 -1008602
727138 -855064
950063 -571352
1028354 -200654
950086 200592
727175 571299
393557 855030
23 1008589
-393514 1008598
-727138 855060
-950063 571348
-1028353 200650
-950083 -200596
-727170 -571302
-393551 -855031
-17 -1008588
393519 -1008595
727145 -855051
950068 -571338
1028352 -200644
950081 200601
727168 571306
393549 855035
15 1008591
-393521 1008596
-727147 855051
-950070 571338
-1028354 200644
-950082 -200602
-727167 -571308
-393547 -855036
-13 -1008591
393523 -1008596
727148 -855050
950070 -571336
1028354 -200642
950082 200604
727167 571310
393546 855038
10 1008593
-393527 1008597
-727152 855049
-950073 571333
-1028355 200638
-950081 -200608
-727165 -571313
-393544 -855040
-8 -1008594
393529 -1008597
727154 -855049
950075 -571333
1028357 -200637
950083 200610
727166 571316
393543 855044
6 1008598
-393532 1008600
-727158 855050
-950079 571325
-1028360 200628
-950084 -200612
-727165 -571318
-393541 -855045
-4 -1008597
393533 -1008598
727157 -855048
950077 -571324
1028359 -200629
950085 200610
727168 571316
393545 855044
8 1008598
-393530 1008601
-727157 855053
-950080 571329
-1028363 200632
-950089 -200609
-727171 -571317
-393546 -855047
-7 -1008602
393533 -1008604
727161 -855054
950084 -571329
1028367 -200631
950092 200612
727173 571321
393547 855051
6 1008606
-393535 1008608
-727163 855057
-950086 571330
-1028369 200631
-950094 -200612
-727174 -571322
-393547 -855053
-6 -1008608
393536 -1008610
727165 -855059
950088 -571332
1028368 -200624
950093 200620
727176 571322
393549 855053
7 1008609
-393536 1008612
-727166 855061
-950090 571333
-1028370 200624
-950095 -200620
-727178 -571322
-393551 -855054
-9 -1008611
393534 -1008614
727164 -855063
950089 -571336
1028370 -200628
950096 200616
727181 571319
393555 855052
13 1008610
-393531 1008615
-727163 855066
-950090 571340
-1028373 200632
-950100 -200613
-727185 -571318
-393559 -855053
-16 -1008613
393530 -1008620
727164 -855072
950093 -571345
1028378 -200635
950106 200612
727190 571319
393562 855056
17 1008617
-393531 1008624
-727167 855075
-950097 571347
-1028382 200636
-950104 -200621
-727187 -571329
-393564 -855058
-19 -1008619
393529 -1008626
727165 -855078
950096 -571351
1028382 -200640
950104 200617
727188 571325
393566 855055
21 1008618
-393527 1008626
-727163 855078
-950094 571351
-1028380 200640
-950103 -200616
-727189 -571323
-393568 -855053
-23 -1008616
393525 -1008625
727162 -855079
950094 -571353
1028381 -200642
950105 200615
727191 571323
393570 855054
25 1008619
-393524 1008629
-727162 855083
-950095 571357
-1028384 200646
-950110 -200611
-727197 -571320
-393576 -855053
-30 -1008620
393521 -1008632
727161 -855087
950096 -571361
1028386 -200650
950112 200608
727191 571325
393570 855058
33 1008618
-393517 1008631
-727158 855088
-950095 571364
-1028387 200654
-950115 -200604
-727195 -571322
-393574 -855056
-37 -1008617
393513 -1008632
727154 -855091
950092 -571369
1028386 -200660
950116 200598
727199 571316
393580 855052
43 1008616
-393508 1008633
-727151 855093
-950090 571371
-1028385 200662
-950116 -200596
-727199 -571314
-393581 -855050
-45 -1008614
393505 -1008631
727147 -855092
950087 -571372
1028383 -200665
950115 200592
727200 571310
393575 855050
40 1008614
-393501 1008628
-727143 855091
-950083 571373
-1028380 200668
-950114 -200587
-727201 -571304
-393577 -855045
-42 -1008611
393498 -1008626
727139 -855090
950079 -571373
1028376 -200668
950110 200587
727197 571304
393574 855044
41 1008608
-393498 1008622
-727138 855086
-950077 571370
-1028374 200667
-950109 -200586
-727197 -571302
-393574 -855042
-41 -1008606
393497 -1008620
727136 -855084
950074 -571368
1028370 -200666
950105 200586
727194 571301
393573 855040
42 1008604
-393495 1008619
-727134 855084
-950073 571369
-1028371 200668
-950107 -200584
-727196 -571299
-393575 -855038
-35 -1008604
393503 -1008619
727133 -855082
950070 -571367
1028366 -200666
950101 200585
727190 571298
393570 855035
32 1008599
-393504 1008613
-727132 855076
-950067 571361
-1028361 200661
-950095 -200588
-727184 -571299
-393564 -855034
-27 -1008596
393507 -1008608
727133 -855070
950066 -571355
1028359 -200656
950092 200591
727180 571300
393561 855033
26 1008594
-393507 1008606
-727133 855068
-950065 571353
-1028356 200654
-950088 -200592
-727177 -571299
-393559 -855030
-25 -1008589
393506 -1008600
727129 -855062
950059 -571349
1028350 -200653
950083 200591
727173 571297
393556 855028
23 1008587
-393514 1008596
-727137 855058
-950060 571346
-1028349 200649
-950080 -200595
-727169 -571300
-393552 -855029
-20 -1008586
393515 -1008594
727137 -855056
950060 -571344
1028349 -200647
950079 200597
727167 571301
393550 855029
18 1008586
-393517 1008593
-727139 855054
-950061 571342
-1028349 200645
-950079 -200599
-727166 -571303
-393548 -855030
-16 -1008585
393519 -1008591
727140 -855051
950061 -571338
1028348 -200641
950077 200602
727164 571305
393545 855032
12 1008587
-393523 1008592
-727144 855051
-950064 571337
-1028350 200639
-950078 -200605
-727163 -571309
-393543 -855035
-10 -1008588
393525 -1008592
727149 -855046
950069 -571332
1028351 -200638
950078 200607
727163 571311
393543 855037
9 1008590
-393527 1008593
-727151 855045
-950071 571330
-1028353 200636
-950079 -200609
-727163 -571313
-393542 -855039
-7 -1008592
393529 -1008595
727153 -855047
950073 -571331
1028355 -200636
950081 200610
727164 571315
393542 855041
6 1008594
-393531 1008596
-727155 855047
-950075 571331
-1028356 200635
-950080 -200612
-727162 -571317
-393539 -855043
-2 -1008595
393535 -1008596
727159 -855046
950078 -571328
1028358 -200631
950082 200616
727163 571321
393539 855047
2 1008599
-393536 1008600
-727161 855049
-950081 571323
-1028362 200626
-950086 -200615
-727167 -571322
-393542 -855050
-3 -1008603
393537 -1008604
727164 -855053
950085 -571326
1028366 -200627
950089 200616
727168 571325
393541 855054
0 1008607
-393541 1008607
-727168 855054
-950089 571325
-1028369 200624
-950090 -200620
-727167 -571329
-393539 -855057
2 -1008609
393543 -1008609
727171 -855056
950093 -571327
1028373 -200625
950094 200621
727171 571331
393542 855060
-1 1008613
-393544 1008613
-727173 855059
-950095 571328
-1028375 200625
-950096 -200621
-727172 -571332
-393542 -855062
1 -1008615
393544 -1008615
727173 -855061
950096 -571330
1028374 -200619
950095 200627
727175 571330
393546 855061
2 1008616
-393543 1008617
-727174 855063
-950098 571332
-1028376 200620
-950097 -200627
-727177 -571330
-393548 -855061
-4 -1008616
393541 -1008617
727172 -855064
950096 -571334
1028375 -200623
950098 200623
727179 571327
393550 855060
6 1008617
-393540 1008620
-727173 855068
-950099 571338
-1028380 200626
-950104 -200622
-727185 -571328
-393555 -855063
-9 -1008621
393538 -1008624
727172 -855072
950100 -571342
1028382 -200630
950107 200618
727189 571325
393559 855062
13 1008622
-393535 1008627
-727171 855077
-950101 571348
-1028385 200635
-950105 -200623
-727187 -571331
-393563 -855060
-17 -1008621
393532 -1008628
727169 -855079
950099 -571350
1028384 -200638
950106 200619
727190 571327
393568 855057
23 1008620
-393526 1008629
-727164 855082
-950097 571355
-1028385 200644
-950109 -200613
-727195 -571322
-393574 -855054
-29 -1008619
393520 -1008630
727159 -855085
950094 -571360
1028384 -200650
950110 200607
727198 571316
393579 855049
35 1008616
-393514 1008629
-727154 855087
-950091 571365
-1028383 200656
-950112 -200601
-727203 -571311
-393585 -855046
-41 -1008616
393509 -1008632
727150 -855091
950088 -571369
1028383 -200661
950114 200596
727197 571314
393579 855049
43 1008612
-393507 1008629
-727148 855090
-950086 571370
-1028381 200663
-950113 -200593
-727198 -571310
-393582 -855046
-47 -1008611
393503 -1008629
727145 -855091
950085 -571372
1028381 -200665
950113 200591
727198 571308
393582 855044
48 1008609
-393501 1008628
-727143 855091
-950083 571373
-1028380 200668
-950114 -200587
-727201 -571304
-393587 -855040
-54 -1008606
393495 -1008627
727137 -855092
950078 -571376
1028377 -200672
950113 200583
727202 571300
393589 855037
57 1008604
-393491 1008626
-727134 855093
-950076 571378
-1028376 200675
-950114 -200579
-727204 -571297
-393582 -855040
-49 -1008608
393491 -1008626
727134 -855093
950076 -571378
1028376 -200675
950114 200579
727204 571297
393582 855040
49 1008608
-393491 1008626
-727134 855093
-950076 571378
-1028376 200675
-950114 -200579
-727204 -571297
-393582 -855040
-49 -1008608
393491 -1008626
727134 -855093
950076 -571378
1028376 -200675
950114 200579
727204 571297
393582 855040
49 1008608
-393491 1008626
-727134 855093
-950076 571378
-1028376 200675
-950114 -200579
-727204 -571297
-393582 -855040
-49 -1008608
393491 -1008626
727134 -855093
950076 -571378
1028376 -200675
950114 200579
727204 571297
393582 855040
40 1008609
-393501 1008626
-727135 855090
-950075 571374
-1028373 200671
-950109 -200582
-727198 -571298
-393577 -855038
-37 -1008604
393501 -1008619
727132 -855083
950071 -571369
1028369 -200668
950105 200584
727194 571299
393573 855038
33 1008604
-393505 1008619
-727135 855082
-950072 571367
-1028368 200666
-950103 -200585
-727192 -571298
-393572 -855035
-34 -1008600
393503 -1008615
727132 -855078
950067 -571363
1028362 -200663
950097 200586
727187 571297
393569 855032
33 1008595
-393501 1008609
-727128 855073
-950063 571360
-1028358 200662
-950093 -200585
-727184 -571294
-393567 -855028
-32 -1008591
393508 -1008604
727136 -855069
950065 -571358
1028359 -200660
950093 200587
727183 571296
393565 855030
30 1008593
-393510 1008605
-727138 855069
-950066 571357
-1028359 200658
-950093 -200589
-727183 -571298
-393565 -855032
-29 -1008595
393512 -1008607
727140 -855070
950068 -571357
1028361 -200657
950094 200592
727182 571302
393562 855035
25 1008596
-393516 1008606
-727143 855067
-950069 571353
-1028360 200653
-950091 -200595
-727178 -571304
-393558 -855036
-22 -1008595
393517 -1008604
727142 -855065
950067 -571351
1028358 -200652
950089 200595
727176 571303
393557 855034
22 1008593
-393517 1008602
-727146 855059
-950072 571346
-1028359 200651
-950089 -200597
-727176 -571305
-393556 -855036
-20 -1008595
393519 -1008603
727148 -855059
950074 -571346
1028361 -200651
950091 200597
727177 571306
393556 855038
19 1008597
-393521 1008605
-727150 855060
-950076 571345
-1028363 200648
-950092 -200602
-727176 -571312
-393553 -855044
-14 -1008602
393528 -1008608
727158 -855061
950083 -571344
1028368 -200645
950095 200606
727177 571316
393552 855048
12 1008605
-393530 1008609
-727160 855060
-950084 571341
-1028367 200641
-950092 -200610
-727173 -571319
-393548 -855049
-8 -1008605
393533 -1008608
727161 -855058
950085 -571333
1028370 -200635
950096 200609
727177 571320
393551 855052
9 1008609
-393534 1008612
-727164 855061
-950089 571334
-1028373 200634
-950098 -200611
-727178 -571322
-393551 -855054
-9 -1008611
393534 -1008614
727164 -855063
950089 -571336
1028374 -200636
950100 200610
727180 571323
393552 855056
9 1008613
-393535 1008616
-727167 855065
-950093 571337
-1028377 200635
-950102 -200612
-727181 -571325
-393552 -855058
-8 -1008615
393537 -1008618
727169 -855067
950096 -571339
1028378 -200628
950103 200620
727185 571326
393555 855061
9 1008619
-393538 1008622
-727171 855070
-950098 571340
-1028380 200628
-950105 -200620
-727187 -571326
-393557 -855061
-11 -1008620
393536 -1008624
727170 -855073
950098 -571344
1028381 -200632
950107 200616
727189 571323
393559 855060
13 1008620
-393535 1008625
-727171 855075
-950101 571346
-1028385 200633
-950111 -200617
-727193 -571326
-393562 -855064
-14 -1008625
393536 -1008631
727173 -855080
950103 -571350
1028388 -200637
950115 200614
727197 571324
393566 855063
18 1008625
-393532 1008632
-727170 855083
-950102 571354
-1028388 200641
-950110 -200618
-727193 -571328
-393569 -855060
-22 -1008624
393528 -1008632
727166 -855084
950099 -571357
1028387 -200645
950111 200614
727196 571324
393574 855056
28 1008621
-393523 1008632
-727163 855087
-950098 571361
-1028388 200649
-950114 -200610
-727201 -571321
-393579 -855056
-31 -1008624
393522 -1008636
727164 -855091
950101 -571365
1028393 -200653
950120 200607
727207 571320
393585 855057
37 1008627
-393517 1008641
-727161 855097
-950100 571371
-1028394 200659
-950123 -200602
-727211 -571317
-393589 -855055
-41 -1008626
393513 -1008642
727158 -855100
950099 -571375
1028395 -200663
950126 200598
727207 571320
393585 855059
45 1008625
-393509 1008643
-727155 855103
-950098 571380
-1028396 200669
-950128 -200593
-727210 -571317
-393589 -855057
-49 -1008624
393505 -1008643
727151 -855104
950095 -571383
1028395 -200673
950129 200589
727213 571313
393594 855054
55 1008623
-393500 1008645
-727148 855109
-950094 571389
-1028396 200679
-950132 -200583
-727217 -571308
-393598 -855051
-59 -1008622
393496 -1008645
727144 -855109
950090 -571390
1028393 -200682
950131 200579
727218 571304
393601 855047
63 1008618
-393492 1008642
-727140 855108
-950086 571391
-1028389 200684
-950128 -200576
-727217 -571299
-393593 -855046
-56 -1008618
393489 -1008639
727136 -855107
950082 -571391
1028385 -200685
950125 200573
727216 571295
393593 855042
57 1008614
-393487 1008635
-727134 855103
-950080 571388
-1028383 200684
-950123 -200573
-727214 -571295
-393592 -855041
-57 -1008612
393486 -1008633
727132 -855102
950078 -571388
1028381 -200684
950121 200572
727213 571292
393593 855037
60 1008608
-393482 1008630
-727127 855100
-950072 571387
-1028376 200685
-950118 -200569
-727212 -571288
-393593 -855033
-61 -1008604
393479 -1008626
727123 -855097
950068 -571386
1028372 -200686
950114 200567
727208 571285
393590 855029
51 1008601
-393489 1008622
-727124 855091
-950067 571380
-1028369 200680
-950109 -200572
-727202 -571288
-393584 -855030
-46 -1008600
393492 -1008619
727124 -855086
950064 -571375
1028365 -200677
950105 200573
727198 571287
393581 855027
44 1008596
-393493 1008615
-727124 855082
-950063 571371
-1028362 200674
-950101 -200574
-727195 -571286
-393580 -855024
-45 -1008592
393490 -1008611
727119 -855079
950057 -571370
1028357 -200675
950098 200572
727193 571284
393578 855022
44 1008589
-393489 1008607
-727117 855076
-950055 571368
-1028354 200673
-950094 -200573
-727190 -571283
-393577 -855020
-44 -1008587
393496 -1008604
727125 -855073
950057 -571366
1028356 -200671
950095 200575
727189 571285
393575 855021
42 1008587
-393498 1008603
-727126 855071
-950056 571364
-1028353 200669
-950091 -200576
-727186 -571284
-393573 -855019
-41 -1008584
393497 -1008599
727124 -855067
950053 -571360
1028349 -200666
950087 200578
727181 571286
393567 855020
36 1008583
-393501 1008597
-727127 855065
-950055 571358
-1028350 200663
-950086 -200582
-727179 -571289
-393565 -855021
-34 -1008583
393502 -1008596
727127 -855063
950055 -571356
1028350 -200661
950086 200584
727178 571291
393563 855023
31 1008585
-393507 1008598
-727137 855059
-950065 571350
-1028355 200658
-950089 -200588
-727179 -571296
-393561 -855029
-26 -1008590
393513 -1008600
727142 -855058
950068 -571347
1028356 -200654
950088 200592
727177 571299
393559 855030
25 1008589
-393512 1008598
-727140 855056
-950066 571345
-1028354 200652
-950086 -200594
-727174 -571301
-393555 -855032
-20 -1008591
393518 -1008599
727145 -855055
950069 -571342
1028355 -200648
950085 200598
727172 571305
393553 855035
18 1008592
-393520 1008599
-727147 855055
-950071 571342
-1028357 200648
-950087 -200598
-727174 -571305
-393554 -855036
-18 -1008594
393521 -1008601
727149 -855056
950074 -571335
1028361 -200641
950091 200599
727177 571308
393555 855040
17 1008598
-393523 1008604
-727152 855058
-950078 571336
-1028365 200640
-950094 -200602
-727178 -571312
-393555 -855044
-16 -1008602
393526 -1008608
727156 -855061
950082 -571337
1028368 -200639
950096 200604
727180 571314
393556 855046
16 1008604
-393526 1008610
-727157 855063
-950084 571339
-1028371 200641
-950100 -200603
-727183 -571315
-393557 -855049
-15 -1008608
393529 -1008614
727161 -855066
950088 -571340
1028374 -200640
950101 200606
727183 571319
393557 855053
15 1008612
-393530 1008618
-727164 855070
-950092 571343
-1028375 200633
-950102 -200613
-727187 -571318
-393560 -855054
-16 -1008615
393530 -1008622
727165 -855074
950095 -571347
1028380 -200636
950108 200612
727192 571319
393564 855056
19 1008617
-393529 1008624
-727165 855076
-950095 571349
-1028380 200638
-950109 -200610
-727194 -571318
-393566 -855057
-21 -1008620
393528 -1008628
727166 -855080
950098 -571353
1028385 -200642
950115 200608
727200 571319
393571 855060
23 1008625
-393529 1008634
-727168 855085
-950101 571356
-1028389 200643
-950119 -200608
-727203 -571320
-393572 -855062
-23 -1008627
393529 -1008636
727169 -855087
950103 -571358
1028391 -200645
950114 200615
727197 571327
393573 855060
25 1008625
-393527 1008635
-727167 855088
-950101 571360
-1028390 200647
-950115 -200613
-727200 -571325
-393577 -855059
-29 -1008626
393524 -1008638
727166 -855092
950102 -571364
1028392 -200651
950118 200609
727204 571322
393581 855058
33 1008626
-393520 1008638
-727162 855093
-950099 571367
-1028391 200655
-950118 -200605
-727205 -571318
-393584 -855054
-37 -1008623
393516 -1008637
727159 -855094
950097 -571369
1028389 -200657
950117 200603
727205 571316
393584 855052
38 1008621
-393514 1008636
-727157 855094
-950096 571370
-1028390 200659
-950119 -200601
-727199 -571321
-393578 -855057
-40 -1008620
393512 -1008636
727155 -855095
950094 -571372
1028389 -200662
950120 200597
727202 571317
393582 855054
44 1008618
-393508 1008635
-727151 855095
-950091 571373
-1028387 200664
-950118 -200595
-727201 -571315
-393582 -855052
-45 -1008616
393506 -1008633
727149 -855094
950089 -571373
1028385 -200664
950117 200594
727201 571313
393583 855050
47 1008615
-393504 1008633
-727147 855094
-950087 571374
-1028384 200667
-950117 -200590
-727202 -571309
-393586 -855046
-51 -1008612
393500 -1008632
727144 -855095
950085 -571376
1028382 -200669
950116 200588
727202 571307
393577 855049
41 1008615
-393501 1008630
-727143 855093
-950083 571375
-1028381 200670
-950116 -200586
-727203 -571305
-393579 -855047
-44 -1008613
393497 -1008629
727140 -855094
950082 -571377
1028381 -200672
950117 200584
727205 571303
393581 855046
46 1008613
-393495 1008629
-727138 855094
-950080 571377
-1028379 200672
-950115 -200583
-727203 -571301
-393580 -855043
-47 -1008609
393492 -1008625
727133 -855091
950074 -571377
1028374 -200675
950112 200579
727202 571296
393581 855037
49 1008604
-393490 1008622
-727131 855089
-950072 571375
-1028372 200674
-950110 -200578
-727201 -571294
-393581 -855035
-41 -1008603
393498 -1008620
727130 -855085
950069 -571371
1028367 -200670
950104 200581
727195 571295
393576 855034
38 1008600
-393499 1008616
-727129 855081
-950067 571368
-1028365 200669
-950102 -200581
-727193 -571294
-393574 -855032
-36 -1008598
393500 -1008613
727128 -855077
950064 -571364
1028361 -200666
950098 200582
727189 571294
393571 855031
35 1008596
-393500 1008611
-727128 855075
-950063 571362
-1028358 200664
-950094 -200583
-727186 -571293
-393569 -855028
-34 -1008591
393499 -1008605
727125 -855070
950059 -571359
1028354 -200663
950090 200582
727182 571290
393566 855024
33 1008587
-393505 1008600
-727131 855066
-950059 571357
-1028354 200661
-950090 -200584
-727182 -571292
-393566 -855026
-32 -1008589
393507 -1008602
727133 -855067
950061 -571357
1028355 -200660
950089 200586
727180 571294
393564 855027
30 1008589
-393509 1008601
-727135 855065
-950062 571354
-1028355 200656
-950089 -200590
-727179 -571298
-393561 -855031
-26 -1008592
393513 -1008602
727138 -855064
950063 -571352
1028354 -200654
950086 200592
727175 571299
393557 855030
23 1008589
-393514 1008598
-727142 855056
-950068 571345
-1028356 200652
-950088 -200594
-727176 -571301
-393557 -855032
-22 -1008591
393517 -1008600
727146 -855057
950072 -571344
1028359 -200649
950089 200599
727175 571307
393554 855038
18 1008596
-393521 1008603
-727150 855058
-950075 571343
-1028361 200647
-950090 -200601
-727175 -571309
-393553 -855040
-15 -1008598
393525 -1008604
727153 -855057
950077 -571341
1028362 -200644
950090 200605
727174 571313
393551 855043
13 1008599
-393527 1008604
-727155 855057
-950078 571340
-1028362 200642
-950089 -200607
-727172 -571315
-393549 -855045
-11 -1008601
393529 -1008605
727157 -855057
950081 -571333
1028366 -200635
950093 200608
727175 571318
393550 855049
10 1008605
-393532 1008609
-727162 855060
-950087 571334
-1028371 200634
-950096 -200611
-727176 -571322
-393549 -855053
-7 -1008609
393536 -1008612
727166 -855061
950090 -571333
1028373 -200632
950098 200613
727178 571324
393550 855056
7 1008613
-393537 1008616
-727169 855065
-950095 571337
-1028379 200635
-950104 -200612
-727183 -571326
-393554 -855060
-10 -1008617
393536 -1008620
727169 -855069
950096 -571341
1028382 -200638
950108 200611
727187 571326
393557 855061
11 1008620
-393536 1008624
-727170 855073
-950098 571344
-1028381 200632
-950107 -200616
-727189 -571323
-393559 -855060
-13 -1008620
393535 -1008625
727171 -855075
950101 -571346
1028385 -200633
950111 200617
727193 571326
393562 855064
14 1008625
-393536 1008631
-727173 855080
-950103 571350
-1028388 200637
-950115 -200614
-727197 -571324
-393566 -855063
-18 -1008625
393532 -1008632
727170 -855083
950102 -571354
1028388 -200641
950116 200610
727199 571321
393568 855062
19 1008626
-393533 1008634
-727172 855085
-950105 571356
-1028392 200642
-950120 -200611
-727203 -571324
-393572 -855066
-22 -1008631
393532 -1008640
727174 -855091
950109 -571361
1028397 -200645
950120 200618
727202 571332
393575 855067
24 1008633
-393529 1008634
-727168 855085
-950101 571356
-1028389 200643
-950112 -200616
-727196 -571326
-393573 -855058
-26 -1008623
393525 -1008633
727165 -855086
950099 -571359
1028388 -200647
950113 200612
727198 571323
393575 855057
28 1008623
-393523 1008634
-727164 855089
-950100 571363
-1028390 200651
-950116 -200609
-727203 -571321
-393581 -855056
-33 -1008624
393520 -1008636
727162 -855091
950099 -571365
1028391 -200653
950118 200607
727205 571320
393583 855056
35 1008625
-393518 1008639
-727161 855095
-950099 571369
-1028391 200657
-950119 -200603
-727199 -571323
-393577 -855059
-38 -1008621
393514 -1008636
727157 -855094
950096 -571370
1028390 -200659
950119 200601
727199 571321
393578 855057
40 1008620
-393512 1008636
-727155 855095
-950094 571372
-1028389 200662
-950120 -200597
-727202 -571317
-393582 -855054
-44 -1008618
393508 -1008635
727151 -855095
950091 -571373
1028387 -200664
950118 200595
727201 571315
393582 855052
45 1008616
-393506 1008633
-727149 855094
-950089 571373
-1028385 200664
-950117 -200594
-727201 -571313
-393583 -855050
-47 -1008615
393504 -1008633
727147 -855094
950087 -571374
1028384 -200667
950117 200590
727202 571309
393576 855051
39 1008616
-393503 1008629
-727145 855091
-950085 571372
-1028381 200665
-950113 -200591
-727198 -571308
-393573 -855048
-38 -1008612
393502 -1008625
727142 -855087
950080 -571369
1028375 -200664
950108 200590
727195 571305
393572 855044
39 1008608
-393500 1008622
-727140 855085
-950078 571367
-1028373 200663
-950106 -200590
-727193 -571305
-393570 -855043
-38 -1008605
393499 -1008618
727137 -855082
950074 -571366
1028370 -200664
950104 200588
727192 571302
393571 855039
40 1008602
-393496 1008616
-727133 855080
-950070 571365
-1028366 200664
-950101 -200587
-727190 -571300
-393569 -855037
-30 -1008601
393506 -1008614
727134 -855076
950069 -571361
1028363 -200661
950097 200588
727186 571299
393566 855034
29 1008597
-393505 1008610
-727131 855072
-950065 571358
-1028359 200660
-950093 -200587
-727183 -571296
-393565 -855030
-30 -1008593
393503 -1008607
727129 -855071
950063 -571358
1028357 -200660
950091 200587
727181 571296
393563 855029
28 1008590
-393504 1008602
-727128 855065
-950060 571353
-1028353 200657
-950087 -200588
-727178 -571295
-393562 -855027
-29 -1008588
393502 -1008601
727126 -855065
950058 -571353
1028351 -200657
950085 200588
727176 571295
393560 855026
27 1008586
-393510 1008597
-727134 855061
-950059 571351
-1028351 200655
-950085 -200590
-727175 -571297
-393558 -855028
-25 -1008587
393512 -1008596
727136 -855059
950061 -571348
1028352 -200651
950084 200594
727172 571301
393553 855031
19 1008588
-393517 1008595
-727139 855056
-950062 571344
-1028351 200647
-950081 -200597
-727168 -571302
-393549 -855031
-16 -1008587
393519 -1008593
727140 -855053
950061 -571340
1028348 -200643
950077 200600
727164 571303
393546 855030
14 1008585
-393520 1008590
-727139 855049
-950058 571336
-1028344 200640
-950073 -200602
-727160 -571304
-393542 -855029
-11 -1008582
393521 -1008586
727143 -855041
950063 -571329
1028345 -200637
950072 200606
727158 571308
393539 855033
6 1008585
-393527 1008587
-727148 855040
-950066 571326
-1028346 200633
-950071 -200610
-727155 -571311
-393535 -855034
-2 -1008585
393531 -1008586
727151 -855037
950067 -571322
1028346 -200629
950070 200614
727153 571315
393533 855037
0 1008586
-393533 1008586
-727153 855037
-950069 571322
-1028348 200629
-950072 -200614
-727155 -571315
-393535 -855038
-2 -1008589
393532 -1008590
727154 -855041
950072 -571325
1028352 -200630
950076 200615
727158 571318
393536 855042
1 1008593
-393535 1008594
-727159 855044
-950078 571319
-1028358 200623
-950082 -200616
-727163 -571321
-393539 -855047
-2 -1008599
393536 -1008600
727161 -855049
950081 -571323
1028362 -200626
950086 200615
727167 571322
393542 855050
3 1008603
-393537 1008604
-727164 855053
-950085 571326
-1028366 200627
-950089 -200616
-727168 -571325
-393541 -855054
0 -1008607
393541 -1008607
727168 -855054
950089 -571325
1028369 -200624
950090 200620
727167 571329
393539 855057
-2 1008609
-393543 1008609
-727171 855056
-950093 571327
-1028373 200625
-950094 -200621
-727171 -571331
-393542 -855060
1 -1008613
393544 -1008613
727173 -855059
950095 -571328
1028372 -200617
950093 200628
727173 571330
393544 855061
1 1008615
-393542 1008615
-727172 855062
-950096 571332
-1028375 200621
-950098 -200625
-727179 -571329
-393549 -855062
-4 -1008618
393541 -1008619
727173 -855066
950099 -571336
1028379 -200624
950102 200624
727182 571330
393551 855064
5 1008621
-393542 1008623
-727175 855069
-950101 571338
-1028382 200626
-950106 -200622
-727187 -571328
-393557 -855063
-11 -1008622
393537 -1008626
727172 -855074
950100 -571344
1028383 -200632
950109 200617
727191 571325
393561 855062
14 1008623
-393536 1008629
-727173 855078
-950103 571348
-1028387 200635
-950107 -200623
-727189 -571331
-393565 -855061
-18 -1008623
393532 -1008630
727170 -855081
950102 -571352
1028388 -200639
950110 200620
727193 571330
393568 855062
19 1008626
-393533 1008634
-727172 855085
-950105 571356
-1028392 200642
-950114 -200619
-727197 -571331
-393572 -855064
-23 -1008629
393530 -1008638
727171 -855089
950105 -571360
1028393 -200646
950116 200615
727199 571327
393574 855061
25 1008627
-393528 1008637
-727169 855089
-950103 571360
-1028392 200647
-950117 -200613
-727202 -571325
-393578 -855060
-29 -1008628
393524 -1008640
727166 -855094
950103 -571366
1028394 -200652
950120 200609
727198 571329
393574 855065
33 1008626
-393520 1008638
-727162 855093
-950099 571367
-1028391 200655
-950118 -200605
-727197 -571324
-393575 -855059
-36 -1008621
393516 -1008635
727158 -855092
950095 -571368
1028388 -200658
950117 200601
727198 571320
393578 855055
40 1008618
-393512 1008634
-727155 855093
-950094 571370
-1028388 200660
-950118 -200599
-727200 -571319
-393580 -855056
-42 -1008620
393510 -1008636
727153 -855095
950093 -571373
1028389 -200664
950120 200595
727203 571315
393575 855057
36 1008622
-393508 1008635
-727151 855095
-950091 571373
-1028387 200664
-950118 -200595
-727201 -571315
-393574 -855056
-37 -1008620
393506 -1008633
727149 -855094
950089 -571373
1028385 -200664
950117 200594
727201 571313
393574 855054
37 1008618
-393505 1008631
-727147 855092
-950087 571372
-1028383 200665
-950115 -200592
-727200 -571310
-393575 -855050
-40 -1008614
393501 -1008628
727143 -855091
950083 -571373
1028380 -200668
950114 200587
727201 571304
393577 855045
42 1008611
-393498 1008626
-727139 855090
-950079 571373
-1028376 200668
-950110 -200587
-727197 -571304
-393574 -855044
-32 -1008610
393508 -1008624
727140 -855085
950078 -571367
1028373 -200663
950106 200590
727193 571305
393570 855043
29 1008607
-393509 1008620
-727139 855081
-950075 571364
-1028369 200662
-950102 -200589
-727190 -571302
-393569 -855039
-30 -1008603
393507 -1008616
727136 -855078
950071 -571363
1028365 -200662
950099 200588
727188 571300
393568 855036
30 1008599
-393506 1008612
-727134 855074
-950069 571359
-1028363 200659
-950096 -200590
-727184 -571301
-393564 -855036
-27 -1008598
393507 -1008610
727133 -855072
950066 -571357
1028359 -200658
950093 200589
727183 571298
393565 855032
29 1008595
-393512 1008607
-727140 855070
-950068 571357
-1028361 200657
-950094 -200592
-727182 -571302
-393562 -855035
-25 -1008596
393516 -1008606
727143 -855067
950069 -571353
1028360 -200653
950091 200595
727178 571304
393558 855036
22 1008595
-393517 1008604
-727142 855065
-950067 571351
-1028358 200652
-950089 -200595
-727176 -571303
-393557 -855034
-22 -1008593
393517 -1008602
727142 -855063
950067 -571349
1028357 -200650
950087 200596
727174 571303
393555 855034
20 1008593
-393519 1008601
-727144 855061
-950068 571347
-1028357 200648
-950087 -200598
-727174 -571305
-393554 -855036
-18 -1008594
393521 -1008601
727149 -855056
950073 -571342
1028359 -200647
950088 200601
727173 571309
393552 855039
16 1008596
-393523 1008602
-727151 855056
-950075 571341
-1028360 200645
-950088 -200603
-727173 -571311
-393551 -855041
-14 -1008597
393525 -1008602
727153 -855055
950076 -571339
1028360 -200643
950088 200605
727172 571313
393549 855043
11 1008599
-393529 1008603
-727157 855055
-950080 571338
-1028363 200640
-950089 -200609
-727171 -571317
-393546 -855047
-7 -1008602
393533 -1008604
727161 -855054
950083 -571335
1028364 -200636
950088 200613
727169 571321
393544 855050
4 1008604
-393537 1008606
-727165 855055
-950088 571328
-1028370 200628
-950093 -200616
-727172 -571325
-393545 -855055
-3 -1008610
393540 -1008611
727169 -855058
950092 -571329
1028374 -200627
950096 200619
727173 571330
393544 855061
1 1008615
-393542 1008615
-727172 855062
-950096 571332
-1028378 200629
-950100 -200618
-727177 -571330
-393548 -855061
-4 -1008616
393541 -1008617
727172 -855064
950096 -571334
1028378 -200631
950101 200616
727179 571329
393549 855062
4 1008618
-393541 1008619
-727173 855066
-950099 571336
-1028382 200632
-950104 -200617
-727180 -571331
-393549 -855064
-3 -1008620
393544 -1008621
727177 -855067
950102 -571335
1028381 -200622
950103 200626
727182 571332
393550 855066
3 1008622
-393544 1008623
-727177 855069
-950103 571337
-1028383 200623
-950105 -200626
-727184 -571332
-393552 -855066
-5 -1008623
393542 -1008625
727175 -855071
950102 -571340
1028384 -200627
950108 200623
727188 571331
393556 855067
8 1008625
-393541 1008628
-727176 855075
-950104 571343
-1028386 200629
-950110 -200621
-727190 -571329
-393558 -855066
-10 -1008626
393540 -1008630
727177 -855077
950106 -571345
1028388 -200631
950112 200620
727192 571330
393560 855068
11 1008628
-393540 1008632
-727177 855079
-950107 571347
-1028390 200632
-950108 -200628
-727188 -571337
-393562 -855066
-13 -1008627
393538 -1008632
727175 -855080
950105 -571349
1028389 -200635
950109 200624
727191 571333
393566 855063
18 1008625
-393532 1008632
-727170 855083
-950102 571354
-1028388 200641
-950110 -200618
-727193 -571328
-393569 -855060
-22 -1008624
393528 -1008632
727166 -855084
950099 -571357
1028387 -200645
950111 200614
727196 571324
393574 855056
28 1008621
-393523 1008632
-727163 855087
-950098 571361
-1028388 200649
-950114 -200610
-727201 -571321
-393579 -855056
-31 -1008624
393522 -1008636
727164 -855091
950101 -571365
1028393 -200653
950120 200607
727198 571327
393575 855063
35 1008625
-393518 1008639
-727161 855095
-950099 571369
-1028391 200657
-950119 -200603
-727199 -571323
-393577 -855059
-38 -1008621
393514 -1008636
727157 -855094
950096 -571370
1028390 -200659
950119 200601
727199 571321
393578 855057
40 1008620
-393512 1008636
-727155 855095
-950094 571372
-1028389 200662
-950120 -200597
-727202 -571317
-393582 -855054
-44 -1008618
393508 -1008635
727151 -855095
950091 -571373
1028387 -200664
950118 200595
727201 571315
393582 855052
45 1008616
-393506 1008633
-727149 855094
-950089 571373
-1028385 200664
-950117 -200594
-727201 -571313
-393574 -855054
-37 -1008618
393505 -1008631
727147 -855092
950087 -571372
1028383 -200665
950115 200592
727200 571310
393575 855050
40 1008614
-393501 1008628
-727143 855091
-950083 571373
-1028380 200668
-950114 -200587
-727201 -571304
-393577 -855045
-42 -1008611
393498 -1008626
727139 -855090
950079 -571373
1028376 -200668
950110 200587
727197 571304
393574 855044
41 1008608
-393498 1008622
-727138 855086
-950077 571370
-1028374 200667
-950109 -200586
-727197 -571302
-393574 -855042
-41 -1008606
393497 -1008620
727136 -855084
950074 -571368
1028370 -200666
950105 200586
727194 571301
393573 855040
33 1008606
-393506 1008621
-727138 855084
-950076 571368
-1028372 200665
-950106 -200588
-727193 -571303
-393571 -855041
-31 -1008605
393507 -1008618
727137 -855080
950073 -571364
1028367 -200662
950100 200589
727188 571302
393567 855038
28 1008601
-393508 1008614
-727136 855076
-950071 571361
-1028365 200660
-950098 -200590
-727186 -571301
-393566 -855036
-28 -1008599
393508 -1008612
727136 -855074
950071 -571359
1028365 -200658
950098 200592
727186 571303
393565 855038
26 1008600
-393510 1008612
-727137 855073
-950070 571357
-1028363 200657
-950096 -200592
-727184 -571303
-393563 -855038
-24 -1008600
393518 -1008610
727146 -855071
950074 -571356
1028366 -200654
950097 200596
727183 571307
393561 855041
22 1008601
-393520 1008609
-727147 855069
-950073 571354
-1028363 200652
-950093 -200598
-727179 -571308
-393557 -855040
-19 -1008599
393522 -1008607
727148 -855066
950073 -571350
1028363 -200648
950092 200602
727176 571312
393553 855044
14 1008602
-393528 1008608
-727154 855065
-950078 571347
-1028366 200644
-950093 -200606
-727175 -571316
-393550 -855047
-10 -1008603
393531 -1008607
727156 -855063
950079 -571344
1028365 -200640
950090 200610
727171 571319
393546 855049
6 1008604
-393535 1008606
-727163 855055
-950085 571335
-1028366 200635
-950089 -200616
-727168 -571325
-393541 -855054
0 -1008607
393541 -1008607
727168 -855054
950088 -571332
1028367 -200631
950088 200620
727165 571328
393537 855055
-4 1008606
-393544 1008604
-727169 855050
-950088 571328
-1028366 200627
-950086 -200623
-727163 -571330
-393535 -855057
6 -1008608
393547 -1008606
727173 -855051
950091 -571327
1028368 -200624
950087 200628
727162 571336
393532 855062
-10 1008611
-393551 1008607
-727177 855050
-950095 571325
-1028371 200622
-950088 -200630
-727161 -571338
-393530 -855064
13 -1008613
393555 -1008608
727181 -855050
950099 -571317
1028375 -200613
950092 200633
727164 571343
393530 855070
-15 1008618
-393557 1008612
-727183 855053
-950101 571319
-1028377 200614
-950094 -200633
-727166 -571343
-393532 -855071
14 -1008621
393558 -1008616
727186 -855057
950106 -571322
1028383 -200615
950099 200634
727169 571346
393533 855075
-15 1008625
-393560 1008619
-727188 855058
-950108 571322
-1028385 200615
-950101 -200635
-727171 -571348
-393535 -855077
13 -1008627
393559 -1008622
727189 -855062
950110 -571325
1028387 -200616
950103 200635
727173 571348
393536 855078
-14 1008629
-393561 1008623
-727191 855062
-950112 571325
-1028386 200608
-950102 -200642
-727175 -571347
-393538 -855078
12 -1008630
393560 -1008626
727192 -855066
950114 -571328
1028388 -200610
950104 200641
727177 571347
393540 855079
-11 1008632
-393560 1008628
-727192 855068
-950115 571330
-1028390 200611
-950106 -200641
-727179 -571348
-393542 -855081
9 -1008634
393559 -1008630
727193 -855070
950117 -571332
1028392 -200613
950108 200640
727181 571348
393544 855081
-7 1008635
-393558 1008633
-727193 855074
-950118 571336
-1028395 200617
-950107 -200644
-727181 -571352
-393550 -855078
1 -1008634
393552 -1008634
727188 -855077
950115 -571341
1028394 -200623
950108 200638
727184 571347
393554 855075
3 1008633
-393548 1008635
-727185 855080
-950114 571345
-1028395 200627
-950111 -200635
-727188 -571345
-393558 -855074
-7 -1008633
393544 -1008635
727181 -855081
950111 -571348
1028394 -200631
950111 200631
727189 571341
393561 855070
11 1008630
-393540 1008634
-727177 855081
-950107 571349
-1028391 200634
-950110 -200626
-727190 -571335
-393564 -855065
-15 -1008627
393536 -1008633
727174 -855082
950105 -571351
1028390 -200637
950111 200622
727185 571338
393560 855068
20 1008624
-393530 1008632
-727168 855083
-950100 571354
-1028386 200641
-950108 -200617
-727184 -571332
-393561 -855062
-23 -1008618
393526 -1008627
727164 -855080
950096 -571353
1028383 -200642
950107 200615
727184 571330
393562 855060
25 1008617
-393524 1008627
-727162 855081
-950095 571355
-1028383 200644
-950107 -200613
-727185 -571328
-393564 -855058
-27 -1008615
393522 -1008626
727160 -855081
950093 -571356
1028382 -200646
950108 200611
727187 571326
393566 855057
29 1008615
-393520 1008626
-727158 855081
-950091 571356
-1028380 200647
-950106 -200609
-727185 -571324
-393556 -855059
-20 -1008616
393519 -1008622
727156 -855078
950089 -571355
1028378 -200647
950104 200608
727184 571322
393556 855057
21 1008614
-393516 1008620
-727152 855077
-950085 571355
-1028374 200648
-950101 -200606
-727183 -571319
-393557 -855053
-23 -1008611
393514 -1008619
727150 -855077
950083 -571356
1028373 -200650
950101 200604
727183 571317
393557 855051
23 1008609
-393514 1008617
-727149 855075
-950081 571354
-1028371 200649
-950100 -200603
-727183 -571315
-393557 -855049
-24 -1008607
393512 -1008615
727147 -855073
950079 -571353
1028369 -200649
950098 200603
727181 571315
393556 855048
16 1008606
-393520 1008614
-727147 855071
-950079 571351
-1028368 200647
-950096 -200604
-727180 -571314
-393556 -855046
-16 -1008604
393519 -1008612
727145 -855070
950077 -571351
1028367 -200648
950096 200602
727180 571312
393557 855044
18 1008603
-393517 1008612
-727143 855070
-950075 571351
-1028365 200648
-950094 -200602
-727178 -571312
-393555 -855044
-16 -1008602
393519 -1008610
727144 -855068
950074 -571349
1028362 -200646
950090 200603
727175 571311
393553 855042
15 1008600
-393519 1008608
-727144 855066
-950074 571347
-1028362 200644
-950090 -200605
-727174 -571313
-393551 -855043
-13 -1008599
393527 -1008604
727151 -855061
950073 -571343
1028360 -200641
950087 200607
727170 571315
393547 855045
9 1008601
-393531 1008605
-727155 855061
-950077 571343
-1028363 200640
-950089 -200609
-727171 -571317
-393546 -855047
-7 -1008602
393533 -1008604
727157 -855058
950078 -571338
1028362 -200634
950086 200615
727167 571322
393542 855050
3 1008603
-393537 1008604
-727161 855058
-950082 571337
-1028365 200631
-950087 -200619
-727166 -571326
-393539 -855053
2 -1008605
393543 -1008605
727166 -855056
950085 -571333
1028366 -200627
950086 200623
727163 571330
393535 855057
-6 1008608
-393547 1008606
-727173 855051
-950091 571327
-1028368 200624
-950087 -200628
-727162 -571336
-393532 -855062
10 -1008611
393551 -1008607
727177 -855050
950095 -571325
1028371 -200622
950088 200630
727161 571338
393530 855064
-13 1008613
-393555 1008608
-727181 855050
-950099 571324
-1028374 200619
-950090 -200634
-727163 -571342
-393531 -855068
13 -1008617
393555 -1008612
727182 -855054
950101 -571327
1028376 -200620
950091 200635
727162 571344
393528 855070
-17 1008618
-393559 1008611
-727185 855051
-950102 571323
-1028376 200616
-950091 -200639
-727161 -571348
-393526 -855073
20 -1008620
393563 -1008613
727189 -855052
950106 -571316
1028380 -200610
950095 200638
727165 571349
393529 855076
-19 1008624
-393564 1008617
-727192 855056
-950111 571319
-1028386 200610
-950100 -200641
-727168 -571354
-393530 -855083
20 -1008632
393567 -1008624
727197 -855061
950117 -571322
1028392 -200611
950105 200642
727172 571356
393533 855085
-19 1008634
-393568 1008626
-727199 855062
-950119 571321
-1028393 200609
-950105 -200644
-727171 -571358
-393531 -855087
21 -1008636
393570 -1008628
727201 -855064
950121 -571323
1028395 -200610
950107 200644
727173 571359
393532 855089
-21 1008638
-393570 1008630
-727201 855066
-950122 571325
-1028395 200604
-950108 -200650
-727177 -571358
-393536 -855090
18 -1008641
393569 -1008634
727202 -855070
950124 -571328
1028397 -200606
950111 200648
727181 571356
393540 855089
-15 1008642
-393566 1008629
-727198 855067
-950120 571327
-1028393 200607
-950107 -200646
-727178 -571354
-393538 -855087
16 -1008639
393567 -1008633
727200 -855070
950122 -571329
1028395 -200608
950109 200646
727180 571354
393540 855087
-14 1008640
-393564 1008627
-727195 855065
-950116 571326
-1028389 200607
-950104 -200645
-727176 -571351
-393538 -855082
13 -1008634
393562 -1008629
727194 -855068
950117 -571330
1028392 -200611
950102 200649
727175 571355
393544 855079
-7 1008633
-393557 1008631
-727191 855072
-950116 571334
-1028393 200615
-950105 -200646
-727179 -571354
-393548 -855080
3 -1008635
393554 -1008633
727190 -855075
950116 -571338
1028394 -200619
950107 200642
727182 571350
393552 855077
1 1008634
-393550 1008634
-727187 855078
-950116 571343
-1028397 200625
-950112 -200637
-727188 -571347
-393558 -855076
-6 -1008635
393547 -1008637
727185 -855082
950114 -571347
1028396 -200629
950113 200633
727190 571344
393560 855074
8 1008634
-393545 1008637
-727183 855082
-950113 571348
-1028396 200631
-950113 -200631
-727183 -571348
-393555 -855077
-13 -1008631
393539 -1008636
727178 -855083
950109 -571350
1028393 -200634
950112 200627
727183 571344
393555 855073
13 1008627
-393538 1008632
-727175 855080
-950105 571349
-1028389 200635
-950109 -200624
-727182 -571340
-393556 -855069
-16 -1008623
393534 -1008629
727171 -855079
950101 -571350
1028386 -200637
950108 200621
727183 571336
393559 855066
20 1008622
-393530 1008630
-727168 855081
-950100 571352
-1028386 200639
-950108 -200619
-727183 -571334
-393559 -855064
-21 -1008620
393528 -1008628
727166 -855080
950098 -571353
1028385 -200642
950109 200615
727186 571330
393554 855065
15 1008621
-393525 1008625
-727162 855079
-950094 571353
-1028381 200642
-950105 -200615
-727182 -571330
-393551 -855064
-14 -1008619
393525 -1008623
727161 -855077
950092 -571352
1028379 -200643
950104 200612
727183 571326
393554 855060
18 1008616
-393521 1008622
-727157 855077
-950089 571353
-1028378 200645
-950104 -200610
-727183 -571324
-393554 -855058
-19 -1008614
393518 -1008620
727153 -855076
950085 -571353
1028374 -200646
950100 200608
727180 571321
393553 855054
19 1008610
-393518 1008616
-727153 855072
-950084 571349
-1028371 200642
-950096 -200611
-727176 -571322
-393549 -855053
-7 -1008609
393529 -1008614
727154 -855068
950083 -571345
1028369 -200639
950094 200612
727174 571322
393547 855053
6 1008608
-393529 1008612
-727153 855066
-950081 571344
-1028367 200639
-950092 -200612
-727173 -571321
-393547 -855051
-6 -1008606
393529 -1008610
727153 -855064
950081 -571342
1028366 -200637
950090 200614
727170 571323
393543 855052
2 1008605
-393532 1008607
-727154 855059
-950080 571336
-1028364 200632
-950087 -200617
-727166 -571324
-393540 -855051
-1 -1008603
393532 -1008605
727153 -855057
950077 -571334
1028359 -200630
950081 200618
727161 571323
393536 855049
-2 1008600
-393539 1008599
-727159 855052
-950077 571332
-1028359 200628
-950081 -200620
-727160 -571325
-393534 -855050
4 -1008600
393541 -1008599
727161 -855051
950078 -571330
1028358 -200626
950078 200622
727156 571326
393531 855049
-6 1008598
-393543 1008596
-727162 855047
-950078 571326
-1028358 200622
-950078 -200626
-727155 -571330
-393528 -855053
10 -1008601
393547 -1008597
727166 -855046
950081 -571323
1028359 -200618
950077 200630
727153 571334
393525 855057
-15 1008604
-393553 1008598
-727175 855040
-950089 571315
-1028362 200613
-950078 -200636
-727151 -571340
-393520 -855062
21 -1008607
393559 -1008599
727181 -855039
950094 -571312
1028364 -200608
950077 200642
727149 571345
393518 855065
-23 1008608
-393561 1008599
-727183 855039
-950096 571312
-1028366 200608
-950079 -200642
-727150 -571346
-393518 -855067
24 -1008610
393563 -1008600
727184 -855038
950096 -571310
1028366 -200606
950078 200644
727148 571347
393516 855067
-26 1008610
-393565 1008600
-727186 855038
-950097 571309
-1028366 200604
-950078 -200646
-727148 -571349
-393515 -855069
28 -1008612
393567 -1008601
727188 -855038
950100 -571302
1028370 -200597
950081 200647
727149 571352
393514 855073
-30 1008615
-393569 1008603
-727190 855039
-950102 571302
-1028372 200597
-950083 -200648
-727151 -571354
-393516 -855075
29 -1008618
393570 -1008607
727193 -855043
950106 -571305
1028376 -200598
950087 200648
727154 571355
393517 855078
-30 1008622
-393573 1008611
-727197 855046
-950110 571306
-1028379 200597
-950088 -200651
-727154 -571359
-393516 -855082
32 -1008625
393575 -1008612
727199 -855046
950112 -571306
1028381 -200597
950090 200651
727156 571359
393518 855082
-31 1008626
-393575 1008614
-727200 855048
-950115 571308
-1028382 200590
-950091 -200659
-727159 -571360
-393520 -855085
29 -1008630
393574 -1008619
727201 -855054
950117 -571313
1028385 -200594
950096 200656
727165 571359
393525 855086
-26 1008633
-393573 1008623
-727202 855058
-950120 571317
-1028389 200597
-950100 -200654
-727169 -571358
-393529 -855087
23 -1008636
393572 -1008627
727203 -855062
950122 -571320
1028392 -200599
950104 200653
727173 571359
393532 855089
-21 1008638
-393570 1008630
-727201 855066
-950122 571325
-1028395 200604
-950108 -200650
-727177 -571358
-393536 -855090
18 -1008641
393569 -1008634
727202 -855070
950124 -571328
1028397 -200606
950105 200656
727175 571363
393540 855087
-14 1008640
-393564 1008627
-727195 855065
-950116 571326
-1028389 200607
-950097 -200653
-727168 -571358
-393536 -855080
14 -1008631
393562 -1008625
727193 -855064
950114 -571326
1028388 -200608
950098 200651
727171 571356
393540 855079
-11 1008632
-393560 1008628
-727192 855068
-950115 571330
-1028390 200611
-950100 -200649
-727173 -571355
-393542 -855079
9 -1008632
393558 -1008628
727190 -855068
950113 -571331
1028389 -200614
950101 200645
727176 571351
393546 855076
-5 1008631
-393555 1008629
-727189 855071
-950114 571335
-1028391 200617
-950103 -200643
-727170 -571356
-393541 -855080
0 -1008628
393549 -1008628
727183 -855072
950109 -571338
1028388 -200622
950103 200637
727173 571350
393545 855075
4 1008625
-393545 1008627
-727180 855073
-950107 571340
-1028387 200625
-950103 -200633
-727173 -571346
-393546 -855071
-7 -1008621
393540 -1008624
727174 -855072
950102 -571342
1028384 -200629
950102 200629
727174 571342
393549 855068
11 1008620
-393536 1008624
-727170 855073
-950098 571344
-1028381 200632
-950101 -200624
-727175 -571336
-393552 -855062
-16 -1008615
393530 -1008622
727165 -855074
950095 -571347
1028380 -200636
950102 200620
727178 571333
393547 855065
10 1008618
-393528 1008620
-727162 855072
-950091 571346
-1028376 200637
-950098 -200618
-727175 -571330
-393546 -855061
-11 -1008614
393525 -1008616
727158 -855069
950087 -571345
1028372 -200638
950095 200615
727173 571326
393544 855057
10 1008610
-393524 1008612
-727155 855065
-950082 571341
-1028366 200635
-950089 -200616
-727168 -571325
-393541 -855054
-8 -1008606
393526 -1008608
727156 -855061
950082 -571337
1028365 -200631
950087 200619
727166 571326
393539 855053
7 1008603
-393525 1008604
-727153 855057
-950077 571334
-1028359 200630
-950081 -200618
-727161 -571323
-393536 -855049
2 -1008600
393532 -1008600
727151 -855052
950075 -571331
1028357 -200629
950079 200618
727159 571323
393535 855048
-2 1008598
-393532 1008598
-727150 855050
-950072 571329
-1028353 200628
-950076 -200617
-727157 -571320
-393533 -855044
3 -1008594
393531 -1008594
727147 -855046
950068 -571326
1028349 -200626
950072 200618
727154 571319
393532 855041
-2 1008590
-393529 1008591
-727145 855045
-950066 571326
-1028347 200627
-950070 -200616
-727152 -571317
-393531 -855039
2 -1008588
393528 -1008589
727143 -855043
950064 -571325
1028345 -200627
950068 200615
727151 571315
393531 855037
-2 1008586
-393535 1008585
-727151 855039
-950065 571322
-1028344 200623
-950066 -200619
-727148 -571318
-393527 -855038
5 -1008585
393536 -1008583
727151 -855037
950065 -571320
1028344 -200621
950065 200621
727146 571320
393525 855040
-8 1008587
-393540 1008584
-727154 855036
-950066 571318
-1028344 200619
-950065 -200623
-727145 -571322
-393523 -855041
9 -1008586
393540 -1008582
727154 -855034
950066 -571316
1028343 -200617
950062 200625
727141 571323
393519 855041
-13 1008586
-393543 1008581
-727155 855032
-950066 571314
-1028343 200615
-950062 -200627
-727141 -571325
-393518 -855043
15 -1008587
393545 -1008581
727161 -855027
950072 -571308
1028344 -200613
950062 200629
727141 571327
393518 855045
-16 1008589
-393548 1008583
-727165 855028
-950076 571308
-1028348 200612
-950065 -200631
-727142 -571329
-393517 -855047
18 -1008591
393550 -1008584
727167 -855027
950077 -571305
1028347 -200608
950062 200635
727137 571333
393511 855049
-24 1008590
-393555 1008581
-727170 855023
-950079 571301
-1028348 200604
-950062 -200639
-727137 -571337
-393511 -855053
24 -1008594
393556 -1008585
727172 -855026
950081 -571303
1028350 -200605
950064 200639
727139 571337
393512 855054
-25 1008596
-393558 1008587
-727175 855028
-950085 571297
-1028354 200598
-950067 -200640
-727140 -571339
-393512 -855056
25 -1008598
393559 -1008589
727177 -855030
950088 -571299
1028358 -200599
950071 200641
727143 571342
393513 855060
-26 1008602
-393561 1008592
-727179 855031
-950089 571298
-1028358 200597
-950071 -200643
-727143 -571344
-393513 -855062
26 -1008604
393561 -1008594
727180 -855033
950092 -571300
1028362 -200599
950075 200642
727147 571345
393516 855065
-25 1008608
-393562 1008598
-727182 855037
-950095 571304
-1028367 200602
-950081 -200641
-727152 -571346
-393519 -855068
24 -1008612
393563 -1008602
727185 -855040
950099 -571305
1028367 -200593
950080 200650
727154 571347
393521 855070
-23 1008615
-393564 1008606
-727187 855044
-950101 571308
-1028370 200595
-950084 -200649
-727158 -571347
-393524 -855071
21 -1008617
393563 -1008609
727188 -855048
950104 -571312
1028374 -200598
950088 200648
727161 571348
393526 855073
-20 1008620
-393563 1008613
-727189 855052
-950106 571316
-1028377 200602
-950092 -200645
-727165 -571347
-393530 -855074
16 -1008622
393560 -1008615
727187 -855054
950105 -571318
1028377 -200604
950092 200643
727166 571345
393532 855073
-15 1008623
-393560 1008617
-727188 855056
-950107 571320
-1028379 200605
-950088 -200651
-727162 -571352
-393534 -855071
12 -1008621
393556 -1008616
727184 -855057
950104 -571322
1028378 -200608
950089 200647
727164 571349
393536 855069
-10 1008620
-393554 1008617
-727183 855060
-950104 571326
-1028379 200612
-950092 -200643
-727169 -571345
-393542 -855067
5 -1008621
393551 -1008619
727181 -855062
950103 -571329
1028380 -200616
950094 200640
727171 571344
393544 855067
-3 1008621
-393549 1008620
-727180 855064
-950104 571331
-1028382 200617
-950096 -200640
-727173 -571344
-393546 -855067
1 -1008621
393547 -1008620
727178 -855065
950102 -571333
1028380 -200620
950095 200636
727165 571347
393539 855070
2 1008618
-393543 1008619
-727174 855065
-950098 571334
-1028377 200622
-950094 -200633
-727166 -571343
-393541 -855066
-5 -1008614
393539 -1008616
727170 -855064
950095 -571335
1028376 -200625
950094 200629
727167 571339
393544 855062
9 1008611
-393534 1008614
-727164 855063
-950089 571336
-1028370 200628
-950090 -200624
-727166 -571333
-393545 -855056
-12 -1008605
393530 -1008609
727160 -855060
950085 -571335
1028367 -200629
950088 200622
727165 571330
393546 855052
14 1008602
-393528 1008608
-727158 855061
-950084 571337
-1028367 200631
-950088 -200620
-727165 -571328
-393537 -855055
-5 -1008605
393527 -1008606
727156 -855059
950081 -571335
1028363 -200630
950085 200619
727164 571326
393537 855053
5 1008603
-393527 1008604
-727155 855057
-950079 571334
-1028361 200630
-950083 -200618
-727163 -571323
-393538 -855049
-8 -1008599
393522 -1008600
727149 -855054
950073 -571333
1028356 -200631
950080 200616
727161 571321
393537 855047
8 1008597
-393522 1008598
-727149 855052
-950073 571331
-1028355 200629
-950078 -200617
-727159 -571321
-393535 -855046
2 -1008596
393532 -1008596
727150 -855048
950072 -571327
1028353 -200626
950075 200619
727155 571322
393531 855045
-5 1008594
-393533 1008594
-727149 855046
-950070 571325
-1028350 200624
-950071 -200620
-727151 -571321
-393528 -855043
6 -1008591
393532 -1008590
727147 -855042
950067 -571322
1028346 -200623
950068 200619
727150 571319
393528 855041
-6 1008589
-393532 1008588
-727146 855040
-950065 571320
-1028344 200621
-950065 -200621
-727146 -571320
-393525 -855040
8 -1008587
393534 -1008586
727148 -855038
950066 -571318
1028344 -200619
950065 200623
727145 571322
393523 855041
-9 1008586
-393540 1008582
-727154 855034
-950066 571316
-1028343 200617
-950062 -200625
-727141 -571323
-393519 -855041
13 -1008586
393543 -1008581
727155 -855032
950066 -571314
1028343 -200615
950062 200627
727141 571325
393518 855043
-15 1008587
-393545 1008581
-727157 855031
-950067 571311
-1028342 200611
-950060 -200630
-727139 -571327
-393516 -855044
17 -1008587
393547 -1008581
727159 -855031
950069 -571311
1028344 -200611
950061 200631
727138 571329
393514 855046
-19 1008588
-393549 1008580
-727160 855028
-950068 571307
-1028341 200607
-950057 -200634
-727134 -571330
-393510 -855045
23 -1008586
393552 -1008577
727165 -855019
950072 -571298
1028340 -200603
950054 200637
727130 571331
393507 855044
-24 1008583
-393551 1008573
-727163 855016
-950070 571296
-1028338 200601
-950052 -200639
-727128 -571333
-393504 -855046
28 -1008584
393555 -1008573
727166 -855015
950071 -571294
1028338 -200599
950052 200641
727127 571335
393502 855048
-30 1008586
-393557 1008574
-727168 855015
-950073 571294
-1028340 200599
-950054 -200641
-727129 -571335
-393504 -855048
28 -1008586
393556 -1008575
727169 -855017
950075 -571295
1028342 -200599
950055 200642
727129 571337
393503 855050
-31 1008588
-393560 1008576
-727172 855016
-950077 571286
-1028343 200590
-950055 -200644
-727129 -571339
-393503 -855052
31 -1008590
393560 -1008578
727173 -855018
950080 -571288
1028347 -200591
950059 200645
727132 571342
393504 855056
-32 1008594
-393563 1008581
-727177 855019
-950083 571287
-1028349 200589
-950060 -200647
-727131 -571344
-393502 -855058
34 -1008596
393565 -1008583
727179 -855021
950086 -571289
1028353 -200590
950064 200648
727135 571347
393505 855063
-34 1008602
-393568 1008589
-727184 855026
-950092 571292
-1028359 200591
-950069 -200649
-727138 -571349
-393506 -855065
34 -1008604
393569 -1008591
727186 -855028
950094 -571293
1028358 -200583
950069 200656
727142 571348
393510 855066
-31 1008607
-393567 1008595
-727185 855032
-950095 571297
-1028360 200586
-950071 -200655
-727144 -571349
-393512 -855068
29 -1008609
393566 -1008597
727186 -855034
950097 -571299
1028363 -200588
950075 200653
727148 571347
393516 855067
-26 1008610
-393565 1008600
-727186 855038
-950098 571303
-1028365 200592
-950078 -200650
-727152 -571346
-393519 -855068
24 -1008612
393563 -1008602
727185 -855040
950099 -571305
1028367 -200593
950080 200650
727154 571347
393521 855070
-23 1008615
-393564 1008606
-727187 855044
-950101 571308
-1028370 200595
-950077 -200657
-727150 -571354
-393523 -855069
21 -1008615
393562 -1008607
727186 -855046
950101 -571310
1028370 -200597
950078 200655
727152 571352
393525 855067
-19 1008614
-393560 1008607
-727184 855047
-950100 571313
-1028371 200601
-950081 -200651
-727157 -571349
-393531 -855066
13 -1008615
393555 -1008610
727181 -855052
950099 -571319
1028372 -200607
950083 200646
727159 571346
393533 855065
-11 1008615
-393553 1008611
-727180 855054
-950100 571321
-1028374 200608
-950085 -200646
-727161 -571346
-393535 -855065
9 -1008616
393552 -1008613
727180 -855056
950100 -571323
1028374 -200610
950086 200644
727155 571351
393529 855070
-7 1008614
-393549 1008611
-727176 855055
-950096 571324
-1028371 200613
-950085 -200640
-727156 -571347
-393532 -855066
3 -1008611
393545 -1008610
727172 -855055
950093 -571325
1028370 -200616
950085 200636
727157 571343
393534 855063
0 1008609
-393541 1008609
-727169 855056
-950091 571327
-1028368 200618
-950084 -200633
-727157 -571339
-393535 -855059
-2 -1008605
393539 -1008605
727166 -855053
950087 -571326
1028365 -200619
950082 200631
727156 571337
393535 855057
3 1008603
-393537 1008604
-727164 855053
-950085 571326
-1028363 200619
-950081 -200630
-727156 -571335
-393527 -855059
5 -1008605
393536 -1008602
727162 -855051
950083 -571325
1028361 -200620
950079 200628
727155 571332
393527 855055
-4 1008601
-393533 1008598
-727157 855048
-950077 571324
-1028356 200621
-950076 -200625
-727154 -571328
-393528 -855051
1 -1008597
393529 -1008595
727153 -855047
950074 -571325
1028354 -200623
950074 200623
727153 571325
393529 855047
1 1008594
-393527 1008593
-727151 855045
-950071 571323
-1028350 200622
-950071 -200622
-727151 -571323
-393527 -855045
0 -1008591
393526 -1008589
727149 -855042
950069 -571321
1028348 -200620
950068 200624
727147 571324
393524 855044
-10 1008590
-393536 1008587
-727149 855037
-950066 571316
-1028343 200617
-950062 -200625
-727141 -571323
-393519 -855041
13 -1008586
393537 -1008583
727149 -855033
950065 -571312
1028340 -200613
950058 200628
727137 571324
393515 855040
-16 1008583
-393538 1008579
-727148 855029
-950062 571308
-1028336 200610
-950054 -200629
-727134 -571323
-393514 -855037
16 -1008579
393537 -1008575
727146 -855026
950060 -571307
1028334 -200611
950052 200627
727132 571321
393512 855035
-17 1008576
-393536 1008571
-727143 855022
-950056 571303
-1028330 200607
-950048 -200630
-727128 -571322
-393509 -855034
18 -1008574
393543 -1008567
727151 -855018
950057 -571301
1028329 -200605
950046 200631
727126 571322
393507 855034
-20 1008574
-393545 1008567
-727153 855018
-950059 571301
-1028331 200605
-950048 -200632
-727128 -571324
-393508 -855036
21 -1008576
393547 -1008568
727154 -855017
950059 -571299
1028331 -200603
950047 200634
727125 571326
393504 855038
-25 1008577
-393550 1008567
-727156 855015
-950060 571296
-1028330 200599
-950045 -200637
-727123 -571328
-393502 -855039
26 -1008576
393550 -1008565
727156 -855013
950060 -571294
1028330 -200597
950044 200639
727121 571329
393500 855039
-28 1008576
-393552 1008565
-727161 855008
-950065 571289
-1028332 200597
-950046 -200640
-727122 -571332
-393499 -855043
31 -1008580
393556 -1008568
727165 -855009
950068 -571288
1028333 -200594
950045 200644
727120 571335
393497 855044
-33 1008579
-393558 1008566
-727167 855007
-950070 571286
-1028335 200592
-950047 -200646
-727121 -571338
-393496 -855048
36 -1008583
393562 -1008569
727171 -855008
950073 -571285
1028336 -200589
950046 200650
727119 571341
393494 855050
-38 1008585
-393565 1008571
-727175 855009
-950077 571285
-1028340 200589
-950050 -200651
-727122 -571344
-393495 -855054
39 -1008589
393567 -1008574
727177 -855011
950080 -571279
1028344 -200582
950053 200652
727123 571346
393495 855056
-39 1008591
-393567 1008576
-727178 855013
-950082 571281
-1028346 200583
-950055 -200652
-727125 -571347
-393496 -855059
40 -1008595
393570 -1008580
727182 -855016
950086 -571282
1028350 -200583
950059 200653
727129 571349
393499 855062
-39 1008599
-393571 1008584
-727185 855020
-950091 571286
-1028356 200585
-950065 -200654
-727133 -571353
-393500 -855068
40 -1008605
393574 -1008590
727190 -855025
950097 -571288
1028361 -200584
950068 200657
727135 571357
393501 855072
-41 1008609
-393577 1008593
-727194 855026
-950101 571288
-1028362 200576
-950069 -200665
-727138 -571358
-393502 -855075
42 -1008613
393579 -1008597
727196 -855030
950103 -571291
1028364 -200577
950071 200665
727140 571358
393504 855075
-40 1008613
-393577 1008597
-727194 855030
-950102 571292
-1028365 200579
-950073 -200663
-727142 -571357
-393506 -855075
38 -1008614
393576 -1008600
727195 -855034
950104 -571295
1028367 -200581
950075 200662
727144 571357
393508 855076
-36 1008616
-393575 1008602
-727196 855036
-950107 571297
-1028371 200582
-950073 -200670
-727142 -571365
-393512 -855077
33 -1008619
393573 -1008606
727194 -855040
950105 -571301
1028370 -200586
950074 200666
727145 571361
393516 855073
-29 1008616
-393569 1008605
-727191 855041
-950104 571304
-1028371 200590
-950076 -200663
-727147 -571360
-393518 -855074
27 -1008618
393568 -1008607
727191 -855043
950105 -571306
1028373 -200592
950079 200661
727151 571358
393522 855073
-23 1008619
-393565 1008610
-727190 855048
-950106 571312
-1028376 200598
-950083 -200656
-727156 -571355
-393528 -855072
18 -1008620
393561 -1008613
727187 -855052
950104 -571316
1028375 -200602
950084 200652
727150 571358
393522 855075
-15 1008616
-393557 1008610
-727183 855051
-950101 571317
-1028373 200604
-950083 -200650
-727150 -571356
-393523 -855073
13 -1008615
393555 -1008610
727181 -855052
950099 -571319
1028372 -200607
950083 200646
727151 571352
393525 855069
-10 1008611
-393551 1008607
-727177 855050
-950095 571318
-1028368 200608
-950080 -200643
-727150 -571348
-393526 -855065
8 -1008608
393548 -1008605
727173 -855049
950092 -571319
1028367 -200610
950081 200641
727152 571346
393528 855063
-6 1008606
-393546 1008604
-727171 855049
-950090 571319
-1028365 200610
-950079 -200640
-727151 -571344
-393520 -855066
13 -1008609
393544 -1008602
727169 -855048
950088 -571319
1028363 -200611
950077 200638
727149 571341
393519 855061
-12 1008603
-393541 1008597
-727165 855045
-950084 571318
-1028360 200612
-950076 -200636
-727150 -571339
-393521 -855060
10 -1008604
393539 -1008599
727163 -855047
950082 -571321
1028358 -200616
950075 200631
727151 571333
393524 855054
-5 1008598
-393533 1008594
-727157 855044
-950076 571320
-1028353 200617
-950072 -200628
-727150 -571329
-393525 -855050
3 -1008595
393530 -1008592
727153 -855043
950073 -571321
1028352 -200620
950072 200624
727151 571325
393527 855047
-9 1008595
-393537 1008593
-727153 855043
-950073 571321
-1028352 200620
-950072 -200624
-727151 -571325
-393527 -855047
9 -1008595
393537 -1008593
727153 -855043
950073 -571321
1028352 -200620
950072 200624
727151 571325
393527 855047
-9 1008595
-393537 1008593
-727153 855043
-950073 571321
-1028352 200620
-950072 -200624
-727151 -571325
-393527 -855047
9 -1008595
393537 -1008593
727153 -855043
950073 -571321
1028352 -200620
950072 200624
727151 571325
393527 855047
-9 1008595
-393537 1008593
-727153 855043
-950073 571321
-1028352 200620
-950072 -200624
-727151 -571325
-393527 -855047
9 -1008595
393544 -1008592
727161 -855043
950075 -571322
1028353 -200619
950072 200626
727150 571327
393525 855048
-11 1008594
-393545 1008589
-727161 855039
-950074 571318
-1028351 200616
-950070 -200628
-727148 -571329
-393523 -855050
13 -1008596
393547 -1008591
727163 -855040
950076 -571318
1028352 -200615
950069 200630
727146 571330
393521 855049
-15 1008594
-393549 1008589
-727164 855038
-950076 571316
-1028352 200613
-950069 -200632
-727145 -571332
-393519 -855051
17 -1008595
393551 -1008588
727166 -855036
950077 -571313
1028351 -200609
950066 200636
727141 571335
393515 855052
-20 1008594
-393552 1008586
-727169 855029
-950080 571307
-1028351 200609
-950066 -200636
-727141 -571335
-393515 -855052
20 -1008594
393552 -1008586
727169 -855029
950080 -571307
1028351 -200609
950066 200636
727141 571335
393515 855052
-20 1008594
-393552 1008586
-727169 855029
-950080 571307
-1028351 200609
-950066 -200636
-727141 -571335
-393515 -855052
20 -1008594
393552 -1008586
727169 -855029
950080 -571307
1028351 -200609
950066 200636
727141 571335
393515 855052
-20 1008594
-393552 1008586
-727169 855029
-950080 571307
-1028351 200609
-950066 -200636
-727141 -571335
-393515 -855052
20 -1008594
393552 -1008586
727169 -855029
950080 -571300
1028352 -200603
950068 200634
727143 571334
393516 855053
-21 1008596
-393554 1008587
-727171 855029
-950082 571300
-1028354 200603
-950070 -200634
-727145 -571334
-393518 -855053
19 -1008597
393553 -1008590
727172 -855033
950085 -571303
1028358 -200604
950074 200635
727148 571337
393519 855057
-20 1008601
-393555 1008593
-727174 855034
-950087 571303
-1028359 200603
-950074 -200637
-727148 -571339
-393519 -855059
20 -1008603
393556 -1008595
727176 -855036
950089 -571305
1028362 -200605
950078 200636
727151 571340
393520 855062
-21 1008607
-393559 1008599
-727181 855039
-950095 571306
-1028364 200596
-950078 -200646
-727153 -571342
-393522 -855064
20 -1008609
393559 -1008601
727181 -855041
950095 -571308
1028365 -200598
950081 200644
727157 571341
393526 855065
-16 1008612
-393556 1008606
-727181 855048
-950098 571315
-1028369 200603
-950085 -200641
-727161 -571340
-393529 -855066
15 -1008614
393557 -1008608
727183 -855049
950100 -571315
1028371 -200603
950087 200641
727163 571340
393531 855066
-13 1008615
-393555 1008610
-727181 855052
-950099 571319
-1028372 200607
-950090 -200638
-727167 -571339
-393535 -855067
10 -1008618
393554 -1008615
727183 -855058
950104 -571324
1028378 -200610
950089 200645
727165 571347
393538 855068
-8 1008620
-393552 1008617
-727181 855060
-950103 571327
-1028379 200614
-950092 -200641
-727169 -571343
-393543 -855065
2 -1008619
393547 -1008618
727178 -855063
950102 -571331
1028380 -200618
950095 200638
727173 571342
393547 855065
1 1008620
-393546 1008621
-727179 855067
-950104 571335
-1028382 200621
-950097 -200636
-727175 -571341
-393548 -855066
-1 -1008622
393546 -1008623
727179 -855069
950105 -571337
1028385 -200623
950101 200635
727179 571341
393552 855066
5 1008623
-393542 1008625
-727175 855071
-950102 571340
-1028384 200627
-950102 -200631
-727174 -571344
-393548 -855070
-9 -1008621
393538 -1008624
727172 -855072
950100 -571342
1028382 -200630
950101 200626
727175 571338
393551 855064
14 1008616
-393532 1008621
-727166 855071
-950094 571343
-1028377 200633
-950098 -200622
-727174 -571334
-393552 -855060
-16 -1008613
393530 -1008620
727164 -855072
950093 -571345
1028378 -200635
950100 200620
727176 571332
393554 855058
19 1008611
-393526 1008618
-727160 855071
-950089 571346
-1028374 200638
-950097 -200615
-727175 -571326
-393556 -855052
-23 -1008606
393521 -1008615
727154 -855070
950083 -571347
1028369 -200641
950094 200610
727175 571320
393549 855051
16 1008605
-393518 1008610
-727150 855067
-950079 571346
-1028366 200642
-950093 -200608
-727175 -571318
-393550 -855049
-19 -1008603
393514 -1008608
727145 -855065
950073 -571345
1028360 -200643
950088 200605
727172 571313
393549 855043
20 1008597
-393511 1008603
-727141 855062
-950069 571344
-1028356 200644
-950084 -200602
-727169 -571308
-393548 -855037
-21 -1008591
393508 -1008597
727136 -855057
950063 -571341
1028350 -200643
950079 200601
727166 571305
393547 855032
22 1008585
-393505 1008592
-727132 855054
-950059 571340
-1028346 200643
-950075 -200600
-727162 -571303
-393544 -855029
-12 -1008583
393515 -1008590
727133 -855049
950058 -571334
1028344 -200638
950072 200604
727158 571306
393540 855031
8 1008584
-393519 1008589
-727136 855047
-950060 571332
-1028345 200635
-950072 -200608
-727157 -571310
-393537 -855034
-4 -1008585
393522 -1008588
727137 -855044
950059 -571328
1028342 -200632
950068 200609
727154 571309
393536 855032
5 1008583
-393520 1008586
-727135 855043
-950057 571328
-1028340 200632
-950066 -200609
-727152 -571309
-393534 -855031
-3 -1008581
393522 -1008584
727137 -855040
950058 -571324
1028340 -200628
950065 200613
727149 571312
393530 855033
-1 1008582
-393532 1008582
-727147 855037
-950061 571321
-1028341 200624
-950064 -200617
-727147 -571316
-393527 -855036
5 -1008583
393536 -1008581
727150 -855035
950063 -571319
1028342 -200621
950063 200621
727144 571319
393523 855037
-8 1008582
-393537 1008579
-727150 855033
-950062 571317
-1028340 200620
-950062 -200620
-727145 -571317
-393525 -855036
7 -1008583
393538 -1008581
727152 -855034
950064 -571316
1028341 -200617
950061 200624
727142 571321
393521 855039
-11 1008584
-393541 1008580
-727157 855027
-950069 571309
-1028343 200615
-950062 -200627
-727141 -571325
-393518 -855043
15 -1008587
393545 -1008581
727161 -855027
950072 -571308
1028344 -200613
950062 200629
727141 571327
393518 855045
-16 1008589
-393548 1008583
-727165 855028
-950076 571308
-1028348 200612
-950065 -200631
-727142 -571329
-393517 -855047
18 -1008591
393550 -1008584
727167 -855027
950077 -571305
1028347 -200608
950062 200635
727137 571333
393511 855049
-24 1008590
-393555 1008581
-727170 855023
-950079 571301
-1028348 200604
-950062 -200639
-727137 -571337
-393511 -855053
24 -1008594
393556 -1008585
727172 -855026
950081 -571296
1028351 -200599
950066 200638
727141 571337
393514 855054
-23 1008596
-393556 1008587
-727173 855028
-950083 571297
-1028353 200599
-950068 -200638
-727142 -571338
-393514 -855056
23 -1008598
393557 -1008589
727175 -855030
950086 -571299
1028357 -200600
950071 200639
727144 571340
393515 855059
-24 1008602
-393559 1008593
-727178 855034
-950090 571302
-1028361 200601
-950075 -200640
-727147 -571343
-393516 -855063
25 -1008606
393562 -1008596
727182 -855035
950094 -571302
1028364 -200600
950077 200642
727149 571345
393518 855065
-23 1008608
-393561 1008599
-727183 855039
-950097 571305
-1028366 200594
-950080 -200648
-727154 -571345
-393521 -855068
22 -1008613
393562 -1008605
727185 -855044
950099 -571309
1028368 -200597
950082 200647
727156 571345
393523 855069
-21 1008615
-393562 1008607
-727186 855046
-950101 571310
-1028370 200597
-950084 -200647
-727158 -571345
-393525 -855069
19 -1008616
393561 -1008609
727186 -855048
950102 -571312
1028372 -200598
950086 200647
727160 571346
393526 855071
-19 1008618
-393561 1008611
-727187 855050
-950104 571314
-1028375 200600
-950090 -200646
-727163 -571347
-393528 -855074
18 -1008622
393562 -1008615
727189 -855054
950107 -571318
1028379 -200603
950088 200653
727162 571354
393534 855073
-13 1008623
-393558 1008618
-727187 855059
-950108 571324
-1028382 200609
-950093 -200648
-727168 -571351
-393540 -855072
7 -1008624
393553 -1008621
727184 -855064
950107 -571330
1028383 -200615
950096 200642
727173 571346
393546 855069
-1 1008623
-393548 1008622
-727180 855066
-950104 571333
-1028382 200619
-950097 -200638
-727175 -571343
-393548 -855068
-1 -1008624
393546 -1008625
727179 -855071
950105 -571339
1028385 -200625
950101 200633
727180 571339
393554 855065
7 1008623
-393541 1008626
-727176 855073
-950104 571341
-1028386 200627
-950104 -200631
-727175 -571345
-393548 -855072
-9 -1008623
393539 -1008626
727174 -855074
950102 -571344
1028384 -200631
950102 200627
727175 571340
393551 855066
13 1008618
-393534 1008623
-727168 855073
-950097 571345
-1028381 200634
-950102 -200622
-727177 -571335
-393554 -855062
-18 -1008615
393528 -1008622
727163 -855074
950093 -571347
1028378 -200637
950100 200618
727177 571330
393556 855057
21 1008611
-393524 1008619
-727159 855073
-950089 571348
-1028375 200640
-950099 -200614
-727177 -571326
-393557 -855053
-23 -1008608
393522 -1008617
727156 -855071
950085 -571347
1028371 -200640
950096 200613
727176 571324
393549 855055
16 1008609
-393519 1008614
-727152 855070
-950082 571348
-1028370 200643
-950096 -200609
-727177 -571320
-393551 -855052
-18 -1008607
393517 -1008612
727150 -855069
950080 -571348
1028368 -200643
950095 200608
727177 571318
393551 855050
18 1008605
-393516 1008610
-727148 855067
-950078 571347
-1028366 200644
-950093 -200606
-727175 -571316
-393550 -855047
-19 -1008601
393514 -1008606
727145 -855063
950073 -571343
1028360 -200641
950087 200607
727170 571315
393547 855045
18 1008599
-393513 1008604
-727143 855062
-950071 571344
-1028358 200643
-950086 -200604
-727171 -571311
-393549 -855041
-12 -1008597
393520 -1008603
727143 -855060
950071 -571342
1028358 -200641
950086 200606
727170 571313
393547 855043
9 1008599
-393524 1008604
-727146 855059
-950072 571339
-1028357 200637
-950083 -200610
-727166 -571316
-393543 -855044
-6 -1008598
393525 -1008602
727146 -855057
950072 -571337
1028356 -200635
950080 200612
727162 571317
393539 855043
2 1008595
-393528 1008597
-727147 855051
-950071 571331
-1028354 200630
-950078 -200615
-727159 -571319
-393535 -855044
1 -1008594
393530 -1008595
727148 -855048
950070 -571327
1028351 -200626
950074 200618
727155 571320
393532 855043
-3 1008592
-393538 1008591
-727156 855044
-950072 571325
-1028352 200624
-950073 -200620
-727153 -571321
-393530 -855043
5 -1008592
393540 -1008591
727158 -855044
950074 -571325
1028354 -200623
950074 200623
727153 571325
393529 855047
-7 1008595
-393542 1008592
-727159 855043
-950073 571323
-1028352 200622
-950073 -200622
-727153 -571323
-393529 -855045
7 -1008593
393541 -1008590
727157 -855042
950071 -571323
1028350 -200622
950071 200622
727151 571323
393527 855045
-9 1008593
-393543 1008590
-727159 855041
-950073 571321
-1028352 200620
-950072 -200624
-727151 -571325
-393527 -855047
9 -1008595
393544 -1008592
727165 -855038
950080 -571317
1028355 -200619
950074 200627
727152 571329
393526 855051
-12 1008598
-393548 1008593
-727169 855037
-950083 571315
-1028356 200616
-950073 -200631
-727149 -571333
-393522 -855054
16 -1008600
393552 -1008594
727173 -855037
950087 -571314
1028360 -200614
950076 200634
727150 571337
393521 855058
-18 1008603
-393554 1008596
-727175 855038
-950089 571313
-1028361 200611
-950075 -200638
-727147 -571341
-393517 -855061
22 -1008604
393558 -1008595
727178 -855036
950090 -571311
1028361 -200609
950075 200640
727147 571343
393516 855063
-25 1008606
-393562 1008596
-727182 855035
-950094 571302
-1028364 200600
-950077 -200642
-727149 -571345
-393518 -855065
23 -1008608
393561 -1008599
727183 -855039
950097 -571305
1028368 -200601
950080 200643
727150 571348
393517 855069
-26 1008612
-393565 1008602
-727187 855040
-950100 571304
-1028370 200599
-950082 -200645
-727151 -571350
-393517 -855071
26 -1008614
393565 -1008604
727187 -855042
950101 -571306
1028372 -200601
950084 200644
727153 571351
393518 855074
-27 1008618
-393568 1008607
-727191 855043
-950105 571306
-1028376 200600
-950087 -200646
-727155 -571353
-393520 -855076
25 -1008620
393567 -1008610
727192 -855047
950107 -571309
1028375 -200594
950087 200652
727159 571352
393523 855077
-24 1008623
-393567 1008614
-727193 855051
-950110 571313
-1028380 200597
-950093 -200651
-727164 -571353
-393526 -855080
23 -1008627
393568 -1008618
727195 -855055
950112 -571316
1028382 -200599
950095 200649
727167 571351
393530 855079
-19 1008628
-393565 1008621
-727194 855059
-950113 571320
-1028385 200602
-950099 -200648
-727170 -571352
-393532 -855081
18 -1008630
393565 -1008623
727195 -855061
950115 -571322
1028387 -200604
950102 200646
727174 571351
393536 855082
-15 1008633
-393564 1008627
-727195 855065
-950116 571326
-1028389 200607
-950097 -200653
-727168 -571358
-393536 -855080
14 -1008631
393562 -1008625
727193 -855064
950114 -571326
1028388 -200608
950098 200651
727171 571356
393540 855079
-11 1008632
-393560 1008628
-727192 855068
-950115 571330
-1028390 200611
-950100 -200649
-727173 -571355
-393542 -855079
9 -1008632
393558 -1008628
727190 -855068
950113 -571331
1028389 -200614
950101 200645
727176 571351
393546 855076
-5 1008631
-393555 1008629
-727189 855071
-950114 571335
-1028391 200617
-950103 -200643
-727178 -571349
-393549 -855074
1 -1008630
393551 -1008630
727186 -855074
950113 -571339
1028392 -200621
950106 200640
727174 571355
393544 855081
1 1008630
-393549 1008630
-727184 855074
-950111 571340
-1028391 200624
-950107 -200636
-727176 -571351
-393547 -855078
-5 -1008629
393546 -1008631
727182 -855076
950110 -571342
1028391 -200626
950107 200634
727177 571349
393549 855076
8 1008627
-393542 1008630
-727179 855077
-950108 571344
-1028390 200628
-950107 -200632
-727177 -571347
-393549 -855074
-8 -1008625
393541 -1008628
727176 -855075
950104 -571343
1028386 -200629
950104 200629
727176 571343
393550 855070
11 1008622
-393537 1008626
-727172 855074
-950100 571344
-1028383 200632
-950103 -200625
-727177 -571339
-393544 -855071
-5 -1008624
393535 -1008625
727171 -855075
950101 -571346
1028385 -200633
950105 200625
727179 571339
393546 855071
7 1008624
-393533 1008625
-727169 855075
-950099 571346
-1028383 200634
-950103 -200623
-727177 -571337
-393544 -855069
-5 -1008622
393534 -1008623
727168 -855073
950097 -571345
1028381 -200634
950102 200622
727177 571335
393544 855067
6 1008620
-393532 1008621
-727166 855071
-950094 571343
-1028377 200633
-950098 -200622
-727174 -571334
-393543 -855065
2 -1008619
393540 -1008620
727165 -855069
950092 -571341
1028375 -200631
950096 200623
727172 571334
393541 855064
-4 1008617
-393541 1008617
-727165 855065
-950091 571337
-1028372 200628
-950092 -200624
-727168 -571333
-393538 -855061
5 -1008612
393540 -1008611
727162 -855060
950087 -571334
1028368 -200626
950087 200626
727162 571334
393532 855060
-10 1008609
-393544 1008607
-727165 855055
-950088 571328
-1028367 200620
-950084 -200631
-727158 -571337
-393528 -855061
14 -1008608
393547 -1008604
727166 -855051
950087 -571324
1028364 -200617
950080 200632
727154 571336
393525 855059
-15 1008606
-393553 1008600
-727172 855047
-950086 571322
-1028362 200615
-950078 -200634
-727152 -571338
-393523 -855060
17 -1008606
393555 -1008600
727173 -855046
950086 -571320
1028362 -200613
950078 200636
727151 571340
393520 855062
-21 1008607
-393559 1008599
-727177 855044
-950089 571317
-1028363 200609
-950077 -200640
-727149 -571343
-393518 -855063
23 -1008606
393560 -1008597
727177 -855042
950089 -571315
1028362 -200607
950075 200642
727147 571345
393516 855065
-25 1008608
-393562 1008598
-727178 855041
-950088 571313
-1028360 200605
-950073 -200643
-727145 -571345
-393514 -855065
27 -1008608
393564 -1008598
727184 -855036
950095 -571308
1028364 -200604
950076 200646
727146 571349
393513 855069
-30 1008611
-393568 1008599
-727188 855036
-950099 571307
-1028367 200602
-950077 -200648
-727145 -571351
-393511 -855070
32 -1008611
393570 -1008599
727190 -855035
950101 -571305
1028369 -200599
950078 200653
727144 571357
393508 855076
-36 1008616
-393575 1008602
-727196 855036
-950106 571303
-1028371 200594
-950077 -200659
-727141 -571363
-393503 -855081
43 -1008619
393582 -1008602
727201 -855033
950109 -571299
1028373 -200590
950078 200663
727140 571367
393500 855085
-47 1008622
-393587 1008604
-727207 855034
-950115 571291
-1028378 200581
-950081 -200666
-727142 -571371
-393502 -855089
46 -1008627
393588 -1008610
727210 -855039
950119 -571294
1028382 -200582
950085 200667
727145 571374
393503 855093
-47 1008631
-393590 1008613
-727212 855041
-950122 571296
-1028386 200583
-950089 -200668
-727148 -571377
-393504 -855098
48 -1008637
393593 -1008619
727217 -855046
950128 -571299
1028392 -200584
950094 200669
727152 571379
393507 855101
-47 1008641
-393594 1008623
-727219 855050
-950131 571302
-1028396 200585
-950098 -200669
-727155 -571380
-393509 -855103
45 -1008643
393592 -1008625
727218 -855052
950131 -571304
1028393 -200579
950096 200674
727158 571377
393513 855102
-42 1008644
-393591 1008628
-727219 855056
-950134 571308
-1028398 200583
-950102 -200672
-727163 -571378
-393516 -855105
41 -1008648
393592 -1008632
727221 -855060
950136 -571311
1028400 -200584
950104 200672
727165 571378
393518 855105
-39 1008649
-393589 1008626
-727217 855055
-950132 571308
-1028396 200583
-950101 -200671
-727164 -571376
-393518 -855103
39 -1008647
393590 -1008632
727219 -855060
950135 -571312
1028401 -200586
950107 200670
727169 571377
393521 855106
-37 1008651
-393587 1008628
-727215 855057
-950131 571311
-1028397 200587
-950097 -200675
-727160 -571379
-393521 -855097
34 -1008642
393584 -1008629
727213 -855059
950129 -571313
1028395 -200589
950095 200673
727159 571377
393522 855095
-31 1008640
-393580 1008628
-727210 855060
-950127 571315
-1028394 200592
-950096 -200669
-727162 -571373
-393526 -855092
27 -1008639
393576 -1008629
727207 -855063
950126 -571320
1028395 -200598
950099 200663
727166 571368
393530 855089
-23 1008638
-393572 1008629
-727203 855064
-950123 571322
-1028394 200600
-950100 -200661
-727169 -571366
-393534 -855088
19 -1008638
393568 -1008630
727199 -855066
950120 -571325
1028393 -200605
950101 200655
727164 571367
393531 855089
-13 1008634
-393562 1008629
-727194 855068
-950117 571330
-1028392 200611
-950102 -200649
-727166 -571362
-393534 -855085
8 -1008630
393556 -1008627
727189 -855069
950114 -571333
1028391 -200615
950103 200645
727169 571358
393538 855082
-4 1008629
-393552 1008627
-727185 855070
-950110 571336
-1028388 200620
-950102 -200639
-727170 -571352
-393541 -855076
-1 -1008624
393546 -1008625
727179 -855071
950105 -571339
1028385 -200625
950101 200633
727171 571346
393544 855071
5 1008621
-393542 1008623
-727175 855069
-950101 571338
-1028382 200626
-950100 -200630
-727172 -571342
-393538 -855072
0 -1008622
393538 -1008620
727171 -855068
950097 -571338
1028378 -200626
950096 200630
727169 571341
393536 855069
-1 1008618
-393537 1008616
-727169 855065
-950095 571337
-1028376 200627
-950095 -200627
-727169 -571337
-393537 -855065
-1 -1008614
393534 -1008612
727164 -855061
950089 -571334
1028370 -200626
950089 200626
727164 571334
393534 855061
0 1008610
-393533 1008608
-727161 855058
-950085 571333
-1028366 200627
-950086 -200623
-727163 -571330
-393535 -855057
-3 -1008606
393529 -1008605
727157 -855057
950081 -571333
1028363 -200628
950084 200621
727162 571327
393535 855053
-5 1008604
-393537 1008604
-727157 855055
-950080 571331
-1028360 200626
-950080 -200622
-727158 -571327
-393532 -855052
7 -1008602
393538 -1008601
727156 -855051
950078 -571328
1028358 -200624
950078 200624
727156 571328
393530 855051
-8 1008599
-393538 1008597
-727155 855047
-950075 571324
-1028354 200621
-950074 -200625
-727152 -571327
-393527 -855049
10 -1008597
393539 -1008595
727155 -855045
950075 -571322
1028353 -200619
950072 200626
727150 571327
393525 855048
-11 1008594
-393538 1008591
-727152 855041
-950070 571319
-1028347 200618
-950066 -200625
-727145 -571324
-393522 -855043
12 -1008588
393544 -1008583
727157 -855033
950067 -571313
1028342 -200613
950060 200628
727139 571325
393517 855042
-15 1008585
-393545 1008579
-727157 855029
-950066 571309
-1028340 200609
-950057 -200632
-727135 -571328
-393513 -855043
18 -1008584
393547 -1008577
727158 -855027
950066 -571307
1028339 -200607
950055 200633
727133 571327
393511 855041
-20 1008582
-393548 1008574
-727157 855023
-950064 571304
-1028337 200606
-950053 -200633
-727131 -571327
-393509 -855041
22 -1008582
393550 -1008574
727159 -855022
950065 -571301
1028336 -200602
950050 200637
727127 571330
393505 855042
-26 1008581
-393553 1008571
-727164 855013
-950069 571292
-1028336 200598
-950050 -200641
-727126 -571334
-393502 -855046
30 -1008584
393557 -1008572
727168 -855013
950073 -571292
1028339 -200597
950051 200643
727125 571336
393500 855047
-32 1008584
-393559 1008572
-727170 855012
-950074 571289
-1028339 200593
-950051 -200647
-727125 -571340
-393499 -855051
34 -1008587
393561 -1008573
727172 -855012
950076 -571289
1028341 -200593
950053 200647
727126 571341
393499 855053
-35 1008589
-393563 1008575
-727174 855014
-950079 571291
-1028345 200594
-950056 -200648
-727128 -571343
-393500 -855056
36 -1008593
393566 -1008579
727178 -855017
950083 -571285
1028349 -200587
950060 200649
727131 571346
393501 855060
-36 1008597
-393567 1008583
-727181 855020
-950087 571286
-1028352 200586
-950061 -200651
-727131 -571348
-393501 -855062
37 -1008599
393569 -1008584
727183 -855020
950089 -571286
1028354 -200586
950063 200652
727132 571350
393501 855064
-37 1008601
-393569 1008586
-727183 855022
-950089 571288
-1028355 200588
-950065 -200650
-727134 -571349
-393503 -855064
36 -1008602
393570 -1008588
727186 -855024
950093 -571289
1028358 -200587
950067 200652
727136 571351
393504 855067
-36 1008606
-393571 1008592
-727188 855027
-950096 571291
-1028359 200580
-950068 -200660
-727139 -571352
-393506 -855069
35 -1008608
393571 -1008594
727188 -855029
950096 -571293
1028359 -200582
950068 200658
727140 571350
393508 855067
-32 1008606
-393567 1008593
-727185 855030
-950095 571295
-1028360 200584
-950070 -200657
-727142 -571350
-393510 -855068
31 -1008609
393568 -1008597
727188 -855034
950099 -571298
1028364 -200586
950075 200655
727148 571349
393515 855069
-28 1008612
-393567 1008601
-727188 855038
-950100 571302
-1028367 200589
-950073 -200662
-727146 -571357
-393519 -855070
24 -1008614
393563 -1008604
727185 -855042
950099 -571307
1028368 -200595
950076 200656
727150 571352
393523 855067
-20 1008613
-393560 1008605
-727184 855045
-950100 571311
-1028371 200599
-950080 -200653
-727154 -571351
-393527 -855067
17 -1008614
393558 -1008607
727182 -855047
950098 -571313
1028369 -200601
950079 200651
727155 571349
393529 855066
-15 1008614
-393557 1008608
-727183 855049
-950100 571315
-1028371 200603
-950081 -200649
-727157 -571347
-393532 -855064
11 -1008613
393553 -1008609
727179 -855052
950098 -571320
1028372 -200609
950084 200644
727153 571351
393527 855069
-9 1008612
-393551 1008609
-727177 855052
-950096 571320
-1028370 200609
-950082 -200643
-727152 -571348
-393528 -855065
6 -1008608
393547 -1008606
727173 -855051
950092 -571321
1028367 -200612
950081 200639
727153 571344
393530 855062
-4 1008606
-393544 1008604
-727169 855050
-950088 571321
-1028364 200613
-950080 -200636
-727153 -571340
-393531 -855058
1 -1008603
393540 -1008603
727166 -855051
950087 -571324
1028364 -200617
950080 200632
727154 571336
393534 855054
4 1008599
-393534 1008600
-727160 855050
-950081 571325
-1028359 200620
-950077 -200628
-727153 -571332
-393525 -855055
6 -1008600
393535 -1008596
727159 -855046
950078 -571321
1028355 -200617
950073 200629
727149 571331
393522 855052
-7 1008596
-393534 1008592
-727156 855042
-950074 571318
-1028351 200616
-950070 -200628
-727148 -571329
-393523 -855050
4 -1008594
393530 -1008590
727152 -855041
950070 -571319
1028347 -200618
950066 200625
727145 571324
393522 855043
-3 1008586
-393527 1008583
-727147 855036
-950064 571316
-1028341 200617
-950061 -200624
-727142 -571321
-393521 -855039
2 -1008582
393524 -1008579
727143 -855033
950060 -571315
1028338 -200618
950059 200622
727140 571319
393519 855037
-12 1008582
-393534 1008579
-727144 855030
-950059 571311
-1028335 200615
-950055 -200623
-727137 -571318
-393518 -855034
12 -1008578
393533 -1008575
727142 -855027
950057 -571309
1028333 -200613
950053 200625
727135 571319
393516 855034
-13 1008577
-393533 1008573
-727142 855025
-950056 571307
-1028330 200611
-950049 -200626
-727131 -571319
-393513 -855033
15 -1008575
393534 -1008571
727141 -855023
950054 -571306
1028329 -200612
950049 200624
727131 571317
393513 855031
-14 1008573
-393532 1008569
-727139 855021
-950052 571304
-1028326 200610
-950045 -200625
-727127 -571316
-393510 -855028
15 -1008568
393538 -1008562
727144 -855015
950050 -571301
1028324 -200609
950043 200625
727125 571316
393508 855028
-17 1008568
-393540 1008561
-727146 855013
-950051 571298
-1028324 200605
-950042 -200629
-727123 -571319
-393505 -855030
21 -1008569
393544 -1008561
727150 -855012
950054 -571295
1028324 -200600
950040 200634
727120 571323
393501 855033
-25 1008570
-393547 1008560
-727151 855010
-950054 571293
-1028324 200598
-950039 -200636
-727118 -571324
-393499 -855032
27 -1008568
393548 -1008557
727150 -855006
950051 -571290
1028320 -200597
950036 200635
727117 571322
393500 855030
-25 1008566
-393546 1008556
-727152 855001
-950054 571285
-1028320 200597
-950036 -200635
-727117 -571322
-393500 -855030
25 -1008566
393546 -1008556
727152 -855001
950054 -571285
1028320 -200597
950036 200635
727117 571322
393500 855030
-25 1008566
-393546 1008556
-727152 855001
-950054 571285
-1028320 200597
-950036 -200635
-727117 -571322
-393500 -855030
25 -1008566
393546 -1008556
727152 -855001
950054 -571285
1028320 -200597
950036 200635
727117 571322
393500 855030
-25 1008566
-393546 1008556
-727152 855001
-950054 571285
-1028320 200597
-950036 -200635
-727117 -571322
-393500 -855030
25 -1008566
393546 -1008556
727152 -855001
950055 -571279
1028322 -200592
950038 200634
727119 571322
393501 855031
-25 1008568
-393547 1008558
-727154 855003
-950057 571280
-1028324 200592
-950040 -200634
-727120 -571323
-393501 -855033
25 -1008570
393547 -1008560
727155 -855005
950059 -571282
1028327 -200594
950044 200633
727124 571324
393504 855036
-24 1008575
-393548 1008566
-727158 855011
-950064 571287
-1028333 200596
-950049 -200634
-727127 -571326
-393506 -855038
23 -1008577
393549 -1008568
727160 -855012
950066 -571287
1028335 -200596
950051 200635
727129 571329
393507 855042
-24 1008581
-393551 1008571
-727162 855014
-950068 571288
-1028334 200588
-950050 -200642
-727131 -571327
-393509 -855041
22 -1008582
393550 -1008574
727163 -855018
950071 -571292
1028338 -200591
950054 200641
727135 571328
393513 855043
-18 1008584
-393547 1008577
-727162 855022
-950072 571296
-1028341 200595
-950059 -200638
-727141 -571327
-393518 -855045
16 -1008589
393548 -1008583
727165 -855028
950077 -571301
1028347 -200598
950065 200637
727146 571328
393521 855047
-14 1008592
-393547 1008587
-727166 855032
-950079 571305
-1028350 200601
-950069 -200635
-727150 -571327
-393525 -855048
11 -1008594
393545 -1008589
727164 -855034
950078 -571307
1028350 -200603
950063 200641
727145 571332
393527 855045
-9 1008593
-393543 1008590
-727163 855037
-950078 571311
-1028351 200607
-950066 -200638
-727149 -571331
-393531 -855045
5 -1008594
393540 -1008593
727162 -855041
950079 -571315
1028354 -200611
950070 200634
727153 571328
393535 855044
-1 1008594
-393536 1008593
-727158 855042
-950076 571318
-1028352 200615
-950069 -200630
-727154 -571324
-393538 -855041
-3 -1008593
393533 -1008594
727157 -855044
950076 -571320
1028353 -200617
950072 200628
727158 571322
393542 855039
7 1008592
-393529 1008595
-727153 855047
-950074 571325
-1028354 200623
-950074 -200623
-727153 -571325
-393538 -855043
-11 -1008591
393525 -1008596
727150 -855050
950072 -571329
1028353 -200628
950076 200617
727157 571320
393543 855039
17 1008588
-393519 1008595
-727145 855051
-950069 571332
-1028352 200632
-950076 -200613
-727158 -571316
-393545 -855036
-20 -1008586
393515 -1008594
727141 -855052
950066 -571335
1028351 -200636
950077 200609
727161 571313
393550 855034
26 1008585
-393510 1008595
-727138 855055
-950065 571339
-1028352 200640
-950080 -200605
-727165 -571309
-393554 -855031
-30 -1008584
393506 -1008596
727134 -855057
950061 -571342
1028349 -200645
950079 200599
727166 571303
393548 855030
24 1008584
-393503 1008592
-727130 855054
-950057 571341
-1028345 200646
-950076 -200596
-727165 -571299
-393549 -855026
-27 -1008580
393499 -1008589
727126 -855053
950053 -571341
1028341 -200647
950073 200593
727164 571295
393549 855022
28 1008576
-393496 1008585
-727121 855050
-950047 571340
-1028336 200648
-950069 -200591
-727161 -571292
-393548 -855018
-29 -1008572
393493 -1008581
727117 -855046
950043 -571337
1028332 -200647
950065 200590
727158 571289
393547 855013
30 1008566
-393491 1008576
-727114 855043
-950039 571336
-1028328 200647
-950062 -200589
-727156 -571287
-393546 -855011
-22 -1008566
393499 -1008576
727114 -855041
950039 -571334
1028327 -200645
950059 200591
727152 571288
393542 855010
18 1008563
-393502 1008572
-727115 855036
-950038 571328
-1028325 200640
-950057 -200594
-727150 -571289
-393540 -855010
-16 -1008563
393504 -1008571
727116 -855034
950037 -571326
1028322 -200638
950053 200595
727146 571289
393536 855009
13 1008560
-393505 1008567
-727115 855030
-950034 571322
-1028318 200635
-950049 -200597
-727142 -571290
-393533 -855008
-12 -1008557
393504 -1008563
727113 -855026
950032 -571319
1028316 -200633
950047 200598
727140 571289
393531 855006
10 1008555
-393512 1008559
-727121 855022
-950033 571316
-1028315 200629
-950044 -200602
-727136 -571293
-393527 -855009
-6 -1008556
393516 -1008558
727124 -855019
950034 -571312
1028314 -200625
950041 200605
727132 571294
393523 855008
3 1008554
-393518 1008556
-727125 855017
-950034 571310
-1028314 200623
-950041 -200607
-727131 -571296
-393521 -855010
-1 -1008555
393519 -1008555
727125 -855015
950034 -571308
1028313 -200621
950039 200609
727129 571298
393519 855011
-1 1008555
-393521 1008555
-727127 855015
-950036 571308
-1028315 200621
-950041 -200609
-727131 -571298
-393520 -855012
2 -1008557
393523 -1008556
727133 -855010
950042 -571302
1028317 -200619
950042 200612
727130 571302
393518 855015
-4 1008558
-393525 1008556
-727134 855009
-950042 571300
-1028316 200617
-950040 -200613
-727128 -571302
-393516 -855015
6 -1008558
393527 -1008556
727136 -855009
950044 -571300
1028318 -200616
950041 200616
727127 571306
393513 855019
-10 1008561
-393531 1008557
-727140 855008
-950047 571297
-1028319 200612
-950040 -200620
-727125 -571309
-393511 -855020
12 -1008561
393533 -1008557
727142 -855008
950049 -571290
1028321 -200605
950042 200620
727126 571310
393511 855022
-13 1008563
-393535 1008558
-727144 855007
-950051 571288
-1028323 200603
-950044 -200623
-727128 -571314
-393512 -855027
14 -1008569
393538 -1008564
727149 -855013
950058 -571293
1028331 -200605
950051 200624
727133 571317
393515 855031
-12 1008573
-393537 1008568
-727150 855017
-950060 571296
-1028333 200607
-950053 -200623
-727135 -571317
-393517 -855032
11 -1008576
393538 -1008572
727152 -855020
950063 -571298
1028337 -200608
950057 200623
727139 571318
393520 855035
-10 1008580
-393539 1008576
-727155 855024
-950067 571301
-1028338 200601
-950058 -200631
-727142 -571319
-393521 -855037
10 -1008582
393539 -1008578
727155 -855026
950067 -571303
1028338 -200603
950059 200629
727145 571317
393525 855036
-7 1008583
-393538 1008581
-727156 855030
-950070 571307
-1028343 200607
-950065 -200626
-727150 -571317
-393529 -855039
4 -1008588
393537 -1008587
727157 -855036
950073 -571312
1028348 -200610
950071 200625
727156 571318
393534 855042
-1 1008592
-393536 1008591
-727158 855040
-950076 571316
-1028352 200613
-950075 -200624
-727159 -571319
-393535 -855044
1 -1008594
393536 -1008593
727158 -855042
950076 -571318
1028352 -200615
950069 200630
727154 571324
393538 855041
3 1008593
-393533 1008594
-727157 855044
-950076 571320
-1028353 200617
-950072 -200628
-727158 -571322
-393542 -855039
-7 -1008592
393529 -1008595
727153 -855047
950074 -571325
1028354 -200623
950074 200623
727161 571319
393546 855038
10 1008593
-393527 1008597
-727152 855049
-950074 571327
-1028354 200625
-950075 -200621
-727163 -571317
-393548 -855037
-12 -1008593
393526 -1008598
727152 -855051
950074 -571329
1028355 -200627
950077 200619
727165 571316
393550 855037
14 1008593
-393524 1008598
-727151 855052
-950075 571331
-1028357 200629
-950079 -200618
-727159 -571323
-393544 -855044
-16 -1008594
393522 -1008600
727149 -855054
950073 -571333
1028356 -200631
950080 200616
727161 571321
393546 855042
18 1008592
-393520 1008599
-727147 855055
-950072 571335
-1028356 200633
-950080 -200614
-727161 -571319
-393546 -855040
-19 -1008590
393518 -1008597
727145 -855053
950070 -571334
1028354 -200634
950079 200611
727162 571315
393549 855036
23 1008587
-393514 1008596
-727141 855054
-950066 571337
-1028351 200638
-950078 -200607
-727163 -571311
-393552 -855033
-27 -1008586
393510 -1008597
727138 -855057
950065 -571341
1028352 -200642
950080 200603
727166 571307
393547 855034
22 1008587
-393506 1008594
-727134 855055
-950061 571340
-1028348 200643
-950077 -200600
-727164 -571303
-393546 -855030
-23 -1008583
393503 -1008590
727129 -855052
950055 -571339
1028343 -200644
950073 200598
727161 571300
393545 855025
24 1008577
-393500 1008584
-727125 855047
-950051 571336
-1028339 200643
-950070 -200597
-727160 -571298
-393545 -855023
-24 -1008575
393499 -1008582
727122 -855045
950046 -571334
1028333 -200642
950064 200596
727154 571295
393541 855018
24 1008569
-393497 1008577
-727120 855042
-950044 571333
-1028331 200643
-950063 -200593
-727155 -571291
-393543 -855015
-17 -1008569
393505 -1008577
727119 -855040
950042 -571331
1028329 -200641
950061 200595
727153 571292
393541 855014
16 1008567
-393504 1008575
-727117 855038
-950040 571330
-1028327 200641
-950059 -200595
-727151 -571292
-393539 -855014
-14 -1008566
393506 -1008573
727119 -855036
950041 -571327
1028326 -200637
950056 200598
727147 571293
393536 855013
12 1008564
-393507 1008570
-727118 855032
-950039 571324
-1028324 200636
-950054 -200598
-727145 -571293
-393534 -855013
-11 -1008563
393507 -1008568
727117 -855030
950036 -571322
1028320 -200635
950051 200597
727144 571290
393534 855009
11 1008559
-393513 1008563
-727123 855026
-950036 571320
-1028320 200633
-950050 -200599
-727142 -571292
-393532 -855010
-9 -1008559
393515 -1008562
727125 -855023
950037 -571316
1028319 -200629
950047 200603
727137 571295
393526 855011
4 1008558
-393518 1008560
-727126 855021
-950037 571314
-1028318 200627
-950045 -200604
-727135 -571295
-393524 -855011
-2 -1008558
393520 -1008559
727128 -855019
950038 -571311
1028318 -200623
950045 200608
727134 571299
393522 855014
0 1008559
-393522 1008559
-727129 855018
-950038 571309
-1028317 200621
-950042 -200610
-727130 -571300
-393518 -855013
3 -1008556
393523 -1008554
727132 -855008
950040 -571301
1028315 -200619
950040 200611
727128 571300
393516 855013
-5 1008556
-393525 1008554
-727134 855007
-950041 571298
-1028314 200615
-950038 -200615
-727126 -571303
-393514 -855015
8 -1008558
393529 -1008555
727138 -855007
950045 -571298
1028318 -200614
950041 200618
727127 571308
393513 855021
-11 1008563
-393534 1008559
-727144 855009
-950051 571296
-1028322 200609
-950042 -200624
-727126 -571314
-393510 -855026
15 -1008566
393538 -1008560
727148 -855009
950055 -571296
1028326 -200608
950045 200627
727127 571318
393509 855030
-18 1008570
-393542 1008563
-727152 855010
-950059 571288
-1028330 200599
-950048 -200630
-727128 -571322
-393509 -855034
18 -1008574
393543 -1008567
727154 -855013
950061 -571290
1028332 -200601
950050 200628
727130 571321
393510 855035
-19 1008576
-393545 1008569
-727157 855015
-950065 571291
-1028336 200600
-950054 -200631
-727133 -571325
-393511 -855039
20 -1008580
393547 -1008572
727159 -855017
950067 -571293
1028338 -200602
950056 200629
727135 571324
393513 855039
-18 1008580
-393546 1008573
-727160 855019
-950069 571294
-1028340 200601
-950057 -200632
-727135 -571328
-393513 -855043
18 -1008584
393547 -1008577
727162 -855022
950072 -571296
1028341 -200595
950059 200638
727141 571327
393518 855045
-16 1008589
-393548 1008583
-727165 855028
-950077 571301
-1028347 200598
-950065 -200637
-727146 -571328
-393521 -855047
14 -1008592
393547 -1008587
727166 -855032
950079 -571305
1028350 -200601
950069 200635
727150 571327
393525 855048
-11 1008594
-393545 1008589
-727164 855034
-950078 571307
-1028350 200603
-950069 -200633
-727151 -571325
-393527 -855047
9 -1008595
393544 -1008592
727165 -855038
950080 -571311
1028353 -200607
950074 200630
727157 571324
393533 855048
-4 1008598
-393541 1008597
-727165 855045
-950084 571318
-1028360 200612
-950076 -200636
-727158 -571333
-393538 -855051
1 -1008603
393540 -1008603
727166 -855051
950087 -571324
1028364 -200617
950080 200632
727162 571330
393542 855050
3 1008603
-393537 1008604
-727164 855053
-950085 571326
-1028363 200619
-950081 -200630
-727165 -571328
-393546 -855049
-6 -1008604
393535 -1008606
727163 -855055
950086 -571328
1028365 -200621
950083 200629
727167 571328
393548 855049
8 1008605
-393533 1008608
-727161 855058
-950085 571333
-1028366 200627
-950086 -200623
-727171 -571323
-393552 -855046
-12 -1008603
393529 -1008607
727158 -855059
950083 -571335
1028365 -200629
950086 200621
727163 571328
393544 855050
13 1008599
-393527 1008604
-727155 855057
-950079 571334
-1028361 200630
-950083 -200618
-727163 -571323
-393548 -855044
-20 -1008595
393519 -1008603
727148 -855059
950074 -571339
1028359 -200637
950085 200610
727168 571316
393554 855040
26 1008594
-393513 1008604
-727143 855062
-950071 571344
-1028358 200643
-950086 -200604
-727171 -571311
-393559 -855036
-32 -1008591
393508 -1008604
727140 -855065
950070 -571348
1028359 -200647
950088 200601
727173 571309
393561 855035
34 1008591
-393506 1008604
-727138 855065
-950069 571349
-1028359 200649
-950089 -200599
-727175 -571307
-393554 -855038
-26 -1008595
393506 -1008604
727138 -855065
950069 -571349
1028359 -200649
950089 200599
727175 571307
393554 855038
26 1008595
-393506 1008604
-727138 855065
-950069 571349
-1028359 200649
-950089 -200599
-727175 -571307
-393554 -855038
-26 -1008595
393506 -1008604
727138 -855065
950069 -571349
1028359 -200649
950089 200599
727175 571307
393554 855038
26 1008595
-393506 1008604
-727138 855065
-950069 571349
-1028359 200649
-950089 -200599
-727175 -571307
-393554 -855038
-18 -1008596
393514 -1008604
727137 -855063
950066 -571347
1028355 -200648
950085 200598
727172 571305
393553 855035
18 1008592
-393513 1008600
-727135 855059
-950063 571343
-1028351 200645
-950081 -200599
-727168 -571304
-393549 -855033
-15 -1008589
393514 -1008596
727134 -855055
950061 -571340
1028348 -200643
950077 200600
727164 571303
393546 855030
14 1008585
-393514 1008592
-727133 855051
-950058 571336
-1028344 200640
-950073 -200602
-727160 -571304
-393542 -855029
-11 -1008582
393515 -1008588
727132 -855047
950056 -571333
1028342 -200638
950071 200603
727158 571304
393540 855029
9 1008582
-393523 1008586
-727141 855045
-950060 571332
-1028345 200635
-950072 -200608
-727157 -571310
-393537 -855034
-4 -1008585
393529 -1008586
727146 -855042
950062 -571327
1028344 -200629
950069 200613
727153 571313
393533 855035
1 1008584
-393531 1008584
-727147 855039
-950062 571323
-1028343 200625
-950066 -200617
-727149 -571316
-393529 -855037
4 -1008586
393537 -1008585
727153 -855038
950067 -571320
1028346 -200621
950067 200621
727148 571320
393527 855040
-6 1008587
-393539 1008585
-727155 855038
-950068 571319
-1028346 200619
-950067 -200623
-727147 -571322
-393524 -855042
10 -1008588
393542 -1008584
727160 -855031
950073 -571312
1028347 -200616
950066 200627
727145 571326
393522 855045
-12 1008590
-393544 1008585
-727162 855031
-950075 571312
-1028349 200616
-950068 -200628
-727146 -571328
-393521 -855047
14 -1008592
393547 -1008587
727166 -855032
950079 -571311
1028352 -200613
950069 200632
727145 571332
393519 855051
-17 1008595
-393551 1008588
-727170 855031
-950082 571309
-1028354 200611
-950070 -200634
-727145 -571334
-393518 -855053
19 -1008597
393553 -1008590
727172 -855033
950084 -571310
1028355 -200610
950070 200636
727145 571336
393518 855055
-20 1008599
-393555 1008591
-727174 855032
-950086 571301
-1028357 200602
-950072 -200637
-727146 -571339
-393517 -855059
22 -1008602
393557 -1008593
727176 -855034
950089 -571303
1028361 -200603
950075 200638
727147 571341
393517 855061
-22 1008604
-393558 1008595
-727178 855036
-950091 571304
-1028363 200603
-950077 -200638
-727149 -571341
-393519 -855061
21 -1008605
393558 -1008597
727179 -855038
950093 -571306
1028365 -200604
950079 200638
727151 571342
393520 855064
-22 1008609
-393561 1008601
-727183 855041
-950097 571307
-1028369 200603
-950083 -200641
-727154 -571347
-393521 -855070
23 -1008615
393564 -1008606
727187 -855044
950101 -571308
1028370 -200595
950084 200649
727158 571347
393524 855071
-21 1008617
-393563 1008609
-727188 855048
-950104 571312
-1028374 200598
-950088 -200648
-727161 -571348
-393526 -855073
20 -1008620
393563 -1008613
727189 -855052
950106 -571316
1028377 -200602
950092 200645
727165 571347
393530 855074
-16 1008622
-393560 1008615
-727187 855054
-950105 571318
-1028377 200604
-950092 -200643
-727166 -571345
-393532 -855073
15 -1008623
393560 -1008617
727188 -855056
950107 -571320
1028379 -200605
950094 200643
727168 571345
393534 855073
-13 1008623
-393558 1008618
-727187 855059
-950108 571324
-1028382 200609
-950093 -200648
-727168 -571351
-393540 -855072
7 -1008624
393553 -1008621
727184 -855064
950107 -571330
1028383 -200615
950096 200642
727173 571346
393546 855069
-1 1008623
-393548 1008622
-727180 855066
-950104 571333
-1028382 200619
-950097 -200638
-727175 -571343
-393548 -855068
-1 -1008624
393546 -1008625
727179 -855071
950105 -571339
1028385 -200625
950101 200633
727180 571339
393554 855065
7 1008623
-393541 1008626
-727176 855073
-950104 571341
-1028386 200627
-950104 -200631
-727184 -571338
-393558 -855066
-10 -1008626
393540 -1008630
727177 -855077
950106 -571345
1028388 -200631
950106 200627
727178 571341
393553 855068
15 1008621
-393533 1008627
-727169 855077
-950099 571348
-1028384 200636
-950106 -200621
-727181 -571336
-393557 -855065
-19 -1008619
393529 -1008626
727165 -855078
950096 -571351
1028382 -200640
950104 200617
727180 571331
393558 855059
22 1008614
-393525 1008623
-727161 855077
-950092 571352
-1028379 200643
-950104 -200612
-727183 -571326
-393562 -855056
-26 -1008613
393521 -1008624
727158 -855079
950091 -571354
1028380 -200645
950106 200611
727185 571326
393564 855056
28 1008613
-393519 1008624
-727156 855080
-950089 571357
-1028378 200649
-950105 -200606
-727186 -571320
-393558 -855055
-23 -1008613
393515 -1008621
727152 -855079
950085 -571357
1028375 -200650
950103 200604
727185 571318
393559 855053
25 1008611
-393512 1008619
-727148 855077
-950081 571356
-1028371 200651
-950100 -200601
-727184 -571313
-393560 -855047
-28 -1008605
393508 -1008614
727143 -855074
950075 -571355
1028365 -200652
950095 200598
727181 571308
393559 855041
29 1008599
-393504 1008608
-727137 855069
-950069 571353
-1028360 200653
-950091 -200595
-727178 -571304
-393558 -855036
-30 -1008593
393502 -1008603
727134 -855066
950065 -571351
1028356 -200652
950088 200594
727176 571301
393557 855032
22 1008591
-393510 1008601
-727133 855062
-950063 571348
-1028353 200650
-950083 -200596
-727170 -571302
-393551 -855031
-17 -1008588
393512 -1008596
727132 -855056
950059 -571342
1028347 -200645
950077 200598
727165 571301
393548 855028
16 1008583
-393511 1008590
-727129 855050
-950055 571337
-1028342 200642
-950071 -200599
-727159 -571300
-393543 -855025
-13 -1008579
393512 -1008586
727128 -855046
950052 -571333
1028338 -200639
950067 200601
727155 571301
393539 855024
10 1008576
-393514 1008582
-727129 855042
-950051 571329
-1028335 200635
-950063 -200604
-727151 -571302
-393536 -855023
-9 -1008573
393519 -1008576
727133 -855036
950049 -571326
1028333 -200634
950061 200603
727150 571300
393536 855021
9 1008571
-393519 1008574
-727133 855034
-950048 571324
-1028331 200632
-950059 -200605
-727148 -571301
-393534 -855021
-7 -1008571
393521 -1008574
727135 -855034
950050 -571323
1028332 -200630
950058 200607
727145 571303
393530 855022
4 1008570
-393522 1008571
-727134 855030
-950048 571320
-1028330 200628
-950056 -200609
-727143 -571305
-393528 -855024
-1 -1008572
393526 -1008572
727137 -855029
950049 -571317
1028329 -200624
950054 200612
727141 571306
393526 855023
0 1008570
-393526 1008570
-727141 855023
-950054 571312
-1028331 200624
-950055 -200613
-727140 -571308
-393524 -855025
2 -1008571
393528 -1008570
727143 -855022
950055 -571310
1028331 -200622
950055 200615
727140 571310
393523 855027
-5 1008573
-393532 1008571
-727146 855021
-950057 571308
-1028332 200619
-950054 -200619
-727137 -571314
-393519 -855030
9 -1008574
393536 -1008571
727150 -855021
950061 -571307
1028336 -200617
950058 200621
727141 571317
393522 855035
-8 1008580
-393537 1008577
-727153 855026
-950065 571310
-1028340 200618
-950061 -200622
-727142 -571319
-393521 -855037
10 -1008582
393539 -1008578
727155 -855026
950067 -571303
1028342 -200611
950063 200623
727144 571321
393523 855039
-9 1008584
-393539 1008580
-727156 855028
-950070 571305
-1028346 200613
-950067 -200621
-727148 -571320
-393527 -855040
6 -1008587
393539 -1008585
727158 -855033
950072 -571308
1028348 -200614
950069 200622
727149 571323
393526 855044
-8 1008591
-393541 1008588
-727161 855035
-950076 571309
-1028352 200613
-950072 -200624
-727151 -571325
-393527 -855047
9 -1008595
393544 -1008592
727165 -855038
950080 -571311
1028356 -200615
950076 200623
727154 571326
393529 855049
-8 1008597
-393544 1008594
-727165 855040
-950081 571313
-1028355 200608
-950075 -200631
-727156 -571326
-393531 -855049
6 -1008598
393543 -1008596
727166 -855042
950083 -571314
1028357 -200608
950077 200631
727158 571327
393532 855052
-7 1008602
-393545 1008600
-727169 855046
-950087 571317
-1028361 200609
-950081 -200632
-727161 -571329
-393533 -855054
7 -1008604
393546 -1008602
727171 -855047
950089 -571317
1028363 -200609
950083 200632
727163 571330
393535 855057
-6 1008608
-393547 1008606
-727173 855051
-950092 571321
-1028367 200612
-950087 -200631
-727167 -571331
-393538 -855059
4 -1008610
393545 -1008608
727172 -855053
950092 -571323
1028368 -200614
950083 200637
727163 571336
393541 855056
0 1008609
-393541 1008609
-727169 855056
-950091 571327
-1028368 200618
-950084 -200633
-727166 -571332
-393545 -855053
-4 -1008608
393538 -1008610
727167 -855059
950090 -571331
1028369 -200622
950086 200630
727168 571331
393547 855053
6 1008608
-393536 1008610
-727165 855059
-950088 571332
-1028368 200624
-950087 -200628
-727170 -571329
-393549 -855051
-8 -1008607
393534 -1008610
727163 -855059
950086 -571332
1028366 -200625
950086 200625
727163 571332
393544 855054
12 1008603
-393529 1008607
-727158 855059
-950083 571335
-1028365 200629
-950086 -200621
-727163 -571328
-393544 -855050
-13 -1008599
393527 -1008604
727155 -855057
950079 -571334
1028361 -200630
950083 200618
727163 571323
393548 855044
20 1008595
-393519 1008603
-727148 855059
-950074 571339
-1028359 200637
-950085 -200610
-727168 -571316
-393554 -855040
-26 -1008594
393513 -1008604
727143 -855062
950071 -571344
1028358 -200643
950086 200604
727171 571311
393559 855036
32 1008591
-393508 1008604
-727140 855065
-950070 571348
-1028359 200647
-950088 -200601
-727173 -571309
-393552 -855039
-24 -1008594
393507 -1008602
727137 -855063
950066 -571347
1028355 -200648
950085 200598
727172 571305
393553 855035
27 1008591
-393503 1008600
-727133 855062
-950063 571348
-1028353 200650
-950083 -200596
-727170 -571302
-393551 -855031
-26 -1008586
393502 -1008594
727130 -855056
950058 -571343
1028347 -200647
950078 200596
727167 571299
393550 855027
27 1008582
-393499 1008591
-727126 855055
-950054 571343
-1028343 200648
-950074 -200594
-727164 -571297
-393549 -855024
-28 -1008578
393497 -1008587
727123 -855051
950049 -571340
1028337 -200647
950069 200593
727160 571294
393546 855019
18 1008573
-393506 1008581
-727122 855043
-950046 571332
-1028332 200640
-950062 -200597
-727153 -571294
-393541 -855016
-15 -1008569
393507 -1008577
727121 -855039
950044 -571329
1028330 -200639
950060 200597
727151 571294
393539 855016
14 1008568
-393506 1008575
-727119 855038
-950042 571329
-1028328 200639
-950058 -200597
-727149 -571293
-393538 -855013
-14 -1008564
393506 -1008571
727118 -855034
950039 -571326
1028324 -200638
950055 200596
727148 571291
393538 855011
15 1008562
-393503 1008569
-727114 855032
-950035 571324
-1028320 200637
-950051 -200595
-727144 -571288
-393535 -855007
-13 -1008558
393511 -1008563
727121 -855026
950034 -571320
1028318 -200633
950048 200599
727140 571291
393531 855008
10 1008557
-393513 1008561
-727123 855024
-950036 571318
-1028319 200631
-950048 -200601
-727140 -571293
-393530 -855010
-7 -1008559
393517 -1008562
727127 -855023
950039 -571315
1028320 -200626
950047 200607
727136 571299
393524 855015
1 1008562
-393523 1008563
-727132 855022
-950042 571312
-1028321 200622
-950046 -200611
-727134 -571303
-393521 -855018
3 -1008563
393526 -1008562
727133 -855019
950041 -571308
1028318 -200618
950042 200614
727130 571304
393518 855017
-4 1008560
-393526 1008558
-727137 855011
-950046 571302
-1028320 200618
-950044 -200614
-727132 -571304
-393519 -855018
5 -1008562
393528 -1008560
727139 -855013
950048 -571303
1028322 -200617
950045 200617
727131 571308
393517 855021
-7 1008564
-393530 1008561
-727141 855012
-950050 571301
-1028324 200615
-950046 -200619
-727130 -571310
-393515 -855023
9 -1008566
393532 -1008563
727143 -855014
950052 -571302
1028326 -200615
950048 200619
727132 571311
393516 855025
-10 1008568
-393535 1008565
-727147 855015
-950056 571302
-1028329 200614
-950050 -200622
-727133 -571315
-393515 -855029
12 -1008571
393537 -1008566
727149 -855015
950058 -571295
1028331 -200607
950052 200622
727135 571315
393517 855030
-11 1008574
-393537 1008570
-727150 855019
-950061 571298
-1028335 200608
-950055 -200623
-727137 -571318
-393518 -855034
12 -1008578
393540 -1008574
727154 -855022
950065 -571299
1028339 -200608
950059 200624
727140 571321
393519 855039
-13 1008584
-393543 1008579
-727159 855025
-950071 571300
-1028345 200607
-950064 -200627
-727143 -571325
-393520 -855043
14 -1008588
393546 -1008583
727163 -855028
950075 -571301
1028348 -200606
950066 200629
727144 571328
393519 855047
-16 1008591
-393548 1008585
-727166 855030
-950079 571303
-1028349 200599
-950067 -200637
-727148 -571329
-393523 -855050
13 -1008596
393547 -1008591
727167 -855036
950082 -571308
1028354 -200602
950073 200636
727153 571330
393526 855053
-12 1008600
-393548 1008595
-727169 855039
-950084 571310
-1028356 200604
-950075 -200635
-727155 -571330
-393528 -855053
10 -1008601
393547 -1008597
727169 -855041
950084 -571312
1028356 -200606
950075 200633
727156 571328
393530 855051
-8 1008599
-393545 1008596
-727168 855042
-950085 571314
-1028359 200608
-950079 -200631
-727160 -571327
-393534 -855052
5 -1008602
393543 -1008600
727167 -855046
950086 -571318
1028361 -200611
950075 200638
727156 571334
393536 855051
-3 1008602
-393542 1008601
-727167 855048
-950086 571320
-1028362 200613
-950078 -200636
-727160 -571333
-393540 -855051
-1 -1008603
393538 -1008603
727164 -855051
950085 -571324
1028362 -200617
950078 200632
727161 571329
393542 855048
3 1008601
-393536 1008602
-727162 855051
-950083 571325
-1028361 200620
-950079 -200628
-727163 -571326
-393545 -855046
-7 -1008600
393532 -1008602
727158 -855052
950080 -571327
1028360 -200622
950080 200626
727165 571324
393547 855045
9 1008601
-393531 1008605
-727159 855056
-950082 571331
-1028362 200626
-950082 -200622
-727160 -571327
-393543 -855048
-14 -1008597
393525 -1008602
727153 -855055
950077 -571332
1028359 -200628
950081 200620
727160 571325
393543 855046
14 1008595
-393524 1008600
-727151 855054
-950075 571333
-1028358 200631
-950082 -200616
-727163 -571321
-393548 -855042
-20 -1008593
393519 -1008601
727148 -855057
950074 -571337
1028358 -200635
950082 200612
727164 571317
393550 855039
22 1008591
-393517 1008600
-727146 855057
-950072 571337
-1028356 200635
-950080 -200612
-727162 -571317
-393549 -855038
-23 -1008589
393514 -1008598
727142 -855056
950068 -571338
1028353 -200638
950080 200607
727165 571311
393544 855038
17 1008591
-393512 1008596
-727139 855054
-950064 571337
-1028350 200639
-950078 -200605
-727163 -571309
-393543 -855035
-18 -1008587
393509 -1008593
727135 -855053
950061 -571338
1028348 -200641
950077 200602
727164 571305
393545 855032
20 1008585
-393507 1008591
-727133 855051
-950058 571336
-1028344 200640
-950073 -200602
-727160 -571304
-393542 -855029
-19 -1008581
393506 -1008587
727131 -855048
950056 -571335
1028342 -200640
950071 200601
727159 571302
393543 855027
22 1008579
-393502 1008586
-727127 855048
-950052 571335
-1028338 200641
-950067 -200599
-727156 -571299
-393541 -855023
-12 -1008576
393512 -1008582
727127 -855042
950050 -571330
1028336 -200637
950065 200602
727153 571301
393537 855024
8 1008575
-393515 1008579
-727129 855038
-950050 571325
-1028333 200632
-950061 -200605
-727149 -571302
-393534 -855023
-7 -1008573
393514 -1008577
727126 -855036
950046 -571324
1028329 -200633
950057 200603
727146 571299
393533 855019
8 1008569
-393512 1008574
-727124 855034
-950044 571322
-1028327 200631
-950055 -200604
-727144 -571299
-393531 -855018
-6 -1008567
393513 -1008571
727123 -855030
950042 -571319
1028324 -200629
950051 200605
727140 571298
393528 855015
5 1008562
-393519 1008564
-727129 855025
-950041 571317
-1028322 200628
-950049 -200605
-727139 -571297
-393528 -855013
-5 -1008560
393519 -1008562
727129 -855023
950041 -571315
1028322 -200626
950049 200607
727138 571299
393526 855015
3 1008562
-393521 1008563
-727130 855022
-950040 571313
-1028320 200624
-950046 -200609
-727134 -571301
-393522 -855016
1 -1008561
393524 -1008560
727131 -855018
950040 -571309
1028319 -200620
950044 200612
727132 571302
393520 855016
-3 1008561
-393526 1008560
-727133 855017
-950041 571306
-1028318 200616
-950041 -200616
-727127 -571306
-393513 -855019
10 -1008561
393531 -1008557
727140 -855008
950047 -571297
1028319 -200612
950040 200620
727125 571309
393511 855020
-12 1008561
-393533 1008557
-727142 855008
-950049 571297
-1028321 200611
-950042 -200622
-727126 -571312
-393511 -855024
13 -1008565
393536 -1008560
727146 -855009
950053 -571296
1028324 -200609
950043 200625
727125 571316
393508 855028
-17 1008568
-393540 1008561
-727150 855008
-950056 571293
-1028325 200604
-950042 -200631
-727123 -571321
-393505 -855032
22 -1008571
393546 -1008562
727155 -855007
950060 -571284
1028329 -200595
950046 200633
727126 571324
393506 855036
-22 1008575
-393546 1008566
-727156 855011
-950062 571287
-1028331 200597
-950048 -200632
-727128 -571324
-393508 -855036
21 -1008576
393547 -1008568
727158 -855013
950065 -571289
1028335 -200598
950051 200633
727129 571327
393507 855040
-23 1008579
-393549 1008570
-727160 855014
-950067 571289
-1028337 200598
-950053 -200633
-727131 -571327
-393509 -855041
22 -1008582
393550 -1008574
727163 -855018
950071 -571292
1028341 -200599
950057 200634
727134 571330
393510 855045
-23 1008586
-393552 1008577
-727165 855019
-950073 571291
-1028340 200589
-950056 -200643
-727136 -571330
-393512 -855045
21 -1008586
393551 -1008578
727166 -855021
950075 -571293
1028342 -200590
950058 200644
727137 571333
393511 855049
-24 1008590
-393555 1008581
-727170 855023
-950079 571294
-1028346 200590
-950062 -200644
-727141 -571333
-393515 -855050
20 -1008592
393552 -1008584
727169 -855027
950080 -571298
1028348 -200593
950064 200643
727143 571334
393516 855053
-21 1008596
-393554 1008587
-727171 855029
-950082 571300
-1028351 200595
-950068 -200641
-727147 -571333
-393520 -855053
17 -1008597
393551 -1008590
727170 -855033
950083 -571304
1028353 -200598
950064 200648
727143 571340
393522 855052
-16 1008598
-393551 1008592
-727170 855035
-950083 571306
-1028353 200600
-950064 -200646
-727143 -571338
-393523 -855050
13 -1008596
393547 -1008591
727167 -855036
950082 -571308
1028354 -200602
950067 200644
727147 571337
393526 855051
-12 1008598
-393548 1008593
-727169 855037
-950084 571308
-1028356 200602
-950069 -200644
-727149 -571337
-393528 -855051
10 -1008599
393546 -1008595
727167 -855040
950082 -571312
1028354 -200606
950067 200640
727148 571333
393529 855047
-7 1008595
-393542 1008592
-727163 855039
-950079 571313
-1028353 200609
-950068 -200636
-727143 -571336
-393525 -855050
3 -1008592
393538 -1008591
727159 -855039
950075 -571314
1028350 -200612
950067 200632
727143 571332
393526 855046
0 1008588
-393533 1008588
-727154 855039
-950072 571317
-1028349 200616
-950068 -200628
-727146 -571328
-393530 -855043
-4 -1008587
393529 -1008588
727150 -855039
950068 -571317
1028345 -200617
950064 200625
727143 571323
393530 855037
7 1008581
-393525 1008583
-727145 855036
-950062 571317
-1028340 200620
-950062 -200620
-727145 -571317
-393535 -855031
-14 -1008577
393517 -1008583
727139 -855040
950060 -571323
1028341 -200626
950064 200615
727147 571314
393528 855034
6 1008580
-393517 1008581
-727138 855038
-950058 571322
-1028339 200626
-950063 -200614
-727147 -571312
-393528 -855032
-6 -1008578
393516 -1008579
727136 -855036
950055 -571320
1028335 -200625
950059 200613
727144 571309
393527 855028
7 1008574
-393513 1008575
-727131 855033
-950049 571319
-1028330 200626
-950056 -200611
-727142 -571307
-393526 -855025
-8 -1008570
393511 -1008572
727129 -855031
950047 -571318
1028328 -200627
950054 200608
727142 571302
393529 855020
12 1008567
-393507 1008570
-727125 855030
-950043 571318
-1028324 200627
-950051 -200607
-727140 -571300
-393527 -855017
-3 -1008564
393514 -1008567
727122 -855026
950039 -571315
1028320 -200626
950047 200607
727136 571299
393524 855015
1 1008562
-393516 1008564
-727124 855022
-950040 571311
-1028319 200622
-950044 -200610
-727132 -571300
-393520 -855014
2 -1008559
393517 -1008560
727123 -855018
950037 -571307
1028315 -200619
950040 200611
727128 571300
393516 855013
-5 1008556
-393518 1008556
-727122 855014
-950035 571304
-1028312 200617
-950036 -200613
-727124 -571301
-393513 -855012
7 -1008554
393519 -1008553
727121 -855010
950032 -571300
1028308 -200614
950032 200614
727121 571300
393511 855010
-8 1008551
-393526 1008548
-727129 855006
-950034 571298
-1028310 200612
-950034 -200616
-727122 -571302
-393511 -855012
9 -1008553
393528 -1008549
727131 -855005
950035 -571295
1028309 -200608
950031 200620
727118 571306
393506 855015
-15 1008554
-393533 1008548
-727134 855003
-950037 571293
-1028310 200605
-950030 -200624
-727115 -571309
-393502 -855016
18 -1008553
393535 -1008546
727136 -855000
950037 -571288
1028307 -200600
950026 200627
727111 571310
393498 855016
-22 1008552
-393538 1008543
-727137 854996
-950037 571284
-1028306 200596
-950023 -200631
-727106 -571314
-393492 -855018
27 -1008551
393541 -1008540
727142 -854987
950041 -571276
1028306 -200594
950022 200633
727104 571315
393490 855018
-29 1008551
-393543 1008540
-727144 854987
-950043 571275
-1028307 200591
-950022 -200637
-727104 -571319
-393490 -855022
30 -1008555
393546 -1008543
727148 -854988
950046 -571274
1028309 -200589
950023 200639
727103 571321
393487 855024
-34 1008556
-393550 1008543
-727151 854987
-950048 571272
-1028311 200587
-950024 -200642
-727103 -571325
-393487 -855028
35 -1008560
393552 -1008546
727154 -854989
950052 -571273
1028314 -200586
950026 200644
727104 571328
393486 855032
-38 1008564
-393556 1008549
-727158 854990
-950056 571266
-1028318 200579
-950030 -200645
-727107 -571330
-393487 -855034
38 -1008566
393557 -1008551
727160 -854991
950058 -571265
1028319 -200576
950029 200649
727105 571334
393485 855038
-41 1008569
-393561 1008553
-727164 854993
-950062 571267
-1028324 200578
-950035 -200648
-727110 -571335
-393488 -855040
39 -1008572
393560 -1008557
727165 -854997
950065 -571270
1028328 -200579
950039 200649
727113 571338
393489 855045
-40 1008578
-393563 1008563
-727170 855002
-950071 571273
-1028334 200580
-950044 -200650
-727117 -571341
-393492 -855050
40 -1008584
393566 -1008568
727174 -855005
950075 -571274
1028334 -200571
950043 200659
727119 571341
393494 855050
-38 1008585
-393565 1008571
-727175 855009
-950078 571278
-1028339 200574
-950049 -200658
-727124 -571342
-393497 -855053
37 -1008589
393565 -1008575
727176 -855013
950080 -571281
1028341 -200576
950051 200657
727126 571343
393499 855055
-35 1008591
-393564 1008577
-727176 855015
-950081 571283
-1028343 200578
-950054 -200655
-727130 -571341
-393503 -855054
32 -1008592
393562 -1008579
727175 -855018
950081 -571287
1028344 -200582
950056 200652
727132 571340
393505 855054
-30 1008592
-393561 1008580
-727175 855020
-950082 571289
-1028346 200583
-950052 -200660
-727128 -571347
-393507 -855053
28 -1008593
393559 -1008582
727174 -855022
950082 -571291
1028347 -200585
950054 200658
727130 571346
393509 855053
-26 1008593
-393557 1008583
-727172 855024
-950081 571294
-1028347 200589
-950055 -200654
-727133 -571342
-393513 -855050
22 -1008592
393553 -1008583
727168 -855025
950078 -571297
1028347 -200594
950058 200649
727137 571339
393517 855049
-18 1008593
-393550 1008586
-727167 855029
-950079 571301
-1028349 200597
-950060 -200647
-727140 -571337
-393521 -855047
14 -1008592
393547 -1008587
727166 -855032
950079 -571305
1028350 -200601
950063 200643
727136 571341
393517 855053
-10 1008592
-393543 1008588
-727163 855035
-950078 571309
-1028350 200605
-950064 -200639
-727139 -571337
-393522 -855049
4 -1008590
393537 -1008589
727157 -855038
950073 -571314
1028348 -200612
950065 200631
727142 571329
393527 855042
2 1008585
-393531 1008586
-727151 855037
-950068 571315
-1028345 200615
-950064 -200627
-727143 -571325
-393529 -855039
-5 -1008583
393527 -1008585
727148 -855038
950066 -571318
1028344 -200619
950065 200623
727145 571322
393532 855037
9 1008582
-393523 1008586
-727145 855041
-950065 571322
-1028344 200623
-950066 -200619
-727148 -571318
-393527 -855038
-3 -1008584
393521 -1008584
727142 -855039
950061 -571321
1028341 -200624
950064 200617
727147 571316
393527 855036
4 1008582
-393519 1008582
-727140 855037
-950059 571319
-1028338 200622
-950060 -200618
-727143 -571315
-393524 -855033
-3 -1008577
393517 -1008576
727135 -855032
950053 -571317
1028333 -200623
950057 200615
727142 571311
393525 855029
5 1008574
-393515 1008575
-727133 855033
-950051 571319
-1028332 200626
-950058 -200611
-727144 -571307
-393527 -855026
1 -1008574
393522 -1008576
727133 -855033
950051 -571319
1028332 -200626
950058 200611
727144 571307
393527 855026
-1 1008574
-393522 1008576
-727133 855033
-950051 571319
-1028332 200626
-950058 -200611
-727144 -571307
-393527 -855026
1 -1008574
393522 -1008576
727133 -855033
950051 -571319
1028332 -200626
950058 200611
727144 571307
393527 855026
-1 1008574
-393522 1008576
-727133 855033
-950051 571319
-1028332 200626
-950058 -200611
-727144 -571307
-393527 -855026
1 -1008574
393522 -1008576
727133 -855033
950051 -571319
1028332 -200626
950058 200611
727144 571307
393527 855026
-1 1008574
-393529 1008574
-727141 855030
-950053 571317
-1028333 200623
-950057 -200615
-727142 -571311
-393525 -855029
3 -1008575
393531 -1008574
727143 -855030
950054 -571316
1028332 -200621
950054 200617
727138 571312
393521 855029
-7 1008574
-393534 1008571
-727144 855025
-950053 571310
-1028330 200616
-950052 -200620
-727136 -571313
-393519 -855028
8 -1008572
393533 -1008569
727142 -855024
950052 -571311
1028330 -200618
950052 200618
727136 571311
393520 855026
-6 1008570
-393531 1008567
-727140 855022
-950049 571309
-1028326 200617
-950049 -200617
-727134 -571309
-393518 -855024
8 -1008568
393533 -1008565
727145 -855015
950054 -571302
1028327 -200614
950048 200621
727132 571313
393516 855027
-10 1008570
-393535 1008567
-727148 855017
-950058 571303
-1028331 200613
-950051 -200624
-727133 -571317
-393515 -855031
12 -1008573
393537 -1008568
727150 -855017
950060 -571303
1028333 -200613
950053 200625
727135 571319
393516 855034
-13 1008577
-393540 1008572
-727154 855020
-950064 571304
-1028336 200612
-950054 -200627
-727134 -571321
-393514 -855035
15 -1008577
393541 -1008571
727154 -855018
950063 -571302
1028334 -200611
950052 200627
727132 571321
393512 855035
-17 1008576
-393543 1008569
-727155 855015
-950063 571291
-1028334 200600
-950052 -200631
-727131 -571325
-393509 -855039
22 -1008580
393549 -1008572
727161 -855016
950069 -571290
1028339 -200597
950055 200635
727133 571329
393511 855043
-20 1008584
-393548 1008576
-727162 855020
-950071 571294
-1028342 200601
-950059 -200632
-727137 -571328
-393514 -855044
19 -1008586
393549 -1008578
727164 -855022
950073 -571295
1028344 -200601
950061 200633
727138 571331
393513 855048
-22 1008590
-393553 1008581
-727168 855023
-950077 571295
-1028347 200600
-950062 -200635
-727137 -571333
-393511 -855049
24 -1008590
393555 -1008581
727170 -855023
950079 -571294
1028346 -200590
950062 200644
727141 571333
393515 855050
-20 1008592
-393552 1008584
-727169 855027
-950080 571298
-1028348 200593
-950064 -200643
-727143 -571334
-393516 -855053
21 -1008596
393554 -1008587
727171 -855029
950082 -571300
1028351 -200595
950068 200641
727147 571333
393520 855053
-17 1008597
-393551 1008590
-727170 855033
-950083 571304
-1028353 200598
-950070 -200640
-727149 -571333
-393522 -855054
16 -1008600
393552 -1008594
727173 -855037
950087 -571307
1028357 -200600
950074 200639
727153 571334
393525 855057
-15 1008604
-393553 1008598
-727175 855040
-950090 571309
-1028361 200601
-950072 -200647
-727150 -571342
-393527 -855057
13 -1008604
393551 -1008599
727174 -855043
950090 -571313
1028362 -200605
950074 200644
727153 571340
393531 855056
-9 1008605
-393547 1008601
-727170 855045
-950087 571315
-1028360 200607
-950073 -200641
-727153 -571336
-393532 -855052
7 -1008602
393545 -1008600
727169 -855046
950087 -571317
1028361 -200609
950075 200640
727155 571336
393534 855052
-5 1008602
-393543 1008600
-727167 855046
-950086 571318
-1028361 200611
-950075 -200638
-727156 -571334
-393536 -855051
3 -1008602
393542 -1008601
727167 -855048
950086 -571320
1028362 -200613
950078 200636
727151 571340
393530 855057
-1 1008601
-393540 1008601
-727165 855049
-950084 571322
-1028360 200616
-950076 -200632
-727151 -571335
-393532 -855052
-2 -1008597
393535 -1008598
727159 -855048
950079 -571323
1028357 -200618
950075 200629
727151 571331
393533 855048
5 1008593
-393531 1008594
-727155 855045
-950075 571322
-1028353 200619
-950072 -200626
-727150 -571327
-393534 -855044
-7 -1008590
393529 -1008593
727153 -855045
950073 -571323
1028352 -200622
950073 200622
727153 571323
393538 855041
11 1008589
-393525 1008594
-727150 855048
-950072 571327
-1028353 200626
-950075 -200619
-727155 -571322
-393531 -855045
-4 -1008592
393523 -1008592
727147 -855046
950068 -571326
1028349 -200626
950072 200618
727154 571319
393532 855041
6 1008588
-393520 1008588
-727143 855043
-950064 571325
-1028345 200627
-950068 -200615
-727151 -571315
-393531 -855037
-7 -1008584
393517 -1008585
727139 -855042
950060 -571325
1028342 -200628
950067 200613
727151 571313
393531 855035
8 1008582
-393515 1008583
-727137 855040
-950058 571324
-1028340 200628
-950065 -200613
-727149 -571312
-393530 -855033
-8 -1008580
393515 -1008581
727136 -855038
950056 -571322
1028338 -200627
950063 200612
727148 571310
393530 855031
0 1008580
-393523 1008582
-727136 855038
-950056 571322
-1028338 200627
-950063 -200612
-727148 -571310
-393530 -855031
0 -1008580
393523 -1008582
727136 -855038
950056 -571322
1028338 -200627
950063 200612
727148 571310
393530 855031
0 1008580
-393523 1008582
-727136 855038
-950056 571322
-1028338 200627
-950063 -200612
-727148 -571310
-393530 -855031
0 -1008580
393523 -1008582
727136 -855038
950056 -571322
1028338 -200627
950063 200612
727148 571310
393530 855031
0 1008580
-393523 1008582
-727136 855038
-950056 571322
-1028338 200627
-950063 -200612
-727148 -571310
-393530 -855031
0 -1008580
393530 -1008580
727145 -855036
950059 -571321
1028339 -200624
950062 200616
727145 571313
393526 855032
-4 1008579
-393533 1008577
-727145 855031
-950056 571316
-1028334 200621
-950056 -200617
-727140 -571312
-393523 -855029
5 -1008575
393532 -1008573
727143 -855028
950054 -571314
1028332 -200619
950054 200619
727137 571314
393519 855030
-9 1008574
-393536 1008571
-727146 855025
-950055 571310
-1028331 200615
-950052 -200622
-727135 -571315
-393517 -855030
11 -1008574
393537 -1008570
727146 -855023
950055 -571308
1028331 -200613
950051 200624
727133 571317
393515 855031
-12 1008573
-393537 1008568
-727150 855017
-950060 571303
-1028333 200613
-950053 -200625
-727135 -571319
-393516 -855034
13 -1008577
393540 -1008572
727154 -855020
950064 -571304
1028336 -200612
950054 200627
727134 571321
393514 855035
-15 1008577
-393541 1008571
-727154 855018
-950063 571302
-1028334 200611
-950052 -200627
-727132 -571321
-393512 -855035
17 -1008576
393543 -1008569
727155 -855015
950063 -571298
1028334 -200607
950052 200631
727131 571325
393509 855039
-22 1008580
-393549 1008572
-727161 855016
-950068 571297
-1028337 200604
-950053 -200635
-727131 -571329
-393509 -855043
22 -1008584
393550 -1008576
727164 -855020
950073 -571293
1028343 -200599
950059 200634
727136 571330
393512 855045
-21 1008586
-393551 1008578
-727166 855021
-950075 571293
-1028345 200598
-950060 -200637
-727135 -571334
-393509 -855049
25 -1008589
393555 -1008579
727170 -855021
950079 -571292
1028348 -200595
950061 200641
727135 571338
393509 855053
-26 1008593
-393557 1008583
-727172 855024
-950081 571294
-1028350 200597
-950064 -200639
-727139 -571337
-393512 -855054
25 -1008596
393558 -1008587
727175 -855028
950085 -571297
1028354 -200598
950067 200640
727140 571339
393512 855056
-25 1008598
-393559 1008589
-727177 855030
-950088 571299
-1028356 200592
-950071 -200646
-727148 -571339
-393519 -855059
20 -1008603
393556 -1008595
727176 -855036
950089 -571305
1028359 -200597
950075 200643
727152 571338
393523 855060
-17 1008606
-393555 1008600
-727177 855042
-950092 571310
-1028363 200600
-950079 -200642
-727155 -571339
-393524 -855063
18 -1008610
393557 -1008603
727180 -855044
950096 -571312
1028367 -200602
950083 200641
727159 571339
393528 855063
-14 1008610
-393554 1008604
-727178 855046
-950094 571314
-1028366 200604
-950084 -200639
-727161 -571338
-393530 -855064
13 -1008613
393555 -1008608
727181 -855050
950099 -571317
1028372 -200605
950083 200648
727159 571348
393533 855067
-11 1008617
-393554 1008613
-727182 855056
-950102 571323
-1028376 200610
-950088 -200644
-727165 -571345
-393539 -855066
6 -1008618
393550 -1008615
727179 -855058
950100 -571325
1028375 -200612
950088 200642
727165 571343
393539 855064
-5 1008616
-393548 1008614
-727177 855059
-950099 571328
-1028376 200616
-950091 -200639
-727170 -571341
-393545 -855063
0 -1008617
393545 -1008617
727176 -855063
950100 -571332
1028378 -200620
950093 200635
727164 571345
393539 855068
2 1008616
-393543 1008617
-727174 855063
-950098 571332
-1028376 200620
-950091 -200635
-727162 -571344
-393538 -855065
-3 -1008612
393540 -1008613
727169 -855060
950092 -571331
1028371 -200622
950088 200630
727161 571338
393539 855059
6 1008606
-393535 1008608
-727163 855057
-950086 571330
-1028366 200623
-950085 -200627
-727161 -571333
-393542 -855054
-10 -1008603
393531 -1008607
727159 -855058
950083 -571333
1028364 -200627
950084 200623
727161 571329
393542 855050
11 1008599
-393529 1008603
-727157 855055
-950080 571331
-1028360 200626
-950080 -200622
-727158 -571327
-393532 -855052
-2 -1008600
393528 -1008599
727154 -855051
950076 -571328
1028356 -200625
950077 200621
727157 571324
393533 855048
5 1008596
-393523 1008596
-727148 855050
-950070 571329
-1028351 200628
-950074 -200616
-727156 -571318
-393534 -855042
-8 -1008591
393519 -1008593
727144 -855049
950067 -571330
1028350 -200630
950074 200614
727156 571316
393534 855040
8 1008589
-393519 1008591
-727144 855047
-950066 571328
-1028348 200629
-950072 -200614
-727155 -571315
-393535 -855038
-10 -1008587
393516 -1008589
727140 -855046
950063 -571329
1028346 -200631
950071 200612
727155 571313
393535 855036
2 1008587
-393525 1008590
-727141 855045
-950062 571327
-1028344 200629
-950069 -200613
-727153 -571313
-393533 -855035
-1 -1008584
393524 -1008586
727139 -855042
950060 -571325
1028342 -200628
950067 200613
727151 571313
393531 855035
-1 1008584
-393526 1008585
-727140 855039
-950059 571321
-1028339 200624
-950062 -200616
-727145 -571313
-393526 -855032
4 -1008579
393526 -1008579
727137 -855034
950055 -571318
1028335 -200623
950059 200615
727144 571311
393527 855030
-2 1008578
-393524 1008579
-727135 855034
-950053 571319
-1028333 200625
-950057 -200613
-727142 -571309
-393525 -855027
3 -1008573
393530 -1008572
727141 -855028
950052 -571315
1028331 -200622
950055 200615
727140 571310
393523 855027
-5 1008573
-393532 1008571
-727143 855026
-950054 571312
-1028332 200617
-950054 -200621
-727137 -571316
-393519 -855032
9 -1008576
393536 -1008573
727147 -855027
950057 -571311
1028333 -200615
950053 200623
727135 571317
393517 855032
-11 1008576
-393538 1008572
-727148 855025
-950057 571309
-1028333 200613
-950053 -200625
-727135 -571319
-393516 -855034
13 -1008577
393540 -1008572
727150 -855024
950058 -571307
1028332 -200611
950051 200626
727133 571319
393515 855033
-13 1008575
-393539 1008570
-727152 855018
-950061 571302
-1028332 200611
-950051 -200626
-727133 -571319
-393515 -855033
13 -1008575
393539 -1008570
727152 -855018
950061 -571302
1028332 -200611
950051 200626
727133 571319
393515 855033
-13 1008575
-393539 1008570
-727152 855018
-950061 571302
-1028332 200611
-950051 -200626
-727133 -571319
-393515 -855033
13 -1008575
393539 -1008570
727152 -855018
950061 -571302
1028332 -200611
950051 200626
727133 571319
393515 855033
-13 1008575
-393539 1008570
-727152 855018
-950061 571302
-1028332 200611
-950051 -200626
-727133 -571319
-393515 -855033
13 -1008575
393539 -1008570
727152 -855018
950062 -571296
1028335 -200606
950055 200625
727136 571320
393516 855036
-14 1008579
-393542 1008573
-727156 855019
-950066 571295
-1028338 200604
-950056 -200627
-727136 -571322
-393515 -855038
16 -1008581
393544 -1008575
727158 -855021
950068 -571297
1028340 -200605
950058 200628
727137 571324
393515 855040
-16 1008583
-393545 1008577
-727160 855023
-950070 571298
-1028342 200605
-950060 -200628
-727139 -571325
-393517 -855042
15 -1008585
393545 -1008579
727161 -855025
950073 -571300
1028346 -200606
950064 200629
727143 571327
393520 855045
-14 1008590
-393546 1008585
-727164 855030
-950077 571303
-1028348 200600
-950067 -200635
-727148 -571327
-393523 -855048
13 -1008594
393547 -1008589
727166 -855034
950080 -571307
1028352 -200603
950071 200634
727152 571327
393527 855049
-10 1008597
-393546 1008593
-727167 855038
-950082 571310
-1028354 200604
-950073 -200634
-727154 -571328
-393528 -855051
10 -1008599
393546 -1008595
727167 -855040
950082 -571312
1028354 -200606
950073 200632
727154 571326
393529 855049
-8 1008597
-393544 1008594
-727165 855040
-950081 571313
-1028355 200608
-950075 -200631
-727156 -571326
-393531 -855049
6 -1008598
393543 -1008596
727166 -855042
950083 -571314
1028357 -200608
950071 200639
727152 571334
393532 855050
-6 1008600
-393543 1008598
-727166 855044
-950083 571316
-1028357 200610
-950072 -200637
-727154 -571332
-393535 -855048
2 -1008598
393539 -1008597
727163 -855045
950082 -571319
1028358 -200614
950074 200633
727157 571328
393539 855045
2 1008597
-393535 1008598
-727159 855048
-950079 571323
-1028357 200618
-950075 -200629
-727159 -571325
-393541 -855043
-4 -1008595
393533 -1008596
727157 -855046
950077 -571322
1028355 -200619
950074 200627
727160 571323
393543 855042
6 1008596
-393531 1008598
-727156 855049
-950078 571326
-1028358 200622
-950078 -200626
-727155 -571330
-393537 -855049
-8 -1008596
393530 -1008599
727156 -855051
950078 -571328
1028358 -200624
950078 200624
727156 571328
393539 855047
10 1008595
-393528 1008599
-727154 855051
-950076 571328
-1028356 200625
-950077 -200621
-727157 -571324
-393542 -855043
-15 -1008591
393521 -1008596
727147 -855051
950071 -571331
1028354 -200630
950078 200615
727159 571319
393544 855040
17 1008590
-393520 1008597
-727147 855053
-950071 571333
-1028354 200632
-950078 -200613
-727160 -571317
-393547 -855038
-21 -1008589
393516 -1008598
727143 -855055
950068 -571336
1028353 -200636
950079 200609
727163 571313
393542 855039
16 1008590
-393511 1008594
-727137 855053
-950062 571337
-1028348 200639
-950076 -200604
-727162 -571307
-393543 -855033
-18 -1008585
393509 -1008591
727135 -855051
950060 -571336
1028346 -200639
950074 200604
727160 571306
393542 855031
19 1008583
-393507 1008589
-727133 855049
-950058 571334
-1028344 200638
-950072 -200604
-727158 -571306
-393540 -855031
-17 -1008582
393508 -1008587
727132 -855047
950056 -571333
1028342 -200638
950071 200603
727158 571304
393540 855029
18 1008580
-393506 1008585
-727130 855046
-950054 571333
-1028340 200639
-950069 -200601
-727157 -571301
-393541 -855025
-12 -1008578
393512 -1008584
727128 -855044
950052 -571331
1028338 -200637
950067 200603
727155 571303
393539 855026
10 1008578
-393514 1008584
-727130 855044
-950054 571331
-1028340 200637
-950069 -200603
-727157 -571303
-393541 -855027
-11 -1008580
393514 -1008586
727130 -855046
950054 -571333
1028340 -200639
950069 200601
727157 571301
393541 855025
12 1008578
-393512 1008584
-727128 855044
-950052 571331
-1028338 200637
-950067 -200603
-727155 -571303
-393539 -855026
-10 -1008578
393514 -1008584
727130 -855044
950054 -571331
1028340 -200637
950069 200603
727157 571303
393541 855027
11 1008580
-393521 1008584
-727138 855043
-950056 571331
-1028341 200636
-950068 -200605
-727154 -571305
-393537 -855028
-8 -1008579
393523 -1008582
727140 -855041
950057 -571328
1028340 -200632
950066 200609
727152 571309
393534 855031
3 1008581
-393528 1008582
-727143 855038
-950058 571324
-1028340 200628
-950065 -200613
-727149 -571312
-393530 -855033
1 -1008582
393532 -1008582
727147 -855037
950061 -571321
1028341 -200624
950064 200617
727147 571316
393527 855036
-5 1008583
-393536 1008581
-727150 855035
-950063 571319
-1028342 200621
-950063 -200621
-727144 -571319
-393523 -855037
8 -1008582
393537 -1008579
727154 -855028
950067 -571312
1028342 -200619
950063 200623
727144 571321
393523 855039
-9 1008584
-393539 1008580
-727156 855028
-950069 571311
-1028343 200617
-950062 -200625
-727141 -571323
-393519 -855041
13 -1008586
393543 -1008581
727159 -855027
950071 -571309
1028345 -200615
950064 200627
727143 571325
393520 855043
-14 1008588
-393546 1008583
-727163 855028
-950074 571308
-1028346 200612
-950063 -200631
-727140 -571329
-393516 -855046
18 -1008589
393549 -1008582
727165 -855026
950076 -571299
1028348 -200604
950065 200631
727142 571329
393517 855047
-18 1008591
-393550 1008584
-727167 855027
-950078 571299
-1028350 200603
-950066 -200634
-727141 -571333
-393515 -855050
20 -1008592
393552 -1008584
727169 -855027
950080 -571298
1028351 -200601
950066 200636
727141 571335
393515 855052
-20 1008594
-393552 1008586
-727169 855029
-950080 571300
-1028352 200603
-950068 -200634
-727143 -571334
-393516 -855053
21 -1008596
393554 -1008587
727171 -855029
950082 -571300
1028354 -200603
950070 200634
727145 571334
393518 855053
-19 1008597
-393553 1008590
-727172 855033
-950085 571303
-1028355 200596
-950072 -200642
-727151 -571335
-393523 -855056
16 -1008602
393552 -1008596
727173 -855039
950088 -571309
1028359 -200601
950076 200639
727155 571334
393527 855057
-13 1008604
-393551 1008599
-727174 855043
-950090 571313
-1028362 200605
-950080 -200636
-727159 -571333
-393531 -855058
10 -1008607
393550 -1008603
727175 -855047
950093 -571316
1028366 -200606
950084 200637
727162 571336
393532 855062
-10 1008611
-393551 1008607
-727177 855050
-950095 571318
-1028368 200608
-950086 -200635
-727164 -571334
-393534 -855061
9 -1008612
393551 -1008609
727177 -855052
950096 -571320
1028370 -200609
950082 200643
727160 571342
393536 855061
-7 1008612
-393549 1008609
-727176 855053
-950096 571322
-1028371 200611
-950084 -200642
-727162 -571342
-393538 -855061
5 -1008612
393547 -1008610
727174 -855055
950094 -571324
1028370 -200614
950085 200638
727165 571338
393542 855058
-1 1008611
-393544 1008611
-727173 855057
-950095 571326
-1028372 200615
-950087 -200638
-727166 -571339
-393542 -855060
1 -1008613
393544 -1008613
727173 -855059
950095 -571328
1028372 -200617
950087 200636
727167 571337
393544 855059
1 1008613
-393542 1008613
-727171 855060
-950094 571331
-1028373 200621
-950090 -200632
-727163 -571340
-393540 -855062
-5 -1008610
393538 -1008612
727168 -855061
950092 -571333
1028372 -200624
950091 200628
727165 571337
393542 855060
7 1008609
-393536 1008612
-727166 855061
-950090 571333
-1028370 200624
-950089 -200628
-727164 -571336
-393543 -855058
-10 -1008607
393532 -1008611
727162 -855062
950087 -571336
1028368 -200628
950088 200624
727165 571332
393546 855054
14 1008604
-393528 1008610
-727159 855063
-950086 571339
-1028369 200632
-950090 -200620
-727167 -571329
-393548 -855053
-16 -1008604
393526 -1008610
727157 -855063
950084 -571339
1028368 -200633
950091 200618
727169 571327
393541 855056
8 1008608
-393526 1008610
-727157 855063
-950084 571339
-1028368 200633
-950091 -200618
-727169 -571327
-393541 -855056
-8 -1008608
393526 -1008610
727157 -855063
950084 -571339
1028368 -200633
950091 200618
727169 571327
393541 855056
8 1008608
-393526 1008610
-727157 855063
-950084 571339
-1028368 200633
-950091 -200618
-727169 -571327
-393541 -855056
-8 -1008608
393526 -1008610
727157 -855063
950084 -571339
1028368 -200633
950091 200618
727169 571327
393541 855056
8 1008608
-393526 1008610
-727157 855063
-950084 571339
-1028368 200633
-950091 -200618
-727169 -571327
-393541 -855056
0 -1008609
393534 -1008610
727156 -855061
950082 -571337
1028365 -200631
950087 200619
727166 571326
393539 855053
-2 1008605
-393536 1008606
-727157 855057
-950081 571333
-1028363 200628
-950084 -200621
-727162 -571327
-393535 -855053
5 -1008604
393537 -1008604
727157 -855055
950080 -571331
1028360 -200626
950080 200622
727158 571327
393532 855052
-7 1008602
-393538 1008601
-727156 855051
-950078 571328
-1028358 200624
-950078 -200624
-727156 -571328
-393530 -855051
8 -1008599
393538 -1008597
727155 -855047
950075 -571324
1028354 -200621
950074 200625
727152 571327
393527 855049
-10 1008597
-393546 1008593
-727163 855042
-950076 571320
-1028353 200617
-950072 -200628
-727150 -571329
-393525 -855050
11 -1008596
393545 -1008591
727161 -855041
950074 -571320
1028351 -200618
950070 200626
727148 571327
393523 855048
-13 1008594
-393547 1008589
-727162 855038
-950074 571316
-1028350 200614
-950067 -200630
-727144 -571330
-393519 -855049
16 -1008593
393549 -1008587
727164 -855036
950075 -571314
1028350 -200612
950067 200632
727143 571332
393517 855051
-19 1008595
-393553 1008588
-727167 855035
-950076 571311
-1028349 200608
-950064 -200635
-727139 -571333
-393513 -855050
22 -1008592
393553 -1008583
727168 -855025
950077 -571303
1028347 -200606
950062 200637
727137 571335
393511 855051
-24 1008592
-393555 1008583
-727170 855025
-950079 571303
-1028349 200606
-950064 -200637
-727139 -571335
-393513 -855052
22 -1008594
393554 -1008585
727171 -855027
950081 -571305
1028351 -200607
950066 200638
727141 571337
393514 855054
-23 1008596
-393556 1008587
-727173 855028
-950083 571304
-1028352 200605
-950065 -200640
-727138 -571339
-393510 -855055
26 -1008595
393558 -1008585
727174 -855026
950083 -571302
1028352 -200603
950065 200642
727138 571341
393510 855057
-27 1008597
-393560 1008586
-727176 855026
-950085 571295
-1028354 200596
-950067 -200642
-727140 -571341
-393511 -855058
27 -1008599
393560 -1008588
727177 -855028
950087 -571297
1028356 -200598
950069 200640
727142 571340
393513 855058
-26 1008600
-393561 1008590
-727179 855029
-950089 571296
-1028358 200595
-950070 -200645
-727141 -571346
-393510 -855064
30 -1008605
393565 -1008593
727183 -855030
950093 -571296
1028362 -200595
950074 200646
727144 571349
393512 855068
-29 1008609
-393566 1008597
-727186 855034
-950097 571299
-1028366 200596
-950078 -200646
-727148 -571349
-393515 -855069
28 -1008612
393567 -1008601
727188 -855038
950100 -571302
1028367 -200589
950079 200654
727151 571350
393517 855071
-26 1008614
-393565 1008604
-727187 855042
-950101 571306
-1028369 200593
-950081 -200651
-727153 -571349
-393518 -855072
27 -1008616
393567 -1008605
727189 -855042
950103 -571306
1028371 -200592
950083 200653
727155 571351
393520 855074
-25 1008618
-393566 1008608
-727190 855046
-950105 571310
-1028374 200596
-950087 -200650
-727159 -571350
-393524 -855075
22 -1008621
393565 -1008612
727191 -855050
950108 -571313
1028378 -200597
950091 200651
727162 571353
393525 855079
-23 1008625
-393568 1008616
-727195 855053
-950112 571314
-1028382 200597
-950089 -200659
-727160 -571360
-393529 -855078
19 -1008626
393564 -1008619
727192 -855058
950111 -571321
1028383 -200605
950092 200652
727165 571355
393535 855075
-13 1008625
-393559 1008620
-727189 855060
-950110 571323
-1028384 200607
-950094 -200650
-727168 -571353
-393539 -855074
9 -1008626
393556 -1008623
727188 -855065
950111 -571329
1028386 -200612
950097 200646
727172 571350
393543 855073
-6 1008627
-393554 1008625
-727186 855067
-950110 571332
-1028387 200616
-950099 -200643
-727174 -571349
-393545 -855073
4 -1008627
393552 -1008625
727185 -855068
950110 -571334
1028388 -200618
950102 200641
727170 571354
393541 855078
0 1008626
-393548 1008626
-727181 855070
-950106 571336
-1028384 200621
-950099 -200636
-727169 -571348
-393542 -855072
-3 -1008620
393544 -1008621
727177 -855067
950102 -571335
1028381 -200622
950097 200634
727168 571345
393543 855068
6 1008617
-393540 1008620
-727173 855068
-950099 571338
-1028380 200626
-950098 -200630
-727170 -571342
-393545 -855067
-8 -1008617
393538 -1008620
727171 -855068
950097 -571338
1028378 -200626
950096 200630
727169 571341
393545 855065
8 1008615
-393537 1008618
-727169 855067
-950096 571339
-1028378 200628
-950096 -200628
-727169 -571339
-393537 -855067
-1 -1008616
393534 -1008614
727164 -855063
950089 -571336
1028370 -200628
950090 200624
727166 571333
393536 855061
2 1008610
-393532 1008609
-727162 855060
-950087 571334
-1028368 200626
-950087 -200626
-727162 -571334
-393532 -855060
2 -1008608
393535 -1008606
727163 -855055
950086 -571328
1028365 -200621
950083 200629
727158 571335
393529 855059
-3 1008605
-393534 1008602
-727160 855052
-950082 571327
-1028362 200622
-950082 -200626
-727159 -571331
-393531 -855056
1 -1008604
393532 -1008602
727158 -855052
950080 -571327
1028360 -200622
950080 200626
727157 571331
393529 855055
-11 1008603
-393542 1008601
-727160 855050
-950081 571325
-1028359 200620
-950077 -200628
-727153 -571332
-393525 -855055
14 -1008602
393544 -1008598
727161 -855045
950080 -571319
1028356 -200614
950072 200633
727147 571335
393520 855055
-18 1008599
-393546 1008593
-727159 855039
-950075 571314
-1028350 200612
-950067 -200632
-727143 -571332
-393517 -855051
19 -1008595
393546 -1008589
727159 -855035
950074 -571310
1028347 -200608
950062 200635
727137 571333
393511 855049
-24 1008590
-393555 1008581
-727166 855027
-950073 571304
-1028344 200602
-950058 -200640
-727133 -571336
-393507 -855051
28 -1008591
393559 -1008580
727169 -855024
950074 -571299
1028343 -200596
950055 200646
727128 571341
393501 855054
-34 1008592
-393564 1008579
-727173 855022
-950078 571297
-1028347 200594
-950058 -200649
-727129 -571345
-393500 -855058
36 -1008595
393567 -1008581
727177 -855023
950081 -571296
1028348 -200591
950057 200653
727127 571349
393497 855061
-40 1008597
-393571 1008582
-727180 855022
-950083 571293
-1028349 200587
-950056 -200657
-727124 -571353
-393493 -855064
44 -1008598
393574 -1008581
727186 -855015
950089 -571286
1028350 -200584
950055 200661
727121 571356
393489 855066
-48 1008599
-393578 1008580
-727189 855012
-950090 571282
-1028349 200580
-950053 -200664
-727119 -571358
-393487 -855067
50 -1008599
393580 -1008580
727191 -855012
950092 -571281
1028351 -200578
950054 200667
727118 571362
393484 855071
-55 1008602
-393586 1008581
-727196 855011
-950096 571279
-1028354 200575
-950055 -200671
-727118 -571366
-393483 -855075
57 -1008605
393588 -1008582
727198 -855010
950097 -571276
1028353 -200571
950053 200675
727115 571370
393479 855078
-62 1008607
-393594 1008583
-727204 855009
-950102 571266
-1028357 200560
-950056 -200679
-727116 -571374
-393478 -855082
64 -1008610
393596 -1008585
727206 -855011
950105 -571268
1028361 -200561
950059 200680
727118 571376
393480 855084
-63 1008613
-393597 1008589
-727209 855015
-950109 571271
-1028365 200563
-950063 -200679
-727121 -571377
-393481 -855087
64 -1008617
393599 -1008592
727211 -855016
950111 -571271
1028367 -200562
950065 200681
727123 571379
393482 855089
-64 1008619
-393600 1008594
-727213 855018
-950113 571272
-1028369 200562
-950067 -200682
-727124 -571382
-393482 -855093
65 -1008623
393603 -1008598
727218 -855021
950119 -571273
1028371 -200553
950068 200691
727128 571383
393485 855096
-63 1008627
-393601 1008602
-727216 855025
-950118 571278
-1028372 200559
-950071 -200686
-727132 -571379
-393489 -855093
59 -1008626
393598 -1008603
727215 -855028
950119 -571282
1028375 -200563
950075 200683
727136 571378
393493 855094
-56 1008629
-393597 1008608
-727216 855034
-950122 571287
-1028380 200566
-950081 -200682
-727142 -571379
-393498 -855097
53 -1008633
393596 -1008612
727217 -855038
950125 -571291
1028384 -200569
950085 200681
727146 571380
393502 855099
-50 1008636
-393595 1008616
-727218 855042
-950127 571295
-1028387 200573
-950084 -200685
-727146 -571384
-393508 -855097
44 -1008637
393590 -1008620
727215 -855049
950127 -571303
1028390 -200580
950088 200680
727150 571381
393512 855095
-40 1008636
-393586 1008620
-727211 855049
-950123 571304
-1028387 200583
-950087 -200676
-727151 -571377
-393514 -855092
38 -1008634
393584 -1008619
727210 -855050
950124 -571306
1028389 -200585
950089 200674
727153 571376
393516 855092
-36 1008635
-393582 1008621
-727208 855052
-950122 571308
-1028387 200587
-950088 -200672
-727154 -571374
-393518 -855091
34 -1008635
393580 -1008622
727207 -855054
950123 -571310
1028390 -200589
950092 200670
727150 571379
393514 855096
-30 1008634
-393576 1008622
-727203 855055
-950119 571313
-1028387 200593
-950091 -200666
-727150 -571375
-393515 -855092
27 -1008630
393572 -1008619
727199 -855054
950116 -571314
1028385 -200596
950090 200662
727151 571371
393518 855088
-23 1008627
-393568 1008618
-727195 855055
-950112 571316
-1028382 200599
-950089 -200657
-727152 -571365
-393521 -855083
19 -1008624
393564 -1008617
727192 -855056
950111 -571319
1028383 -200603
950091 200654
727155 571363
393525 855081
-15 1008623
-393560 1008617
-727188 855056
-950107 571320
-1028379 200605
-950088 -200651
-727154 -571359
-393516 -855082
24 -1008624
393559 -1008613
727185 -855053
950103 -571318
1028375 -200604
950085 200650
727152 571357
393515 855079
-23 1008620
-393557 1008610
-727183 855051
-950101 571317
-1028373 200604
-950083 -200650
-727150 -571356
-393514 -855077
23 -1008618
393557 -1008608
727183 -855049
950100 -571315
1028371 -200603
950081 200649
727149 571354
393514 855075
-22 1008616
-393554 1008606
-727179 855048
-950097 571316
-1028370 200605
-950081 -200647
-727149 -571352
-393514 -855073
22 -1008614
393554 -1008604
727178 -855046
950094 -571314
1028366 -200604
950078 200646
727148 571349
393515 855069
-28 1008612
-393560 1008603
-727176 855044
-950092 571312
-1028363 200602
-950073 -200648
-727142 -571350
-393510 -855068
31 -1008609
393561 -1008599
727175 -855040
950090 -571309
1028361 -200601
950072 200647
727142 571348
393510 855066
-31 1008607
-393561 1008597
-727175 855038
-950089 571307
-1028359 200599
-950069 -200649
-727138 -571349
-393506 -855065
34 -1008604
393562 -1008592
727174 -855032
950086 -571301
1028354 -200594
950063 200652
727132 571350
393501 855064
-37 1008601
-393563 1008588
-727173 855028
-950083 571297
-1028350 200591
-950059 -200653
-727129 -571349
-393499 -855062
39 -1008599
393571 -1008584
727181 -855024
950085 -571295
1028351 -200588
950058 200657
727126 571353
393495 855065
-43 1008600
-393575 1008583
-727184 855021
-950086 571291
-1028350 200584
-950055 -200661
-727121 -571356
-393489 -855066
48 -1008599
393578 -1008580
727185 -855017
950085 -571287
1028348 -200581
950053 200662
727119 571356
393487 855065
-50 1008597
-393579 1008578
-727185 855015
-950085 571285
-1028347 200579
-950051 -200664
-727117 -571358
-393485 -855067
52 -1008598
393581 -1008578
727186 -855014
950085 -571283
1028347 -200577
950051 200666
727117 571360
393484 855069
-54 1008600
-393583 1008579
-727192 855010
-950092 571279
-1028351 200576
-950054 -200669
-727118 -571364
-393484 -855073
55 -1008604
393586 -1008583
727197 -855013
950098 -571280
1028356 -200575
950057 200671
727120 571366
393485 855075
-56 1008606
-393588 1008584
-727198 855012
-950097 571278
-1028354 200573
-950055 -200673
-727117 -571368
-393481 -855076
59 -1008605
393590 -1008582
727200 -855010
950099 -571276
1028355 -200571
950055 200675
727117 571370
393481 855078
-60 1008607
-393592 1008584
-727202 855012
-950101 571277
-1028357 200570
-950056 -200677
-727116 -571372
-393478 -855080
64 -1008608
393596 -1008583
727206 -855009
950104 -571266
1028359 -200560
950057 200680
727116 571376
393478 855084
-64 1008612
-393597 1008587
-727208 855013
-950107 571270
-1028363 200563
-950062 -200678
-727122 -571375
-393483 -855085
61 -1008615
393595 -1008591
727207 -855017
950108 -571274
1028366 -200567
950066 200675
727126 571374
393487 855086
-58 1008618
-393595 1008596
-727210 855023
-950113 571279
-1028372 200570
-950072 -200674
-727131 -571375
-393490 -855089
57 -1008622
393595 -1008600
727211 -855027
950115 -571282
1028374 -200571
950074 200675
727133 571377
393492 855091
-55 1008625
-393594 1008604
-727212 855031
-950118 571286
-1028376 200567
-950078 -200679
-727141 -571375
-393499 -855093
51 -1008630
393593 -1008610
727213 -855037
950121 -571292
1028381 -200572
950084 200676
727147 571374
393504 855094
-47 1008633
-393591 1008615
-727214 855043
-950124 571297
-1028385 200575
-950088 -200675
-727150 -571375
-393506 -855096
46 -1008635
393591 -1008617
727215 -855045
950126 -571299
1028387 -200577
950091 200673
727154 571374
393510 855097
-43 1008638
-393590 1008622
-727216 855051
-950129 571305
-1028392 200582
-950097 -200670
-727160 -571373
-393515 -855098
39 -1008640
393586 -1008624
727212 -855053
950126 -571307
1028391 -200584
950091 200676
727155 571378
393518 855095
-35 1008639
-393583 1008625
-727211 855056
-950127 571311
-1028393 200588
-950093 -200673
-727157 -571376
-393520 -855093
33 -1008638
393581 -1008626
727209 -855058
950125 -571314
1028392 -200592
950094 200669
727160 571373
393524 855092
-29 1008638
-393577 1008626
-727206 855059
-950124 571316
-1028393 200594
-950097 -200667
-727164 -571371
-393528 -855091
25 -1008639
393574 -1008629
727205 -855063
950124 -571320
1028393 -200598
950097 200663
727156 571374
393521 855093
-23 1008634
-393571 1008625
-727200 855060
-950118 571319
-1028388 200599
-950094 -200660
-727155 -571370
-393521 -855089
22 -1008630
393569 -1008622
727198 -855058
950116 -571318
1028386 -200600
950093 200658
727156 571368
393524 855087
-17 1008628
-393563 1008621
-727193 855060
-950113 571322
-1028385 200604
-950093 -200654
-727156 -571364
-393525 -855083
15 -1008625
393560 -1008619
727188 -855058
950108 -571322
1028382 -200607
950092 200650
727157 571360
393527 855080
-13 1008623
-393558 1008618
-727187 855059
-950108 571324
-1028382 200609
-950093 -200648
-727160 -571358
-393522 -855083
19 -1008627
393556 -1008618
727185 -855059
950106 -571324
1028380 -200609
950091 200647
727158 571356
393520 855081
-20 1008624
-393556 1008614
-727184 855055
-950103 571320
-1028376 200606
-950087 -200648
-727154 -571355
-393517 -855078
21 -1008620
393555 -1008610
727181 -855052
950099 -571319
1028372 -200607
950083 200646
727151 571352
393516 855073
-20 1008614
-393552 1008605
-727177 855048
-950095 571316
-1028368 200606
-950080 -200645
-727149 -571350
-393515 -855071
20 -1008612
393552 -1008603
727176 -855046
950092 -571314
1028364 -200604
950076 200646
727146 571349
393513 855069
-30 1008611
-393562 1008601
-727177 855042
-950092 571310
-1028363 200600
-950073 -200650
-727141 -571352
-393508 -855069
33 -1008608
393562 -1008596
727174 -855036
950087 -571305
1028357 -200598
950068 200648
727139 571347
393509 855063
-30 1008603
-393558 1008593
-727170 855035
-950083 571306
-1028353 200600
-950064 -200646
-727135 -571345
-393505 -855061
33 -1008600
393559 -1008589
727170 -855031
950083 -571302
1028353 -200596
950063 200650
727133 571348
393503 855062
-35 1008600
-393561 1008588
-727171 855029
-950082 571300
-1028351 200595
-950062 -200649
-727133 -571346
-393503 -855060
35 -1008598
393567 -1008585
727177 -855027
950082 -571300
1028351 -200595
950062 200649
727133 571346
393503 855060
-35 1008598
-393567 1008585
-727177 855027
-950082 571300
-1028351 200595
-950062 -200649
-727133 -571346
-393503 -855060
35 -1008598
393567 -1008585
727177 -855027
950082 -571300
1028351 -200595
950062 200649
727133 571346
393503 855060
-35 1008598
-393567 1008585
-727177 855027
-950082 571300
-1028351 200595
-950062 -200649
-727133 -571346
-393503 -855060
35 -1008598
393567 -1008585
727177 -855027
950082 -571300
1028351 -200595
950062 200649
727133 571346
393503 855060
-35 1008598
-393567 1008585
-727181 855022
-950087 571295
-1028352 200594
-950061 -200651
-727131 -571348
-393501 -855062
37 -1008599
393569 -1008584
727183 -855020
950089 -571293
1028354 -200592
950063 200654
727132 571352
393500 855066
-40 1008603
-393574 1008588
-727189 855023
-950094 571293
-1028357 200589
-950064 -200658
-727131 -571356
-393498 -855070
42 -1008607
393576 -1008591
727191 -855024
950096 -571293
1028359 -200589
950066 200658
727133 571357
393499 855072
-43 1008609
-393579 1008593
-727196 855026
-950102 571294
-1028365 200588
-950071 -200662
-727136 -571363
-393500 -855078
44 -1008615
393581 -1008598
727198 -855029
950105 -571289
1028369 -200583
950075 200660
727140 571362
393504 855079
-40 1008617
-393578 1008601
-727197 855034
-950106 571295
-1028372 200588
-950079 -200657
-727144 -571361
-393507 -855080
39 -1008620
393579 -1008605
727200 -855037
950110 -571296
1028376 -200588
950083 200658
727147 571364
393508 855084
-40 1008624
-393582 1008609
-727204 855040
-950114 571297
-1028379 200587
-950085 -200660
-727148 -571366
-393508 -855086
40 -1008626
393582 -1008611
727204 -855042
950115 -571299
1028381 -200588
950086 200661
727148 571368
393508 855088
-41 1008628
-393584 1008612
-727206 855042
-950117 571299
-1028380 200580
-950086 -200668
-727152 -571367
-393511 -855089
39 -1008630
393583 -1008615
727207 -855046
950119 -571302
1028383 -200582
950090 200667
727156 571368
393514 855092
-38 1008634
-393584 1008619
-727210 855050
-950124 571306
-1028389 200585
-950096 -200666
-727161 -571369
-393518 -855095
35 -1008639
393583 -1008625
727211 -855056
950127 -571311
1028393 -200588
950100 200665
727165 571370
393521 855097
-34 1008642
-393584 1008629
-727213 855059
-950129 571313
-1028395 200589
-950102 -200665
-727167 -571370
-393523 -855098
32 -1008644
393582 -1008632
727213 -855064
950132 -571319
1028401 -200595
950104 200669
727168 571377
393529 855099
-27 1008647
-393578 1008628
-727208 855060
-950126 571316
-1028395 200594
-950099 -200667
-727166 -571372
-393530 -855093
24 -1008642
393575 -1008633
727207 -855067
950127 -571324
1028398 -200601
950103 200662
727170 571369
393534 855092
-20 1008642
-393570 1008626
-727201 855062
-950121 571321
-1028392 200601
-950098 -200659
-727167 -571364
-393533 -855085
19 -1008634
393568 -1008626
727199 -855062
950119 -571321
1028390 -200601
950096 200659
727166 571363
393534 855083
-17 1008633
-393566 1008627
-727197 855065
-950118 571326
-1028391 200607
-950099 -200653
-727162 -571365
-393529 -855087
14 -1008631
393562 -1008625
727193 -855064
950114 -571326
1028388 -200608
950098 200651
727162 571363
393530 855085
-12 1008630
-393560 1008626
-727192 855066
-950114 571328
-1028388 200610
-950098 -200649
-727163 -571361
-393532 -855083
10 -1008628
393558 -1008624
727189 -855064
950110 -571327
1028384 -200611
950095 200646
727162 571357
393533 855079
-7 1008624
-393553 1008621
-727184 855064
-950107 571330
-1028383 200615
-950096 -200642
-727164 -571353
-393536 -855075
3 -1008621
393549 -1008620
727180 -855064
950104 -571331
1028382 -200617
950096 200640
727165 571351
393529 855078
-10 1008624
-393547 1008618
-727178 855063
-950102 571331
-1028380 200618
-950095 -200638
-727165 -571349
-393529 -855076
10 -1008622
393546 -1008616
727175 -855061
950098 -571330
1028376 -200618
950091 200637
727162 571346
393528 855072
-9 1008618
-393544 1008613
-727173 855059
-950095 571328
-1028372 200617
-950087 -200636
-727159 -571343
-393527 -855067
8 -1008612
393541 -1008607
727168 -855054
950089 -571325
1028366 -200616
950082 200635
727155 571341
393524 855065
-10 1008610
-393543 1008605
-727170 855052
-950090 571323
-1028366 200614
-950081 -200637
-727153 -571342
-393522 -855064
20 -1008609
393552 -1008603
727169 -855048
950088 -571319
1028363 -200611
950077 200638
727149 571341
393519 855061
-21 1008605
-393552 1008599
-727168 855044
-950085 571316
-1028359 200610
-950074 -200637
-727148 -571339
-393519 -855059
20 -1008603
393549 -1008597
727164 -855043
950082 -571317
1028358 -200612
950074 200635
727148 571337
393519 855057
-20 1008601
-393549 1008595
-727164 855041
-950081 571315
-1028355 200610
-950070 -200636
-727145 -571336
-393518 -855055
20 -1008599
393548 -1008593
727161 -855039
950077 -571313
1028351 -200609
950066 200636
727141 571335
393515 855052
-20 1008594
-393552 1008586
-727165 855034
-950075 571312
-1028350 200610
-950066 -200634
-727141 -571333
-393515 -855050
20 -1008592
393552 -1008584
727165 -855032
950074 -571310
1028347 -200608
950062 200635
727137 571333
393511 855049
-24 1008590
-393555 1008581
-727166 855027
-950073 571304
-1028344 200602
-950058 -200640
-727133 -571336
-393507 -855051
28 -1008591
393559 -1008580
727169 -855024
950074 -571299
1028343 -200596
950055 200646
727128 571341
393501 855054
-34 1008592
-393564 1008579
-727173 855022
-950078 571297
-1028347 200594
-950058 -200649
-727129 -571345
-393500 -855058
36 -1008595
393567 -1008581
727180 -855018
950084 -571291
1028348 -200591
950057 200653
727127 571349
393497 855061
-40 1008597
-393571 1008582
-727184 855018
-950088 571291
-1028351 200590
-950059 -200655
-727128 -571351
-393497 -855063
41 -1008599
393573 -1008584
727186 -855019
950090 -571290
1028353 -200588
950060 200657
727128 571353
393497 855065
-41 1008601
-393573 1008586
-727187 855021
-950092 571292
-1028355 200590
-950062 -200656
-727129 -571354
-393496 -855067
43 -1008602
393575 -1008585
727188 -855019
950092 -571290
1028355 -200588
950062 200658
727129 571356
393496 855069
-44 1008604
-393577 1008587
-727190 855020
-950094 571283
-1028357 200581
-950064 -200658
-727131 -571356
-393498 -855070
42 -1008607
393576 -1008591
727191 -855024
950097 -571286
1028361 -200582
950067 200659
727132 571359
393497 855074
-45 1008610
-393580 1008592
-727195 855024
-950101 571286
-1028365 200581
-950071 -200662
-727136 -571363
-393500 -855078
44 -1008615
393581 -1008598
727198 -855029
950105 -571289
1028369 -200583
950075 200660
727140 571362
393504 855079
-40 1008617
-393578 1008601
-727197 855034
-950106 571295
-1028369 200580
-950077 -200664
-727146 -571359
-393510 -855078
35 -1008618
393575 -1008604
727196 -855038
950107 -571299
1028371 -200584
950079 200661
727148 571358
393511 855079
-35 1008620
-393575 1008606
-727196 855040
-950107 571301
-1028372 200586
-950082 -200659
-727152 -571357
-393515 -855079
31 -1008621
393572 -1008609
727195 -855044
950108 -571305
1028375 -200590
950086 200656
727156 571355
393519 855078
-28 1008622
-393571 1008611
-727195 855046
-950109 571307
-1028377 200591
-950088 -200656
-727158 -571356
-393520 -855081
29 -1008626
393573 -1008615
727198 -855050
950113 -571310
1028381 -200593
950086 200663
727156 571364
393524 855081
-25 1008627
-393570 1008617
-727197 855052
-950113 571312
-1028381 200595
-950086 -200661
-727156 -571362
-393525 -855079
23 -1008625
393568 -1008616
727195 -855053
950112 -571314
1028382 -200597
950089 200659
727160 571360
393529 855078
-19 1008626
-393564 1008619
-727192 855058
-950111 571321
-1028383 200605
-950092 -200652
-727165 -571355
-393535 -855075
13 -1008625
393559 -1008620
727189 -855060
950110 -571323
1028384 -200607
950094 200650
727168 571353
393539 855074
-9 1008626
-393556 1008623
-727188 855065
-950111 571329
-1028386 200612
-950097 -200646
-727164 -571357
-393535 -855079
5 -1008625
393552 -1008623
727184 -855066
950108 -571332
1028386 -200617
950100 200641
727168 571354
393539 855078
-1 1008625
-393548 1008624
-727181 855068
-950106 571334
-1028384 200619
-950099 -200638
-727169 -571350
-393542 -855074
-3 -1008622
393544 -1008623
727177 -855069
950103 -571337
1028383 -200623
950099 200634
727169 571346
393543 855070
5 1008619
-393542 1008621
-727175 855067
-950101 571336
-1028381 200624
-950098 -200632
-727170 -571344
-393545 -855069
-7 -1008619
393540 -1008622
727173 -855070
950100 -571340
1028382 -200628
950100 200628
727173 571340
393540 855070
2 1008621
-393536 1008620
-727169 855069
-950096 571341
-1028378 200630
-950097 -200626
-727171 -571338
-393538 -855068
-1 -1008618
393535 -1008616
727167 -855065
950093 -571337
1028374 -200627
950093 200627
727167 571337
393535 855065
-1 1008614
-393536 1008612
-727166 855061
-950090 571333
-1028370 200624
-950089 -200628
-727164 -571336
-393534 -855063
0 -1008612
393534 -1008610
727163 -855059
950086 -571332
1028366 -200625
950086 200625
727163 571332
393534 855059
0 1008608
-393533 1008606
-727161 855056
-950084 571331
-1028364 200625
-950084 -200625
-727161 -571331
-393533 -855056
8 -1008606
393541 -1008605
727161 -855054
950084 -571329
1028364 -200623
950083 200627
727159 571333
393531 855058
-10 1008607
-393543 1008605
-727162 855053
-950084 571327
-1028363 200621
-950081 -200628
-727157 -571333
-393529 -855057
11 -1008605
393543 -1008603
727162 -855051
950083 -571325
1028361 -200620
950079 200628
727155 571332
393527 855055
-12 1008602
-393542 1008599
-727159 855048
-950079 571323
-1028357 200618
-950075 -200629
-727151 -571331
-393524 -855052
14 -1008598
393543 -1008594
727158 -855042
950076 -571318
1028352 -200615
950069 200630
727146 571330
393521 855049
-15 1008594
-393549 1008589
-727164 855038
-950076 571316
-1028352 200613
-950069 -200632
-727145 -571332
-393519 -855051
17 -1008595
393551 -1008588
727166 -855036
950077 -571313
1028351 -200609
950066 200636
727141 571335
393515 855052
-20 1008594
-393552 1008586
-727165 855034
-950075 571312
-1028350 200610
-950066 -200634
-727141 -571333
-393515 -855050
20 -1008592
393552 -1008584
727165 -855032
950074 -571310
1028347 -200608
950062 200635
727137 571333
393511 855049
-24 1008590
-393555 1008581
-727166 855027
-950073 571304
-1028344 200602
-950058 -200640
-727133 -571336
-393507 -855051
28 -1008591
393559 -1008580
727173 -855020
950080 -571297
1028348 -200600
950061 200643
727134 571340
393506 855055
-30 1008594
-393561 1008582
-727176 855022
-950084 571298
-1028351 200599
-950063 -200645
-727135 -571343
-393505 -855059
33 -1008598
393565 -1008585
727180 -855023
950087 -571297
1028353 -200596
950063 200650
727133 571348
393503 855062
-35 1008600
-393568 1008587
-727184 855024
-950091 571296
-1028356 200594
-950065 -200652
-727134 -571351
-393502 -855066
38 -1008603
393572 -1008588
727187 -855023
950093 -571294
1028357 -200591
950064 200656
727131 571354
393498 855068
-42 1008605
-393576 1008589
-727191 855022
-950096 571284
-1028359 200581
-950066 -200658
-727133 -571357
-393499 -855072
43 -1008609
393579 -1008593
727196 -855026
950103 -571287
1028367 -200581
950073 200662
727137 571364
393500 855080
-44 1008617
-393582 1008600
-727200 855031
-950107 571290
-1028371 200582
-950076 -200663
-727139 -571366
-393501 -855083
45 -1008621
393585 -1008604
727205 -855034
950113 -571291
1028376 -200581
950079 200666
727140 571371
393500 855089
-48 1008626
-393589 1008607
-727209 855035
-950117 571290
-1028379 200578
-950081 -200670
-727141 -571375
-393499 -855093
51 -1008630
393593 -1008610
727213 -855037
950121 -571292
1028381 -200572
950084 200676
727147 571374
393504 855094
-47 1008633
-393591 1008615
-727214 855043
-950124 571297
-1028385 200575
-950088 -200675
-727150 -571375
-393506 -855096
46 -1008635
393591 -1008617
727215 -855045
950126 -571299
1028387 -200577
950091 200673
727154 571374
393510 855097
-43 1008638
-393590 1008622
-727216 855051
-950129 571305
-1028392 200582
-950097 -200670
-727160 -571373
-393515 -855098
39 -1008640
393586 -1008624
727212 -855053
950126 -571307
1028391 -200584
950097 200668
727161 571371
393517 855097
-37 1008641
-393585 1008627
-727213 855057
-950129 571311
-1028395 200587
-950095 -200675
-727158 -571379
-393519 -855097
35 -1008641
393583 -1008627
727211 -855058
950127 -571313
1028394 -200590
950096 200671
727161 571375
393524 855094
-29 1008640
-393578 1008628
-727208 855060
-950126 571316
-1028395 200594
-950099 -200667
-727166 -571372
-393530 -855093
24 -1008642
393575 -1008633
727207 -855067
950127 -571324
1028398 -200601
950103 200662
727170 571369
393534 855092
-20 1008642
-393570 1008626
-727201 855062
-950121 571321
-1028392 200601
-950098 -200659
-727167 -571364
-393533 -855085
19 -1008634
393568 -1008626
727199 -855062
950119 -571321
1028390 -200601
950096 200659
727157 571370
393523 855089
-20 1008630
-393567 1008622
-727196 855059
-950115 571320
-1028387 200602
-950095 -200656
-727158 -571366
-393526 -855086
16 -1008629
393563 -1008623
727193 -855062
950114 -571324
1028387 -200606
950096 200652
727160 571363
393528 855084
-13 1008627
-393559 1008622
-727189 855062
-950110 571325
-1028384 200609
-950095 -200648
-727161 -571359
-393531 -855081
9 -1008626
393556 -1008623
727188 -855065
950111 -571329
1028386 -200612
950097 200646
727164 571357
393535 855079
-5 1008625
-393552 1008623
-727184 855066
-950108 571332
-1028386 200617
-950100 -200641
-727168 -571354
-393530 -855083
11 -1008630
393550 -1008624
727183 -855068
950108 -571334
1028386 -200619
950100 200639
727168 571352
393530 855081
-11 1008628
-393550 1008622
-727182 855066
-950106 571332
-1028384 200617
-950098 -200640
-727167 -571351
-393530 -855079
11 -1008626
393549 -1008620
727180 -855064
950104 -571331
1028382 -200617
950096 200640
727165 571351
393529 855078
-10 1008624
-393547 1008618
-727178 855063
-950102 571331
-1028380 200618
-950095 -200638
-727165 -571349
-393529 -855076
10 -1008622
393546 -1008616
727175 -855061
950098 -571330
1028376 -200618
950091 200637
727162 571346
393528 855072
-18 1008620
-393555 1008615
-727177 855059
-950099 571328
-1028376 200616
-950091 -200639
-727161 -571348
-393526 -855073
20 -1008620
393556 -1008614
727177 -855057
950099 -571326
1028375 -200614
950089 200640
727159 571348
393524 855073
-21 1008619
-393556 1008612
-727176 855055
-950096 571324
-1028371 200613
-950085 -200640
-727156 -571347
-393522 -855071
23 -1008617
393558 -1008610
727177 -855052
950096 -571320
1028370 -200609
950082 200643
727152 571348
393519 855070
-24 1008614
-393563 1008604
-727181 855047
-950093 571318
-1028366 200608
-950079 -200642
-727150 -571346
-393518 -855067
24 -1008610
393563 -1008600
727181 -855043
950092 -571314
1028364 -200604
950076 200646
727146 571349
393513 855069
-30 1008611
-393568 1008599
-727184 855040
-950094 571310
-1028365 200600
-950075 -200650
-727143 -571353
-393509 -855072
34 -1008612
393572 -1008598
727187 -855037
950095 -571306
1028364 -200596
950072 200654
727139 571356
393505 855073
-38 1008612
-393576 1008598
-727191 855036
-950098 571303
-1028365 200592
-950071 -200658
-727136 -571359
-393501 -855074
41 -1008611
393577 -1008595
727194 -855028
950101 -571296
1028365 -200590
950071 200660
727136 571361
393500 855076
-44 1008613
-393581 1008596
-727198 855027
-950104 571293
-1028366 200585
-950070 -200666
-727133 -571367
-393495 -855082
50 -1008617
393587 -1008597
727203 -855026
950107 -571291
1028367 -200583
950069 200668
727130 571369
393491 855083
-54 1008617
-393591 1008596
-727206 855023
-950108 571286
-1028366 200577
-950067 -200673
-727128 -571372
-393489 -855084
56 -1008616
393592 -1008594
727206 -855021
950108 -571284
1028366 -200575
950066 200675
727126 571374
393487 855086
-58 1008618
-393595 1008596
-727210 855023
-950113 571279
-1028372 200570
-950072 -200674
-727131 -571375
-393490 -855089
57 -1008622
393595 -1008600
727211 -855027
950115 -571282
1028374 -200571
950074 200675
727133 571377
393492 855091
-55 1008625
-393594 1008604
-727212 855031
-950118 571286
-1028379 200574
-950080 -200674
-727138 -571379
-393494 -855096
57 -1008631
393599 -1008609
727218 -855033
950123 -571285
1028382 -200572
950081 200676
727138 571381
393494 855098
-57 1008633
-393599 1008611
-727218 855035
-950124 571287
-1028384 200573
-950083 -200677
-727139 -571383
-393494 -855100
57 -1008635
393600 -1008613
727221 -855037
950128 -571288
1028385 -200565
950084 200685
727143 571384
393497 855103
-56 1008639
-393601 1008617
-727224 855041
-950132 571291
-1028389 200566
-950088 -200685
-727146 -571385
-393499 -855105
55 -1008641
393601 -1008619
727224 -855043
950133 -571293
1028391 -200567
950090 200686
727148 571387
393500 855107
-55 1008643
-393601 1008621
-727224 855045
-950133 571295
-1028392 200569
-950092 -200684
-727150 -571385
-393502 -855106
53 -1008644
393600 -1008624
727225 -855049
950136 -571299
1028396 -200573
950097 200681
727156 571385
393507 855109
-51 1008649
-393600 1008622
-727225 855047
-950135 571297
-1028394 200571
-950088 -200690
-727147 -571391
-393506 -855105
50 -1008645
393598 -1008626
727223 -855051
950134 -571301
1028395 -200575
950091 200687
727151 571390
393510 855105
-46 1008645
-393595 1008627
-727222 855053
-950135 571303
-1028397 200577
-950093 -200685
-727153 -571388
-393512 -855104
44 -1008646
393593 -1008629
727221 -855056
950135 -571307
1028398 -200581
950096 200681
727157 571385
393516 855103
-40 1008646
-393588 1008622
-727214 855051
-950127 571305
-1028390 200582
-950089 -200678
-727152 -571380
-393514 -855096
39 -1008638
393586 -1008622
727212 -855051
950125 -571305
1028389 -200583
950089 200676
727145 571384
393508 855099
-36 1008635
-393582 1008621
-727208 855052
-950122 571308
-1028387 200587
-950088 -200672
-727146 -571380
-393511 -855095
32 -1008632
393578 -1008620
727205 -855053
950121 -571310
1028388 -200589
950090 200670
727148 571379
393513 855095
-30 1008632
-393576 1008620
-727203 855053
-950119 571311
-1028386 200591
-950089 -200668
-727148 -571377
-393513 -855093
29 -1008630
393574 -1008619
727201 -855054
950117 -571313
1028385 -200594
950089 200664
727149 571373
393515 855090
-27 1008628
-393572 1008617
-727199 855052
-950115 571312
-1028383 200594
-950088 -200663
-727149 -571371
-393507 -855092
35 -1008630
393571 -1008615
727196 -855050
950111 -571310
1028379 -200593
950084 200662
727146 571368
393506 855088
-34 1008626
-393569 1008611
-727194 855047
-950109 571309
-1028377 200593
-950082 -200662
-727144 -571367
-393504 -855085
35 -1008621
393567 -1008605
727189 -855042
950103 -571306
1028371 -200592
950077 200661
727141 571365
393503 855083
-34 1008619
-393565 1008604
-727187 855042
-950101 571306
-1028369 200593
-950075 -200658
-727140 -571360
-393504 -855077
32 -1008614
393563 -1008600
727184 -855038
950096 -571303
1028363 -200592
950070 200657
727137 571357
393503 855073
-39 1008611
-393568 1008597
-727180 855035
-950092 571302
-1028360 200593
-950068 -200655
-727135 -571355
-393502 -855070
38 -1008607
393566 -1008593
727178 -855032
950090 -571300
1028357 -200591
950064 200656
727131 571354
393498 855068
-42 1008605
-393569 1008591
-727179 855029
-950089 571296
-1028355 200588
-950062 -200658
-727129 -571356
-393496 -855069
44 -1008604
393570 -1008588
727178 -855025
950087 -571293
1028353 -200586
950060 200659
727127 571355
393494 855067
-45 1008602
-393570 1008586
-727178 855023
-950086 571291
-1028350 200584
-950055 -200661
-727121 -571356
-393489 -855066
48 -1008599
393578 -1008580
727185 -855017
950085 -571287
1028348 -200581
950053 200662
727119 571356
393487 855065
-50 1008597
-393579 1008578
-727185 855015
-950085 571285
-1028347 200579
-950051 -200664
-727117 -571358
-393485 -855067
52 -1008598
393581 -1008578
727186 -855014
950085 -571283
1028347 -200577
950051 200666
727117 571360
393484 855069
-54 1008600
-393583 1008579
-727188 855014
-950086 571282
-1028347 200575
-950050 -200668
-727115 -571361
-393483 -855068
54 -1008598
393583 -1008577
727188 -855012
950086 -571280
1028346 -200573
950048 200669
727113 571361
393481 855068
-56 1008597
-393585 1008575
-727193 855005
-950090 571273
-1028346 200571
-950048 -200671
-727112 -571363
-393478 -855070
60 -1008599
393589 -1008576
727197 -855004
950094 -571271
1028349 -200568
950049 200676
727111 571369
393476 855075
-62 1008602
-393591 1008578
-727199 855006
-950096 571272
-1028351 200568
-950051 -200676
-727113 -571369
-393477 -855076
63 -1008604
393593 -1008579
727201 -855006
950098 -571272
1028353 -200567
950052 200679
727112 571373
393475 855079
-65 1008606
-393595 1008581
-727203 855007
-950100 571271
-1028354 200565
-950051 -200681
-727110 -571375
-393472 -855081
69 -1008607
393599 -1008580
727207 -855005
950104 -571262
1028358 -200556
950055 200683
727113 571378
393474 855085
-68 1008611
-393600 1008584
-727209 855008
-950106 571264
-1028360 200557
-950057 -200684
-727115 -571380
-393475 -855088
69 -1008615
393603 -1008588
727214 -855011
950112 -571264
1028365 -200554
950060 200688
727116 571384
393474 855092
-72 1008619
-393607 1008591
-727218 855013
-950116 571266
-1028370 200556
-950066 -200688
-727121 -571387
-393477 -855096
70 -1008623
393606 -1008595
727219 -855017
950118 -571269
1028372 -200557
950068 200688
727123 571388
393478 855099
-71 1008627
-393609 1008599
-727223 855020
-950123 571271
-1028374 200550
-950069 -200696
-727126 -571389
-393480 -855101
70 -1008630
393609 -1008603
727224 -855024
950125 -571274
1028377 -200552
950073 200695
727130 571389
393484 855102
-67 1008633
-393608 1008607
-727225 855028
-950128 571278
-1028381 200555
-950077 -200693
-727134 -571388
-393487 -855103
65 -1008635
393607 -1008610
727226 -855032
950130 -571281
1028384 -200557
950081 200692
727138 571389
393491 855106
-62 1008640
-393606 1008616
-727227 855038
-950133 571287
-1028388 200562
-950085 -200689
-727142 -571388
-393495 -855106
59 -1008641
393605 -1008618
727227 -855040
950134 -571289
1028390 -200563
950081 200697
727138 571395
393497 855105
-57 1008641
-393603 1008619
-727226 855042
-950134 571291
-1028391 200565
-950083 -200696
-727140 -571396
-393498 -855107
57 -1008643
393603 -1008621
727226 -855044
950135 -571293
1028393 -200567
950086 200694
727144 571394
393502 855106
-53 1008644
-393600 1008624
-727225 855049
-950136 571299
-1028396 200573
-950090 -200689
-727149 -571391
-393508 -855105
48 -1008645
393596 -1008626
727221 -855051
950133 -571302
1028395 -200577
950091 200685
727151 571388
393511 855103
-44 1008644
-393593 1008627
-727220 855054
-950133 571306
-1028396 200581
-950094 -200681
-727147 -571391
-393506 -855107
41 -1008642
393589 -1008626
727217 -855055
950132 -571308
1028396 -200583
950094 200679
727148 571389
393509 855105
-37 1008641
-393585 1008627
-727213 855057
-950129 571311
-1028395 200587
-950095 -200675
-727150 -571385
-393511 -855101
35 -1008637
393582 -1008623
727209 -855054
950125 -571310
1028391 -200588
950092 200672
727149 571381
393512 855097
-32 1008634
-393578 1008622
-727205 855055
-950121 571312
-1028388 200591
-950091 -200668
-727150 -571377
-393506 -855098
37 -1008635
393574 -1008619
727201 -855054
950117 -571313
1028385 -200594
950089 200664
727149 571373
393506 855094
-37 1008631
-393573 1008615
-727198 855050
-950113 571310
-1028381 200593
-950086 -200663
-727148 -571370
-393507 -855090
34 -1008628
393569 -1008613
727194 -855049
950109 -571311
1028377 -200595
950083 200660
727146 571366
393506 855086
-33 1008624
-393567 1008610
-727192 855047
-950107 571309
-1028375 200594
-950081 -200660
-727145 -571365
-393506 -855084
33 -1008622
393566 -1008608
727190 -855046
950105 -571310
1028374 -200596
950081 200658
727145 571363
393507 855082
-39 1008622
-393573 1008609
-727190 855046
-950105 571310
-1028374 200596
-950081 -200658
-727145 -571363
-393507 -855082
39 -1008622
393573 -1008609
727190 -855046
950105 -571310
1028374 -200596
950081 200658
727145 571363
393507 855082
-39 1008622
-393573 1008609
-727190 855046
-950105 571310
-1028374 200596
-950081 -200658
-727145 -571363
-393507 -855082
39 -1008622
393573 -1008609
727190 -855046
950105 -571310
1028374 -200596
950081 200658
727145 571363
393507 855082
-39 1008622
-393573 1008609
-727190 855046
-950105 571310
-1028374 200596
-950081 -200658
-727145 -571363
-393507 -855082
39 -1008622
393579 -1008607
727196 -855044
950105 -571310
1028374 -200596
950081 200658
727145 571363
393507 855082
-39 1008622
-393579 1008607
-727196 855044
-950105 571310
-1028374 200596
-950081 -200658
-727145 -571363
-393507 -855082
39 -1008622
393579 -1008607
727196 -855044
950105 -571310
1028374 -200596
950081 200658
727145 571363
393507 855082
-39 1008622
-393579 1008607
-727196 855044
-950105 571310
-1028374 200596
-950081 -200658
-727145 -571363
-393507 -855082
39 -1008622
393579 -1008607
727196 -855044
950105 -571310
1028374 -200596
950081 200658
727145 571363
393507 855082
-39 1008622
-393579 1008607
-727200 855039
-950110 571305
-1028376 200596
-950083 -200658
-727147 -571364
-393508 -855084
40 -1008624
393582 -1008609
727204 -855040
950114 -571304
1028379 -200593
950084 200662
727146 571368
393506 855088
-42 1008627
-393584 1008610
-727206 855040
-950116 571304
-1028381 200593
-950086 -200663
-727148 -571370
-393507 -855090
43 -1008629
393586 -1008612
727208 -855042
950118 -571305
1028383 -200592
950087 200665
727147 571372
393505 855092
-45 1008631
-393589 1008614
-727212 855043
-950121 571304
-1028384 200590
-950087 -200667
-727147 -571374
-393504 -855094
47 -1008633
393591 -1008615
727214 -855043
950124 -571297
1028388 -200583
950091 200668
727150 571377
393506 855098
-46 1008637
-393591 1008619
-727215 855047
-950127 571301
-1028393 200586
-950097 -200667
-727156 -571378
-393511 -855101
43 -1008642
393591 -1008626
727218 -855054
950131 -571306
1028397 -200589
950101 200666
727159 571379
393512 855104
-44 1008646
-393592 1008621
-727217 855048
-950129 571301
-1028395 200586
-950099 -200667
-727157 -571379
-393511 -855103
44 -1008644
393593 -1008627
727220 -855054
950133 -571306
1028399 -200589
950103 200666
727161 571379
393514 855104
-42 1008646
-393590 1008622
-727216 855051
-950129 571305
-1028392 200582
-950097 -200670
-727160 -571373
-393515 -855098
39 -1008640
393586 -1008624
727212 -855053
950126 -571307
1028391 -200584
950097 200668
727161 571371
393517 855097
-37 1008641
-393585 1008627
-727213 855057
-950129 571311
-1028395 200587
-950101 -200667
-727164 -571372
-393519 -855099
36 -1008643
393586 -1008629
727215 -855059
950131 -571313
1028397 -200589
950103 200666
727166 571372
393521 855099
-34 1008644
-393582 1008623
-727209 855054
-950125 571310
-1028391 200588
-950098 -200664
-727164 -571367
-393522 -855093
31 -1008638
393579 -1008626
727207 -855058
950123 -571314
1028391 -200593
950095 200667
727162 571371
393526 855090
-27 1008637
-393576 1008627
-727206 855061
-950124 571318
-1028393 200596
-950097 -200665
-727164 -571369
-393528 -855089
25 -1008637
393574 -1008627
727204 -855061
950122 -571318
1028391 -200597
950095 200663
727163 571367
393529 855087
-23 1008636
-393572 1008627
-727203 855062
-950122 571320
-1028392 200599
-950098 -200661
-727167 -571366
-393533 -855087
19 -1008636
393568 -1008628
727199 -855064
950119 -571323
1028391 -200603
950099 200657
727170 571362
393537 855084
-15 1008635
-393564 1008629
-727196 855067
-950118 571328
-1028392 200609
-950102 -200651
-727166 -571364
-393533 -855087
11 -1008632
393560 -1008628
727192 -855068
950115 -571330
1028390 -200611
950100 200649
727165 571361
393534 855083
-8 1008628
-393556 1008625
-727188 855067
-950111 571331
-1028387 200614
-950099 -200645
-727166 -571357
-393537 -855080
4 -1008627
393552 -1008625
727185 -855068
950110 -571334
1028388 -200618
950102 200641
727170 571354
393541 855078
0 1008626
-393548 1008626
-727181 855070
-950106 571336
-1028384 200621
-950099 -200636
-727169 -571348
-393542 -855072
-3 -1008620
393544 -1008621
727177 -855067
950102 -571335
1028381 -200622
950097 200634
727168 571345
393534 855073
-4 1008622
-393541 1008619
-727173 855066
-950099 571336
-1028379 200624
-950096 -200632
-727168 -571343
-393534 -855071
4 -1008620
393541 -1008617
727172 -855064
950096 -571334
1028375 -200623
950092 200631
727165 571341
393532 855069
-5 1008617
-393540 1008613
-727169 855060
-950092 571331
-1028371 200622
-950088 -200630
-727161 -571338
-393530 -855064
4 -1008611
393537 -1008608
727165 -855057
950088 -571330
1028367 -200622
950085 200629
727160 571335
393530 855060
-3 1008607
-393535 1008604
-727162 855053
-950084 571327
-1028363 200621
-950081 -200628
-727157 -571333
-393529 -855057
11 -1008605
393543 -1008603
727162 -855051
950083 -571325
1028361 -200620
950079 200628
727155 571332
393527 855055
-12 1008602
-393542 1008599
-727159 855048
-950079 571323
-1028357 200618
-950075 -200629
-727151 -571331
-393524 -855052
14 -1008598
393543 -1008594
727158 -855042
950076 -571318
1028352 -200615
950069 200630
727146 571330
393521 855049
-15 1008594
-393542 1008590
-727155 855038
-950072 571315
-1028348 200614
-950066 -200629
-727144 -571328
-393519 -855047
16 -1008591
393541 -1008586
727153 -855035
950069 -571313
1028344 -200613
950062 200629
727141 571327
393518 855045
-16 1008589
-393548 1008583
-727161 855032
-950071 571311
-1028346 200610
-950063 -200633
-727140 -571331
-393515 -855048
20 -1008590
393551 -1008582
727163 -855030
950072 -571308
1028345 -200606
950060 200637
727135 571334
393509 855049
-25 1008589
-393555 1008579
-727165 855025
-950071 571302
-1028342 200601
-950056 -200640
-727131 -571335
-393506 -855048
27 -1008587
393556 -1008577
727165 -855023
950071 -571300
1028342 -200599
950055 200642
727129 571337
393503 855050
-31 1008588
-393560 1008576
-727168 855020
-950072 571296
-1028341 200595
-950053 -200645
-727127 -571339
-393501 -855052
33 -1008590
393562 -1008577
727174 -855016
950079 -571293
1028345 -200596
950057 200646
727130 571341
393503 855054
-32 1008592
-393562 1008579
-727175 855018
-950081 571294
-1028347 200596
-950058 -200647
-727130 -571343
-393502 -855056
34 -1008594
393565 -1008581
727179 -855019
950085 -571293
1028350 -200593
950059 200651
727129 571347
393499 855060
-38 1008597
-393569 1008582
-727182 855018
-950086 571291
-1028350 200591
-950059 -200653
-727129 -571349
-393499 -855062
39 -1008599
393571 -1008584
727185 -855020
950090 -571292
1028353 -200590
950061 200655
727130 571352
393498 855066
-42 1008603
-393575 1008587
-727189 855021
-950095 571285
-1028359 200583
-950066 -200656
-727133 -571355
-393500 -855070
40 -1008607
393575 -1008592
727192 -855026
950099 -571288
1028363 -200584
950070 200657
727137 571357
393503 855073
-39 1008611
-393575 1008596
-727192 855030
-950100 571292
-1028366 200587
-950074 -200656
-727140 -571358
-393504 -855075
40 -1008613
393577 -1008597
727194 -855030
950102 -571292
1028368 -200587
950076 200656
727142 571359
393506 855077
-38 1008616
-393577 1008602
-727198 855036
-950108 571296
-1028371 200580
-950078 -200665
-727146 -571361
-393509 -855080
37 -1008620
393577 -1008606
727198 -855040
950109 -571300
1028373 -200584
950081 200661
727150 571358
393513 855079
-33 1008621
-393574 1008608
-727197 855042
-950109 571302
-1028374 200586
-950084 -200659
-727154 -571357
-393517 -855080
30 -1008624
393573 -1008613
727198 -855048
950113 -571308
1028381 -200591
950092 200657
727161 571359
393522 855085
-27 1008630
-393572 1008619
-727199 855054
-950116 571314
-1028385 200596
-950096 -200654
-727166 -571357
-393528 -855084
22 -1008632
393569 -1008624
727198 -855060
950117 -571320
1028388 -200601
950095 200658
727166 571361
393534 855081
-16 1008631
-393564 1008625
-727195 855063
-950116 571324
-1028389 200605
-950097 -200655
-727168 -571360
-393536 -855082
15 -1008633
393564 -1008627
727195 -855065
950116 -571326
1028389 -200607
950097 200653
727168 571358
393536 855080
-14 1008631
-393562 1008625
-727193 855064
-950114 571326
-1028388 200608
-950098 -200651
-727171 -571356
-393540 -855079
11 -1008632
393560 -1008628
727192 -855068
950115 -571330
1028390 -200611
950100 200649
727173 571355
393542 855079
-9 1008632
-393558 1008628
-727190 855068
-950113 571331
-1028389 200614
-950101 -200645
-727167 -571358
-393536 -855082
6 -1008629
393554 -1008627
727187 -855069
950112 -571333
1028389 -200616
950101 200643
727168 571356
393539 855080
-2 1008627
-393550 1008626
-727183 855070
-950108 571336
-1028386 200621
-950101 -200637
-727171 -571350
-393543 -855075
-3 -1008624
393544 -1008625
727177 -855071
950103 -571339
1028383 -200625
950100 200632
727172 571344
393547 855069
9 1008619
-393538 1008622
-727171 855070
-950098 571340
-1028380 200628
-950098 -200628
-727171 -571340
-393547 -855065
-10 -1008615
393535 -1008618
727167 -855067
950094 -571339
1028376 -200629
950095 200625
727170 571335
393539 855064
3 1008615
-393533 1008615
-727165 855065
-950091 571337
-1028372 200628
-950092 -200624
-727168 -571333
-393538 -855061
-4 -1008611
393530 -1008611
727160 -855062
950086 -571337
1028369 -200630
950090 200622
727167 571331
393538 855059
4 1008609
-393530 1008609
-727160 855060
-950085 571335
-1028367 200629
-950088 -200622
-727165 -571330
-393537 -855057
-4 -1008607
393529 -1008607
727158 -855059
950083 -571335
1028365 -200629
950086 200621
727163 571328
393535 855055
3 1008604
-393529 1008603
-727157 855055
-950080 571331
-1028360 200626
-950080 -200622
-727158 -571327
-393532 -855052
7 -1008602
393538 -1008601
727156 -855051
950078 -571328
1028358 -200624
950078 200624
727156 571328
393530 855051
-8 1008599
-393538 1008597
-727155 855047
-950075 571324
-1028354 200621
-950074 -200625
-727152 -571327
-393527 -855049
10 -1008597
393539 -1008595
727155 -855045
950075 -571322
1028353 -200619
950072 200626
727150 571327
393525 855048
-11 1008594
-393538 1008591
-727152 855041
-950070 571319
-1028347 200618
-950066 -200625
-727145 -571324
-393522 -855043
12 -1008588
393537 -1008585
727149 -855035
950066 -571314
1028343 -200615
950062 200627
727141 571325
393518 855043
-15 1008587
-393545 1008581
-727157 855031
-950067 571311
-1028342 200611
-950060 -200630
-727139 -571327
-393516 -855044
17 -1008587
393547 -1008581
727159 -855031
950069 -571311
1028344 -200611
950061 200631
727138 571329
393514 855046
-19 1008588
-393549 1008580
-727160 855028
-950068 571307
-1028341 200607
-950057 -200634
-727134 -571330
-393510 -855045
23 -1008586
393552 -1008577
727161 -855024
950067 -571303
1028338 -200603
950052 200637
727128 571331
393505 855044
-26 1008583
-393553 1008573
-727161 855020
-950067 571299
-1028338 200599
-950052 -200641
-727127 -571335
-393502 -855048
30 -1008586
393557 -1008574
727168 -855015
950073 -571294
1028340 -200599
950054 200641
727129 571335
393504 855048
-28 1008586
-393556 1008575
-727169 855017
-950075 571295
-1028342 200599
-950055 -200642
-727129 -571337
-393503 -855050
31 -1008588
393560 -1008576
727172 -855016
950077 -571293
1028343 -200596
950055 200646
727128 571341
393501 855054
-34 1008592
-393564 1008579
-727176 855017
-950081 571292
-1028347 200594
-950058 -200649
-727129 -571345
-393500 -855058
36 -1008595
393567 -1008581
727180 -855018
950084 -571291
1028348 -200591
950057 200653
727127 571349
393497 855061
-40 1008597
-393571 1008582
-727184 855018
-950089 571284
-1028354 200584
-950063 -200654
-727132 -571352
-393500 -855066
40 -1008603
393574 -1008588
727189 -855023
950095 -571287
1028360 -200585
950068 200655
727135 571355
393502 855070
-38 1008607
-393573 1008592
-727190 855027
-950097 571290
-1028362 200586
-950070 -200655
-727137 -571355
-393503 -855071
39 -1008609
393575 -1008594
727192 -855028
950099 -571290
1028364 -200586
950072 200656
727138 571358
393502 855075
-42 1008613
-393579 1008597
-727196 855030
-950103 571291
-1028367 200585
-950073 -200658
-727138 -571360
-393502 -855077
42 -1008615
393580 -1008599
727198 -855031
950105 -571291
1028366 -200577
950073 200665
727142 571359
393506 855077
-38 1008616
-393577 1008602
-727198 855036
-950108 571296
-1028371 200580
-950078 -200665
-727146 -571361
-393509 -855080
37 -1008620
393577 -1008606
727198 -855040
950109 -571300
1028373 -200584
950081 200661
727150 571358
393513 855079
-33 1008621
-393574 1008608
-727197 855042
-950109 571302
-1028374 200586
-950084 -200659
-727154 -571357
-393517 -855080
30 -1008624
393573 -1008613
727198 -855048
950113 -571308
1028381 -200591
950092 200657
727161 571359
393522 855085
-27 1008630
-393572 1008619
-727199 855054
-950116 571314
-1028385 200596
-950090 -200662
-727160 -571364
-393528 -855082
22 -1008630
393569 -1008622
727198 -855058
950116 -571318
1028386 -200600
950093 200658
727164 571361
393532 855081
-18 1008630
-393565 1008623
-727195 855061
-950115 571322
-1028387 200604
-950095 -200654
-727167 -571357
-393536 -855078
14 -1008629
393561 -1008623
727191 -855062
950112 -571325
1028386 -200608
950096 200650
727169 571354
393539 855076
-10 1008628
-393558 1008624
-727189 855064
-950110 571327
-1028384 200611
-950095 -200646
-727170 -571350
-393541 -855073
7 -1008626
393554 -1008623
727186 -855065
950109 -571330
1028385 -200615
950098 200642
727166 571353
393537 855076
-3 1008623
-393550 1008622
-727182 855066
-950106 571332
-1028384 200617
-950098 -200640
-727167 -571351
-393540 -855074
-1 -1008622
393546 -1008623
727179 -855069
950105 -571337
1028385 -200623
950101 200635
727171 571348
393544 855073
5 1008623
-393542 1008625
-727175 855071
-950102 571340
-1028384 200627
-950102 -200631
-727174 -571344
-393548 -855070
-9 -1008621
393538 -1008624
727172 -855072
950100 -571342
1028382 -200630
950101 200626
727175 571338
393551 855064
14 1008616
-393532 1008621
-727166 855071
-950094 571343
-1028377 200633
-950098 -200622
-727174 -571334
-393543 -855065
-6 -1008618
393532 -1008619
727165 -855069
950092 -571341
1028375 -200631
950096 200623
727172 571334
393541 855064
5 1008615
-393531 1008615
-727163 855066
-950090 571340
-1028373 200632
-950094 -200621
-727171 -571331
-393542 -855060
-7 -1008612
393529 -1008614
727161 -855066
950088 -571340
1028371 -200632
950092 200620
727169 571329
393540 855058
6 1008609
-393528 1008610
-727159 855063
-950086 571339
-1028369 200632
-950090 -200620
-727167 -571329
-393539 -855057
-6 -1008607
393528 -1008608
727158 -855061
950084 -571337
1028367 -200631
950088 200620
727165 571328
393537 855055
-4 1008606
-393538 1008606
-727159 855056
-950082 571331
-1028362 200626
-950082 -200622
-727160 -571327
-393534 -855052
5 -1008602
393537 -1008602
727157 -855053
950080 -571329
1028360 -200624
950080 200624
727157 571329
393530 855053
-8 1008601
-393538 1008599
-727156 855049
-950078 571326
-1028358 200622
-950078 -200626
-727155 -571330
-393528 -855053
10 -1008601
393540 -1008599
727157 -855048
950077 -571324
1028356 -200621
950076 200625
727154 571328
393528 855051
-10 1008599
-393546 1008595
-727163 855044
-950077 571322
-1028355 200619
-950074 -200627
-727152 -571329
-393526 -855051
12 -1008598
393548 -1008593
727165 -855042
950078 -571319
1028354 -200615
950071 200630
727147 571331
393521 855051
-15 1008596
-393549 1008591
-727165 855040
-950078 571317
-1028354 200613
-950071 -200632
-727147 -571333
-393520 -855053
17 -1008597
393551 -1008590
727166 -855038
950077 -571315
1028352 -200611
950068 200634
727143 571334
393516 855053
-21 1008596
-393554 1008587
-727167 855033
-950076 571309
-1028349 200606
-950064 -200637
-727139 -571335
-393513 -855052
22 -1008594
393554 -1008585
727171 -855027
950081 -571305
1028351 -200607
950066 200638
727141 571337
393514 855054
-23 1008596
-393556 1008587
-727173 855028
-950083 571304
-1028352 200605
-950065 -200640
-727138 -571339
-393510 -855055
26 -1008595
393558 -1008585
727174 -855026
950083 -571302
1028352 -200603
950065 200642
727138 571341
393510 855057
-27 1008597
-393560 1008586
-727176 855026
-950085 571302
-1028354 200602
-950067 -200644
-727139 -571343
-393509 -855059
29 -1008599
393562 -1008588
727178 -855027
950086 -571301
1028353 -200600
950064 200646
727135 571345
393505 855061
-33 1008600
-393566 1008587
-727182 855024
-950090 571290
-1028357 200589
-950067 -200650
-727136 -571349
-393504 -855065
36 -1008604
393570 -1008590
727186 -855026
950094 -571291
1028361 -200589
950071 200651
727139 571352
393506 855069
-35 1008608
-393571 1008594
-727188 855029
-950096 571293
-1028363 200590
-950073 -200652
-727141 -571354
-393507 -855071
35 -1008610
393571 -1008596
727189 -855031
950098 -571294
1028365 -200590
950075 200652
727143 571355
393508 855074
-36 1008614
-393574 1008600
-727193 855034
-950103 571296
-1028371 200591
-950080 -200653
-727146 -571357
-393510 -855076
34 -1008616
393573 -1008602
727194 -855036
950105 -571297
1028369 -200582
950077 200662
727146 571357
393510 855076
-34 1008616
-393573 1008602
-727194 855036
-950105 571297
-1028369 200582
-950077 -200662
-727146 -571357
-393510 -855076
34 -1008616
393573 -1008602
727194 -855036
950105 -571297
1028369 -200582
950077 200662
727146 571357
393510 855076
-34 1008616
-393573 1008602
-727194 855036
-950105 571297
-1028369 200582
-950077 -200662
-727146 -571357
-393510 -855076
34 -1008616
393573 -1008602
727194 -855036
950105 -571297
1028369 -200582
950077 200662
727146 571357
393510 855076
-34 1008616
-393573 1008602
-727194 855036
-950105 571297
-1028369 200582
-950071 -200670
-727140 -571364
-393510 -855074
34 -1008614
393572 -1008600
727192 -855035
950103 -571298
1028368 -200585
950072 200666
727143 571361
393514 855073
-30 1008615
-393569 1008603
-727190 855039
-950102 571302
-1028369 200589
-950075 -200662
-727147 -571358
-393518 -855072
27 -1008616
393567 -1008605
727189 -855042
950103 -571306
1028371 -200592
950077 200661
727149 571358
393520 855072
-25 1008616
-393566 1008606
-727189 855044
-950103 571308
-1028371 200594
-950077 -200659
-727150 -571356
-393522 -855071
23 -1008617
393564 -1008608
727188 -855046
950103 -571310
1028372 -200596
950079 200657
727144 571361
393517 855075
-19 1008614
-393560 1008607
-727184 855047
-950100 571313
-1028371 200601
-950081 -200651
-727148 -571356
-393521 -855072
14 -1008612
393554 -1008606
727179 -855048
950097 -571316
1028370 -200605
950081 200647
727149 571352
393523 855069
-12 1008611
-393553 1008607
-727179 855050
-950097 571318
-1028370 200607
-950082 -200645
-727151 -571350
-393526 -855067
8 -1008610
393549 -1008607
727175 -855051
950094 -571320
1028369 -200610
950083 200641
727154 571347
393530 855066
-4 1008610
-393545 1008608
-727172 855053
-950092 571323
-1028368 200614
-950083 -200637
-727155 -571343
-393523 -855067
12 -1008612
393545 -1008606
727171 -855051
950090 -571321
1028365 -200612
950079 200638
727151 571342
393520 855064
-13 1008607
-393543 1008600
-727167 855046
-950086 571318
-1028361 200611
-950075 -200638
-727147 -571341
-393517 -855061
14 -1008603
393543 -1008596
727166 -855042
950083 -571314
1028357 -200608
950071 200639
727144 571340
393515 855059
-15 1008600
-393542 1008592
-727163 855039
-950079 571313
-1028353 200609
-950068 -200636
-727143 -571336
-393516 -855055
13 -1008597
393540 -1008591
727161 -855039
950077 -571313
1028351 -200609
950066 200636
727141 571335
393515 855052
-20 1008594
-393545 1008587
-727157 855034
-950072 571310
-1028345 200608
-950060 -200635
-727136 -571332
-393512 -855047
21 -1008588
393544 -1008581
727154 -855028
950068 -571305
1028341 -200605
950056 200636
727132 571331
393508 855045
-24 1008585
-393545 1008577
-727153 855024
-950065 571301
-1028336 200602
-950050 -200637
-727127 -571330
-393505 -855042
26 -1008581
393546 -1008573
727152 -855020
950063 -571298
1028334 -200600
950048 200638
727125 571330
393503 855042
-27 1008580
-393546 1008571
-727152 855018
-950062 571296
-1028332 200599
-950046 -200638
-727123 -571330
-393501 -855041
29 -1008578
393554 -1008567
727160 -855014
950063 -571293
1028331 -200595
950044 200641
727121 571331
393499 855041
-31 1008578
-393556 1008566
-727161 855012
-950063 571291
-1028331 200593
-950044 -200643
-727120 -571333
-393497 -855042
32 -1008577
393556 -1008564
727161 -855010
950063 -571289
1028331 -200591
950043 200645
727118 571335
393495 855044
-35 1008579
-393560 1008565
-727164 855009
-950064 571287
-1028330 200589
-950041 -200647
-727116 -571336
-393493 -855044
37 -1008579
393562 -1008565
727166 -855008
950066 -571285
1028331 -200586
950040 200651
727113 571340
393489 855047
-41 1008580
-393565 1008564
-727172 855002
-950072 571279
-1028333 200584
-950042 -200653
-727115 -571342
-393490 -855049
41 -1008582
393566 -1008566
727174 -855003
950074 -571279
1028335 -200583
950043 200656
727114 571346
393487 855053
-46 1008585
-393572 1008567
-727179 855002
-950078 571276
-1028338 200579
-950044 -200660
-727113 -571350
-393485 -855056
48 -1008587
393574 -1008569
727182 -855004
950082 -571277
1028341 -200578
950045 200663
727112 571354
393482 855060
-52 1008590
-393578 1008570
-727185 855003
-950083 571275
-1028341 200576
-950045 -200665
-727112 -571356
-393482 -855062
53 -1008592
393580 -1008572
727187 -855004
950085 -571268
1028343 -200569
950047 200665
727113 571357
393481 855064
-55 1008593
-393582 1008571
-727189 855002
-950087 571266
-1028345 200567
-950049 -200667
-727115 -571359
-393483 -855066
54 -1008596
393583 -1008575
727192 -855006
950091 -571269
1028349 -200568
950052 200668
727116 571362
393482 855070
-56 1008599
-393585 1008577
-727194 855007
-950093 571268
-1028350 200566
-950052 -200670
-727116 -571364
-393482 -855072
56 -1008601
393585 -1008579
727194 -855009
950093 -571270
1028351 -200568
950054 200669
727118 571364
393484 855073
-55 1008604
-393586 1008583
-727197 855013
-950098 571274
-1028354 200563
-950057 -200675
-727124 -571363
-393489 -855074
52 -1008607
393585 -1008587
727198 -855017
950101 -571277
1028358 -200564
950061 200675
727128 571364
393492 855077
-51 1008611
-393586 1008591
-727200 855020
-950103 571279
-1028360 200566
-950063 -200674
-727130 -571364
-393494 -855077
49 -1008611
393584 -1008592
727199 -855023
950104 -571283
1028363 -200569
950067 200673
727133 571365
393496 855080
-48 1008616
-393585 1008598
-727202 855028
-950108 571286
-1028367 200570
-950071 -200673
-727137 -571366
-393499 -855082
46 -1008618
393584 -1008600
727202 -855030
950109 -571288
1028369 -200572
950067 200680
727133 571373
393501 855081
-45 1008619
-393584 1008602
-727202 855032
-950109 571290
-1028369 200574
-950067 -200678
-727133 -571371
-393502 -855079
42 -1008617
393580 -1008601
727199 -855033
950107 -571292
1028368 -200576
950068 200676
727135 571370
393504 855079
-40 1008617
-393578 1008601
-727197 855034
-950106 571295
-1028369 200580
-950071 -200672
-727140 -571366
-393510 -855076
34 -1008616
393573 -1008602
727194 -855036
950105 -571297
1028369 -200582
950071 200670
727140 571364
393510 855074
-34 1008614
-393572 1008600
-727192 855035
-950103 571298
-1028368 200585
-950072 -200666
-727135 -571367
-393507 -855077
28 -1008612
393567 -1008601
727188 -855038
950100 -571302
1028367 -200589
950073 200662
727137 571364
393509 855076
-26 1008612
-393565 1008602
-727187 855040
-950100 571304
-1028367 200591
-950073 -200660
-727138 -571362
-393511 -855074
24 -1008610
393563 -1008600
727184 -855038
950096 -571303
1028363 -200592
950070 200657
727137 571357
393512 855068
-21 1008605
-393558 1008597
-727179 855038
-950093 571306
-1028362 200596
-950071 -200653
-727139 -571354
-393505 -855071
28 -1008608
393556 -1008595
727176 -855036
950089 -571305
1028359 -200597
950069 200651
727138 571351
393506 855067
-26 1008605
-393554 1008594
-727174 855036
-950087 571305
-1028357 200598
-950068 -200648
-727139 -571347
-393509 -855063
21 -1008601
393547 -1008591
727167 -855036
950082 -571308
1028354 -200602
950067 200644
727139 571343
393509 855059
-20 1008597
-393545 1008587
-727164 855032
-950077 571305
-1028348 200602
-950061 -200641
-727135 -571338
-393509 -855053
18 -1008592
393542 -1008584
727160 -855031
950074 -571306
1028346 -200604
950060 200639
727135 571336
393509 855051
-26 1008591
-393550 1008582
-727159 855027
-950071 571302
-1028342 200601
-950056 -200640
-727131 -571335
-393506 -855048
27 -1008587
393549 -1008578
727156 -855023
950067 -571299
1028338 -200599
950052 200641
727127 571335
393502 855048
-30 1008586
-393551 1008576
-727158 855021
-950068 571297
-1028337 200597
-950049 -200643
-727123 -571336
-393498 -855047
34 -1008583
393554 -1008571
727159 -855015
950067 -571291
1028335 -200592
950047 200646
727121 571338
393496 855048
-36 1008583
-393556 1008571
-727160 855014
-950067 571289
-1028334 200590
-950045 -200648
-727119 -571339
-393494 -855048
38 -1008583
393564 -1008569
727169 -855012
950070 -571288
1028335 -200587
950044 200652
727116 571343
393490 855051
-42 1008584
-393568 1008568
-727172 855009
-950071 571283
-1028334 200581
-950041 -200657
-727112 -571346
-393486 -855052
45 -1008583
393570 -1008566
727174 -855007
950073 -571281
1028336 -200579
950042 200660
727111 571350
393483 855056
-50 1008586
-393575 1008566
-727177 855004
-950074 571277
-1028335 200575
-950040 -200663
-727109 -571352
-393481 -855058
52 -1008588
393578 -1008568
727181 -855005
950077 -571276
1028337 -200573
950041 200666
727108 571356
393478 855061
-56 1008589
-393581 1008567
-727186 854998
-950082 571269
-1028338 200570
-950040 -200670
-727105 -571359
-393474 -855062
60 -1008588
393584 -1008564
727187 -854994
950081 -571265
1028335 -200567
950036 200671
727102 571358
393473 855060
-59 1008586
-393582 1008563
-727185 854994
-950079 571265
-1028333 200567
-950034 -200671
-727100 -571358
-393471 -855060
61 -1008586
393584 -1008562
727187 -854992
950081 -571263
1028335 -200565
950036 200673
727101 571360
393470 855062
-63 1008587
-393586 1008562
-727189 854992
-950083 571263
-1028337 200564
-950037 -200675
-727101 -571362
-393470 -855064
64 -1008589
393588 -1008564
727191 -854993
950085 -571256
1028339 -200558
950039 200674
727103 571363
393471 855066
-64 1008591
-393589 1008566
-727193 854995
-950087 571257
-1028341 200557
-950041 -200676
-727104 -571365
-393471 -855068
64 -1008593
393589 -1008568
727194 -854997
950090 -571259
1028345 -200559
950045 200675
727108 571366
393474 855071
-64 1008598
-393592 1008573
-727198 855000
-950094 571260
-1028349 200558
-950048 -200678
-727109 -571370
-393474 -855075
64 -1008602
393593 -1008577
727201 -855004
950098 -571263
1028353 -200559
950052 200679
727112 571373
393475 855079
-65 1008606
-393595 1008581
-727203 855007
-950100 571265
-1028352 200553
-950052 -200684
-727117 -571370
-393481 -855078
60 -1008607
393592 -1008584
727202 -855012
950101 -571271
1028355 -200558
950056 200681
727121 571369
393484 855079
-58 1008609
-393591 1008586
-727203 855014
-950103 571272
-1028357 200558
-950058 -200681
-727123 -571369
-393486 -855080
57 -1008612
393591 -1008590
727204 -855018
950106 -571276
1028361 -200561
950062 200680
727126 571370
393488 855082
-55 1008614
-393590 1008592
-727204 855020
-950107 571278
-1028364 200563
-950066 -200679
-727130 -571371
-393491 -855085
54 -1008619
393591 -1008598
727207 -855025
950111 -571281
1028368 -200564
950064 200687
727128 571378
393495 855084
-50 1008619
-393587 1008599
-727204 855028
-950110 571286
-1028369 200570
-950067 -200682
-727132 -571375
-393499 -855082
46 -1008618
393584 -1008600
727202 -855030
950109 -571288
1028369 -200572
950067 200680
727133 571373
393501 855081
-45 1008619
-393584 1008602
-727202 855032
-950109 571290
-1028369 200574
-950067 -200678
-727133 -571371
-393502 -855079
42 -1008617
393580 -1008601
727199 -855033
950107 -571292
1028368 -200576
950068 200676
727135 571370
393504 855079
-40 1008617
-393578 1008601
-727197 855034
-950106 571295
-1028369 200580
-950071 -200672
-727132 -571373
-393501 -855083
36 -1008616
393575 -1008602
727196 -855036
950107 -571297
1028371 -200582
950073 200670
727134 571371
393504 855081
-32 1008615
-393571 1008603
-727192 855039
-950104 571302
-1028370 200588
-950074 -200664
-727137 -571366
-393508 -855078
28 -1008614
393567 -1008603
727189 -855040
950102 -571304
1028369 -200591
950075 200660
727140 571362
393513 855075
-22 1008613
-393562 1008605
-727185 855044
-950099 571309
-1028368 200597
-950076 -200654
-727142 -571357
-393515 -855071
20 -1008609
393559 -1008601
727181 -855041
950095 -571308
1028365 -200598
950075 200652
727143 571355
393508 855074
-28 1008613
-393559 1008601
-727181 855041
-950095 571308
-1028365 200598
-950075 -200652
-727143 -571355
-393508 -855074
28 -1008613
393559 -1008601
727181 -855041
950095 -571308
1028365 -200598
950075 200652
727143 571355
393508 855074
-28 1008613
-393559 1008601
-727181 855041
-950095 571308
-1028365 200598
-950075 -200652
-727143 -571355
-393508 -855074
28 -1008613
393559 -1008601
727181 -855041
950095 -571308
1028365 -200598
950075 200652
727143 571355
393508 855074
-28 1008613
-393559 1008601
-727181 855041
-950095 571308
-1028365 200598
-950075 -200652
-727143 -571355
-393508 -855074
36 -1008614
393567 -1008601
727181 -855039
950095 -571306
1028364 -200596
950072 200654
727139 571356
393505 855073
-38 1008612
-393569 1008599
-727182 855037
-950095 571304
-1028364 200594
-950072 -200656
-727138 -571358
-393502 -855075
42 -1008613
393572 -1008598
727184 -855034
950095 -571299
1028361 -200588
950067 200661
727132 571361
393496 855076
-47 1008612
-393576 1008596
-727187 855032
-950097 571297
-1028362 200586
-950067 -200663
-727132 -571363
-393496 -855078
48 -1008614
393578 -1008597
727189 -855031
950098 -571294
1028361 -200582
950064 200666
727128 571364
393492 855077
-51 1008611
-393586 1008591
-727196 855025
-950097 571290
-1028359 200578
-950061 -200670
-727123 -571367
-393486 -855078
56 -1008610
393589 -1008588
727198 -855021
950099 -571286
1028360 -200574
950061 200674
727122 571371
393484 855081
-58 1008611
-393591 1008588
-727199 855020
-950098 571284
-1028357 200572
-950057 -200675
-727119 -571370
-393482 -855079
60 -1008609
393593 -1008586
727201 -855018
950100 -571282
1028359 -200570
950058 200678
727118 571374
393480 855082
-62 1008611
-393595 1008587
-727202 855017
-950099 571280
-1028357 200568
-950056 -200679
-727116 -571374
-393478 -855082
64 -1008610
393596 -1008585
727206 -855011
950104 -571275
1028359 -200568
950057 200680
727116 571376
393478 855084
-64 1008612
-393597 1008587
-727208 855013
-950106 571276
-1028361 200568
-950059 -200680
-727118 -571376
-393480 -855084
63 -1008613
393597 -1008589
727209 -855015
950109 -571278
1028365 -200569
950063 200681
727121 571379
393480 855089
-66 1008618
-393601 1008592
-727213 855016
-950112 571277
-1028366 200566
-950062 -200685
-727118 -571383
-393476 -855092
70 -1008619
393605 -1008591
727216 -855013
950114 -571273
1028367 -200562
950062 200689
727117 571387
393473 855096
-74 1008623
-393609 1008594
-727220 855014
-950118 571265
-1028371 200553
-950065 -200692
-727118 -571391
-393472 -855100
77 -1008626
393614 -1008596
727226 -855015
950123 -571264
1028374 -200550
950066 200696
727118 571395
393472 855104
-77 1008630
-393615 1008600
-727229 855019
-950128 571267
-1028380 200551
-950072 -200697
-727123 -571398
-393475 -855108
77 -1008635
393617 -1008605
727231 -855022
950130 -571269
1028382 -200553
950074 200696
727125 571399
393476 855111
-77 1008639
-393618 1008609
-727234 855026
-950134 571272
-1028383 200546
-950075 -200703
-727129 -571397
-393480 -855110
73 -1008639
393615 -1008610
727232 -855028
950133 -571275
1028384 -200550
950077 200700
727131 571396
393482 855110
-72 1008640
-393615 1008612
-727233 855030
-950135 571276
-1028386 200550
-950079 -200700
-727133 -571396
-393484 -855110
70 -1008640
393613 -1008612
727231 -855031
950134 -571279
1028387 -200554
950082 200697
727137 571395
393488 855111
-67 1008643
-393612 1008617
-727232 855037
-950137 571284
-1028391 200557
-950086 -200695
-727141 -571394
-393491 -855112
65 -1008645
393611 -1008619
727233 -855039
950139 -571286
1028394 -200559
950084 200702
727139 571402
393495 855113
-62 1008648
-393610 1008624
-727234 855045
-950142 571291
-1028398 200562
-950088 -200701
-727143 -571402
-393499 -855113
58 -1008649
393606 -1008626
727230 -855047
950139 -571294
1028397 -200566
950089 200697
727145 571399
393501 855112
-56 1008649
-393603 1008619
-727226 855042
-950134 571291
-1028391 200565
-950083 -200696
-727140 -571396
-393498 -855107
57 -1008643
393603 -1008621
727226 -855044
950135 -571293
1028393 -200567
950086 200694
727144 571394
393502 855106
-53 1008644
-393600 1008624
-727225 855049
-950136 571299
-1028396 200573
-950090 -200689
-727140 -571398
-393498 -855111
49 -1008643
393596 -1008624
727221 -855049
950132 -571300
1028393 -200575
950089 200686
727141 571394
393501 855107
-45 1008639
-393592 1008621
-727217 855048
-950129 571301
-1028391 200578
-950088 -200682
-727142 -571390
-393503 -855104
43 -1008638
393590 -1008622
727216 -855051
950129 -571305
1028392 -200582
950091 200678
727146 571387
393507 855103
-39 1008638
-393586 1008622
-727212 855051
-950125 571305
-1028389 200583
-950089 -200676
-727145 -571384
-393508 -855099
36 -1008635
393582 -1008621
727208 -855052
950122 -571308
1028387 -200587
950088 200672
727146 571380
393502 855099
-41 1008635
-393578 1008618
-727204 855051
-950119 571309
-1028386 200589
-950088 -200670
-727146 -571378
-393502 -855097
41 -1008633
393577 -1008616
727202 -855049
950116 -571307
1028382 -200588
950085 200669
727144 571376
393500 855095
-42 1008630
-393577 1008612
-727201 855045
-950114 571304
-1028380 200587
-950083 -200668
-727143 -571373
-393501 -855091
40 -1008627
393574 -1008610
727197 -855044
950110 -571304
1028376 -200587
950079 200668
727139 571373
393498 855090
-41 1008624
-393573 1008606
-727194 855040
-950105 571301
-1028370 200586
-950074 -200666
-727136 -571368
-393497 -855084
49 -1008620
393581 -1008603
727194 -855036
950105 -571297
1028369 -200582
950071 200670
727132 571371
393493 855085
-52 1008619
-393582 1008600
-727193 855032
-950102 571294
-1028365 200581
-950067 -200669
-727129 -571368
-393492 -855081
52 -1008615
393582 -1008596
727192 -855028
950099 -571290
1028361 -200578
950063 200670
727125 571367
393488 855078
-54 1008610
-393580 1008590
-727187 855023
-950093 571287
-1028355 200577
-950058 -200669
-727122 -571365
-393487 -855076
54 -1008608
393580 -1008588
727187 -855021
950093 -571285
1028354 -200575
950055 200671
727118 571366
393483 855075
-57 1008605
-393588 1008582
-727194 855015
-950092 571281
-1028352 200572
-950053 -200673
-727115 -571368
-393479 -855076
61 -1008605
393592 -1008582
727198 -855014
950095 -571278
1028353 -200567
950052 200679
727112 571373
393475 855079
-65 1008606
-393595 1008581
-727200 855012
-950097 571276
-1028354 200565
-950051 -200681
-727110 -571375
-393472 -855081
69 -1008607
393599 -1008580
727203 -855009
950098 -571272
1028354 -200561
950051 200685
727109 571379
393470 855084
-72 1008609
-393603 1008581
-727206 855008
-950099 571269
-1028353 200557
-950048 -200688
-727105 -571380
-393466 -855084
75 -1008608
393605 -1008579
727212 -855001
950106 -571262
1028356 -200554
950049 200693
727104 571386
393463 855089
-80 1008611
-393611 1008580
-727217 855000
-950109 571259
-1028357 200550
-950048 -200697
-727101 -571390
-393458 -855093
86 -1008614
393617 -1008581
727223 -854999
950114 -571256
1028360 -200545
950049 200703
727100 571396
393456 855098
-89 1008618
-393621 1008584
-727227 855000
-950118 571255
-1028363 200542
-950050 -200707
-727099 -571400
-393453 -855102
93 -1008621
393625 -1008585
727231 -854999
950121 -571252
1028364 -200538
950050 200711
727099 571404
393452 855106
-96 1008624
-393629 1008586
-727235 854999
-950125 571245
-1028368 200531
-950053 -200712
-727100 -571406
-393452 -855108
96 -1008626
393629 -1008588
727235 -855001
950126 -571247
1028370 -200532
950055 200712
727102 571406
393454 855108
-94 1008627
-393628 1008591
-727236 855005
-950128 571251
-1028373 200536
-950060 -200709
-727108 -571406
-393459 -855111
91 -1008632
393627 -1008597
727237 -855011
950131 -571256
1028378 -200539
950066 200708
727113 571407
393462 855114
-90 1008636
-393628 1008601
-727239 855014
-950134 571258
-1028382 200540
-950069 -200709
-727115 -571409
-393464 -855116
89 -1008638
393629 -1008603
727242 -855016
950138 -571259
1028382 -200532
950068 200717
727117 571409
393465 855117
-89 1008640
-393629 1008605
-727242 855018
-950138 571261
-1028383 200534
-950071 -200715
-727121 -571408
-393469 -855118
86 -1008643
393628 -1008609
727243 -855022
950141 -571265
1028387 -200537
950075 200714
727125 571409
393473 855120
-83 1008646
-393627 1008614
-727244 855028
-950144 571270
-1028392 200540
-950081 -200713
-727130 -571410
-393476 -855123
81 -1008650
393626 -1008618
727245 -855032
950146 -571274
1028394 -200544
950083 200709
727133 571407
393480 855122
-78 1008651
-393625 1008621
-727246 855036
-950149 571277
-1028398 200545
-950081 -200718
-727130 -571416
-393482 -855122
76 -1008651
393623 -1008621
727244 -855036
950147 -571278
1028397 -200547
950081 200716
727131 571414
393484 855121
-74 1008652
-393619 1008615
-727237 855031
-950139 571275
-1028389 200547
-950074 -200712
-727126 -571407
-393482 -855112
72 -1008642
393615 -1008614
727233 -855032
950135 -571278
1028386 -200552
950074 200706
727129 571402
393486 855109
-68 1008641
-393612 1008615
-727232 855035
-950136 571282
-1028389 200555
-950078 -200705
-727133 -571402
-393490 -855110
65 -1008643
393610 -1008617
727230 -855037
950135 -571285
1028390 -200559
950080 200701
727127 571405
393484 855112
-62 1008638
-393606 1008614
-727226 855036
-950131 571285
-1028386 200560
-950077 -200698
-727126 -571401
-393485 -855108
59 -1008634
393601 -1008611
727220 -855035
950126 -571287
1028383 -200565
950076 200692
727127 571395
393488 855103
-55 1008631
-393597 1008610
-727217 855036
-950124 571289
-1028382 200567
-950077 -200690
-727130 -571393
-393492 -855102
51 -1008632
393594 -1008612
727215 -855038
950123 -571291
1028382 -200569
950077 200688
727130 571391
393492 855100
-51 1008630
-393593 1008610
-727213 855037
-950121 571292
-1028381 200572
-950078 -200684
-727132 -571388
-393486 -855102
56 -1008631
393589 -1008607
727209 -855035
950117 -571290
1028377 -200571
950074 200683
727129 571385
393484 855098
-57 1008627
-393588 1008603
-727206 855032
-950113 571289
-1028373 200571
-950071 -200682
-727128 -571383
-393485 -855096
55 -1008625
393586 -1008602
727204 -855032
950111 -571290
1028371 -200574
950069 200678
727127 571378
393486 855090
-52 1008620
-393581 1008598
-727198 855029
-950105 571289
-1028366 200575
-950066 -200675
-727126 -571374
-393487 -855086
49 -1008616
393577 -1008595
727194 -855028
950101 -571290
1028363 -200578
950065 200671
727126 571370
393488 855082
-55 1008614
-393583 1008594
-727192 855026
-950099 571288
-1028360 200576
-950061 -200672
-727123 -571369
-393486 -855080
57 -1008612
393585 -1008592
727193 -855024
950099 -571286
1028360 -200574
950061 200674
727122 571371
393484 855081
-58 1008611
-393584 1008590
-727191 855022
-950096 571284
-1028356 200573
-950057 -200673
-727119 -571368
-393483 -855077
58 -1008607
393584 -1008586
727190 -855018
950094 -571281
1028353 -200571
950053 200675
727115 571370
393479 855078
-62 1008607
-393587 1008585
-727192 855016
-950095 571278
-1028353 200567
-950052 -200679
-727112 -571373
-393475 -855079
65 -1008606
393595 -1008581
727200 -855012
950097 -571276
1028354 -200565
950051 200681
727110 571375
393472 855081
-69 1008607
-393599 1008580
-727203 855009
-950098 571272
-1028354 200561
-950051 -200685
-727109 -571379
-393470 -855084
72 -1008609
393603 -1008581
727206 -855008
950099 -571269
1028353 -200557
950048 200688
727105 571380
393466 855084
-75 1008608
-393605 1008579
-727208 855006
-950101 571267
-1028354 200554
-950048 -200692
-727104 -571384
-393464 -855087
77 -1008609
393606 -1008578
727211 -854999
950103 -571260
1028352 -200553
950046 200692
727102 571384
393462 855087
-79 1008609
-393608 1008578
-727213 854999
-950105 571260
-1028354 200552
-950047 -200694
-727102 -571386
-393461 -855089
82 -1008611
393612 -1008579
727217 -854998
950108 -571257
1028355 -200548
950046 200698
727100 571389
393459 855091
-84 1008612
-393614 1008579
-727219 854998
-950110 571257
-1028357 200548
-950048 -200699
-727101 -571392
-393458 -855095
86 -1008616
393617 -1008583
727223 -855001
950114 -571258
1028360 -200547
950050 200701
727102 571394
393458 855097
-87 1008618
-393619 1008584
-727225 855001
-950117 571251
-1028364 200540
-950053 -200702
-727104 -571396
-393459 -855099
87 -1008620
393619 -1008586
727226 -855003
950119 -571253
1028367 -200542
950058 200700
727110 571396
393464 855102
-84 1008625
-393619 1008593
-727229 855010
-950124 571258
-1028373 200544
-950063 -200702
-727113 -571400
-393466 -855106
83 -1008629
393620 -1008597
727232 -855014
950128 -571261
1028377 -200546
950067 200700
727117 571399
393469 855107
-81 1008631
-393618 1008599
-727230 855016
-950127 571263
-1028378 200548
-950069 -200699
-727119 -571399
-393471 -855108
80 -1008634
393619 -1008603
727233 -855020
950132 -571267
1028381 -200543
950073 200705
727127 571399
393478 855111
-75 1008639
-393617 1008610
-727234 855028
-950135 571274
-1028386 200548
-950079 -200702
-727133 -571398
-393484 -855112
70 -1008642
393613 -1008614
727232 -855033
950136 -571280
1028388 -200553
950081 200699
727135 571397
393485 855113
-71 1008644
-393616 1008616
-727236 855034
-950139 571279
-1028390 200551
-950083 -200701
-727136 -571399
-393485 -855115
71 -1008646
393616 -1008618
727236 -855036
950140 -571281
1028392 -200553
950085 200699
727139 571397
393489 855114
-67 1008647
-393613 1008621
-727235 855040
-950141 571285
-1028395 200556
-950083 -200706
-727136 -571405
-393491 -855114
65 -1008647
393611 -1008621
727233 -855041
950139 -571288
1028394 -200561
950084 200700
727139 571400
393495 855111
-61 1008646
-393607 1008622
-727230 855043
-950138 571290
-1028394 200563
-950085 -200698
-727141 -571398
-393498 -855109
57 -1008645
393604 -1008623
727228 -855046
950137 -571295
1028396 -200569
950090 200693
727148 571395
393505 855109
-52 1008648
-393599 1008620
-727222 855045
-950131 571296
-1028390 200572
-950085 -200688
-727145 -571388
-393505 -855100
49 -1008639
393595 -1008620
727219 -855046
950130 -571298
1028391 -200574
950087 200686
727139 571393
393499 855105
-46 1008637
-393591 1008619
-727215 855047
-950127 571301
-1028389 200578
-950086 -200682
-727140 -571389
-393502 -855101
42 -1008634
393587 -1008618
727211 -855047
950123 -571302
1028386 -200581
950085 200677
727141 571383
393505 855096
-37 1008630
-393581 1008615
-727205 855046
-950117 571303
-1028381 200584
-950082 -200672
-727140 -571377
-393506 -855090
34 -1008625
393577 -1008612
727201 -855045
950114 -571304
1028380 -200587
950083 200668
727143 571373
393510 855087
-30 1008624
-393573 1008613
-727198 855048
-950113 571308
-1028381 200591
-950085 -200665
-727145 -571372
-393503 -855091
38 -1008627
393573 -1008611
727197 -855046
950110 -571306
1028376 -200589
950079 200666
727140 571371
393500 855089
-39 1008625
-393572 1008609
-727195 855044
-950108 571305
-1028375 200590
-950080 -200664
-727142 -571369
-393502 -855087
37 -1008623
393570 -1008607
727193 -855043
950106 -571305
1028373 -200590
950078 200663
727140 571367
393500 855085
-39 1008621
-393571 1008605
-727193 855041
-950106 571303
-1028372 200588
-950076 -200665
-727138 -571368
-393499 -855084
38 -1008619
393569 -1008603
727190 -855039
950102 -571302
1028369 -200589
950075 200662
727139 571364
393501 855081
-45 1008619
-393578 1008604
-727192 855039
-950104 571302
-1028370 200588
-950074 -200664
-727137 -571366
-393499 -855082
46 -1008618
393577 -1008602
727190 -855037
950101 -571300
1028366 -200587
950070 200664
727133 571365
393496 855080
-48 1008616
-393578 1008599
-727189 855033
-950099 571296
-1028364 200584
-950068 -200665
-727131 -571365
-393494 -855079
49 -1008613
393578 -1008595
727188 -855029
950096 -571293
1028359 -200582
950062 200666
727126 571363
393491 855074
-50 1008607
-393576 1008589
-727184 855024
-950092 571290
-1028355 200581
-950059 -200665
-727124 -571361
-393490 -855072
50 -1008605
393583 -1008586
727192 -855022
950093 -571289
1028355 -200579
950058 200667
727122 571363
393487 855074
-54 1008606
-393587 1008585
-727195 855019
-950095 571285
-1028356 200575
-950057 -200671
-727120 -571366
-393485 -855075
56 -1008606
393588 -1008584
727195 -855017
950094 -571283
1028354 -200573
950055 200673
727117 571368
393481 855076
-59 1008605
-393590 1008582
-727196 855015
-950094 571281
-1028353 200571
-950053 -200675
-727115 -571370
-393479 -855078
62 -1008607
393594 -1008583
727200 -855014
950097 -571278
1028355 -200567
950054 200679
727114 571374
393476 855082
-66 1008610
-393598 1008584
-727208 855009
-950106 571272
-1028360 200564
-950057 -200684
-727115 -571380
-393475 -855088
69 -1008615
393603 -1008588
727214 -855011
950111 -571271
1028363 -200561
950058 200688
727114 571384
393472 855091
-73 1008617
-393607 1008589
-727218 855011
-950115 571270
-1028366 200558
-950059 -200692
-727113 -571388
-393470 -855095
76 -1008620
393611 -1008590
727221 -855010
950116 -571268
1028366 -200556
950059 200694
727113 571390
393469 855097
-78 1008622
-393613 1008592
-727223 855011
-950118 571268
-1028368 200556
-950060 -200695
-727112 -571392
-393467 -855098
80 -1008621
393614 -1008589
727223 -855007
950118 -571257
1028368 -200546
950060 200697
727112 571394
393467 855100
-80 1008623
-393615 1008591
-727225 855009
-950120 571259
-1028370 200547
-950062 -200697
-727114 -571394
-393468 -855101
80 -1008625
393615 -1008593
727225 -855011
950121 -571261
1028372 -200549
950064 200696
727116 571395
393470 855103
-79 1008628
-393616 1008597
-727228 855015
-950125 571264
-1028376 200550
-950068 -200696
-727120 -571395
-393474 -855104
76 -1008631
393615 -1008602
727229 -855021
950128 -571269
1028380 -200553
950072 200695
727123 571396
393475 855106
-76 1008633
-393615 1008604
-727230 855023
-950130 571271
-1028380 200547
-950073 -200701
-727127 -571395
-393479 -855107
73 -1008635
393614 -1008606
727230 -855025
950131 -571273
1028382 -200549
950076 200699
727131 571394
393483 855108
-69 1008638
-393611 1008611
-727229 855031
-950132 571279
-1028385 200554
-950080 -200696
-727135 -571393
-393486 -855109
68 -1008641
393612 -1008615
727232 -855035
950136 -571282
1028389 -200555
950084 200697
727139 571395
393489 855112
-67 1008645
-393613 1008619
-727234 855038
-950139 571284
-1028393 200557
-950088 -200696
-727143 -571396
-393493 -855114
64 -1008648
393611 -1008623
727234 -855043
950141 -571289
1028396 -200560
950086 200702
727141 571402
393497 855113
-60 1008649
-393607 1008618
-727229 855039
-950135 571287
-1028390 200561
-950081 -200699
-727138 -571397
-393496 -855107
59 -1008643
393605 -1008620
727228 -855042
950136 -571291
1028393 -200565
950085 200696
727142 571396
393500 855107
-55 1008643
-393601 1008621
-727224 855045
-950133 571295
-1028392 200569
-950086 -200692
-727145 -571392
-393505 -855104
49 -1008643
393596 -1008624
727221 -855049
950132 -571300
1028393 -200575
950089 200686
727149 571387
393509 855101
-45 1008641
-393592 1008623
-727217 855050
-950129 571303
-1028392 200580
-950090 -200680
-727144 -571388
-393505 -855102
40 -1008636
393586 -1008620
727211 -855049
950123 -571304
1028387 -200583
950087 200676
727143 571384
393506 855098
-37 1008632
-393581 1008617
-727205 855048
-950118 571305
-1028383 200586
-950084 -200671
-727142 -571377
-393508 -855090
32 -1008625
393575 -1008612
727199 -855046
950112 -571306
1028378 -200589
950081 200666
727142 571371
393511 855085
-28 1008622
-393571 1008611
-727195 855046
-950109 571307
-1028377 200591
-950082 -200664
-727144 -571369
-393504 -855087
35 -1008623
393568 -1008607
727191 -855043
950105 -571306
1028373 -200592
950079 200661
727143 571365
393505 855083
-33 1008620
-393566 1008606
-727189 855044
-950103 571308
-1028371 200594
-950077 -200659
-727141 -571363
-393503 -855081
34 -1008617
393565 -1008602
727187 -855040
950100 -571304
1028367 -200591
950073 200660
727138 571362
393502 855079
-34 1008615
-393565 1008600
-727186 855038
-950098 571303
-1028365 200592
-950071 -200658
-727136 -571359
-393501 -855074
32 -1008609
393560 -1008595
727180 -855035
950092 -571302
1028360 -200593
950068 200655
727135 571355
393502 855070
-38 1008607
-393566 1008593
-727178 855032
-950090 571300
-1028357 200591
-950064 -200656
-727131 -571354
-393498 -855068
42 -1008605
393569 -1008591
727179 -855029
950089 -571296
1028355 -200588
950062 200658
727129 571356
393496 855069
-44 1008604
-393570 1008588
-727178 855025
-950087 571293
-1028353 200586
-950060 -200659
-727127 -571355
-393494 -855067
45 -1008602
393570 -1008586
727178 -855023
950086 -571291
1028350 -200584
950055 200661
727121 571356
393489 855066
-48 1008599
-393571 1008582
-727177 855019
-950083 571287
-1028346 200581
-950051 -200662
-727117 -571356
-393485 -855065
52 -1008596
393581 -1008576
727186 -855012
950084 -571281
1028345 -200575
950049 200667
727115 571359
393483 855066
-54 1008596
-393583 1008575
-727188 855010
-950085 571278
-1028344 200571
-950046 -200671
-727111 -571362
-393479 -855068
58 -1008597
393586 -1008574
727189 -855008
950085 -571276
1028343 -200569
950043 200673
727106 571364
393473 855068
-63 1008594
-393590 1008570
-727192 855003
-950086 571270
-1028342 200563
-950041 -200678
-727104 -571367
-393471 -855070
65 -1008595
393591 -1008569
727192 -855001
950085 -571268
1028340 -200562
950039 200678
727102 571367
393469 855070
-67 1008595
-393593 1008569
-727197 854996
-950090 571263
-1028342 200561
-950040 -200680
-727102 -571369
-393468 -855072
69 -1008597
393595 -1008570
727199 -854996
950092 -571263
1028344 -200561
950042 200681
727103 571371
393468 855074
-70 1008599
-393598 1008572
-727203 854997
-950096 571262
-1028347 200558
-950043 -200685
-727102 -571375
-393466 -855077
72 -1008600
393600 -1008572
727205 -854997
950098 -571261
1028349 -200556
950045 200687
727104 571378
393466 855082
-75 1008606
-393604 1008577
-727210 855000
-950104 571262
-1028354 200554
-950048 -200692
-727104 -571384
-393464 -855087
77 -1008609
393606 -1008578
727211 -854999
950104 -571254
1028354 -200548
950048 200690
727105 571382
393466 855086
-76 1008610
-393607 1008580
-727214 855001
-950108 571255
-1028358 200547
-950051 -200693
-727106 -571386
-393465 -855090
78 -1008613
393609 -1008582
727216 -855003
950110 -571256
1028360 -200547
950053 200693
727108 571387
393466 855092
-78 1008615
-393609 1008584
-727217 855005
-950112 571258
-1028362 200549
-950055 -200692
-727110 -571387
-393468 -855092
77 -1008616
393610 -1008586
727219 -855006
950114 -571258
1028364 -200548
950057 200694
727111 571390
393468 855096
-78 1008620
-393613 1008590
-727223 855009
-950118 571259
-1028365 200540
-950058 -200702
-727115 -571390
-393471 -855097
76 -1008622
393611 -1008592
727222 -855012
950119 -571263
1028367 -200543
950060 200700
727117 571389
393473 855098
-75 1008625
-393612 1008596
-727224 855015
-950122 571265
-1028372 200545
-950066 -200699
-727122 -571390
-393476 -855100
73 -1008627
393610 -1008598
727223 -855018
950122 -571269
1028372 -200549
950067 200695
727125 571386
393481 855097
-67 1008626
-393605 1008600
-727220 855023
-950121 571275
-1028374 200555
-950072 -200690
-727132 -571383
-393488 -855097
62 -1008629
393602 -1008604
727219 -855027
950122 -571279
1028376 -200558
950068 200696
727128 571389
393491 855095
-58 1008628
-393598 1008605
-727216 855030
-950121 571283
-1028377 200562
-950070 -200693
-727130 -571387
-393493 -855094
56 -1008629
393597 -1008608
727216 -855034
950122 -571287
1028380 -200566
950075 200690
727136 571386
393498 855095
-53 1008631
-393595 1008610
-727215 855036
-950122 571289
-1028380 200568
-950075 -200688
-727136 -571384
-393499 -855093
51 -1008630
393593 -1008610
727213 -855037
950121 -571292
1028381 -200572
950078 200684
727141 571381
393505 855092
-45 1008631
-393589 1008614
-727212 855043
-950122 571298
-1028383 200577
-950081 -200680
-727137 -571385
-393501 -855097
41 -1008630
393585 -1008614
727209 -855044
950121 -571300
1028384 -200579
950083 200679
727139 571385
393503 855097
-39 1008630
-393583 1008615
-727207 855046
-950119 571302
-1028383 200582
-950083 -200675
-727140 -571381
-393505 -855094
37 -1008628
393581 -1008613
727205 -855044
950117 -571301
1028381 -200582
950082 200674
727140 571379
393505 855092
-36 1008626
-393579 1008612
-727203 855045
-950115 571303
-1028379 200585
-950081 -200670
-727141 -571375
-393508 -855088
32 -1008623
393574 -1008610
727197 -855044
950110 -571304
1028376 -200587
950079 200668
727139 571373
393498 855090
-41 1008624
-393573 1008606
-727194 855040
-950105 571301
-1028370 200586
-950074 -200666
-727136 -571368
-393497 -855084
40 -1008618
393571 -1008601
727192 -855037
950103 -571300
1028368 -200587
950072 200664
727135 571365
393498 855080
-38 1008615
-393568 1008599
-727188 855036
-950099 571300
-1028365 200588
-950071 -200662
-727136 -571363
-393500 -855078
35 -1008613
393564 -1008598
727184 -855036
950096 -571301
1028363 -200590
950069 200659
727134 571359
393499 855074
-34 1008609
-393561 1008594
-727180 855033
-950092 571300
-1028359 200591
-950066 -200656
-727133 -571355
-393500 -855070
40 -1008607
393568 -1008593
727179 -855031
950089 -571298
1028355 -200590
950062 200656
727129 571354
393496 855067
-43 1008602
-393568 1008587
-727176 855026
-950085 571295
-1028351 200588
-950058 -200657
-727126 -571353
-393495 -855065
43 -1008600
393568 -1008585
727176 -855024
950085 -571293
1028351 -200586
950058 200659
727125 571355
393493 855066
-45 1008600
-393570 1008584
-727177 855021
-950084 571289
-1028348 200583
-950054 -200660
-727122 -571354
-393491 -855064
46 -1008597
393569 -1008580
727175 -855018
950081 -571287
1028344 -200582
950050 200659
727118 571352
393488 855061
-47 1008593
-393575 1008575
-727181 855014
-950081 571285
-1028344 200580
-950050 -200661
-727118 -571354
-393487 -855063
50 -1008595
393579 -1008576
727184 -855013
950083 -571283
1028345 -200577
950049 200665
727115 571357
393483 855064
-53 1008594
-393581 1008574
-727186 855010
-950084 571279
-1028344 200573
-950046 -200669
-727111 -571360
-393479 -855066
57 -1008595
393584 -1008573
727187 -855008
950083 -571277
1028342 -200572
950044 200669
727109 571360
393477 855065
-59 1008593
-393586 1008570
-727188 855004
-950083 571273
-1028341 200568
-950042 -200672
-727107 -571362
-393475 -855067
61 -1008594
393588 -1008570
727194 -854999
950089 -571267
1028343 -200565
950043 200677
727106 571368
393472 855072
-65 1008597
-393592 1008571
-727198 854998
-950093 571265
-1028346 200562
-950044 -200681
-727105 -571372
-393470 -855076
68 -1008601
393596 -1008574
727202 -854999
950096 -571264
1028348 -200560
950045 200683
727104 571374
393467 855078
-72 1008602
-393600 1008574
-727206 854999
-950100 571263
-1028351 200557
-950046 -200688
-727103 -571380
-393464 -855083
76 -1008605
393604 -1008575
727209 -854998
950102 -571261
1028352 -200555
950046 200690
727103 571382
393464 855085
-77 1008607
-393606 1008576
-727211 854997
-950104 571252
-1028354 200546
-950048 -200692
-727104 -571384
-393464 -855087
77 -1008609
393606 -1008578
727211 -854999
950104 -571254
1028354 -200548
950048 200690
727105 571382
393466 855086
-76 1008610
-393607 1008580
-727214 855001
-950108 571255
-1028358 200547
-950051 -200693
-727106 -571386
-393465 -855090
78 -1008613
393609 -1008582
727216 -855003
950110 -571256
1028360 -200547
950053 200693
727108 571387
393466 855092
-78 1008615
-393609 1008584
-727217 855005
-950112 571258
-1028362 200549
-950055 -200692
-727110 -571387
-393468 -855092
77 -1008616
393610 -1008586
727219 -855006
950114 -571258
1028361 -200540
950054 200701
727111 571388
393468 855094
-77 1008618
-393610 1008588
-727219 855008
-950115 571260
-1028363 200542
-950057 -200699
-727116 -571386
-393474 -855094
72 -1008621
393607 -1008593
727218 -855015
950116 -571268
1028367 -200550
950063 200693
727122 571383
393480 855093
-66 1008622
-393602 1008596
-727215 855019
-950115 571272
-1028368 200554
-950066 -200689
-727126 -571380
-393484 -855092
63 -1008623
393601 -1008598
727216 -855021
950117 -571274
1028370 -200555
950062 200697
727122 571388
393486 855092
-61 1008623
-393599 1008599
-727214 855024
-950116 571278
-1028370 200559
-950063 -200693
-727125 -571384
-393490 -855089
57 -1008622
393595 -1008600
727211 -855027
950115 -571282
1028371 -200563
950065 200690
727127 571382
393492 855087
-55 1008621
-393593 1008600
-727209 855027
-950113 571283
-1028370 200566
-950066 -200686
-727130 -571379
-393496 -855086
51 -1008621
393590 -1008601
727208 -855029
950114 -571285
1028372 -200567
950068 200686
727132 571379
393498 855086
-49 1008622
-393588 1008603
-727206 855032
-950113 571289
-1028373 200571
-950071 -200682
-727128 -571383
-393494 -855092
45 -1008623
393585 -1008606
727205 -855036
950113 -571293
1028373 -200575
950071 200678
727128 571379
393495 855088
-43 1008619
-393582 1008602
-727201 855033
-950109 571292
-1028370 200576
-950070 -200676
-727129 -571377
-393497 -855086
40 -1008617
393578 -1008601
727197 -855034
950106 -571295
1028369 -200580
950071 200672
727132 571373
393501 855083
-36 1008616
-393575 1008602
-727196 855036
-950107 571297
-1028371 200582
-950073 -200670
-727134 -571371
-393504 -855081
32 -1008615
393571 -1008603
727192 -855039
950104 -571302
1028370 -200588
950074 200664
727137 571366
393499 855082
-38 1008617
-393569 1008601
-727190 855037
-950101 571300
-1028366 200587
-950070 -200664
-727133 -571365
-393496 -855080
39 -1008614
393568 -1008597
727188 -855034
950099 -571298
1028364 -200586
950069 200663
727134 571363
393498 855078
-37 1008613
-393566 1008597
-727186 855034
-950097 571299
-1028363 200588
-950069 -200661
-727134 -571361
-393498 -855076
37 -1008611
393565 -1008595
727183 -855032
950093 -571298
1028359 -200589
950066 200658
727133 571357
393499 855072
-34 1008607
-393561 1008592
-727179 855031
-950089 571298
-1028355 200590
-950062 -200656
-727129 -571354
-393496 -855067
43 -1008602
393568 -1008587
727176 -855026
950085 -571295
1028351 -200588
950058 200657
727126 571353
393495 855065
-43 1008600
-393568 1008585
-727176 855024
-950085 571293
-1028351 200586
-950058 -200659
-727125 -571355
-393493 -855066
45 -1008600
393570 -1008584
727177 -855021
950084 -571289
1028348 -200583
950054 200660
727122 571354
393491 855064
-46 1008597
-393569 1008580
-727175 855018
-950081 571287
-1028344 200582
-950050 -200659
-727118 -571352
-393488 -855061
47 -1008593
393568 -1008576
727172 -855014
950077 -571284
1028340 -200580
950046 200661
727114 571353
393484 855060
-50 1008590
-393576 1008570
-727180 855008
-950078 571280
-1028339 200576
-950043 -200664
-727110 -571354
-393480 -855060
54 -1008589
393580 -1008568
727183 -855005
950079 -571275
1028338 -200570
950040 200670
727105 571359
393474 855062
-60 1008588
-393584 1008564
-727183 854998
-950076 571268
-1028333 200565
-950034 -200673
-727099 -571360
-393469 -855061
63 -1008585
393586 -1008560
727184 -854994
950075 -571264
1028330 -200561
950029 200676
727093 571361
393463 855060
-68 1008582
-393588 1008555
-727183 854988
-950072 571258
-1028326 200556
-950025 -200679
-727089 -571362
-393459 -855059
71 -1008579
393590 -1008551
727188 -854979
950076 -571249
1028325 -200552
950022 200683
727085 571365
393455 855061
-76 1008581
-393596 1008552
-727194 854978
-950081 571246
-1028328 200547
-950023 -200689
-727084 -571371
-393452 -855066
80 -1008584
393600 -1008553
727197 -854977
950083 -571244
1028329 -200545
950023 200691
727084 571373
393452 855068
-80 1008586
-393600 1008555
-727198 854979
-950085 571245
-1028331 200545
-950025 -200691
-727085 -571374
-393451 -855070
83 -1008588
393604 -1008556
727202 -854979
950089 -571245
1028335 -200544
950028 200694
727086 571378
393451 855074
-84 1008592
-393607 1008560
-727206 854982
-950093 571239
-1028339 200537
-950032 -200695
-727090 -571381
-393454 -855079
83 -1008598
393608 -1008566
727209 -854987
950098 -571242
1028345 -200538
950037 200696
727093 571384
393455 855083
-84 1008602
-393610 1008569
-727211 854989
-950100 571244
-1028347 200539
-950039 -200697
-727094 -571386
-393454 -855085
86 -1008604
393613 -1008571
727215 -854990
950104 -571243
1028350 -200537
950040 200699
727094 571388
393454 855087
-86 1008606
-393613 1008573
-727216 854992
-950106 571245
-1028352 200538
-950042 -200699
-727096 -571388
-393456 -855088
85 -1008608
393614 -1008575
727218 -854994
950108 -571246
1028351 -200530
950041 200707
727098 571389
393457 855090
-85 1008610
-393614 1008577
-727219 854996
-950110 571248
-1028354 200532
-950045 -200706
-727101 -571390
-393458 -855093
86 -1008614
393617 -1008581
727223 -854999
950114 -571249
1028357 -200531
950047 200708
727103 571392
393460 855095
-84 1008616
-393615 1008583
-727221 855001
-950113 571252
-1028358 200535
-950050 -200704
-727107 -571389
-393464 -855094
81 -1008617
393613 -1008585
727220 -855004
950114 -571256
1028360 -200538
950052 200703
727109 571389
393466 855094
-79 1008617
-393612 1008586
-727221 855006
-950116 571257
-1028362 200538
-950048 -200711
-727105 -571397
-393468 -855094
77 -1008618
393610 -1008588
727219 -855008
950115 -571260
1028363 -200542
950050 200707
727108 571393
393472 855091
-73 1008617
-393607 1008589
-727218 855011
-950116 571264
-1028366 200546
-950055 -200704
-727114 -571392
-393478 -855092
68 -1008620
393604 -1008594
727217 -855017
950117 -571270
1028369 -200551
950059 200701
727118 571391
393482 855093
-65 1008623
-393603 1008598
-727218 855021
-950119 571273
-1028371 200553
-950062 -200699
-727122 -571390
-393485 -855094
63 -1008625
393601 -1008600
727216 -855023
950118 -571276
1028372 -200557
950064 200696
727116 571395
393479 855099
-61 1008623
-393599 1008599
-727214 855024
-950116 571278
-1028370 200559
-950063 -200693
-727116 -571391
-393480 -855095
58 -1008620
393595 -1008598
727211 -855025
950115 -571280
1028371 -200561
950065 200692
727118 571391
393482 855095
-56 1008620
-393593 1008598
-727209 855025
-950113 571281
-1028370 200564
-950066 -200688
-727121 -571387
-393486 -855092
52 -1008619
393589 -1008599
727206 -855028
950112 -571285
1028370 -200568
950066 200684
727122 571383
393489 855088
-48 1008616
-393585 1008598
-727202 855028
-950108 571286
-1028367 200570
-950065 -200681
-727123 -571379
-393482 -855089
55 -1008617
393583 -1008594
727199 -855025
950104 -571285
1028363 -200571
950062 200678
727122 571375
393483 855085
-52 1008613
-393578 1008591
-727193 855024
-950099 571286
-1028360 200574
-950061 -200674
-727122 -571371
-393484 -855081
50 -1008610
393576 -1008589
727191 -855022
950096 -571284
1028356 -200573
950057 200673
727119 571368
393483 855077
-49 1008606
-393573 1008586
-727187 855021
-950093 571285
-1028354 200575
-950055 -200671
-727118 -571366
-393483 -855075
49 -1008604
393573 -1008584
727186 -855019
950091 -571284
1028353 -200576
950056 200669
727120 571364
393486 855073
-53 1008604
-393578 1008585
-727185 855020
-950091 571286
-1028353 200578
-950056 -200667
-727120 -571362
-393486 -855071
53 -1008602
393577 -1008583
727182 -855018
950087 -571284
1028349 -200576
950052 200668
727116 571362
393482 855070
-56 1008599
-393578 1008578
-727181 855012
-950084 571279
-1028344 200573
-950046 -200669
-727111 -571360
-393479 -855066
57 -1008595
393577 -1008574
727178 -855008
950079 -571275
1028338 -200570
950040 200670
727105 571359
393474 855062
-60 1008588
-393578 1008566
-727177 855000
-950076 571268
-1028333 200565
-950034 -200673
-727099 -571360
-393469 -855061
63 -1008585
393586 -1008560
727184 -854994
950075 -571264
1028330 -200561
950029 200676
727093 571361
393463 855060
-68 1008582
-393588 1008555
-727183 854988
-950072 571258
-1028326 200556
-950025 -200679
-727089 -571362
-393459 -855059
71 -1008579
393590 -1008551
727185 -854984
950073 -571254
1028325 -200552
950022 200683
727085 571365
393455 855061
-76 1008581
-393596 1008552
-727190 854983
-950076 571251
-1028326 200548
-950021 -200687
-727082 -571369
-393451 -855064
80 -1008582
393599 -1008551
727195 -854976
950081 -571244
1028327 -200545
950021 200691
727082 571373
393450 855068
-82 1008586
-393602 1008554
-727199 854977
-950085 571243
-1028331 200543
-950024 -200693
-727083 -571375
-393449 -855070
84 -1008587
393604 -1008554
727201 -854977
950087 -571243
1028332 -200542
950024 200695
727083 571377
393449 855072
-85 1008589
-393606 1008556
-727203 854978
-950089 571243
-1028334 200542
-950026 -200696
-727084 -571380
-393448 -855076
88 -1008593
393610 -1008559
727207 -854979
950092 -571242
1028336 -200540
950027 200698
727084 571382
393448 855078
-88 1008595
-393611 1008561
-727210 854981
-950096 571236
-1028340 200533
-950031 -200699
-727087 -571384
-393450 -855080
86 -1008597
393609 -1008563
727208 -854983
950095 -571239
1028341 -200537
950034 200695
727092 571381
393456 855079
-81 1008598
-393606 1008566
-727207 854988
-950096 571245
-1028344 200542
-950038 -200692
-727096 -571380
-393459 -855080
80 -1008601
393607 -1008570
727210 -854991
950100 -571246
1028347 -200541
950039 200695
727095 571384
393456 855084
-84 1008604
-393611 1008571
-727214 854991
-950104 571245
-1028351 200539
-950043 -200697
-727098 -571387
-393458 -855088
83 -1008608
393612 -1008575
727216 -854994
950106 -571247
1028350 -200532
950042 200705
727100 571387
393459 855089
-83 1008610
-393612 1008577
-727217 854996
-950108 571248
-1028352 200532
-950044 -200705
-727102 -571388
-393461 -855091
82 -1008613
393613 -1008581
727219 -855000
950111 -571252
1028356 -200535
950048 200704
727106 571388
393464 855092
-80 1008615
-393611 1008584
-727218 855004
-950112 571256
-1028359 200539
-950052 -200701
-727110 -571387
-393468 -855092
77 -1008616
393610 -1008586
727219 -855006
950114 -571258
1028361 -200540
950054 200701
727111 571388
393468 855094
-77 1008618
-393610 1008588
-727219 855008
-950115 571260
-1028363 200542
-950050 -200707
-727108 -571393
-393472 -855091
73 -1008617
393607 -1008589
727218 -855011
950116 -571264
1028366 -200546
950055 200704
727114 571392
393478 855092
-68 1008620
-393604 1008594
-727217 855017
-950117 571270
-1028369 200551
-950059 -200701
-727118 -571391
-393482 -855093
65 -1008623
393603 -1008598
727218 -855021
950119 -571273
1028371 -200553
950062 200699
727122 571390
393485 855094
-63 1008625
-393601 1008600
-727216 855023
-950118 571276
-1028372 200557
-950064 -200696
-727124 -571388
-393488 -855092
59 -1008624
393597 -1008601
727213 -855026
950117 -571280
1028373 -200561
950067 200692
727120 571391
393483 855096
-57 1008622
-393595 1008600
-727211 855027
-950115 571282
-1028371 200563
-950065 -200690
-727119 -571389
-393484 -855094
55 -1008621
393593 -1008600
727209 -855027
950113 -571283
1028370 -200566
950066 200686
727122 571385
393489 855090
-48 1008618
-393586 1008600
-727204 855030
-950111 571288
-1028371 200572
-950069 -200680
-727126 -571380
-393493 -855087
44 -1008617
393582 -1008600
727200 -855031
950107 -571290
1028367 -200574
950066 200677
727125 571376
393494 855083
-42 1008613
-393579 1008597
-727196 855030
-950103 571291
-1028364 200577
-950065 -200673
-727126 -571372
-393487 -855084
49 -1008614
393577 -1008593
727194 -855026
950101 -571288
1028362 -200576
950063 200672
727125 571369
393488 855080
-46 1008611
-393573 1008592
-727190 855027
-950097 571290
-1028359 200578
-950061 -200670
-727123 -571367
-393486 -855078
48 -1008608
393574 -1008588
727189 -855023
950095 -571287
1028357 -200577
950059 200670
727121 571367
393485 855077
-47 1008606
-393571 1008586
-727185 855022
-950091 571288
-1028353 200580
-950057 -200665
-727122 -571361
-393488 -855072
43 -1008603
393567 -1008585
727181 -855022
950087 -571288
1028349 -200580
950053 200664
727119 571358
393487 855067
-50 1008599
-393573 1008582
-727179 855019
-950085 571287
-1028348 200581
-950053 -200662
-727119 -571356
-393487 -855065
50 -1008597
393573 -1008580
727178 -855017
950083 -571285
1028345 -200579
950049 200663
727116 571355
393485 855063
-51 1008594
-393572 1008576
-727176 855013
-950080 571281
-1028341 200576
-950045 -200665
-727112 -571356
-393482 -855062
53 -1008592
393573 -1008573
727175 -855009
950078 -571278
1028339 -200574
950043 200666
727110 571356
393480 855062
-54 1008591
-393573 1008571
-727174 855007
-950075 571276
-1028335 200573
-950039 -200665
-727107 -571353
-393479 -855057
53 -1008585
393577 -1008564
727178 -855002
950073 -571275
1028333 -200573
950037 200665
727105 571353
393477 855057
-55 1008585
-393579 1008564
-727180 855001
-950075 571272
-1028334 200569
-950037 -200669
-727104 -571357
-393475 -855060
58 -1008587
393583 -1008565
727184 -855000
950078 -571269
1028335 -200565
950036 200673
727101 571360
393470 855062
-63 1008587
-393586 1008562
-727185 854996
-950077 571265
-1028332 200561
-950031 -200676
-727095 -571361
-393465 -855061
67 -1008585
393589 -1008559
727186 -854992
950076 -571261
1028330 -200557
950029 200680
727093 571365
393462 855064
-71 1008586
-393593 1008558
-727193 854984
-950082 571252
-1028331 200553
-950028 -200684
-727090 -571368
-393458 -855065
74 -1008585
393594 -1008556
727193 -854982
950082 -571250
1028330 -200551
950026 200685
727088 571368
393456 855065
-76 1008585
-393596 1008556
-727195 854982
-950084 571250
-1028332 200551
-950027 -200686
-727088 -571370
-393456 -855067
77 -1008587
393598 -1008557
727197 -854982
950086 -571249
1028334 -200548
950029 200690
727089 571374
393455 855071
-79 1008590
-393601 1008559
-727201 854983
-950090 571249
-1028338 200548
-950032 -200691
-727090 -571377
-393454 -855075
82 -1008594
393605 -1008562
727205 -854984
950094 -571241
1028341 -200539
950034 200693
727092 571379
393456 855077
-80 1008596
-393604 1008564
-727205 854986
-950094 571243
-1028342 200541
-950036 -200692
-727094 -571380
-393457 -855080
81 -1008600
393606 -1008568
727208 -854990
950098 -571246
1028346 -200542
950040 200693
727097 571382
393459 855082
-80 1008603
-393607 1008572
-727210 854993
-950101 571248
-1028350 200543
-950044 -200693
-727101 -571383
-393462 -855085
79 -1008607
393608 -1008576
727213 -854997
950105 -571251
1028354 -200544
950047 200694
727102 571386
393461 855089
-82 1008611
-393612 1008579
-727217 854998
-950109 571250
-1028354 200534
-950046 -200704
-727104 -571388
-393463 -855091
80 -1008613
393611 -1008582
727218 -855002
950112 -571254
1028358 -200537
950050 200702
727108 571387
393466 855092
-78 1008615
-393609 1008584
-727217 855005
-950112 571258
-1028359 200541
-950053 -200699
-727112 -571386
-393470 -855093
75 -1008618
393608 -1008588
727217 -855009
950113 -571262
1028362 -200544
950057 200697
727116 571384
393474 855092
-72 1008619
-393607 1008591
-727218 855013
-950116 571266
-1028366 200548
-950061 -200694
-727120 -571383
-393478 -855092
68 -1008620
393604 -1008594
727217 -855017
950117 -571270
1028369 -200551
950059 200701
727118 571391
393482 855093
-65 1008623
-393603 1008598
-727218 855021
-950119 571273
-1028371 200553
-950062 -200699
-727122 -571390
-393485 -855094
63 -1008625
393601 -1008600
727216 -855023
950118 -571276
1028372 -200557
950064 200696
727124 571388
393488 855092
-59 1008624
-393597 1008601
-727213 855026
-950117 571280
-1028373 200561
-950067 -200692
-727128 -571385
-393492 -855091
55 -1008625
393594 -1008604
727212 -855031
950118 -571286
1028376 -200567
950072 200687
727135 571382
393499 855091
-50 1008628
-393591 1008609
-727211 855037
-950119 571292
-1028379 200572
-950076 -200684
-727131 -571387
-393495 -855096
46 -1008627
393588 -1008610
727210 -855039
950119 -571294
1028379 -200574
950076 200682
727131 571385
393495 855094
-46 1008625
-393587 1008608
-727208 855038
-950117 571294
-1028377 200575
-950075 -200679
-727132 -571381
-393498 -855090
41 -1008621
393581 -1008605
727202 -855037
950112 -571296
1028374 -200579
950074 200675
727133 571377
393501 855087
-37 1008620
-393577 1008606
-727198 855040
-950109 571300
-1028373 200584
-950075 -200669
-727136 -571372
-393496 -855088
43 -1008622
393575 -1008604
727196 -855038
950107 -571299
1028371 -200584
950073 200668
727134 571369
393495 855084
-42 1008618
-393572 1008600
-727192 855035
-950103 571298
-1028368 200585
-950072 -200666
-727135 -571367
-393497 -855082
40 -1008616
393570 -1008599
727190 -855035
950101 -571298
1028366 -200585
950070 200666
727133 571367
393495 855082
-42 1008616
-393572 1008598
-727191 855033
-950101 571296
-1028365 200583
-950068 -200667
-727131 -571367
-393494 -855081
41 -1008614
393570 -1008597
727189 -855033
950099 -571296
1028364 -200584
950068 200665
727131 571365
393494 855079
-49 1008613
-393578 1008595
-727188 855029
-950096 571293
-1028359 200582
-950062 -200666
-727126 -571363
-393491 -855074
50 -1008607
393576 -1008589
727184 -855024
950092 -571290
1028355 -200581
950059 200665
727124 571361
393490 855072
-50 1008605
-393576 1008587
-727183 855022
-950089 571288
-1028351 200580
-950055 -200665
-727121 -571360
-393488 -855070
51 -1008603
393576 -1008585
727183 -855020
950089 -571286
1028351 -200578
950054 200667
727118 571362
393484 855071
-55 1008602
-393579 1008582
-727184 855016
-950088 571282
-1028348 200574
-950050 -200670
-727114 -571363
-393480 -855070
58 -1008599
393587 -1008576
727191 -855009
950087 -571276
1028345 -200569
950045 200673
727108 571364
393475 855069
-61 1008596
-393588 1008572
-727190 855005
-950084 571272
-1028341 200566
-950041 -200674
-727105 -571363
-393473 -855066
62 -1008592
393587 -1008568
727188 -855002
950082 -571271
1028339 -200566
950039 200674
727103 571363
393471 855066
-64 1008591
-393589 1008566
-727189 854999
-950081 571267
-1028336 200562
-950035 -200677
-727099 -571364
-393468 -855065
66 -1008589
393590 -1008563
727188 -854995
950079 -571263
1028334 -200559
950033 200679
727096 571366
393463 855067
-72 1008590
-393596 1008562
-727198 854988
-950089 571255
-1028339 200554
-950035 -200685
-727095 -571372
-393461 -855072
74 -1008593
393598 -1008564
727200 -854989
950091 -571255
1028340 -200553
950035 200687
727095 571374
393460 855074
-76 1008595
-393600 1008565
-727202 854989
-950092 571254
-1028340 200551
-950035 -200689
-727094 -571376
-393458 -855076
79 -1008597
393604 -1008566
727205 -854988
950094 -571252
1028342 -200549
950036 200692
727094 571380
393457 855080
-81 1008600
-393606 1008568
-727208 854990
-950098 571253
-1028345 200548
-950038 -200694
-727095 -571382
-393457 -855082
82 -1008602
393609 -1008570
727212 -854991
950102 -571246
1028349 -200541
950041 200695
727097 571384
393458 855084
-82 1008604
-393609 1008572
-727212 854993
-950103 571248
-1028352 200543
-950045 -200694
-727100 -571385
-393460 -855087
81 -1008609
393610 -1008578
727215 -854999
950108 -571253
1028358 -200545
950051 200695
727106 571388
393464 855092
-80 1008615
-393611 1008584
-727218 855004
-950112 571256
-1028362 200547
-950055 -200694
-727109 -571389
-393466 -855094
79 -1008617
393612 -1008586
727221 -855006
950116 -571257
1028366 -200546
950058 200696
727110 571392
393465 855098
-82 1008621
-393616 1008589
-727225 855007
-950120 571257
-1028366 200537
-950057 -200706
-727112 -571394
-393467 -855100
80 -1008623
393615 -1008591
727225 -855009
950120 -571259
1028366 -200539
950057 200704
727112 571392
393467 855098
-80 1008621
-393614 1008589
-727223 855007
-950118 571257
-1028364 200538
-950056 -200703
-727113 -571390
-393469 -855097
78 -1008622
393613 -1008592
727223 -855011
950119 -571261
1028367 -200541
950060 200702
727116 571391
393471 855099
-76 1008624
-393611 1008594
-727222 855014
-950120 571265
-1028370 200545
-950064 -200699
-727121 -571389
-393477 -855098
71 -1008625
393608 -1008597
727221 -855018
950120 -571269
1028370 -200549
950059 200703
727117 571393
393479 855095
-69 1008624
-393606 1008597
-727219 855019
-950119 571271
-1028371 200551
-950061 -200701
-727120 -571391
-393483 -855094
65 -1008625
393603 -1008600
727218 -855023
950119 -571275
1028372 -200555
950064 200698
727124 571390
393487 855094
-61 1008625
-393599 1008601
-727215 855026
-950119 571280
-1028375 200561
-950069 -200692
-727130 -571385
-393493 -855092
56 -1008627
393597 -1008606
727216 -855032
950121 -571285
1028377 -200564
950071 200691
727132 571386
393495 855094
-54 1008629
-393595 1008608
-727214 855034
-950120 571288
-1028378 200568
-950074 -200687
-727128 -571389
-393491 -855097
50 -1008626
393591 -1008607
727211 -855035
950119 -571290
1028378 -200570
950074 200685
727129 571387
393493 855096
-48 1008626
-393589 1008607
-727209 855035
-950117 571290
-1028377 200571
-950074 -200683
-727129 -571385
-393493 -855094
47 -1008624
393587 -1008606
727207 -855036
950115 -571293
1028375 -200575
950073 200679
727130 571381
393496 855090
-43 1008621
-393583 1008604
-727203 855034
-950111 571292
-1028372 200576
-950072 -200676
-727131 -571377
-393499 -855086
39 -1008618
393579 -1008603
727199 -855035
950108 -571294
1028370 -200578
950070 200674
727129 571375
393488 855088
-50 1008618
-393579 1008597
-727196 855030
-950103 571291
-1028364 200577
-950065 -200673
-727126 -571372
-393487 -855084
49 -1008614
393577 -1008593
727194 -855026
950101 -571288
1028362 -200576
950063 200672
727125 571369
393488 855080
-46 1008611
-393573 1008592
-727190 855027
-950097 571290
-1028359 200578
-950061 -200670
-727123 -571367
-393486 -855078
48 -1008608
393574 -1008588
727189 -855023
950095 -571287
1028357 -200577
950059 200670
727121 571367
393485 855077
-47 1008606
-393571 1008586
-727185 855022
-950091 571288
-1028353 200580
-950057 -200665
-727122 -571361
-393488 -855072
52 -1008605
393578 -1008587
727185 -855022
950091 -571288
1028353 -200580
950057 200665
727122 571361
393488 855072
-52 1008605
-393578 1008587
-727185 855022
-950091 571288
-1028353 200580
-950057 -200665
-727122 -571361
-393488 -855072
52 -1008605
393578 -1008587
727185 -855022
950091 -571288
1028353 -200580
950057 200665
727122 571361
393488 855072
-52 1008605
-393578 1008587
-727185 855022
-950091 571288
-1028353 200580
-950057 -200665
-727122 -571361
-393488 -855072
52 -1008605
393578 -1008587
727185 -855022
950091 -571288
1028353 -200580
950057 200665
727122 571361
393488 855072
-52 1008605
-393585 1008585
-727193 855019
-950093 571285
-1028354 200575
-950055 -200671
-727118 -571366
-393483 -855075
57 -1008605
393588 -1008582
727194 -855015
950092 -571281
1028352 -200572
950053 200673
727115 571368
393479 855076
-61 1008605
-393592 1008582
-727198 855014
-950095 571278
-1028353 200567
-950052 -200679
-727112 -571373
-393475 -855079
65 -1008606
393595 -1008581
727200 -855012
950097 -571276
1028354 -200565
950051 200681
727110 571375
393472 855081
-69 1008607
-393599 1008580
-727203 855009
-950098 571272
-1028354 200561
-950051 -200685
-727109 -571379
-393470 -855084
72 -1008609
393603 -1008581
727211 -855004
950106 -571266
1028357 -200558
950052 200689
727108 571383
393467 855088
-76 1008612
-393607 1008582
-727214 855003
-950108 571264
-1028358 200556
-950052 -200691
-727108 -571385
-393467 -855090
76 -1008614
393607 -1008584
727215 -855005
950110 -571265
1028360 -200555
950053 200693
727108 571387
393466 855092
-78 1008615
-393609 1008584
-727217 855005
-950112 571265
-1028362 200555
-950055 -200694
-727109 -571389
-393466 -855094
79 -1008617
393612 -1008586
727221 -855006
950116 -571264
1028365 -200552
950056 200698
727108 571393
393463 855098
-84 1008621
-393618 1008589
-727227 855007
-950122 571256
-1028371 200543
-950061 -200701
-727111 -571398
-393464 -855104
85 -1008627
393621 -1008594
727231 -855010
950126 -571257
1028374 -200542
950062 200704
727111 571402
393463 855108
-87 1008630
-393623 1008596
-727233 855011
-950128 571257
-1028376 200542
-950064 -200704
-727113 -571402
-393465 -855108
85 -1008631
393622 -1008598
727233 -855013
950128 -571259
1028377 -200544
950067 200702
727117 571401
393469 855109
-82 1008633
-393621 1008601
-727234 855017
-950131 571263
-1028381 200547
-950071 -200701
-727120 -571402
-393470 -855112
83 -1008637
393623 -1008604
727236 -855019
950133 -571264
1028380 -200539
950070 200709
727122 571402
393472 855112
-81 1008638
-393622 1008607
-727237 855023
-950136 571268
-1028384 200542
-950074 -200707
-727126 -571401
-393476 -855113
78 -1008641
393621 -1008611
727238 -855027
950138 -571271
1028386 -200543
950076 200708
727128 571403
393477 855115
-78 1008643
-393621 1008613
-727238 855029
-950138 571273
-1028387 200545
-950078 -200706
-727130 -571402
-393479 -855116
77 -1008645
393621 -1008615
727239 -855031
950141 -571275
1028391 -200547
950076 200713
727127 571410
393481 855116
-75 1008645
-393619 1008615
-727237 855031
-950139 571275
-1028389 200547
-950074 -200712
-727126 -571407
-393482 -855112
72 -1008642
393615 -1008614
727233 -855032
950135 -571278
1028386 -200552
950074 200706
727129 571402
393486 855109
-68 1008641
-393612 1008615
-727232 855035
-950136 571282
-1028389 200555
-950078 -200705
-727133 -571402
-393490 -855110
65 -1008643
393610 -1008617
727230 -855037
950135 -571285
1028390 -200559
950080 200701
727135 571399
393492 855108
-63 1008642
-393609 1008618
-727231 855039
-950137 571286
-1028392 200559
-950082 -200702
-727129 -571408
-393485 -855117
63 -1008644
393609 -1008620
727231 -855041
950137 -571288
1028392 -200561
950082 200700
727129 571406
393486 855115
-61 1008642
-393607 1008618
-727229 855039
-950135 571287
-1028390 200561
-950081 -200699
-727129 -571404
-393486 -855113
60 -1008640
393604 -1008616
727225 -855038
950131 -571287
1028386 -200562
950078 200696
727129 571399
393489 855107
-55 1008635
-393598 1008614
-727219 855039
-950127 571291
-1028386 200569
-950081 -200689
-727133 -571394
-393493 -855104
51 -1008634
393594 -1008614
727216 -855040
950125 -571293
1028384 -200571
950080 200686
727134 571390
393487 855105
-57 1008635
-393592 1008611
-727214 855039
-950123 571293
-1028382 200571
-950078 -200686
-727132 -571390
-393485 -855104
58 -1008633
393591 -1008609
727211 -855037
950119 -571292
1028379 -200572
950076 200684
727131 571387
393486 855100
-55 1008629
-393587 1008606
-727207 855036
-950115 571293
-1028375 200575
-950073 -200679
-727130 -571381
-393487 -855094
53 -1008624
393584 -1008602
727202 -855032
950109 -571290
1028369 -200574
950067 200678
727125 571378
393484 855090
-54 1008619
-393583 1008596
-727200 855027
-950106 571286
-1028365 200571
-950063 -200679
-727121 -571377
-393481 -855087
64 -1008617
393593 -1008594
727200 -855022
950103 -571281
1028361 -200568
950059 200680
727118 571376
393480 855084
-63 1008613
-393590 1008590
-727196 855019
-950099 571280
-1028357 200568
-950056 -200679
-727116 -571374
-393478 -855082
64 -1008610
393589 -1008586
727194 -855016
950097 -571278
1028355 -200567
950054 200679
727114 571374
393476 855082
-66 1008610
-393591 1008586
-727195 855015
-950097 571276
-1028354 200565
-950051 -200681
-727110 -571375
-393472 -855081
69 -1008607
393592 -1008582
727194 -855011
950094 -571272
1028350 -200562
950047 200682
727106 571374
393469 855078
-70 1008603
-393598 1008576
-727200 855005
-950093 571268
-1028347 200558
-950043 -200685
-727102 -571375
-393466 -855077
72 -1008600
393600 -1008572
727201 -855001
950092 -571264
1028344 -200554
950039 200688
727098 571376
393462 855077
-75 1008599
-393601 1008569
-727200 854997
-950090 571261
-1028342 200553
-950037 -200688
-727096 -571376
-393460 -855076
77 -1008597
393602 -1008567
727200 -854995
950090 -571259
1028342 -200551
950036 200690
727094 571378
393458 855078
-79 1008599
-393604 1008568
-727202 854995
-950091 571258
-1028342 200549
-950036 -200692
-727094 -571380
-393457 -855080
81 -1008600
393606 -1008568
727208 -854990
950098 -571253
1028345 -200548
950038 200694
727095 571382
393457 855082
-82 1008602
-393609 1008570
-727212 854991
-950102 571252
-1028348 200545
-950038 -200699
-727092 -571388
-393452 -855087
88 -1008605
393615 -1008571
727217 -854990
950105 -571250
1028350 -200543
950040 200701
727094 571390
393454 855089
-87 1008608
-393616 1008575
-727220 854993
-950109 571251
-1028354 200542
-950043 -200704
-727095 -571394
-393453 -855093
89 -1008611
393618 -1008576
727222 -854993
950111 -571250
1028355 -200540
950043 200706
727094 571396
393450 855095
-93 1008612
-393621 1008575
-727223 854991
-950111 571242
-1028355 200533
-950043 -200706
-727094 -571396
-393450 -855095
93 -1008612
393621 -1008575
727223 -854991
950111 -571242
1028355 -200533
950043 200706
727094 571396
393450 855095
-93 1008612
-393621 1008575
-727223 854991
-950111 571242
-1028355 200533
-950043 -200706
-727094 -571396
-393450 -855095
93 -1008612
393621 -1008575
727223 -854991
950111 -571242
1028355 -200533
950043 200706
727094 571396
393450 855095
-93 1008612
-393621 1008575
-727223 854991
-950111 571242
-1028355 200533
-950043 -200706
-727094 -571396
-393450 -855095
93 -1008612
393621 -1008575
727223 -854991
950111 -571242
1028352 -200526
950041 200711
727097 571393
393454 855094
-90 1008613
-393620 1008578
-727224 854995
-950114 571245
-1028356 200527
-950044 -200712
-727098 -571395
-393454 -855096
90 -1008615
393620 -1008580
727225 -854997
950116 -571247
1028358 -200528
950046 200712
727100 571396
393456 855098
-89 1008618
-393621 1008584
-727227 855000
-950118 571249
-1028361 200530
-950050 -200711
-727104 -571396
-393459 -855099
87 -1008620
393619 -1008586
727226 -855003
950119 -571253
1028364 -200534
950055 200707
727110 571394
393465 855100
-82 1008623
-393617 1008591
-727227 855009
-950122 571258
-1028368 200537
-950053 -200714
-727108 -571401
-393469 -855099
78 -1008624
393613 -1008594
727224 -855013
950121 -571263
1028369 -200543
950056 200708
727113 571396
393475 855096
-72 1008623
-393608 1008595
-727220 855016
-950118 571267
-1028368 200547
-950057 -200704
-727116 -571392
-393480 -855093
66 -1008622
393602 -1008596
727215 -855019
950115 -571272
1028368 -200554
950060 200697
727120 571387
393484 855090
-62 1008621
-393599 1008597
-727214 855022
-950116 571276
-1028370 200557
-950062 -200695
-727122 -571386
-393486 -855090
60 -1008621
393597 -1008597
727212 -855022
950114 -571276
1028368 -200558
950061 200693
727115 571390
393480 855093
-58 1008618
-393595 1008596
-727210 855023
-950113 571279
-1028369 200562
-950064 -200689
-727119 -571387
-393484 -855092
54 -1008619
393591 -1008598
727207 -855025
950111 -571281
1028368 -200564
950064 200687
727120 571385
393487 855090
-50 1008617
-393587 1008597
-727203 855026
-950108 571284
-1028366 200568
-950063 -200683
-727120 -571381
-393487 -855086
49 -1008613
393585 -1008594
727201 -855024
950105 -571282
1028362 -200567
950059 200682
727117 571378
393486 855082
-48 1008609
-393582 1008590
-727196 855021
-950100 571282
-1028359 200570
-950058 -200678
-727118 -571374
-393480 -855082
54 -1008609
393579 -1008586
727192 -855018
950095 -571280
1028353 -200569
950052 200677
727113 571371
393477 855078
-55 1008605
-393578 1008582
-727189 855014
-950091 571277
-1028349 200568
-950049 -200676
-727111 -571369
-393476 -855075
54 -1008601
393576 -1008579
727187 -855013
950089 -571278
1028347 -200570
950047 200673
727110 571364
393477 855069
-51 1008595
-393571 1008574
-727181 855010
-950083 571277
-1028342 200572
-950044 -200669
-727109 -571360
-393477 -855065
50 -1008591
393568 -1008570
727176 -855007
950077 -571276
1028337 -200573
950041 200666
727108 571356
393478 855061
-56 1008589
-393575 1008569
-727176 855005
-950077 571274
-1028336 200571
-950039 -200667
-727106 -571355
-393477 -855059
56 -1008587
393574 -1008567
727174 -855003
950075 -571272
1028334 -200569
950037 200669
727104 571357
393475 855060
-58 1008587
-393576 1008566
-727175 855001
-950074 571270
-1028331 200567
-950033 -200670
-727100 -571356
-393471 -855058
61 -1008584
393577 -1008562
727175 -854997
950073 -571266
1028329 -200564
950030 200672
727096 571357
393467 855057
-64 1008581
-393578 1008558
-727174 854993
-950071 571263
-1028327 200562
-950028 -200673
-727094 -571357
-393465 -855057
66 -1008581
393587 -1008556
727184 -854990
950074 -571260
1028328 -200558
950027 200677
727092 571360
393463 855058
-68 1008580
-393588 1008553
-727183 854986
-950072 571256
-1028325 200554
-950023 -200681
-727087 -571364
-393457 -855061
74 -1008581
393594 -1008552
727188 -854983
950074 -571251
1028324 -200548
950020 200686
727083 571367
393453 855062
-77 1008580
-393595 1008550
-727188 854981
-950074 571249
-1028324 200546
-950019 -200688
-727080 -571369
-393449 -855063
81 -1008580
393599 -1008549
727195 -854974
950081 -571242
1028327 -200543
950020 200693
727079 571375
393446 855069
-86 1008585
-393605 1008552
-727201 854975
-950086 571241
-1028330 200541
-950022 -200695
-727081 -571377
-393447 -855071
86 -1008587
393606 -1008554
727203 -854976
950088 -571241
1028332 -200540
950024 200697
727082 571379
393447 855073
-87 1008589
-393608 1008555
-727205 854976
-950090 571240
-1028334 200538
-950025 -200700
-727082 -571383
-393446 -855077
89 -1008592
393610 -1008557
727207 -854977
950092 -571240
1028336 -200538
950027 200700
727083 571384
393446 855079
-90 1008594
-393612 1008559
-727209 854979
-950094 571235
-1028338 200533
-950029 -200699
-727085 -571384
-393448 -855080
88 -1008597
393611 -1008563
727210 -854983
950097 -571238
1028342 -200534
950033 200699
727089 571385
393451 855083
-87 1008601
-393612 1008567
-727213 854987
-950102 571242
-1028348 200537
-950038 -200699
-727092 -571388
-393452 -855087
88 -1008605
393615 -1008571
727217 -854990
950106 -571243
1028352 -200536
950042 200701
727096 571390
393455 855090
-87 1008610
-393616 1008577
-727220 854995
-950110 571246
-1028356 200537
-950046 -200702
-727099 -571393
-393456 -855094
88 -1008614
393618 -1008580
727223 -854997
950114 -571247
1028357 -200529
950047 200710
727102 571394
393458 855097
-87 1008618
-393619 1008584
-727225 855001
-950117 571251
-1028361 200532
-950051 -200709
-727106 -571395
-393461 -855099
85 -1008620
393618 -1008587
727226 -855005
950120 -571255
1028366 -200535
950057 200708
727112 571396
393466 855102
-82 1008625
-393617 1008593
-727227 855011
-950122 571260
-1028368 200539
-950059 -200704
-727114 -571392
-393469 -855099
78 -1008624
393613 -1008594
727224 -855013
950121 -571263
1028369 -200543
950062 200701
727118 571391
393472 855100
-77 1008626
-393614 1008596
-727226 855015
-950123 571264
-1028371 200543
-950058 -200709
-727115 -571398
-393477 -855098
71 -1008625
393608 -1008597
727221 -855018
950120 -571269
1028370 -200549
950059 200703
727117 571393
393479 855095
-69 1008624
-393606 1008597
-727219 855019
-950119 571271
-1028371 200551
-950061 -200701
-727120 -571391
-393483 -855094
65 -1008625
393603 -1008600
727218 -855023
950119 -571275
1028372 -200555
950064 200698
727124 571390
393487 855094
-61 1008625
-393599 1008601
-727215 855026
-950119 571280
-1028375 200561
-950069 -200692
-727130 -571385
-393493 -855092
56 -1008627
393597 -1008606
727216 -855032
950121 -571285
1028377 -200564
950071 200691
727124 571392
393487 855098
-53 1008625
-393592 1008604
-727210 855031
-950116 571286
-1028374 200567
-950070 -200686
-727125 -571386
-393490 -855093
49 -1008622
393588 -1008603
727206 -855032
950113 -571289
1028373 -200571
950071 200682
727128 571383
393494 855092
-45 1008623
-393585 1008606
-727205 855036
-950113 571293
-1028373 200575
-950071 -200678
-727128 -571379
-393495 -855088
43 -1008619
393582 -1008602
727201 -855033
950109 -571292
1028370 -200576
950070 200676
727129 571377
393497 855086
-40 1008617
-393578 1008601
-727197 855034
-950106 571295
-1028369 200580
-950071 -200672
-727132 -571373
-393492 -855087
46 -1008619
393576 -1008600
727195 -855034
950104 -571295
1028367 -200581
950069 200670
727130 571371
393491 855085
-46 1008617
-393576 1008598
-727195 855032
-950104 571293
-1028367 200579
-950069 -200672
-727130 -571373
-393490 -855087
48 -1008619
393578 -1008599
727197 -855032
950106 -571293
1028368 -200578
950068 200674
727128 571374
393489 855086
-48 1008617
-393577 1008597
-727194 855030
-950102 571292
-1028365 200579
-950067 -200671
-727128 -571370
-393490 -855082
45 -1008613
393573 -1008594
727190 -855029
950098 -571292
1028361 -200580
950064 200668
727127 571366
393490 855078
-53 1008611
-393581 1008592
-727190 855025
-950097 571288
-1028358 200576
-950059 -200672
-727121 -571369
-393484 -855079
58 -1008609
393584 -1008588
727190 -855020
950094 -571283
1028354 -200573
950055 200673
727117 571368
393481 855076
-59 1008605
-393583 1008584
-727188 855017
-950092 571281
-1028352 200572
-950053 -200673
-727115 -571368
-393479 -855076
61 -1008605
393585 -1008583
727189 -855014
950091 -571277
1028349 -200568
950049 200676
727111 571369
393476 855075
-62 1008602
-393584 1008579
-727187 855011
-950089 571276
-1028347 200568
-950047 -200675
-727110 -571366
-393476 -855071
62 -1008598
393590 -1008574
727193 -855007
950089 -571274
1028347 -200566
950047 200677
727110 571368
393476 855073
-62 1008600
-393591 1008576
-727195 855009
-950091 571275
-1028349 200566
-950048 -200678
-727109 -571370
-393474 -855075
64 -1008602
393593 -1008577
727197 -855008
950092 -571273
1028348 -200564
950046 200679
727107 571370
393472 855074
-66 1008599
-393594 1008573
-727196 855004
-950089 571269
-1028344 200561
-950042 -200681
-727103 -571371
-393468 -855074
70 -1008599
393598 -1008572
727199 -855001
950091 -571265
1028345 -200556
950041 200687
727100 571377
393463 855079
-76 1008601
-393603 1008571
-727207 854994
-950099 571257
-1028348 200552
-950042 -200691
-727099 -571381
-393460 -855083
80 -1008605
393608 -1008574
727213 -854995
950104 -571256
1028351 -200549
950043 200695
727098 571385
393458 855086
-82 1008606
-393610 1008574
-727215 854995
-950106 571256
-1028353 200548
-950044 -200698
-727098 -571389
-393457 -855090
85 -1008610
393614 -1008577
727219 -854996
950110 -571255
1028356 -200546
950046 200700
727099 571391
393457 855092
-86 1008612
-393616 1008579
-727221 854997
-950112 571254
-1028358 200543
-950047 -200705
-727098 -571397
-393454 -855098
90 -1008617
393621 -1008582
727227 -854998
950118 -571247
1028364 -200536
950052 200706
727101 571400
393455 855102
-91 1008621
-393623 1008585
-727229 855000
-950120 571248
-1028366 200536
-950054 -200706
-727103 -571400
-393456 -855103
92 -1008623
393625 -1008587
727231 -855001
950122 -571248
1028367 -200535
950054 200708
727103 571402
393456 855105
-92 1008625
-393626 1008589
-727233 855003
-950124 571249
-1028369 200535
-950056 -200708
-727105 -571403
-393458 -855107
91 -1008628
393627 -1008593
727236 -855007
950129 -571253
1028376 -200538
950064 200708
727112 571406
393463 855112
-88 1008634
-393626 1008599
-727237 855013
-950132 571258
-1028377 200533
-950065 -200714
-727116 -571405
-393466 -855113
87 -1008637
393627 -1008603
727240 -855016
950136 -571259
1028380 -200532
950067 200716
727117 571407
393466 855115
-87 1008639
-393627 1008605
-727240 855018
-950136 571261
-1028381 200534
-950069 -200715
-727119 -571408
-393467 -855117
87 -1008641
393627 -1008607
727240 -855020
950136 -571263
1028381 -200536
950069 200713
727119 571406
393468 855115
-85 1008639
-393625 1008606
-727239 855021
-950137 571265
-1028384 200538
-950073 -200711
-727123 -571405
-393471 -855116
83 -1008641
393624 -1008608
727239 -855023
950137 -571267
1028384 -200540
950068 200717
727120 571410
393476 855113
-78 1008641
-393621 1008611
-727238 855027
-950138 571271
-1028386 200543
-950070 -200716
-727122 -571410
-393478 -855113
76 -1008641
393619 -1008611
727236 -855027
950136 -571272
1028385 -200546
950070 200712
727123 571406
393480 855110
-73 1008639
-393615 1008610
-727232 855028
-950133 571275
-1028384 200550
-950071 -200708
-727125 -571403
-393483 -855108
69 -1008638
393611 -1008611
727229 -855031
950132 -571279
1028385 -200554
950074 200704
727129 571400
393487 855107
-66 1008639
-393609 1008613
-727228 855033
-950132 571281
-1028385 200556
-950074 -200702
-727122 -571404
-393481 -855110
63 -1008635
393605 -1008610
727224 -855032
950129 -571282
1028384 -200559
950075 200698
727124 571401
393483 855108
-61 1008634
-393603 1008610
-727222 855033
-950127 571284
-1028382 200561
-950074 -200696
-727125 -571399
-393485 -855106
59 -1008632
393601 -1008609
727220 -855033
950125 -571285
1028381 -200563
950074 200694
727125 571397
393486 855104
-57 1008631
-393599 1008609
-727218 855033
-950123 571285
-1028379 200564
-950073 -200691
-727126 -571393
-393488 -855101
54 -1008629
393595 -1008608
727214 -855034
950120 -571288
1028378 -200568
950074 200687
727128 571389
393482 855102
-60 1008631
-393593 1008606
-727212 855033
-950118 571288
-1028376 200569
-950072 -200685
-727127 -571387
-393482 -855100
59 -1008629
393591 -1008605
727210 -855033
950116 -571288
1028374 -200569
950070 200684
727126 571384
393483 855096
-57 1008625
-393588 1008601
-727206 855030
-950112 571287
-1028371 200570
-950069 -200682
-727126 -571382
-393483 -855094
56 -1008623
393586 -1008600
727204 -855030
950111 -571288
1028371 -200572
950069 200680
727126 571380
393484 855092
-63 1008623
-393594 1008600
-727204 855028
-950110 571286
-1028369 200570
-950067 -200682
-727124 -571382
-393482 -855093
65 -1008623
393596 -1008600
727206 -855028
950112 -571285
1028370 -200568
950066 200684
727122 571383
393480 855093
-66 1008622
-393596 1008598
-727205 855026
-950110 571284
-1028368 200568
-950065 -200683
-727122 -571381
-393480 -855091
66 -1008620
393595 -1008596
727203 -855024
950107 -571282
1028364 -200567
950061 200682
727119 571379
393479 855088
-65 1008616
-393592 1008592
-727198 855021
-950101 571281
-1028359 200568
-950057 -200680
-727116 -571376
-393478 -855084
64 -1008612
393597 -1008587
727204 -855017
950101 -571279
1028358 -200566
950055 200681
727114 571376
393476 855084
-66 1008612
-393598 1008586
-727204 855015
-950101 571277
-1028358 200564
-950055 -200683
-727113 -571378
-393474 -855085
68 -1008611
393600 -1008584
727206 -855013
950102 -571275
1028358 -200562
950055 200685
727113 571380
393473 855087
-70 1008613
-393602 1008586
-727208 855014
-950104 571274
-1028359 200560
-950054 -200687
-727111 -571381
-393471 -855087
72 -1008613
393604 -1008585
727209 -855012
950103 -571272
1028357 -200558
950052 200689
727108 571383
393467 855088
-76 1008612
-393607 1008582
-727214 855003
-950108 571264
-1028358 200556
-950052 -200691
-727108 -571385
-393467 -855090
76 -1008614
393607 -1008584
727215 -855005
950110 -571265
1028360 -200555
950053 200693
727108 571387
393466 855092
-78 1008615
-393609 1008584
-727217 855005
-950112 571265
-1028362 200555
-950055 -200694
-727109 -571389
-393466 -855094
79 -1008617
393612 -1008586
727221 -855006
950116 -571264
1028365 -200552
950056 200698
727108 571393
393463 855098
-84 1008621
-393618 1008589
-727227 855007
-950121 571263
-1028368 200549
-950057 -200702
-727108 -571397
-393462 -855102
86 -1008624
393620 -1008590
727228 -855006
950121 -571254
1028368 -200541
950057 200702
727108 571397
393462 855102
-86 1008624
-393620 1008590
-727228 855006
-950121 571254
-1028368 200541
-950057 -200702
-727108 -571397
-393462 -855102
86 -1008624
393620 -1008590
727228 -855006
950121 -571254
1028368 -200541
950057 200702
727108 571397
393462 855102
-86 1008624
-393620 1008590
-727228 855006
-950121 571254
-1028368 200541
-950057 -200702
-727108 -571397
-393462 -855102
86 -1008624
393620 -1008590
727228 -855006
950121 -571254
1028368 -200541
950057 200702
727108 571397
393462 855102
-86 1008624
-393620 1008590
-727228 855006
-950121 571254
-1028365 200533
-950055 -200709
-727110 -571396
-393464 -855102
84 -1008625
393619 -1008593
727229 -855010
950124 -571258
1028370 -200537
950061 200707
727115 571397
393468 855105
-81 1008629
-393618 1008597
-727230 855014
-950126 571261
-1028372 200538
-950063 -200707
-727117 -571397
-393470 -855105
79 -1008630
393616 -1008599
727228 -855017
950126 -571266
1028375 -200544
950067 200702
727122 571394
393476 855104
-74 1008631
-393613 1008602
-727227 855021
-950126 571270
-1028376 200548
-950070 -200698
-727126 -571391
-393480 -855103
70 -1008632
393610 -1008605
727226 -855025
950127 -571274
1028378 -200551
950066 200704
727123 571396
393484 855100
-66 1008631
-393606 1008606
-727223 855028
-950126 571278
-1028379 200555
-950069 -200701
-727127 -571395
-393488 -855101
63 -1008633
393605 -1008608
727223 -855030
950126 -571280
1028380 -200557
950071 200699
727129 571393
393490 855099
-61 1008632
-393603 1008608
-727222 855031
-950127 571282
-1028382 200559
-950073 -200698
-727131 -571394
-393491 -855102
61 -1008636
393603 -1008612
727222 -855035
950127 -571286
1028383 -200563
950076 200694
727135 571390
393496 855098
-55 1008633
-393598 1008612
-727219 855037
-950126 571289
-1028384 200567
-950079 -200690
-727131 -571394
-393491 -855104
53 -1008633
393596 -1008612
727217 -855038
950125 -571291
1028384 -200569
950079 200688
727132 571392
393494 855102
-49 1008632
-393592 1008613
-727214 855041
-950123 571295
-1028383 200573
-950080 -200684
-727134 -571388
-393497 -855098
45 -1008629
393588 -1008612
727210 -855041
950120 -571296
1028381 -200576
950079 200680
727135 571384
393499 855095
-42 1008627
-393584 1008610
-727206 855040
-950116 571297
-1028378 200579
-950077 -200676
-727134 -571380
-393500 -855091
40 -1008624
393582 -1008609
727204 -855040
950114 -571297
1028376 -200579
950076 200675
727134 571378
393491 855093
-49 1008625
-393581 1008605
-727202 855037
-950112 571296
-1028374 200579
-950074 -200675
-727133 -571377
-393492 -855091
47 -1008623
393579 -1008603
727199 -855035
950108 -571294
1028370 -200578
950070 200674
727129 571375
393488 855088
-50 1008618
-393579 1008597
-727196 855030
-950103 571291
-1028364 200577
-950065 -200673
-727126 -571372
-393487 -855084
49 -1008614
393577 -1008593
727194 -855026
950101 -571288
1028362 -200576
950063 200672
727125 571369
393488 855080
-46 1008611
-393573 1008592
-727190 855027
-950097 571290
-1028359 200578
-950061 -200670
-727123 -571367
-393486 -855078
56 -1008610
393582 -1008590
727189 -855023
950095 -571287
1028357 -200577
950059 200670
727121 571367
393485 855077
-56 1008608
-393582 1008588
-727189 855021
-950095 571285
-1028356 200575
-950057 -200671
-727120 -571366
-393485 -855075
56 -1008606
393582 -1008586
727188 -855019
950092 -571283
1028352 -200574
950053 200671
727116 571366
393482 855074
-57 1008603
-393581 1008582
-727186 855015
-950090 571280
-1028350 200572
-950051 -200672
-727114 -571365
-393480 -855072
58 -1008601
393580 -1008580
727184 -855014
950088 -571280
1028348 -200572
950049 200672
727112 571365
393478 855072
-60 1008601
-393589 1008578
-727194 855011
-950091 571277
-1028349 200568
-950049 -200676
-727111 -571369
-393476 -855075
62 -1008602
393591 -1008578
727196 -855011
950093 -571277
1028351 -200568
950051 200676
727113 571369
393477 855076
-63 1008604
-393593 1008579
-727197 855010
-950093 571275
-1028351 200566
-950050 -200678
-727111 -571371
-393475 -855077
65 -1008604
393595 -1008579
727199 -855010
950094 -571274
1028350 -200564
950048 200680
727109 571372
393473 855077
-66 1008603
-393595 1008577
-727199 855008
-950094 571272
-1028350 200562
-950047 -200682
-727106 -571374
-393469 -855078
70 -1008603
393598 -1008576
727204 -855001
950098 -571265
1028350 -200560
950047 200684
727106 571376
393469 855080
-71 1008605
-393601 1008578
-727208 855002
-950102 571265
-1028353 200559
-950049 -200686
-727108 -571378
-393470 -855082
71 -1008607
393601 -1008580
727209 -855004
950104 -571266
1028355 -200558
950050 200689
727107 571382
393468 855086
-74 1008610
-393605 1008581
-727212 855003
-950106 571264
-1028356 200556
-950050 -200691
-727106 -571384
-393465 -855088
78 -1008611
393609 -1008580
727216 -855001
950109 -571261
1028358 -200552
950051 200695
727106 571388
393464 855092
-80 1008615
-393611 1008584
-727218 855004
-950112 571256
-1028362 200547
-950055 -200694
-727109 -571389
-393466 -855094
79 -1008617
393612 -1008586
727221 -855006
950116 -571257
1028366 -200546
950058 200696
727110 571392
393465 855098
-82 1008621
-393616 1008589
-727225 855007
-950120 571257
-1028369 200545
-950060 -200699
-727112 -571396
-393466 -855102
82 -1008625
393617 -1008593
727227 -855011
950122 -571260
1028372 -200547
950064 200698
727115 571397
393468 855105
-81 1008629
-393618 1008597
-727230 855014
-950126 571261
-1028375 200546
-950065 -200700
-727115 -571399
-393467 -855107
83 -1008631
393620 -1008599
727232 -855016
950129 -571263
1028376 -200539
950066 200708
727119 571399
393471 855108
-80 1008634
-393619 1008603
-727233 855020
-950132 571267
-1028381 200543
-950073 -200705
-727127 -571399
-393478 -855111
75 -1008639
393617 -1008610
727234 -855028
950135 -571274
1028386 -200548
950079 200702
727133 571398
393484 855112
-70 1008642
-393613 1008614
-727232 855033
-950136 571280
-1028388 200553
-950081 -200699
-727135 -571397
-393485 -855113
71 -1008644
393616 -1008616
727236 -855034
950139 -571279
1028390 -200551
950077 200709
727130 571406
393485 855113
-71 1008644
-393616 1008616
-727236 855034
-950139 571279
-1028390 200551
-950077 -200709
-727130 -571406
-393485 -855113
71 -1008644
393616 -1008616
727236 -855034
950139 -571279
1028390 -200551
950077 200709
727130 571406
393485 855113
-71 1008644
-393616 1008616
-727236 855034
-950139 571279
-1028390 200551
-950077 -200709
-727130 -571406
-393485 -855113
71 -1008644
393616 -1008616
727236 -855034
950139 -571279
1028390 -200551
950077 200709
727130 571406
393485 855113
-71 1008644
-393616 1008616
-727236 855034
-950139 571279
-1028390 200551
-950077 -200709
-727122 -571413
-393477 -855119
70 -1008642
393613 -1008614
727232 -855033
950136 -571280
1028388 -200553
950076 200706
727123 571409
393480 855116
-66 1008641
-393610 1008615
-727230 855035
-950135 571283
-1028389 200557
-950078 -200703
-727125 -571407
-393482 -855114
64 -1008639
393608 -1008614
727228 -855035
950133 -571283
1028388 -200558
950078 200701
727125 571405
393482 855112
-63 1008637
-393605 1008612
-727224 855034
-950129 571284
-1028384 200561
-950076 -200696
-727127 -571399
-393487 -855107
57 -1008635
393600 -1008613
727221 -855037
950128 -571288
1028385 -200565
950078 200692
727129 571395
393481 855108
-63 1008636
-393597 1008610
-727217 855036
-950124 571289
-1028382 200567
-950077 -200690
-727130 -571393
-393483 -855106
61 -1008635
393595 -1008610
727215 -855036
950122 -571289
1028380 -200568
950075 200688
727128 571391
393481 855104
-62 1008632
-393595 1008606
-727214 855032
-950120 571286
-1028378 200566
-950073 -200689
-727126 -571391
-393480 -855103
61 -1008630
393592 -1008604
727210 -855031
950116 -571286
1028374 -200567
950070 200686
727125 571386
393481 855097
-59 1008625
-393590 1008601
-727208 855029
-950114 571285
-1028372 200567
-950068 -200686
-727123 -571386
-393479 -855097
69 -1008626
393600 -1008601
727209 -855027
950113 -571283
1028370 -200566
950066 200686
727122 571385
393479 855095
-69 1008624
-393600 1008599
-727209 855025
-950113 571281
-1028370 200564
-950066 -200688
-727121 -571387
-393477 -855096
70 -1008623
393599 -1008597
727206 -855023
950109 -571280
1028366 -200564
950062 200687
727118 571385
393476 855094
-70 1008621
-393599 1008595
-727206 855021
-950109 571278
-1028365 200562
-950060 -200688
-727116 -571384
-393474 -855092
72 -1008619
393600 -1008592
727205 -855017
950106 -571274
1028361 -200559
950056 200690
727112 571386
393470 855093
-75 1008618
-393608 1008588
-727213 855013
-950107 571272
-1028360 200557
-950054 -200691
-727110 -571385
-393469 -855090
74 -1008614
393606 -1008585
727211 -855011
950105 -571270
1028358 -200556
950052 200691
727108 571385
393467 855090
-76 1008614
-393607 1008584
-727210 855009
-950103 571268
-1028356 200554
-950049 -200693
-727104 -571386
-393463 -855089
80 -1008611
393611 -1008580
727214 -855005
950106 -571264
1028357 -200550
950048 200697
727101 571390
393458 855093
-86 1008614
-393617 1008581
-727219 855003
-950109 571259
-1028358 200543
-950047 -200705
-727098 -571397
-393454 -855098
90 -1008617
393621 -1008582
727227 -854998
950117 -571253
1028361 -200540
950048 200709
727097 571401
393451 855101
-94 1008618
-393624 1008581
-727228 854996
-950117 571251
-1028360 200538
-950046 -200711
-727095 -571403
-393449 -855103
97 -1008620
393628 -1008582
727232 -854995
950120 -571248
1028362 -200534
950047 200715
727094 571407
393446 855107
-101 1008623
-393632 1008583
-727235 854994
-950122 571246
-1028363 200532
-950046 -200717
-727092 -571408
-393444 -855106
103 -1008621
393634 -1008581
727237 -854992
950123 -571244
1028363 -200530
950046 200719
727092 571410
393444 855108
-103 1008623
-393634 1008583
-727237 854994
-950124 571239
-1028365 200525
-950048 -200717
-727094 -571409
-393446 -855109
102 -1008625
393635 -1008585
727239 -854995
950126 -571239
1028367 -200525
950050 200718
727095 571411
393445 855111
-104 1008627
-393637 1008587
-727242 854997
-950130 571240
-1028371 200524
-950054 -200720
-727099 -571414
-393449 -855115
101 -1008632
393636 -1008593
727243 -855003
950133 -571245
1028375 -200527
950058 200719
727102 571415
393450 855118
-102 1008636
-393639 1008597
-727247 855006
-950137 571247
-1028379 200528
-950061 -200720
-727104 -571417
-393451 -855120
102 -1008638
393639 -1008599
727248 -855008
950139 -571248
1028378 -200520
950061 200727
727108 571416
393455 855121
-99 1008640
-393638 1008601
-727248 855010
-950140 571250
-1028381 200522
-950065 -200726
-727111 -571417
-393457 -855123
97 -1008643
393637 -1008605
727249 -855014
950142 -571254
1028383 -200525
950067 200725
727113 571417
393458 855124
-98 1008645
-393639 1008607
-727251 855016
-950144 571255
-1028385 200525
-950069 -200725
-727115 -571417
-393460 -855124
96 -1008645
393637 -1008607
727249 -855016
950143 -571256
1028385 -200527
950069 200723
727116 571415
393463 855122
-92 1008644
-393633 1008608
-727246 855019
-950142 571260
-1028386 200531
-950066 -200727
-727114 -571419
-393467 -855119
88 -1008643
393630 -1008609
727244 -855021
950140 -571263
1028385 -200535
950067 200723
727117 571416
393471 855118
-84 1008643
-393626 1008610
-727241 855024
-950139 571267
-1028386 200539
-950069 -200720
-727119 -571414
-393473 -855116
82 -1008642
393624 -1008610
727240 -855025
950140 -571269
1028388 -200541
950071 200718
727121 571412
393475 855115
-80 1008642
-393623 1008611
-727240 855027
-950140 571271
-1028388 200543
-950072 -200716
-727123 -571411
-393477 -855115
78 -1008643
393621 -1008613
727238 -855029
950138 -571273
1028387 -200545
950072 200714
727116 571415
393472 855118
-73 1008639
-393615 1008610
-727232 855028
-950133 571275
-1028384 200550
-950071 -200708
-727117 -571409
-393475 -855112
69 -1008634
393610 -1008607
727226 -855027
950127 -571276
1028379 -200553
950068 200703
727116 571403
393476 855106
-66 1008629
-393606 1008604
-727222 855026
-950124 571277
-1028378 200556
-950069 -200699
-727119 -571399
-393480 -855103
61 -1008627
393600 -1008603
727217 -855027
950120 -571279
1028374 -200559
950066 200694
727118 571393
393481 855097
-59 1008622
-393597 1008599
-727212 855024
-950114 571278
-1028369 200560
-950063 -200691
-727117 -571389
-393473 -855098
66 -1008623
393595 -1008596
727210 -855023
950113 -571279
1028369 -200562
950064 200689
727119 571387
393475 855096
-64 1008621
-393592 1008594
-727206 855021
-950109 571278
-1028365 200562
-950060 -200688
-727116 -571384
-393474 -855092
63 -1008617
393589 -1008590
727202 -855018
950104 -571276
1028360 -200562
950056 200686
727112 571382
393471 855089
-64 1008613
-393589 1008586
-727201 855014
-950102 571273
-1028357 200560
-950052 -200687
-727109 -571381
-393470 -855086
63 -1008609
393586 -1008583
727197 -855013
950098 -571274
1028354 -200563
950051 200683
727110 571377
393472 855083
-70 1008609
-393594 1008583
-727196 855011
-950096 571272
-1028352 200561
-950049 -200684
-727108 -571376
-393471 -855080
69 -1008605
393592 -1008580
727194 -855009
950093 -571270
1028348 -200560
950045 200683
727104 571374
393467 855078
-72 1008602
-393593 1008575
-727193 855003
-950091 571265
-1028345 200556
-950041 -200687
-727100 -571377
-393463 -855079
76 -1008601
393596 -1008572
727194 -854999
950090 -571261
1028342 -200553
950037 200688
727096 571376
393460 855076
-77 1008597
-393595 1008568
-727191 854995
-950086 571258
-1028338 200552
-950033 -200687
-727093 -571373
-393459 -855072
76 -1008593
393600 -1008563
727197 -854991
950085 -571256
1028336 -200550
950031 200689
727091 571375
393457 855073
-78 1008593
-393602 1008563
-727199 854991
-950087 571255
-1028338 200548
-950032 -200691
-727090 -571377
-393454 -855075
82 -1008594
393605 -1008562
727201 -854989
950088 -571253
1028337 -200546
950030 200693
727088 571378
393452 855075
-84 1008594
-393607 1008562
-727203 854988
-950090 571250
-1028338 200541
-950029 -200699
-727085 -571384
-393448 -855080
88 -1008597
393611 -1008563
727206 -854987
950091 -571248
1028338 -200539
950028 200701
727083 571386
393446 855081
-90 1008596
-393613 1008561
-727212 854981
-950098 571243
-1028341 200538
-950030 -200703
-727084 -571388
-393445 -855083
92 -1008598
393615 -1008562
727213 -854980
950098 -571241
1028341 -200536
950030 200705
727084 571390
393445 855085
-93 1008600
-393617 1008564
-727216 854982
-950102 571242
-1028345 200536
-950033 -200706
-727086 -571392
-393446 -855088
94 -1008604
393620 -1008567
727220 -854983
950105 -571241
1028346 -200533
950032 200710
727083 571396
393442 855091
-98 1008605
-393624 1008567
-727223 854982
-950107 571232
-1028348 200525
-950034 -200710
-727085 -571396
-393444 -855091
96 -1008606
393622 -1008569
727222 -854985
950108 -571236
1028350 -200528
950036 200709
727086 571397
393443 855093
-98 1008607
-393624 1008569
-727224 854984
-950110 571234
-1028352 200526
-950038 -200711
-727088 -571399
-393444 -855096
99 -1008611
393626 -1008572
727226 -854986
950112 -571235
1028354 -200525
950040 200713
727089 571402
393444 855100
-100 1008615
-393629 1008576
-727231 854989
-950118 571236
-1028359 200524
-950043 -200716
-727091 -571406
-393445 -855104
100 -1008619
393630 -1008580
727233 -854993
950120 -571240
1028359 -200520
950045 200720
727097 571403
393451 855103
-95 1008620
-393627 1008583
-727232 854997
-950121 571244
-1028362 200524
-950049 -200717
-727101 -571402
-393454 -855104
94 -1008623
393627 -1008587
727233 -855001
950124 -571247
1028366 -200525
950053 200717
727105 571403
393458 855107
-91 1008628
-393627 1008593
-727236 855007
-950129 571253
-1028372 200530
-950059 -200715
-727110 -571404
-393461 -855110
89 -1008632
393625 -1008597
727235 -855011
950130 -571257
1028375 -200533
950063 200713
727114 571403
393465 855110
-86 1008633
-393624 1008600
-727236 855015
-950132 571260
-1028377 200535
-950059 -200720
-727110 -571410
-393467 -855109
84 -1008633
393622 -1008600
727234 -855015
950130 -571261
1028376 -200537
950060 200718
727113 571408
393471 855108
-80 1008634
-393619 1008603
-727233 855020
-950132 571267
-1028381 200543
-950066 -200713
-727119 -571406
-393477 -855109
75 -1008637
393616 -1008608
727232 -855026
950133 -571273
1028384 -200548
950071 200710
727125 571405
393482 855110
-72 1008640
-393615 1008612
-727233 855030
-950135 571276
-1028386 200550
-950073 -200708
-727127 -571403
-393485 -855108
68 -1008639
393611 -1008613
727230 -855033
950134 -571281
1028387 -200556
950076 200702
727123 571405
393480 855112
-65 1008637
-393607 1008612
-727226 855034
-950131 571283
-1028386 200558
-950077 -200700
-727126 -571403
-393485 -855110
59 -1008636
393602 -1008613
727223 -855037
950130 -571288
1028387 -200564
950080 200695
727130 571400
393489 855109
-56 1008637
-393600 1008615
-727221 855039
-950128 571290
-1028386 200567
-950080 -200691
-727131 -571396
-393491 -855106
53 -1008635
393596 -1008614
727218 -855040
950127 -571293
1028386 -200571
950081 200687
727134 571392
393496 855102
-47 1008633
-393591 1008615
-727214 855043
-950124 571297
-1028385 200575
-950082 -200683
-727136 -571389
-393489 -855105
55 -1008636
393590 -1008613
727212 -855041
950122 -571296
1028383 -200575
950080 200682
727135 571386
393490 855101
-52 1008632
-393586 1008610
-727208 855040
-950118 571296
-1028379 200576
-950077 -200680
-727133 -571384
-393488 -855099
54 -1008630
393587 -1008608
727208 -855038
950117 -571294
1028377 -200575
950075 200679
727132 571381
393489 855095
-51 1008626
-393583 1008604
-727203 855034
-950111 571292
-1028372 200576
-950072 -200676
-727131 -571377
-393490 -855091
49 -1008623
393581 -1008603
727201 -855035
950110 -571294
1028372 -200578
950072 200674
727131 571375
393490 855089
-57 1008622
-393588 1008601
-727198 855031
-950105 571291
-1028366 200577
-950067 -200673
-727128 -571372
-393489 -855084
56 -1008616
393586 -1008596
727196 -855028
950103 -571289
1028364 -200575
950064 200675
727124 571373
393485 855084
-59 1008615
-393587 1008593
-727195 855024
-950101 571286
-1028362 200574
-950063 -200674
-727124 -571371
-393486 -855082
57 -1008614
393585 -1008594
727194 -855026
950101 -571288
1028362 -200576
950063 200672
727125 571369
393488 855080
-55 1008612
-393583 1008592
-727191 855024
-950097 571286
-1028358 200574
-950059 -200674
-727120 -571371
-393482 -855081
60 -1008611
393593 -1008588
727201 -855020
950100 -571284
1028359 -200572
950058 200676
727118 571372
393480 855080
-62 1008609
-393594 1008585
-727200 855016
-950097 571280
-1028355 200569
-950054 -200677
-727114 -571372
-393476 -855080
66 -1008608
393597 -1008582
727201 -855011
950096 -571274
1028352 -200563
950049 200682
727108 571374
393471 855078
-68 1008603
-393596 1008576
-727198 855006
-950092 571271
-1028348 200562
-950046 -200681
-727107 -571372
-393472 -855076
66 -1008601
393594 -1008575
727196 -855006
950090 -571271
1028346 -200562
950044 200681
727105 571372
393470 855076
-68 1008601
-393596 1008574
-727202 854999
-950096 571264
-1028348 200560
-950045 -200683
-727104 -571374
-393467 -855078
72 -1008602
393600 -1008574
727206 -854999
950100 -571263
1028351 -200557
950046 200688
727103 571380
393464 855083
-76 1008605
-393604 1008575
-727209 854998
-950102 571261
-1028352 200555
-950046 -200690
-727103 -571382
-393464 -855085
77 -1008607
393606 -1008576
727211 -854997
950103 -571258
1028352 -200551
950045 200694
727100 571385
393460 855087
-81 1008609
-393610 1008578
-727215 854999
-950107 571260
-1028356 200552
-950049 -200695
-727104 -571388
-393463 -855091
80 -1008613
393611 -1008582
727218 -855002
950112 -571254
1028362 -200545
950054 200696
727107 571391
393464 855096
-81 1008619
-393614 1008587
-727222 855005
-950116 571255
-1028365 200544
-950056 -200698
-727108 -571393
-393463 -855098
84 -1008621
393618 -1008589
727227 -855007
950122 -571256
1028371 -200543
950061 200701
727111 571398
393464 855104
-85 1008627
-393621 1008594
-727231 855010
-950126 571257
-1028374 200542
-950062 -200704
-727111 -571402
-393463 -855108
87 -1008630
393623 -1008596
727233 -855011
950128 -571257
1028376 -200542
950064 200704
727113 571402
393465 855108
-85 1008631
-393622 1008598
-727233 855013
-950128 571259
-1028374 200536
-950064 -200709
-727117 -571399
-393469 -855107
81 -1008631
393618 -1008599
727230 -855016
950127 -571263
1028374 -200540
950065 200705
727120 571395
393474 855104
-76 1008631
-393615 1008602
-727229 855021
-950128 571269
-1028377 200545
-950069 -200702
-727124 -571394
-393477 -855105
74 -1008633
393613 -1008604
727228 -855023
950128 -571271
1028378 -200547
950071 200701
727125 571395
393477 855107
-75 1008635
-393616 1008606
-727232 855024
-950132 571271
-1028382 200547
-950075 -200701
-727129 -571395
-393481 -855108
71 -1008638
393613 -1008610
727231 -855029
950133 -571277
1028384 -200552
950072 200706
727127 571401
393485 855106
-67 1008637
-393609 1008611
-727227 855031
-950130 571279
-1028383 200555
-950072 -200702
-727128 -571397
-393487 -855103
65 -1008635
393607 -1008610
727226 -855032
950130 -571281
1028384 -200557
950075 200700
727132 571396
393491 855104
-62 1008638
-393606 1008614
-727226 855036
-950131 571285
-1028386 200560
-950077 -200698
-727135 -571394
-393495 -855102
58 -1008637
393602 -1008615
727223 -855039
950130 -571290
1028387 -200566
950080 200693
727139 571391
393499 855101
-54 1008637
-393599 1008616
-727222 855041
-950131 571292
-1028390 200568
-950084 -200692
-727134 -571399
-393492 -855110
54 -1008639
393599 -1008618
727222 -855043
950131 -571294
1028390 -200570
950084 200690
727135 571397
393495 855108
-50 1008638
-393595 1008618
-727218 855044
-950128 571297
-1028389 200574
-950085 -200686
-727137 -571393
-393497 -855105
48 -1008637
393593 -1008619
727217 -855046
950128 -571299
1028389 -200576
950086 200684
727140 571391
393501 855103
-44 1008635
-393589 1008618
-727213 855047
-950125 571301
-1028388 200579
-950086 -200680
-727140 -571387
-393502 -855099
41 -1008632
393585 -1008616
727209 -855046
950121 -571302
1028384 -200581
950083 200677
727139 571383
393494 855100
-49 1008633
-393584 1008612
-727206 855042
-950117 571299
-1028380 200580
-950079 -200676
-727136 -571380
-393492 -855096
50 -1008629
393583 -1008608
727204 -855038
950114 -571295
1028376 -200577
950075 200677
727132 571379
393489 855093
-51 1008624
-393582 1008602
-727201 855033
-950109 571292
-1028370 200576
-950070 -200676
-727129 -571377
-393488 -855090
50 -1008620
393580 -1008599
727198 -855031
950105 -571291
1028366 -200577
950067 200673
727128 571372
393489 855084
-56 1008616
-393586 1008596
-727196 855028
-950103 571289
-1028364 200575
-950064 -200675
-727124 -571373
-393485 -855084
59 -1008615
393587 -1008593
727195 -855024
950101 -571286
1028362 -200574
950063 200674
727124 571371
393486 855082
-57 1008614
-393585 1008594
-727194 855026
-950101 571288
-1028362 200576
-950063 -200672
-727125 -571369
-393488 -855080
55 -1008612
393583 -1008592
727191 -855024
950097 -571286
1028358 -200574
950059 200674
727120 571371
393482 855081
-60 1008611
-393586 1008589
-727192 855020
-950096 571282
-1028355 200571
-950055 -200675
-727117 -571370
-393481 -855078
60 -1008607
393592 -1008584
727198 -855016
950095 -571280
1028353 -200569
950052 200677
727113 571371
393477 855078
-63 1008606
-393593 1008581
-727198 855012
-950095 571276
-1028352 200565
-950050 -200680
-727110 -571373
-393473 -855079
67 -1008605
393597 -1008578
727200 -855007
950093 -571270
1028348 -200560
950045 200683
727104 571374
393467 855078
-72 1008602
-393600 1008574
-727202 855003
-950095 571266
-1028349 200556
-950045 -200687
-727104 -571378
-393466 -855082
75 -1008606
393604 -1008577
727206 -855004
950098 -571265
1028350 -200553
950044 200691
727101 571381
393462 855083
-78 1008605
-393606 1008574
-727211 854995
-950102 571256
-1028349 200549
-950041 -200695
-727097 -571384
-393458 -855084
82 -1008604
393609 -1008572
727212 -854993
950102 -571254
1028349 -200547
950041 200697
727096 571386
393456 855086
-84 1008606
-393611 1008573
-727214 854993
-950104 571254
-1028351 200547
-950043 -200697
-727098 -571387
-393458 -855088
83 -1008608
393612 -1008575
727216 -854994
950106 -571254
1028352 -200546
950042 200699
727096 571388
393456 855088
-85 1008608
-393614 1008575
-727218 854994
-950108 571253
-1028354 200544
-950044 -200702
-727097 -571393
-393454 -855094
90 -1008613
393620 -1008578
727224 -854995
950114 -571245
1028360 -200535
950049 200705
727100 571398
393455 855100
-91 1008619
-393623 1008583
-727229 854998
-950120 571246
-1028365 200534
-950052 -200708
-727101 -571402
-393454 -855104
94 -1008623
393627 -1008587
727233 -855001
950124 -571247
1028369 -200533
950056 200710
727104 571405
393455 855109
-95 1008629
-393630 1008592
-727237 855004
-950128 571249
-1028373 200534
-950059 -200711
-727106 -571407
-393457 -855111
93 -1008631
393629 -1008595
727238 -855008
950130 -571252
1028375 -200536
950061 200710
727107 571408
393457 855113
-93 1008633
-393629 1008597
-727239 855010
-950133 571254
-1028376 200529
-950063 -200717
-727113 -571407
-393462 -855114
90 -1008636
393628 -1008601
727239 -855014
950134 -571258
1028379 -200533
950067 200714
727118 571405
393468 855113
-85 1008637
-393625 1008604
-727238 855019
-950135 571264
-1028382 200538
-950071 -200711
-727122 -571404
-393472 -855114
81 -1008640
393622 -1008609
727238 -855025
950138 -571269
1028386 -200541
950075 200710
727125 571405
393473 855116
-82 1008642
-393624 1008610
-727240 855025
-950140 571269
-1028388 200541
-950077 -200710
-727127 -571405
-393475 -855117
80 -1008644
393623 -1008613
727240 -855029
950140 -571273
1028389 -200545
950074 200714
727126 571409
393481 855114
-74 1008643
-393617 1008614
-727235 855032
-950137 571278
-1028388 200551
-950075 -200708
-727129 -571404
-393486 -855111
69 -1008643
393614 -1008616
727234 -855034
950138 -571280
1028390 -200553
950077 200707
727131 571404
393488 855111
-67 1008643
-393612 1008617
-727232 855037
-950137 571284
-1028391 200557
-950080 -200703
-727135 -571401
-393492 -855110
63 -1008644
393609 -1008620
727231 -855041
950137 -571288
1028392 -200561
950082 200700
727137 571399
393494 855108
-61 1008642
-393607 1008618
-727229 855039
-950135 571287
-1028390 200561
-950081 -200699
-727129 -571404
-393486 -855113
60 -1008640
393604 -1008616
727225 -855038
950131 -571287
1028386 -200562
950078 200696
727129 571399
393489 855107
-55 1008635
-393598 1008614
-727219 855039
-950127 571291
-1028386 200569
-950081 -200689
-727133 -571394
-393493 -855104
51 -1008634
393594 -1008614
727216 -855040
950125 -571293
1028384 -200571
950080 200686
727134 571390
393496 855100
-47 1008631
-393590 1008613
-727212 855041
-950122 571296
-1028383 200575
-950080 -200682
-727135 -571386
-393499 -855097
43 -1008629
393586 -1008612
727208 -855042
950118 -571298
1028380 -200578
950079 200678
727136 571382
393492 855098
-50 1008631
-393584 1008610
-727206 855040
-950116 571297
-1028378 200579
-950077 -200676
-727134 -571380
-393491 -855095
49 -1008627
393581 -1008607
727202 -855039
950113 -571298
1028377 -200581
950078 200674
727136 571378
393493 855094
-47 1008627
-393579 1008607
-727200 855039
-950111 571298
-1028375 200581
-950076 -200673
-727135 -571376
-393493 -855092
47 -1008625
393579 -1008605
727200 -855037
950110 -571296
1028373 -200580
950074 200673
727133 571375
393492 855089
-46 1008621
-393577 1008602
-727198 855036
-950108 571296
-1028371 200580
-950073 -200672
-727134 -571373
-393494 -855088
53 -1008623
393585 -1008604
727198 -855036
950108 -571296
1028371 -200580
950073 200672
727134 571373
393494 855088
-53 1008623
-393585 1008604
-727198 855036
-950108 571296
-1028371 200580
-950073 -200672
-727134 -571373
-393494 -855088
53 -1008623
393585 -1008604
727198 -855036
950108 -571296
1028371 -200580
950073 200672
727134 571373
393494 855088
-53 1008623
-393585 1008604
-727198 855036
-950108 571296
-1028371 200580
-950073 -200672
-727134 -571373
-393494 -855088
53 -1008623
393585 -1008604
727198 -855036
950108 -571296
1028371 -200580
950073 200672
727134 571373
393494 855088
-53 1008623
-393592 1008602
-727205 855033
-950108 571294
-1028370 200578
-950070 -200674
-727129 -571375
-393488 -855088
58 -1008620
393595 -1008598
727207 -855029
950109 -571290
1028369 -200574
950067 200678
727125 571378
393484 855090
-62 1008621
-393599 1008597
-727210 855026
-950110 571286
-1028369 200570
-950067 -200682
-727124 -571382
-393482 -855093
65 -1008623
393603 -1008598
727214 -855025
950113 -571283
1028370 -200566
950066 200686
727122 571385
393479 855095
-69 1008624
-393606 1008597
-727215 855023
-950113 571281
-1028370 200564
-950066 -200688
-727121 -571387
-393477 -855096
70 -1008623
393606 -1008595
727219 -855017
950118 -571276
1028371 -200563
950065 200690
727119 571389
393475 855098
-73 1008625
-393610 1008596
-727222 855016
-950120 571274
-1028373 200561
-950067 -200692
-727120 -571391
-393474 -855100
75 -1008627
393612 -1008598
727224 -855017
950121 -571273
1028372 -200559
950064 200694
727116 571393
393470 855101
-79 1008626
-393615 1008595
-727226 855013
-950122 571269
-1028372 200555
-950064 -200698
-727115 -571397
-393468 -855105
81 -1008629
393618 -1008597
727230 -855014
950126 -571268
1028375 -200552
950065 200702
727115 571401
393467 855109
-84 1008633
-393622 1008600
-727234 855015
-950130 571261
-1028379 200545
-950068 -200703
-727116 -571403
-393467 -855111
84 -1008635
393623 -1008602
727236 -855017
950132 -571262
1028381 -200545
950070 200703
727118 571403
393469 855111
-82 1008635
-393621 1008603
-727234 855019
-950131 571265
-1028382 200549
-950073 -200700
-727122 -571402
-393472 -855112
81 -1008638
393622 -1008607
727237 -855023
950136 -571268
1028388 -200550
950078 200701
727125 571405
393473 855116
-82 1008642
-393624 1008610
-727240 855025
-950140 571269
-1028391 200549
-950080 -200703
-727127 -571407
-393475 -855119
81 -1008646
393625 -1008614
727242 -855028
950142 -571271
1028390 -200543
950079 200709
727129 571406
393477 855119
-79 1008647
-393624 1008617
-727243 855032
-950144 571274
-1028392 200544
-950081 -200709
-727131 -571406
-393478 -855120
79 -1008649
393624 -1008619
727243 -855034
950145 -571276
1028395 -200546
950085 200708
727135 571407
393482 855122
-76 1008651
-393623 1008621
-727244 855036
-950147 571278
-1028397 200547
-950087 -200708
-727137 -571407
-393483 -855123
76 -1008653
393623 -1008623
727244 -855038
950147 -571280
1028397 -200549
950082 200714
727133 571413
393486 855121
-72 1008652
-393618 1008616
-727237 855033
-950139 571277
-1028390 200549
-950076 -200711
-727128 -571408
-393483 -855114
73 -1008644
393618 -1008616
727237 -855033
950139 -571277
1028390 -200549
950076 200711
727128 571408
393483 855114
-73 1008644
-393618 1008616
-727237 855033
-950139 571277
-1028390 200549
-950076 -200711
-727128 -571408
-393483 -855114
73 -1008644
393618 -1008616
727237 -855033
950139 -571277
1028390 -200549
950076 200711
727128 571408
393483 855114
-73 1008644
-393618 1008616
-727237 855033
-950139 571277
-1028390 200549
-950076 -200711
-727120 -571414
-393475 -855119
72 -1008642
393615 -1008614
727233 -855032
950135 -571278
1028386 -200552
950074 200706
727121 571408
393478 855113
-67 1008637
-393609 1008611
-727227 855031
-950130 571279
-1028383 200555
-950072 -200702
-727120 -571404
-393479 -855109
65 -1008633
393607 -1008608
727225 -855030
950128 -571280
1028382 -200557
950073 200700
727122 571402
393481 855108
-63 1008633
-393605 1008608
-727223 855030
-950126 571280
-1028380 200557
-950071 -200699
-727121 -571400
-393481 -855106
62 -1008631
393602 -1008606
727219 -855029
950123 -571281
1028378 -200560
950070 200695
727121 571396
393473 855106
-69 1008631
-393600 1008603
-727217 855027
-950120 571279
-1028374 200559
-950066 -200694
-727118 -571393
-393472 -855102
69 -1008627
393599 -1008599
727214 -855024
950116 -571278
1028370 -200559
950063 200693
727116 571391
393471 855099
-68 1008623
-393596 1008595
-727210 855021
-950112 571277
-1028367 200560
-950061 -200691
-727115 -571388
-393472 -855095
65 -1008619
393592 -1008592
727206 -855019
950108 -571276
1028363 -200561
950058 200688
727114 571384
393472 855091
-64 1008615
-393589 1008588
-727201 855016
-950102 571275
-1028358 200562
-950055 -200685
-727113 -571380
-393473 -855087
70 -1008613
393595 -1008587
727199 -855014
950100 -571273
1028355 -200560
950050 200687
727107 571380
393468 855084
-73 1008608
-393596 1008581
-727198 855008
-950097 571268
-1028351 200557
-950046 -200688
-727103 -571380
-393464 -855083
76 -1008605
393597 -1008576
727197 -855002
950094 -571262
1028346 -200552
950040 200691
727098 571380
393461 855081
-78 1008603
-393599 1008574
-727198 855000
-950094 571260
-1028346 200550
-950040 -200693
-727097 -571382
-393459 -855082
80 -1008603
393601 -1008574
727200 -855000
950096 -571260
1028348 -200550
950042 200693
727099 571383
393460 855085
-81 1008607
-393610 1008576
-727211 855001
-950101 571260
-1028351 200547
-950043 -200697
-727098 -571387
-393458 -855088
83 -1008608
393612 -1008575
727212 -854999
950101 -571258
1028350 -200545
950040 200699
727094 571388
393454 855087
-86 1008606
-393613 1008573
-727212 854997
-950100 571256
-1028348 200543
-950038 -200701
-727092 -571390
-393452 -855089
88 -1008607
393615 -1008573
727214 -854996
950102 -571254
1028350 -200541
950040 200703
727093 571392
393451 855091
-91 1008609
-393619 1008574
-727217 854995
-950104 571252
-1028351 200538
-950039 -200707
-727090 -571396
-393447 -855094
95 -1008610
393623 -1008573
727225 -854988
950112 -571244
1028354 -200534
950040 200711
727090 571400
393446 855098
-98 1008614
-393627 1008576
-727229 854989
-950115 571243
-1028355 200531
-950039 -200715
-727087 -571403
-393442 -855099
101 -1008613
393629 -1008574
727230 -854987
950115 -571241
1028355 -200529
950039 200717
727087 571405
393442 855101
-102 1008615
-393631 1008575
-727232 854987
-950117 571241
-1028357 200529
-950040 -200718
-727087 -571407
-393441 -855103
104 -1008616
393633 -1008575
727234 -854986
950118 -571238
1028356 -200525
950038 200721
727084 571409
393437 855105
-108 1008618
-393637 1008576
-727237 854985
-950120 571229
-1028358 200516
-950039 -200724
-727083 -571413
-393434 -855108
112 -1008619
393640 -1008575
727239 -854983
950122 -571227
1028359 -200514
950039 200726
727083 571415
393434 855110
-112 1008621
-393641 1008577
-727241 854985
-950124 571229
-1028362 200516
-950043 -200725
-727087 -571416
-393437 -855113
111 -1008625
393642 -1008581
727244 -854988
950128 -571230
1028365 -200515
950045 200727
727088 571418
393437 855115
-112 1008627
-393644 1008583
-727246 854990
-950130 571231
-1028367 200514
-950046 -200729
-727088 -571420
-393437 -855117
112 -1008629
393644 -1008585
727247 -854992
950133 -571233
1028368 -200508
950048 200735
727094 571419
393442 855118
-109 1008632
-393643 1008589
-727247 854996
-950133 571237
-1028369 200512
-950050 -200731
-727096 -571416
-393444 -855117
107 -1008632
393641 -1008590
727246 -854998
950134 -571239
1028371 -200513
950052 200732
727098 571418
393446 855119
-105 1008635
-393640 1008594
-727247 855002
-950136 571243
-1028374 200517
-950056 -200729
-727102 -571417
-393449 -855120
104 -1008637
393641 -1008596
727249 -855004
950138 -571244
1028376 -200517
950058 200729
727104 571417
393451 855120
-102 1008638
-393639 1008599
-727248 855008
-950139 571248
-1028378 200520
-950055 -200735
-727102 -571423
-393455 -855119
98 -1008638
393635 -1008599
727244 -855009
950136 -571251
1028377 -200525
950056 200729
727105 571417
393460 855114
-92 1008636
-393630 1008601
-727241 855014
-950135 571257
-1028378 200531
-950059 -200724
-727109 -571414
-393465 -855112
86 -1008635
393625 -1008602
727238 -855017
950134 -571262
1028380 -200537
950064 200718
727116 571409
393473 855110
-79 1008636
-393619 1008605
-727233 855022
-950132 571269
-1028381 200545
-950067 -200711
-727121 -571404
-393479 -855107
73 -1008635
393614 -1008606
727230 -855025
950131 -571273
1028382 -200549
950070 200707
727117 571407
393475 855110
-68 1008632
-393608 1008605
-727224 855026
-950125 571276
-1028377 200554
-950067 -200700
-727117 -571399
-393478 -855103
63 -1008627
393601 -1008602
727216 -855025
950118 -571278
1028372 -200559
950064 200694
727116 571393
393479 855097
-60 1008621
-393597 1008597
-727212 855022
-950114 571276
-1028368 200558
-950061 -200693
-727115 -571390
-393480 -855093
58 -1008618
393595 -1008596
727210 -855023
950113 -571279
1028369 -200562
950064 200689
727119 571387
393484 855092
-54 1008619
-393591 1008598
-727207 855025
-950111 571281
-1028368 200564
-950064 -200687
-727120 -571385
-393478 -855094
60 -1008620
393589 -1008595
727205 -855024
950109 -571282
1028366 -200566
950062 200685
727118 571383
393476 855092
-61 1008618
-393588 1008593
-727202 855022
-950105 571280
-1028362 200565
-950059 -200684
-727117 -571380
-393477 -855088
58 -1008614
393584 -1008590
727198 -855021
950101 -571281
1028359 -200568
950057 200680
727116 571376
393478 855084
-56 1008611
-393581 1008588
-727194 855020
-950098 571282
-1028357 200570
-950056 -200677
-727116 -571372
-393478 -855080
55 -1008607
393579 -1008584
727192 -855016
950095 -571278
1028353 -200567
950052 200679
727112 571373
393475 855079
-65 1008606
-393588 1008582
-727191 855012
-950093 571275
-1028351 200566
-950050 -200678
-727111 -571371
-393475 -855077
65 -1008604
393588 -1008580
727190 -855010
950090 -571273
1028346 -200564
950044 200679
727105 571370
393470 855074
-68 1008599
-393589 1008574
-727189 855004
-950087 571268
-1028342 200561
-950040 -200680
-727102 -571369
-393468 -855072
69 -1008597
393589 -1008572
727189 -855002
950087 -571266
1028342 -200559
950040 200682
727101 571371
393466 855073
-71 1008596
-393590 1008570
-727189 855000
-950087 571264
-1028341 200557
-950037 -200684
-727097 -571372
-393462 -855073
74 -1008595
393598 -1008566
727196 -854996
950086 -571262
1028339 -200556
950036 200683
727098 571370
393465 855071
-70 1008594
-393594 1008566
-727193 854997
-950085 571264
-1028340 200558
-950038 -200682
-727100 -571370
-393467 -855071
69 -1008595
393595 -1008568
727195 -854998
950087 -571264
1028341 -200557
950037 200684
727097 571372
393462 855073
-74 1008595
-393598 1008566
-727196 854996
-950086 571262
-1028339 200556
-950036 -200683
-727098 -571370
-393465 -855071
70 -1008594
393594 -1008566
727193 -854997
950085 -571264
1028340 -200558
950038 200682
727100 571370
393467 855071
-69 1008595
-393595 1008568
-727199 854994
-950092 571261
-1028344 200559
-950041 -200683
-727101 -571373
-393466 -855075
71 -1008598
393597 -1008570
727201 -854995
950094 -571260
1028345 -200556
950041 200687
727100 571377
393463 855079
-76 1008601
-393603 1008571
-727207 854994
-950099 571257
-1028348 200552
-950042 -200691
-727099 -571381
-393460 -855083
80 -1008605
393608 -1008574
727213 -854995
950104 -571256
1028351 -200549
950043 200695
727098 571385
393458 855086
-82 1008606
-393610 1008574
-727215 854995
-950107 571249
-1028355 200542
-950047 -200696
-727102 -571388
-393461 -855091
82 -1008613
393613 -1008581
727219 -855000
950111 -571252
1028359 -200543
950050 200697
727103 571390
393460 855093
-84 1008614
-393615 1008581
-727221 854999
-950113 571250
-1028361 200541
-950052 -200699
-727105 -571392
-393462 -855095
83 -1008617
393615 -1008585
727222 -855003
950115 -571253
1028363 -200542
950054 200700
727106 571395
393461 855099
-85 1008620
-393618 1008587
-727226 855005
-950120 571255
-1028369 200543
-950059 -200701
-727109 -571398
-393462 -855104
86 -1008626
393621 -1008592
727231 -855008
950125 -571255
1028369 -200533
950058 200710
727111 571398
393464 855104
-85 1008627
-393621 1008594
-727231 855010
-950126 571257
-1028371 200534
-950060 -200711
-727113 -571400
-393466 -855106
83 -1008629
393620 -1008597
727232 -855014
950128 -571261
1028374 -200538
950065 200707
727119 571397
393471 855106
-80 1008632
-393619 1008601
-727232 855018
-950129 571265
-1028376 200541
-950067 -200706
-727121 -571398
-393473 -855108
78 -1008634
393617 -1008603
727231 -855020
950130 -571267
1028379 -200543
950071 200705
727125 571399
393476 855111
-77 1008639
-393618 1008609
-727234 855026
-950134 571272
-1028383 200546
-950069 -200711
-727123 -571404
-393481 -855108
71 -1008638
393613 -1008610
727231 -855029
950133 -571277
1028384 -200552
950072 200706
727127 571401
393485 855106
-67 1008637
-393609 1008611
-727227 855031
-950130 571279
-1028383 200555
-950072 -200702
-727128 -571397
-393487 -855103
65 -1008635
393607 -1008610
727226 -855032
950130 -571281
1028384 -200557
950075 200700
727132 571396
393491 855104
-62 1008638
-393606 1008614
-727226 855036
-950131 571285
-1028386 200560
-950077 -200698
-727135 -571394
-393495 -855102
58 -1008637
393602 -1008615
727223 -855039
950130 -571290
1028387 -200566
950080 200693
727131 571398
393491 855108
-54 1008637
-393599 1008616
-727222 855041
-950131 571292
-1028390 200568
-950084 -200692
-727134 -571399
-393492 -855110
54 -1008639
393599 -1008618
727222 -855043
950131 -571294
1028390 -200570
950084 200690
727135 571397
393495 855108
-50 1008638
-393595 1008618
-727218 855044
-950128 571297
-1028389 200574
-950085 -200686
-727137 -571393
-393497 -855105
48 -1008637
393593 -1008619
727217 -855046
950128 -571299
1028389 -200576
950086 200684
727140 571391
393501 855103
-44 1008635
-393589 1008618
-727213 855047
-950125 571301
-1028388 200579
-950086 -200680
-727140 -571387
-393493 -855104
51 -1008637
393587 -1008616
727211 -855045
950123 -571300
1028386 -200579
950085 200679
727141 571385
393495 855102
-49 1008635
-393585 1008614
-727209 855044
-950121 571300
-1028384 200579
-950083 -200679
-727139 -571385
-393493 -855102
51 -1008635
393587 -1008614
727210 -855043
950120 -571298
1028382 -200578
950081 200678
727137 571383
393492 855100
-51 1008633
-393586 1008612
-727208 855042
-950118 571298
-1028380 200578
-950079 -200678
-727136 -571382
-393492 -855098
50 -1008631
393584 -1008610
727206 -855040
950116 -571297
1028378 -200579
950077 200676
727134 571380
393491 855095
-58 1008628
-393592 1008607
-727205 855036
-950113 571293
-1028373 200575
-950071 -200678
-727128 -571379
-393486 -855092
61 -1008623
393592 -1008600
727202 -855028
950108 -571286
1028367 -200570
950065 200681
727123 571379
393482 855089
-64 1008619
-393593 1008596
-727201 855024
-950105 571282
-1028362 200567
-950059 -200682
-727117 -571378
-393477 -855086
67 -1008614
393594 -1008590
727200 -855018
950103 -571277
1028360 -200564
950057 200684
727115 571380
393475 855088
-69 1008615
-393596 1008589
-727201 855016
-950102 571275
-1028358 200562
-950055 -200685
-727113 -571380
-393473 -855087
70 -1008613
393602 -1008586
727208 -855014
950104 -571274
1028359 -200560
950054 200687
727111 571381
393471 855087
-72 1008613
-393604 1008585
-727209 855012
-950103 571272
-1028357 200558
-950052 -200689
-727108 -571383
-393467 -855088
76 -1008612
393607 -1008582
727210 -855007
950102 -571266
1028354 -200552
950047 200694
727102 571386
393461 855089
-82 1008611
-393612 1008579
-727213 855003
-950104 571262
-1028355 200548
-950046 -200698
-727100 -571389
-393459 -855091
84 -1008612
393614 -1008579
727215 -855002
950105 -571260
1028354 -200546
950044 200700
727097 571391
393455 855092
-88 1008612
-393618 1008578
-727222 854995
-950111 571252
-1028356 200542
-950045 -200704
-727096 -571395
-393452 -855095
92 -1008613
393622 -1008577
727225 -854992
950113 -571248
1028356 -200537
950042 200710
727092 571400
393448 855099
-96 1008616
-393626 1008579
-727229 854993
-950116 571247
-1028358 200535
-950044 -200712
-727093 -571402
-393447 -855101
98 -1008618
393628 -1008580
727231 -854993
950118 -571247
1028360 -200534
950045 200715
727093 571406
393446 855105
-101 1008621
-393632 1008581
-727235 854992
-950121 571244
-1028361 200530
-950044 -200719
-727090 -571410
-393442 -855108
105 -1008622
393636 -1008581
727239 -854991
950125 -571235
1028364 -200521
950046 200721
727091 571412
393442 855110
-105 1008624
-393636 1008583
-727239 854993
-950126 571237
-1028367 200523
-950050 -200720
-727095 -571413
-393445 -855113
104 -1008629
393637 -1008589
727242 -854999
950130 -571242
1028371 -200526
950054 200718
727099 571412
393449 855113
-101 1008630
-393636 1008591
-727243 855001
-950132 571243
-1028373 200526
-950056 -200719
-727101 -571414
-393450 -855116
101 -1008634
393637 -1008595
727245 -855005
950135 -571247
1028378 -200529
950062 200718
727106 571416
393453 855121
-101 1008640
-393640 1008601
-727250 855010
-950142 571250
-1028382 200521
-950064 -200728
-727109 -571418
-393455 -855123
99 -1008642
393638 -1008603
727249 -855012
950142 -571252
1028383 -200523
950066 200727
727111 571419
393456 855125
-99 1008644
-393639 1008605
-727251 855014
-950144 571253
-1028385 200523
-950068 -200727
-727113 -571419
-393458 -855126
98 -1008647
393639 -1008609
727252 -855018
950147 -571257
1028389 -200526
950072 200726
727117 571420
393461 855128
-97 1008649
-393640 1008611
-727254 855020
-950149 571259
-1028391 200528
-950075 -200724
-727121 -571419
-393465 -855129
93 -1008652
393637 -1008616
727253 -855026
950150 -571265
1028394 -200533
950073 200729
727119 571424
393469 855126
-89 1008651
-393633 1008617
-727250 855029
-950149 571269
-1028395 200537
-950076 -200725
-727123 -571421
-393473 -855125
85 -1008651
393629 -1008617
727246 -855029
950146 -571270
1028394 -200540
950077 200721
727126 571418
393477 855124
-82 1008652
-393628 1008620
-727247 855033
-950148 571273
-1028396 200541
-950078 -200722
-727125 -571420
-393475 -855125
84 -1008652
393630 -1008619
727248 -855031
950148 -571271
1028395 -200539
950076 200723
727124 571419
393476 855123
-81 1008650
-393626 1008618
-727245 855032
-950146 571274
-1028394 200544
-950077 -200717
-727119 -571420
-393472 -855124
77 -1008645
393621 -1008615
727239 -855031
950141 -571275
1028391 -200547
950076 200713
727119 571416
393473 855120
-74 1008641
-393617 1008612
-727235 855030
-950137 571276
-1028388 200549
-950075 -200710
-727120 -571412
-393476 -855117
70 -1008640
393613 -1008612
727231 -855031
950134 -571279
1028387 -200554
950076 200704
727123 571407
393480 855114
-66 1008639
-393609 1008613
-727228 855033
-950132 571281
-1028385 200556
-950074 -200702
-727122 -571404
-393481 -855110
63 -1008635
393605 -1008610
727224 -855032
950129 -571282
1028384 -200559
950075 200698
727124 571401
393474 855112
-71 1008637
-393605 1008608
-727223 855030
-950126 571280
-1028380 200557
-950071 -200699
-727121 -571400
-393473 -855110
70 -1008635
393602 -1008606
727219 -855029
950123 -571281
1028378 -200560
950070 200695
727121 571396
393473 855106
-69 1008631
-393600 1008603
-727217 855027
-950120 571279
-1028374 200559
-950066 -200694
-727118 -571393
-393472 -855102
69 -1008627
393599 -1008599
727214 -855024
950116 -571278
1028370 -200559
950063 200693
727116 571391
393471 855099
-76 1008624
-393605 1008596
-727212 855020
-950113 571274
-1028366 200556
-950059 -200694
-727113 -571390
-393469 -855097
78 -1008622
393606 -1008593
727211 -855016
950111 -571271
1028364 -200554
950056 200696
727109 571391
393466 855096
-79 1008619
-393605 1008589
-727208 855013
-950107 571270
-1028360 200555
-950053 -200693
-727108 -571387
-393466 -855092
78 -1008615
393603 -1008586
727206 -855011
950105 -571268
1028358 -200554
950051 200693
727106 571386
393465 855090
-78 1008613
-393602 1008584
-727204 855009
-950102 571266
-1028354 200552
-950047 -200694
-727102 -571386
-393461 -855089
82 -1008611
393612 -1008579
727213 -855003
950104 -571262
1028355 -200548
950046 200698
727100 571389
393459 855091
-84 1008612
-393614 1008579
-727215 855002
-950105 571260
-1028354 200546
-950044 -200700
-727097 -571391
-393455 -855092
88 -1008612
393618 -1008578
727218 -854999
950106 -571255
1028353 -200540
950041 200705
727093 571394
393451 855093
-91 1008611
-393620 1008576
-727220 854997
-950108 571253
-1028355 200538
-950042 -200708
-727092 -571398
-393448 -855097
96 -1008614
393626 -1008577
727225 -854996
950111 -571250
1028356 -200533
950041 200714
727089 571404
393443 855102
-102 1008617
-393631 1008577
-727233 854989
-950119 571242
-1028358 200528
-950040 -200720
-727086 -571409
-393439 -855105
106 -1008618
393635 -1008577
727236 -854988
950121 -571240
1028360 -200526
950042 200722
727087 571412
393438 855109
-109 1008622
-393640 1008580
-727242 854989
-950126 571239
-1028363 200523
-950043 -200727
-727086 -571418
-393435 -855115
114 -1008627
393646 -1008583
727248 -854990
950132 -571238
1028369 -200520
950047 200732
727087 571424
393434 855121
-116 1008632
-393648 1008586
-727250 854991
-950133 571237
-1028368 200518
-950045 -200733
-727085 -571424
-393432 -855120
118 -1008630
393650 -1008584
727252 -854989
950135 -571228
1028370 -200510
950047 200734
727087 571426
393433 855123
-119 1008634
-393653 1008588
-727256 854992
-950139 571229
-1028374 200509
-950051 -200736
-727090 -571429
-393435 -855127
117 -1008638
393651 -1008592
727255 -854996
950140 -571233
1028376 -200512
950053 200735
727092 571429
393437 855127
-116 1008639
-393652 1008594
-727257 854998
-950143 571235
-1028381 200514
-950059 -200734
-727097 -571430
-393440 -855130
115 -1008643
393653 -1008598
727260 -855002
950147 -571238
1028385 -200515
950062 200735
727099 571433
393441 855135
-116 1008649
-393656 1008604
-727265 855007
-950153 571241
-1028387 200508
-950063 -200743
-727102 -571434
-393442 -855137
116 -1008651
393656 -1008606
727265 -855009
950154 -571243
1028389 -200509
950065 200743
727104 571434
393444 855137
-115 1008652
-393657 1008608
-727267 855010
-950156 571243
-1028391 200509
-950067 -200743
-727106 -571434
-393446 -855138
113 -1008654
393655 -1008610
727266 -855013
950156 -571247
1028392 -200513
950070 200740
727110 571433
393449 855139
-111 1008656
-393653 1008612
-727265 855015
-950157 571249
-1028395 200515
-950074 -200739
-727114 -571434
-393453 -855141
108 -1008659
393653 -1008617
727268 -855021
950162 -571254
1028401 -200517
950073 200748
727111 571444
393454 855144
-109 1008663
-393653 1008612
-727265 855015
-950157 571249
-1028395 200515
-950068 -200746
-727108 -571439
-393454 -855137
106 -1008656
393650 -1008615
727264 -855020
950158 -571255
1028397 -200520
950070 200743
727111 571437
393458 855136
-102 1008656
-393647 1008616
-727262 855022
-950156 571257
-1028396 200523
-950071 -200739
-727113 -571434
-393460 -855134
100 -1008655
393645 -1008616
727260 -855022
950155 -571258
1028397 -200525
950073 200737
727115 571432
393462 855133
-98 1008655
-393643 1008617
-727259 855025
-950156 571262
-1028399 200528
-950075 -200736
-727109 -571439
-393456 -855140
96 -1008656
393641 -1008619
727257 -855027
950154 -571264
1028398 -200531
950076 200732
727112 571435
393460 855136
-91 1008652
-393635 1008616
-727251 855026
-950148 571265
-1028392 200534
-950072 -200726
-727111 -571427
-393462 -855128
86 -1008645
393628 -1008611
727243 -855024
950141 -571267
1028388 -200539
950071 200720
727113 571421
393467 855123
-80 1008642
-393623 1008611
-727240 855027
-950140 571271
-1028388 200543
-950072 -200716
-727115 -571417
-393469 -855120
78 -1008641
393621 -1008611
727238 -855027
950138 -571271
1028386 -200543
950070 200716
727113 571417
393458 855124
-89 1008643
-393622 1008607
-727237 855023
-950136 571268
-1028384 200542
-950068 -200715
-727112 -571415
-393459 -855122
87 -1008642
393620 -1008607
727235 -855023
950134 -571268
1028382 -200542
950066 200715
727110 571414
393457 855119
-88 1008637
-393619 1008601
-727232 855018
-950129 571265
-1028376 200541
-950060 -200714
-727105 -571411
-393454 -855115
89 -1008633
393618 -1008597
727230 -855014
950126 -571261
1028372 -200538
950056 200715
727101 571410
393451 855112
-90 1008628
-393617 1008591
-727227 855009
-950122 571258
-1028368 200537
-950053 -200714
-727100 -571408
-393451 -855110
98 -1008628
393625 -1008591
727227 -855007
950122 -571256
1028368 -200535
950052 200716
727097 571410
393447 855111
-102 1008627
-393628 1008589
-727228 855004
-950121 571252
-1028365 200531
-950048 -200719
-727093 -571411
-393444 -855110
104 -1008625
393630 -1008586
727229 -855000
950120 -571248
1028362 -200528
950044 200721
727089 571412
393440 855109
-107 1008622
-393631 1008582
-727228 854996
-950118 571245
-1028360 200526
-950042 -200722
-727087 -571412
-393438 -855109
109 -1008622
393633 -1008581
727229 -854993
950117 -571241
1028357 -200522
950037 200725
727082 571412
393435 855106
-110 1008617
-393638 1008574
-727233 854988
-950114 571239
-1028353 200521
-950033 -200725
-727078 -571412
-393431 -855105
113 -1008614
393639 -1008569
727232 -854982
950111 -571233
1028349 -200516
950029 200728
727074 571413
393427 855105
-117 1008614
-393643 1008569
-727236 854981
-950115 571231
-1028352 200513
-950030 -200732
-727073 -571417
-393425 -855108
119 -1008615
393645 -1008568
727237 -854979
950115 -571229
1028351 -200511
950028 200734
727071 571419
393422 855110
-123 1008617
-393649 1008570
-727241 854980
-950118 571228
-1028353 200509
-950029 -200736
-727070 -571421
-393420 -855111
125 -1008616
393650 -1008567
727245 -854972
950123 -571221
1028354 -200506
950029 200740
727069 571425
393418 855115
-128 1008620
-393655 1008570
-727250 854972
-950126 571218
-1028355 200502
-950028 -200744
-727067 -571428
-393415 -855117
132 -1008621
393659 -1008570
727254 -854972
950130 -571217
1028359 -200499
950031 200749
727067 571435
393412 855124
-136 1008626
-393663 1008573
-727258 854973
-950133 571216
-1028360 200497
-950030 -200751
-727065 -571436
-393410 -855124
138 -1008626
393665 -1008572
727260 -854970
950134 -571212
1028359 -200493
950027 200755
727061 571439
393406 855125
-142 1008625
-393668 1008570
-727261 854968
-950134 571203
-1028359 200485
-950027 -200755
-727061 -571439
-393406 -855125
142 -1008625
393668 -1008570
727261 -854968
950134 -571203
1028359 -200485
950027 200755
727061 571439
393406 855125
-142 1008625
-393668 1008570
-727261 854968
-950134 571203
-1028359 200485
-950027 -200755
-727061 -571439
-393406 -855125
142 -1008625
393668 -1008570
727261 -854968
950134 -571203
1028359 -200485
950027 200755
727061 571439
393406 855125
-142 1008625
-393668 1008570
-727261 854968
-950134 571203
-1028359 200485
-950027 -200755
-727061 -571439
-393406 -855125
142 -1008625
393668 -1008570
727261 -854968
950134 -571203
1028356 -200477
950025 200762
727063 571438
393408 855126
-140 1008627
-393667 1008572
-727262 854970
-950137 571205
-1028360 200478
-950029 -200762
-727067 -571439
-393411 -855128
139 -1008630
393668 -1008576
727264 -854974
950139 -571209
1028363 -200482
950033 200759
727071 571437
393415 855127
-136 1008631
-393666 1008578
-727263 854976
-950140 571211
-1028365 200483
-950035 -200760
-727072 -571440
-393415 -855131
136 -1008635
393667 -1008582
727265 -854980
950142 -571214
1028368 -200485
950039 200758
727077 571438
393421 855130
-131 1008636
-393664 1008585
-727264 854984
-950143 571218
-1028370 200489
-950035 -200763
-727073 -571444
-393423 -855129
129 -1008636
393662 -1008586
727263 -854986
950143 -571220
1028371 -200491
950038 200761
727077 571443
393427 855129
-125 1008637
-393658 1008588
-727259 854989
-950141 571225
-1028372 200497
-950041 -200755
-727082 -571437
-393433 -855125
119 -1008636
393653 -1008590
727257 -854994
950142 -571231
1028375 -200502
950045 200752
727086 571436
393437 855125
-115 1008637
-393649 1008592
-727253 854997
-950139 571236
-1028374 200509
-950047 -200744
-727083 -571436
-393435 -855127
109 -1008634
393643 -1008591
727248 -854998
950136 -571239
1028373 -200513
950048 200740
727085 571432
393438 855123
-105 1008631
-393639 1008590
-727244 854999
-950132 571241
-1028370 200516
-950047 -200736
-727086 -571428
-393440 -855120
102 -1008629
393635 -1008589
727240 -854999
950128 -571242
1028367 -200519
950046 200731
727087 571422
393443 855114
-98 1008624
-393631 1008586
-727236 854998
-950125 571243
-1028365 200521
-950044 -200729
-727086 -571420
-393444 -855112
95 -1008622
393627 -1008585
727233 -854999
950123 -571245
1028363 -200523
950043 200727
727086 571418
393435 855115
-105 1008625
-393628 1008582
-727232 854995
-950121 571242
-1028361 200522
-950041 -200726
-727085 -571415
-393436 -855111
102 -1008622
393624 -1008581
727228 -854996
950118 -571245
1028360 -200526
950042 200722
727087 571412
393438 855109
-100 1008620
-393622 1008579
-727226 854994
-950115 571243
-1028356 200525
-950038 -200721
-727084 -571409
-393437 -855105
99 -1008616
393620 -1008576
727224 -854993
950113 -571243
1028354 -200525
950036 200721
727083 571408
393437 855103
-99 1008614
-393619 1008574
-727221 854991
-950109 571242
-1028350 200526
-950033 -200718
-727081 -571404
-393436 -855098
106 -1008610
393625 -1008571
727219 -854987
950106 -571238
1028346 -200523
950029 200719
727078 571403
393435 855096
-106 1008608
-393625 1008569
-727218 854985
-950104 571237
-1028344 200523
-950027 -200719
-727076 -571403
-393433 -855095
107 -1008605
393624 -1008565
727216 -854982
950102 -571235
1028342 -200522
950025 200719
727074 571403
393431 855095
-109 1008605
-393625 1008564
-727215 854980
-950100 571234
-1028340 200522
-950023 -200718
-727072 -571400
-393430 -855091
108 -1008601
393623 -1008561
727213 -854978
950098 -571232
1028338 -200520
950021 200720
727070 571402
393428 855092
-110 1008600
-393631 1008557
-727221 854974
-950099 571230
-1028337 200518
-950019 -200721
-727068 -571401
-393426 -855090
112 -1008598
393632 -1008554
727220 -854970
950097 -571226
1028335 -200515
950016 200723
727064 571403
393422 855091
-115 1008597
-393634 1008552
-727222 854968
-950098 571224
-1028335 200513
-950016 -200725
-727064 -571405
-393422 -855093
116 -1008599
393636 -1008553
727223 -854967
950098 -571222
1028334 -200511
950014 200727
727062 571406
393420 855093
-118 1008599
-393638 1008553
-727225 854967
-950099 571221
-1028334 200509
-950013 -200729
-727059 -571408
-393416 -855094
121 -1008598
393640 -1008551
727231 -854960
950106 -571214
1028337 -200506
950015 200733
727061 571412
393417 855098
-122 1008602
-393642 1008554
-727233 854961
-950108 571214
-1028339 200506
-950017 -200733
-727062 -571413
-393417 -855100
122 -1008604
393642 -1008556
727233 -854963
950108 -571216
1028339 -200508
950017 200731
727063 571411
393419 855099
-121 1008605
-393643 1008558
-727236 854965
-950112 571217
-1028343 200507
-950020 -200734
-727064 -571415
-393418 -855103
123 -1008608
393645 -1008560
727238 -854967
950114 -571218
1028345 -200506
950021 200737
727063 571419
393416 855106
-126 1008610
-393649 1008561
-727242 854966
-950118 571209
-1028348 200497
-950023 -200739
-727065 -571421
-393417 -855109
126 -1008614
393650 -1008565
727244 -854970
950121 -571213
1028353 -200501
950029 200736
727070 571421
393420 855111
-125 1008616
-393650 1008567
-727245 854972
-950123 571214
-1028355 200500
-950031 -200739
-727071 -571425
-393420 -855115
126 -1008620
393653 -1008571
727249 -854975
950127 -571215
1028359 -200500
950035 200739
727075 571426
393423 855118
-125 1008625
-393654 1008577
-727252 854980
-950132 571219
-1028365 200502
-950040 -200741
-727078 -571430
-393424 -855123
126 -1008631
393657 -1008582
727257 -854984
950138 -571221
1028367 -200493
950041 200750
727082 571431
393427 855125
-124 1008633
-393656 1008585
-727257 854988
-950139 571225
-1028370 200497
-950045 -200747
-727086 -571430
-393431 -855126
121 -1008636
393655 -1008589
727258 -854992
950141 -571229
1028373 -200501
950050 200744
727092 571429
393437 855127
-116 1008639
-393652 1008594
-727257 854998
-950143 571235
-1028377 200506
-950054 -200741
-727096 -571428
-393440 -855128
114 -1008641
393650 -1008596
727256 -855000
950143 -571237
1028378 -200508
950056 200739
727098 571426
393442 855127
-113 1008642
-393651 1008598
-727258 855002
-950145 571239
-1028380 200509
-950052 -200747
-727094 -571434
-393444 -855127
111 -1008642
393649 -1008599
727257 -855004
950146 -571241
1028382 -200511
950054 200746
727096 571434
393446 855127
-109 1008642
-393647 1008599
-727255 855005
-950144 571243
-1028381 200513
-950055 -200744
-727098 -571433
-393448 -855128
107 -1008645
393646 -1008603
727256 -855009
950147 -571247
1028385 -200517
950059 200740
727103 571429
393454 855125
-101 1008644
-393641 1008605
-727253 855014
-950146 571253
-1028387 200523
-950064 -200735
-727109 -571426
-393460 -855124
96 -1008645
393637 -1008607
727249 -855016
950143 -571256
1028385 -200527
950063 200731
727101 571429
393452 855127
-95 1008641
-393635 1008604
-727247 855015
-950141 571256
-1028383 200527
-950061 -200730
-727100 -571427
-393453 -855125
93 -1008640
393633 -1008604
727245 -855015
950139 -571257
1028382 -200530
950062 200726
727103 571423
393458 855121
-87 1008637
-393627 1008603
-727240 855016
-950136 571259
-1028380 200532
-950061 -200724
-727103 -571421
-393458 -855119
86 -1008635
393625 -1008602
727238 -855017
950134 -571262
1028380 -200537
950064 200718
727108 571416
393464 855116
-80 1008634
-393619 1008603
-727233 855020
-950132 571267
-1028381 200543
-950066 -200713
-727111 -571412
-393459 -855118
86 -1008638
393617 -1008603
727231 -855020
950130 -571267
1028379 -200543
950065 200712
727111 571410
393460 855116
-84 1008636
-393615 1008602
-727229 855021
-950128 571269
-1028377 200545
-950063 -200710
-727109 -571408
-393459 -855113
83 -1008632
393612 -1008598
727224 -855017
950122 -571267
1028372 -200547
950060 200705
727109 571402
393461 855108
-80 1008628
-393608 1008595
-727220 855016
-950118 571267
-1028368 200547
-950057 -200704
-727107 -571399
-393460 -855103
79 -1008622
393605 -1008589
727216 -855011
950114 -571264
1028364 -200546
950053 200704
727104 571398
393459 855101
-88 1008622
-393615 1008589
-727217 855009
-950113 571262
-1028362 200544
-950051 -200705
-727102 -571398
-393457 -855101
90 -1008622
393617 -1008589
727219 -855008
950115 -571260
1028363 -200542
950050 200707
727099 571400
393453 855102
-93 1008621
-393618 1008587
-727219 855006
-950114 571258
-1028361 200540
-950048 -200709
-727097 -571401
-393451 -855101
94 -1008618
393618 -1008583
727218 -855002
950112 -571254
1028358 -200537
950044 200710
727094 571400
393450 855099
-94 1008616
-393617 1008581
-727216 855001
-950110 571254
-1028356 200537
-950042 -200710
-727092 -571400
-393448 -855099
96 -1008616
393626 -1008579
727226 -854998
950113 -571252
1028358 -200535
950044 200712
727093 571402
393447 855101
-98 1008618
-393628 1008580
-727228 854998
-950115 571251
-1028359 200532
-950043 -200716
-727091 -571406
-393445 -855104
100 -1008619
393630 -1008580
727229 -854997
950114 -571249
1028357 -200531
950041 200716
727089 571406
393443 855104
-102 1008619
-393632 1008579
-727231 854995
-950116 571247
-1028358 200528
-950040 -200720
-727086 -571409
-393439 -855105
106 -1008618
393635 -1008577
727232 -854992
950115 -571243
1028356 -200525
950038 200721
727084 571409
393437 855105
-108 1008618
-393637 1008576
-727237 854985
-950120 571236
-1028357 200522
-950037 -200725
-727082 -571412
-393435 -855106
110 -1008617
393638 -1008574
727237 -854983
950119 -571234
1028355 -200521
950035 200725
727080 571412
393433 855106
-112 1008617
-393640 1008573
-727239 854981
-950121 571232
-1028357 200518
-950037 -200729
-727081 -571416
-393432 -855110
114 -1008620
393642 -1008575
727241 -854983
950123 -571233
1028359 -200518
950038 200730
727081 571418
393432 855112
-114 1008622
-393643 1008577
-727243 854984
-950125 571226
-1028361 200512
-950041 -200728
-727085 -571417
-393435 -855113
113 -1008625
393644 -1008581
727246 -854988
950130 -571229
1028367 -200512
950046 200731
727087 571422
393434 855119
-116 1008630
-393648 1008584
-727250 854989
-950134 571229
-1028371 200512
-950049 -200732
-727089 -571424
-393436 -855121
115 -1008633
393649 -1008588
727253 -854993
950138 -571232
1028375 -200513
950053 200733
727092 571427
393437 855125
-115 1008637
-393649 1008592
-727253 854997
-950139 571236
-1028377 200516
-950055 -200731
-727094 -571426
-393439 -855126
114 -1008639
393650 -1008594
727255 -854998
950141 -571235
1028375 -200506
950052 200740
727094 571426
393439 855126
-114 1008639
-393650 1008594
-727255 854998
-950141 571235
-1028375 200506
-950052 -200740
-727094 -571426
-393439 -855126
114 -1008639
393650 -1008594
727255 -854998
950141 -571235
1028375 -200506
950052 200740
727094 571426
393439 855126
-114 1008639
-393650 1008594
-727255 854998
-950141 571235
-1028375 200506
-950052 -200740
-727094 -571426
-393439 -855126
114 -1008639
393650 -1008594
727255 -854998
950141 -571235
1028375 -200506
950052 200740
727094 571426
393439 855126
-114 1008639
-393650 1008594
-727255 854998
-950141 571235
-1028375 200506
-950046 -200748
-727088 -571433
-393439 -855124
113 -1008637
393648 -1008593
727254 -854999
950141 -571237
1028376 -200508
950049 200746
727093 571431
393445 855123
-108 1008638
-393644 1008595
-727251 855002
-950140 571242
-1028377 200514
-950051 -200741
-727095 -571428
-393447 -855121
106 -1008637
393643 -1008596
727251 -855004
950140 -571244
1028377 -200516
950052 200739
727097 571426
393449 855120
-104 1008637
-393641 1008596
-727249 855004
-950138 571244
-1028376 200517
-950052 -200737
-727098 -571424
-393452 -855118
100 -1008636
393637 -1008597
727246 -855007
950138 -571249
1028379 -200522
950057 200734
727095 571430
393447 855125
-98 1008636
-393635 1008597
-727244 855007
-950136 571249
-1028377 200523
-950055 -200731
-727094 -571426
-393448 -855121
95 -1008633
393631 -1008596
727240 -855008
950132 -571252
1028374 -200527
950054 200727
727095 571422
393450 855118
-93 1008631
-393629 1008595
-727238 855008
-950130 571252
-1028372 200528
-950053 -200724
-727096 -571418
-393453 -855114
89 -1008628
393625 -1008593
727234 -855007
950127 -571253
1028370 -200530
950051 200722
727095 571415
393454 855110
-86 1008624
-393620 1008590
-727228 855006
-950121 571254
-1028365 200533
-950048 -200717
-727094 -571409
-393446 -855109
93 -1008624
393618 -1008587
727226 -855005
950120 -571255
1028366 -200535
950050 200716
727096 571409
393448 855109
-91 1008624
-393616 1008587
-727224 855005
-950118 571255
-1028364 200536
-950049 -200713
-727097 -571405
-393450 -855105
88 -1008620
393611 -1008584
727218 -855004
950112 -571256
1028359 -200539
950046 200709
727095 571401
393449 855101
-88 1008616
-393611 1008580
-727217 855000
-950109 571252
-1028354 200536
-950040 -200709
-727090 -571398
-393446 -855096
88 -1008610
393608 -1008574
727213 -854995
950105 -571249
1028350 -200534
950036 200711
727086 571399
393443 855095
-98 1008609
-393617 1008572
-727212 854991
-950102 571246
-1028346 200533
-950032 -200710
-727083 -571396
-393442 -855091
98 -1008605
393617 -1008568
727211 -854987
950100 -571242
1028344 -200530
950030 200711
727081 571396
393440 855091
-100 1008605
-393619 1008568
-727213 854987
-950102 571242
-1028345 200529
-950030 -200713
-727080 -571398
-393438 -855092
101 -1008604
393618 -1008566
727211 -854985
950099 -571240
1028341 -200528
950026 200713
727077 571397
393436 855090
-103 1008602
-393619 1008563
-727210 854981
-950096 571236
-1028337 200525
-950022 -200714
-727073 -571396
-393433 -855087
104 -1008598
393626 -1008558
727218 -854977
950098 -571234
1028338 -200522
950021 200718
727070 571400
393428 855090
-110 1008598
-393631 1008555
-727221 854972
-950099 571228
-1028337 200516
-950018 -200723
-727066 -571403
-393424 -855091
114 -1008598
393634 -1008554
727222 -854970
950099 -571226
1028337 -200514
950018 200725
727066 571405
393424 855093
-114 1008600
-393635 1008556
-727224 854971
-950100 571225
-1028336 200512
-950016 -200727
-727063 -571407
-393420 -855095
118 -1008601
393638 -1008555
727226 -854969
950102 -571223
1028338 -200510
950017 200729
727063 571409
393419 855097
-120 1008603
-393641 1008557
-727234 854965
-950110 571217
-1028341 200507
-950018 -200734
-727062 -571415
-393416 -855102
125 -1008606
393647 -1008558
727239 -854964
950114 -571214
1028344 -200502
950019 200740
727061 571421
393413 855108
-130 1008611
-393653 1008560
-727245 854963
-950119 571211
-1028347 200498
-950020 -200745
-727059 -571427
-393408 -855113
136 -1008614
393659 -1008561
727250 -854962
950122 -571208
1028348 -200493
950019 200751
727057 571432
393406 855117
-138 1008617
-393661 1008563
-727253 854964
-950126 571210
-1028352 200494
-950023 -200751
-727060 -571433
-393407 -855119
139 -1008619
393663 -1008564
727254 -854963
950126 -571201
1028352 -200486
950023 200751
727060 571433
393407 855119
-139 1008619
-393663 1008564
-727254 854963
-950126 571201
-1028352 200486
-950023 -200751
-727060 -571433
-393407 -855119
139 -1008619
393663 -1008564
727254 -854963
950126 -571201
1028352 -200486
950023 200751
727060 571433
393407 855119
-139 1008619
-393663 1008564
-727254 854963
-950126 571201
-1028352 200486
-950023 -200751
-727060 -571433
-393407 -855119
139 -1008619
393663 -1008564
727254 -854963
950126 -571201
1028352 -200486
950023 200751
727060 571433
393407 855119
-139 1008619
-393663 1008564
-727254 854963
-950126 571201
-1028349 200478
-950020 -200758
-727061 -571431
-393409 -855118
137 -1008620
393662 -1008567
727255 -854967
950129 -571205
1028354 -200482
950026 200756
727066 571432
393413 855120
-134 1008623
-393661 1008571
-727256 854971
-950131 571208
-1028356 200483
-950028 -200756
-727068 -571433
-393414 -855123
135 -1008627
393664 -1008575
727260 -854974
950135 -571209
1028360 -200483
950032 200757
727071 571435
393416 855125
-133 1008629
-393662 1008577
-727259 854977
-950136 571213
-1028362 200486
-950034 -200755
-727073 -571434
-393418 -855125
131 -1008629
393660 -1008578
727257 -854979
950135 -571216
1028363 -200490
950031 200759
727072 571437
393424 855121
-126 1008629
-393657 1008580
-727256 854982
-950136 571220
-1028365 200494
-950033 -200756
-727074 -571436
-393426 -855121
124 -1008629
393655 -1008581
727255 -854984
950136 -571222
1028366 -200496
950035 200754
727077 571434
393430 855120
-120 1008630
-393652 1008584
-727253 854988
-950135 571226
-1028367 200500
-950038 -200751
-727081 -571433
-393434 -855121
116 -1008632
393648 -1008586
727250 -854991
950134 -571231
1028368 -200506
950041 200745
727085 571428
393439 855117
-110 1008630
-393643 1008587
-727247 854994
-950133 571235
-1028369 200510
-950044 -200741
-727082 -571431
-393436 -855121
106 -1008628
393639 -1008586
727243 -854995
950130 -571238
1028367 -200514
950043 200737
727083 571427
393439 855117
-102 1008625
-393635 1008585
-727239 854995
-950126 571239
-1028364 200517
-950041 -200733
-727081 -571423
-393438 -855113
101 -1008621
393632 -1008581
727235 -854992
950122 -571237
1028360 -200516
950038 200732
727080 571420
393439 855109
-98 1008618
-393628 1008580
-727231 854993
-950118 571240
-1028357 200520
-950037 -200727
-727081 -571414
-393442 -855103
93 -1008612
393621 -1008575
727223 -854991
950111 -571242
1028352 -200526
950034 200719
727081 571406
393436 855100
-98 1008610
-393616 1008570
-727217 854988
-950105 571241
-1028347 200527
-950031 -200716
-727080 -571402
-393437 -855096
95 -1008606
393612 -1008567
727213 -854987
950102 -571242
1028345 -200529
950030 200713
727080 571398
393438 855092
-93 1008603
-393610 1008565
-727211 854985
-950099 571240
-1028341 200528
-950026 -200713
-727077 -571397
-393436 -855090
94 -1008600
393609 -1008561
727208 -854981
950095 -571237
1028337 -200527
950022 200712
727074 571394
393435 855085
-93 1008594
-393606 1008556
-727203 854978
-950089 571236
-1028332 200528
-950019 -200709
-727072 -571390
-393434 -855081
101 -1008592
393614 -1008554
727203 -854974
950088 -571232
1028329 -200524
950015 200712
727068 571391
393430 855080
-104 1008589
-393615 1008550
-727202 854970
-950085 571228
-1028324 200521
-950009 -200713
-727063 -571390
-393427 -855077
105 -1008585
393614 -1008546
727199 -854967
950081 -571227
1028321 -200522
950007 200711
727062 571387
393428 855073
-103 1008581
-393612 1008542
-727197 854963
-950079 571224
-1028318 200520
-950003 -200712
-727058 -571387
-393424 -855073
106 -1008580
393620 -1008538
727205 -854959
950080 -571221
1028318 -200516
950002 200716
727055 571390
393420 855074
-110 1008580
-393623 1008537
-727206 854956
-950079 571217
-1028315 200513
-949998 -200717
-727052 -571389
-393418 -855072
111 -1008577
393623 -1008533
727205 -854952
950077 -571214
1028313 -200511
949996 200719
727049 571391
393414 855073
-115 1008577
-393627 1008533
-727209 854951
-950080 571211
-1028314 200507
-949995 -200723
-727046 -571395
-393410 -855076
119 -1008578
393630 -1008532
727210 -854949
950080 -571209
1028314 -200505
949995 200725
727046 571397
393409 855078
-121 1008579
-393632 1008531
-727216 854942
-950086 571201
-1028315 200500
-949994 -200731
-727043 -571402
-393405 -855081
126 -1008581
393638 -1008532
727221 -854941
950090 -571199
1028318 -200497
949995 200735
727042 571406
393402 855085
-130 1008584
-393642 1008534
-727225 854942
-950093 571198
-1028319 200495
-949995 -200737
-727042 -571408
-393402 -855087
131 -1008586
393644 -1008535
727227 -854942
950095 -571198
1028321 -200495
949996 200738
727042 571410
393402 855089
-131 1008588
-393645 1008537
-727229 854943
-950097 571197
-1028323 200492
-949997 -200742
-727041 -571414
-393399 -855092
135 -1008589
393648 -1008536
727231 -854941
950099 -571188
1028325 -200484
949999 200742
727043 571415
393400 855095
-136 1008593
-393651 1008540
-727235 854944
-950103 571189
-1028328 200483
-950001 -200745
-727044 -571419
-393400 -855099
136 -1008597
393652 -1008544
727238 -854948
950107 -571193
1028333 -200486
950007 200744
727049 571420
393403 855102
-135 1008601
-393653 1008548
-727241 854952
-950112 571196
-1028339 200487
-950012 -200745
-727053 -571423
-393406 -855106
134 -1008606
393654 -1008554
727244 -854957
950116 -571199
1028343 -200488
950016 200746
727056 571426
393407 855111
-136 1008612
-393658 1008559
-727248 854960
-950120 571200
-1028344 200480
-950017 -200754
-727059 -571427
-393408 -855113
136 -1008614
393659 -1008561
727250 -854962
950123 -571202
1028348 -200481
950021 200754
727063 571427
393412 855114
-133 1008617
-393658 1008566
-727252 854968
-950127 571207
-1028352 200484
-950025 -200753
-727067 -571428
-393415 -855117
132 -1008621
393659 -1008570
727254 -854972
950130 -571211
1028356 -200487
950029 200752
727071 571429
393419 855119
-128 1008624
-393656 1008574
-727253 854976
-950131 571215
-1028359 200491
-950033 -200749
-727075 -571428
-393423 -855120
125 -1008627
393655 -1008579
727254 -854982
950134 -571220
1028363 -200494
950031 200755
727073 571433
393427 855117
-121 1008625
-393651 1008578
-727251 854983
-950133 571223
-1028364 200498
-950034 -200752
-727077 -571432
-393431 -855118
118 -1008628
393650 -1008582
727251 -854987
950133 -571227
1028365 -200502
950037 200748
727081 571429
393435 855117
-114 1008629
-393646 1008585
-727249 854992
-950135 571233
-1028370 200507
-950043 -200745
-727087 -571428
-393440 -855118
111 -1008632
393645 -1008589
727249 -854996
950135 -571237
1028371 -200511
950045 200742
727089 571427
393442 855118
-109 1008632
-393643 1008589
-727247 854996
-950133 571237
-1028369 200512
-950044 -200739
-727082 -571429
-393437 -855119
104 -1008627
393637 -1008587
727242 -854997
950130 -571240
1028368 -200516
950045 200735
727085 571426
393441 855118
-100 1008628
-393633 1008589
-727239 855000
-950129 571244
-1028369 200520
-950047 -200732
-727087 -571424
-393443 -855116
98 -1008626
393631 -1008588
727237 -855000
950127 -571245
1028367 -200523
950047 200727
727090 571418
393448 855111
-92 1008623
-393625 1008587
-727231 855001
-950122 571248
-1028364 200527
-950045 -200723
-727089 -571414
-393449 -855107
89 -1008620
393621 -1008586
727227 -855002
950119 -571251
1028363 -200532
950046 200717
727092 571408
393444 855106
-94 1008619
-393617 1008581
-727223 854999
-950114 571249
-1028357 200531
-950041 -200716
-727089 -571406
-393443 -855104
94 -1008617
393616 -1008579
727221 -854997
950112 -571248
1028355 -200531
950039 200715
727087 571403
393442 855099
-92 1008611
-393611 1008573
-727214 854993
-950104 571247
-1028348 200533
-950034 -200710
-727085 -571396
-393444 -855091
87 -1008604
393604 -1008568
727206 -854990
950097 -571247
1028343 -200536
950032 200705
727086 571390
393446 855086
-84 1008600
-393600 1008565
-727202 854989
-950093 571248
-1028340 200539
-950030 -200701
-727085 -571386
-393447 -855082
90 -1008598
393606 -1008564
727199 -854987
950089 -571246
1028336 -200538
950027 200700
727083 571384
393446 855079
-90 1008594
-393605 1008560
-727197 854984
-950087 571245
-1028334 200538
-950025 -200700
-727082 -571383
-393446 -855077
89 -1008592
393603 -1008558
727195 -854982
950084 -571243
1028330 -200537
950021 200699
727078 571381
393443 855075
-91 1008590
-393605 1008556
-727196 854980
-950084 571241
-1028329 200535
-950019 -200701
-727076 -571382
-393441 -855074
92 -1008588
393604 -1008554
727194 -854978
950082 -571240
1028327 -200535
950017 200700
727074 571380
393439 855072
-94 1008585
-393612 1008548
-727201 854972
-950081 571236
-1028324 200531
-950012 -200704
-727068 -571383
-393433 -855073
99 -1008584
393615 -1008545
727202 -854967
950080 -571230
1028322 -200526
950010 200707
727066 571384
393432 855072
-99 1008582
-393615 1008543
-727202 854965
-950080 571228
-1028321 200524
-950008 -200709
-727064 -571386
-393429 -855074
103 -1008583
393619 -1008543
727206 -854965
950083 -571227
1028322 -200521
950007 200713
727061 571389
393425 855075
-107 1008582
-393622 1008540
-727207 854960
-950082 571221
-1028320 200516
-950004 -200716
-727057 -571391
-393421 -855076
111 -1008582
393626 -1008539
727214 -854953
950088 -571213
1028321 -200511
950003 200722
727054 571396
393417 855080
-115 1008585
-393630 1008540
-727218 854952
-950092 571211
-1028324 200509
-950004 -200725
-727053 -571400
-393414 -855083
119 -1008586
393633 -1008539
727219 -854950
950092 -571209
1028324 -200507
950004 200727
727053 571402
393414 855085
-119 1008588
-393634 1008541
-727221 854951
-950093 571208
-1028323 200505
-950002 -200728
-727051 -571402
-393412 -855085
121 -1008588
393636 -1008541
727223 -854951
950095 -571208
1028325 -200504
950003 200731
727050 571406
393410 855088
-123 1008589
-393638 1008541
-727225 854951
-950097 571201
-1028327 200498
-950006 -200729
-727054 -571405
-393413 -855089
122 -1008592
393639 -1008545
727228 -854954
950101 -571202
1028331 -200497
950009 200732
727055 571409
393412 855093
-124 1008595
-393641 1008546
-727230 854954
-950103 571202
-1028333 200497
-950011 -200732
-727057 -571409
-393414 -855094
123 -1008598
393641 -1008550
727230 -854958
950104 -571206
1028335 -200500
950013 200731
727059 571410
393416 855096
-122 1008600
-393642 1008552
-727232 854959
-950106 571205
-1028337 200498
-950015 -200733
-727061 -571412
-393417 -855098
122 -1008602
393642 -1008554
727233 -854961
950108 -571207
1028336 -200492
950014 200738
727063 571409
393419 855097
-120 1008603
-393641 1008557
-727234 854965
-950111 571211
-1028341 200495
-950020 -200738
-727068 -571412
-393422 -855101
119 -1008607
393642 -1008561
727236 -854969
950113 -571214
1028343 -200496
950022 200738
727070 571412
393424 855102
-118 1008609
-393642 1008563
-727237 854971
-950116 571216
-1028347 200498
-950026 -200737
-727074 -571413
-393427 -855105
117 -1008614
393643 -1008569
727240 -854977
950121 -571221
1028353 -200500
950032 200738
727079 571416
393430 855109
-116 1008618
-393644 1008573
-727242 854980
-950123 571223
-1028355 200502
-950028 -200744
-727075 -571421
-393433 -855106
112 -1008617
393640 -1008573
727239 -854981
950121 -571225
1028354 -200504
950028 200742
727076 571419
393435 855104
-109 1008615
-393636 1008572
-727235 854982
-950118 571228
-1028353 200509
-950029 -200736
-727079 -571414
-393440 -855101
103 -1008614
393630 -1008573
727230 -854985
950115 -571233
1028352 -200515
950031 200730
727083 571409
393444 855098
-99 1008613
-393627 1008574
-727228 854987
-950114 571235
-1028353 200517
-950033 -200729
-727077 -571416
-393437 -855105
99 -1008613
393627 -1008574
727228 -854987
950114 -571235
1028353 -200517
950033 200729
727077 571416
393437 855105
-99 1008613
-393627 1008574
-727228 854987
-950114 571235
-1028353 200517
-950033 -200729
-727077 -571416
-393437 -855105
99 -1008613
393627 -1008574
727228 -854987
950114 -571235
1028353 -200517
950033 200729
727077 571416
393437 855105
-99 1008613
-393627 1008574
-727228 854987
-950114 571235
-1028353 200517
-950033 -200729
-727077 -571416
-393437 -855105
99 -1008613
393627 -1008574
727228 -854987
950114 -571235
1028353 -200517
950033 200729
727077 571416
393428 855109
-109 1008616
-393628 1008572
-727228 854985
-950113 571233
-1028351 200516
-950031 -200728
-727076 -571413
-393429 -855105
106 -1008613
393624 -1008571
727224 -854986
950110 -571236
1028349 -200520
950030 200724
727077 571409
393432 855101
-102 1008609
-393620 1008567
-727220 854983
-950106 571234
-1028345 200519
-950026 -200723
-727073 -571407
-393428 -855099
105 -1008607
393621 -1008565
727219 -854981
950104 -571233
1028343 -200519
950024 200723
727071 571406
393427 855096
-104 1008603
-393618 1008561
-727215 854978
-950100 571232
-1028340 200520
-950023 -200720
-727072 -571402
-393430 -855093
109 -1008603
393625 -1008562
727215 -854978
950100 -571232
1028340 -200520
950023 200720
727072 571402
393430 855093
-109 1008603
-393625 1008562
-727215 854978
-950100 571232
-1028340 200520
-950023 -200720
-727072 -571402
-393430 -855093
109 -1008603
393625 -1008562
727215 -854978
950100 -571232
1028340 -200520
950023 200720
727072 571402
393430 855093
-109 1008603
-393625 1008562
-727215 854978
-950100 571232
-1028340 200520
-950023 -200720
-727072 -571402
-393430 -855093
109 -1008603
393625 -1008562
727215 -854978
950100 -571232
1028340 -200520
950023 200720
727072 571402
393430 855093
-109 1008603
-393632 1008561
-727224 854978
-950104 571233
-1028343 200519
-950024 -200723
-727071 -571406
-393427 -855096
113 -1008604
393636 -1008560
727227 -854975
950105 -571228
1028342 -200513
950021 200728
727067 571409
393423 855097
-116 1008603
-393637 1008557
-727226 854971
-950102 571225
-1028338 200512
-950018 -200727
-727065 -571407
-393422 -855095
116 -1008601
393636 -1008555
727224 -854969
950100 -571223
1028336 -200510
950015 200729
727061 571408
393418 855094
-120 1008599
-393640 1008553
-727227 854966
-950101 571219
-1028335 200506
-950013 -200733
-727059 -571412
-393415 -855098
124 -1008602
393644 -1008554
727235 -854961
950110 -571213
1028340 -200503
950016 200737
727060 571416
393414 855102
-126 1008605
-393646 1008556
-727237 854963
-950112 571215
-1028343 200505
-950020 -200736
-727063 -571417
-393416 -855104
125 -1008608
393647 -1008560
727240 -854966
950116 -571216
1028346 -200504
950021 200739
727063 571421
393415 855108
-128 1008611
-393651 1008561
-727244 854966
-950120 571215
-1028349 200501
-950022 -200743
-727062 -571425
-393412 -855112
132 -1008615
393656 -1008564
727249 -854966
950123 -571212
1028351 -200497
950023 200747
727061 571429
393410 855116
-135 1008618
-393660 1008565
-727253 854966
-950127 571205
-1028355 200490
-950027 -200748
-727064 -571432
-393411 -855120
136 -1008622
393662 -1008569
727256 -854969
950131 -571206
1028358 -200489
950028 200751
727063 571436
393408 855124
-140 1008625
-393666 1008570
-727259 854968
-950133 571204
-1028360 200487
-950030 -200753
-727065 -571438
-393410 -855126
139 -1008628
393667 -1008574
727262 -854972
950137 -571207
1028364 -200488
950033 200754
727066 571441
393409 855130
-141 1008631
-393670 1008576
-727266 854973
-950141 571206
-1028367 200485
-950035 -200758
-727067 -571445
-393408 -855134
144 -1008635
393674 -1008579
727270 -854974
950145 -571206
1028368 -200477
950036 200766
727071 571446
393411 855137
-143 1008639
-393675 1008583
-727273 854978
-950149 571209
-1028372 200478
-950039 -200767
-727073 -571448
-393413 -855139
141 -1008642
393674 -1008587
727273 -854982
950150 -571213
1028374 -200481
950042 200765
727077 571447
393417 855140
-138 1008645
-393673 1008592
-727275 854988
-950155 571218
-1028381 200484
-950049 -200765
-727082 -571450
-393419 -855145
139 -1008651
393675 -1008597
727277 -854992
950157 -571222
1028384 -200488
950054 200761
727088 571447
393425 855144
-134 1008652
-393672 1008600
-727276 854996
-950158 571226
-1028386 200491
-950050 -200768
-727084 -571455
-393427 -855144
132 -1008652
393670 -1008600
727274 -854996
950156 -571226
1028384 -200492
950049 200765
727085 571451
393430 855141
-128 1008651
-393667 1008601
-727273 854999
-950157 571230
-1028387 200495
-950053 -200764
-727089 -571451
-393434 -855141
124 -1008652
393663 -1008604
727270 -855004
950156 -571236
1028388 -200501
950056 200758
727094 571446
393440 855139
-119 1008653
-393660 1008607
-727269 855008
-950157 571240
-1028391 200505
-950060 -200755
-727098 -571445
-393444 -855139
115 -1008654
393657 -1008610
727268 -855012
950158 -571244
1028393 -200509
950063 200752
727094 571450
393439 855145
-113 1008654
-393655 1008610
-727266 855013
-950156 571247
-1028392 200513
-950063 -200748
-727094 -571446
-393440 -855141
110 -1008650
393651 -1008607
727262 -855012
950153 -571248
1028391 -200515
950064 200746
727096 571445
393442 855141
-109 1008651
-393651 1008609
-727263 855014
-950155 571249
-1028393 200515
-950066 -200746
-727098 -571445
-393444 -855141
107 -1008651
393649 -1008609
727261 -855014
950153 -571250
1028391 -200517
950064 200744
727097 571443
393444 855139
-106 1008649
-393647 1008607
-727258 855012
-950149 571248
-1028387 200516
-950061 -200743
-727095 -571440
-393434 -855139
115 -1008648
393645 -1008601
727253 -855007
950142 -571245
1028379 -200516
950054 200739
727091 571433
393434 855131
-112 1008641
-393641 1008596
-727249 855004
-950138 571244
-1028376 200517
-950052 -200737
-727089 -571431
-393432 -855129
113 -1008638
393640 -1008592
727246 -855000
950134 -571241
1028371 -200515
950046 200738
727084 571430
393429 855126
-114 1008634
-393639 1008588
-727244 854997
-950132 571239
-1028369 200514
-950045 -200737
-727084 -571428
-393429 -855124
114 -1008632
393639 -1008586
727243 -854995
950130 -571238
1028367 -200514
950043 200737
727083 571427
393430 855122
-120 1008632
-393645 1008587
-727241 854995
-950128 571238
-1028366 200515
-950043 -200735
-727083 -571425
-393430 -855120
120 -1008630
393645 -1008585
727241 -854993
950127 -571236
1028363 -200513
950039 200736
727079 571424
393427 855117
-121 1008625
-393644 1008579
-727238 854987
-950123 571231
-1028359 200510
-950035 -200737
-727075 -571424
-393423 -855116
124 -1008623
393645 -1008577
727237 -854985
950120 -571229
1028355 -200508
950031 200739
727071 571425
393420 855115
-126 1008620
-393646 1008572
-727236 854979
-950117 571224
-1028350 200505
-950025 -200739
-727066 -571422
-393416 -855111
128 -1008615
393652 -1008565
727242 -854974
950117 -571222
1028350 -200503
950025 200741
727066 571424
393416 855113
-129 1008617
-393654 1008566
-727244 854973
-950118 571219
-1028349 200499
-950022 -200745
-727061 -571427
-393410 -855114
134 -1008616
393658 -1008564
727247 -854970
950119 -571215
1028348 -200495
950019 200749
727057 571430
393406 855115
-138 1008615
-393661 1008561
-727248 854966
-950119 571211
-1028347 200491
-950017 -200752
-727055 -571432
-393404 -855116
140 -1008615
393662 -1008560
727248 -854964
950118 -571209
1028345 -200490
950015 200752
727053 571431
393402 855114
-142 1008613
-393664 1008558
-727253 854957
-950123 571202
-1028347 200487
-950016 -200756
-727052 -571435
-393400 -855118
144 -1008616
393666 -1008560
727256 -854959
950127 -571203
1028350 -200486
950017 200759
727051 571439
393397 855121
-148 1008617
-393670 1008559
-727259 854956
-950128 571199
-1028350 200482
-950016 -200763
-727049 -571443
-393395 -855125
151 -1008621
393674 -1008562
727263 -854957
950132 -571198
1028353 -200480
950018 200765
727050 571445
393394 855127
-153 1008623
-393677 1008564
-727267 854958
-950136 571191
-1028357 200473
-950021 -200766
-727051 -571448
-393393 -855131
156 -1008626
393681 -1008565
727271 -854958
950140 -571190
1028360 -200470
950023 200770
727053 571452
393395 855135
-155 1008631
-393682 1008571
-727274 854963
-950144 571193
-1028364 200471
-950026 -200771
-727054 -571455
-393394 -855139
157 -1008634
393684 -1008572
727276 -854963
950146 -571193
1028366 -200471
950028 200771
727056 571455
393395 855140
-158 1008636
-393686 1008574
-727278 854965
-950148 571194
-1028368 200470
-950030 -200774
-727057 -571459
-393395 -855144
158 -1008640
393687 -1008578
727280 -854968
950150 -571196
1028367 -200464
950029 200779
727060 571456
393399 855142
-154 1008639
-393684 1008579
-727279 854971
-950151 571200
-1028370 200468
-950034 -200776
-727066 -571455
-393404 -855144
151 -1008644
393683 -1008585
727280 -854977
950154 -571206
1028375 -200473
950040 200773
727072 571454
393410 855145
-146 1008647
-393680 1008590
-727279 854983
-950155 571212
-1028378 200479
-950045 -200768
-727078 -571451
-393416 -855144
141 -1008648
393677 -1008593
727278 -854987
950156 -571216
1028380 -200482
950047 200766
727080 571450
393418 855144
-139 1008649
-393675 1008595
-727277 854990
-950157 571220
-1028383 200486
-950046 -200771
-727080 -571456
-393424 -855143
133 -1008650
393670 -1008598
727274 -854994
950156 -571224
1028384 -200490
950048 200767
727083 571452
393428 855140
-129 1008649
-393666 1008599
-727271 854997
-950155 571228
-1028385 200494
-950051 -200764
-727087 -571451
-393432 -855141
126 -1008651
393665 -1008602
727271 -855001
950155 -571232
1028385 -200498
950051 200760
727088 571447
393435 855137
-121 1008648
-393659 1008601
-727266 855002
-950152 571235
-1028384 200502
-950052 -200756
-727090 -571443
-393437 -855134
119 -1008646
393657 -1008599
727264 -855001
950151 -571236
1028385 -200504
950055 200754
727086 571449
393432 855141
-117 1008647
-393655 1008602
-727263 855005
-950151 571240
-1028385 200508
-950055 -200750
-727087 -571445
-393435 -855137
113 -1008644
393651 -1008600
727259 -855004
950147 -571240
1028382 -200509
950054 200748
727087 571443
393436 855135
-111 1008642
-393649 1008599
-727257 855004
-950146 571241
-1028382 200511
-950054 -200746
-727087 -571441
-393436 -855133
110 -1008640
393647 -1008597
727255 -855003
950144 -571241
1028380 -200511
950053 200745
727088 571439
393438 855132
-108 1008640
-393645 1008597
-727253 855003
-950142 571241
-1028379 200512
-950053 -200743
-727088 -571437
-393429 -855134
117 -1008641
393644 -1008593
727250 -855000
950138 -571240
1028375 -200513
950050 200740
727087 571432
393431 855128
-113 1008636
-393639 1008590
-727244 854999
-950132 571241
-1028370 200516
-950047 -200736
-727086 -571428
-393431 -855124
112 -1008632
393637 -1008587
727242 -854997
950130 -571240
1028368 -200516
950045 200735
727085 571426
393432 855122
-110 1008631
-393635 1008587
-727240 854997
-950128 571240
-1028366 200517
-950043 -200733
-727083 -571423
-393431 -855118
109 -1008627
393632 -1008583
727235 -854994
950122 -571239
1028361 -200518
950040 200730
727082 571419
393431 855114
-117 1008624
-393640 1008580
-727235 854990
-950121 571235
-1028358 200514
-950036 -200733
-727078 -571420
-393428 -855113
118 -1008622
393640 -1008578
727234 -854988
950119 -571234
1028356 -200514
950034 200733
727076 571420
393426 855113
-120 1008621
-393641 1008575
-727233 854984
-950117 571230
-1028353 200511
-950030 -200734
-727073 -571419
-393424 -855110
121 -1008617
393640 -1008571
727231 -854981
950115 -571229
1028351 -200511
950028 200734
727071 571419
393422 855110
-123 1008617
-393642 1008571
-727233 854980
-950116 571226
-1028351 200507
-950027 -200738
-727068 -571422
-393418 -855111
127 -1008616
393652 -1008567
727243 -854976
950119 -571223
1028352 -200503
950026 200742
727065 571426
393414 855114
-131 1008617
-393656 1008566
-727246 854973
-950120 571219
-1028351 200499
-950024 -200745
-727063 -571427
-393412 -855114
133 -1008617
393658 -1008566
727247 -854972
950120 -571217
1028351 -200497
950023 200747
727061 571429
393410 855116
-135 1008618
-393660 1008565
-727249 854970
-950121 571215
-1028350 200495
-950021 -200749
-727059 -571431
-393408 -855117
137 -1008618
393662 -1008565
727251 -854970
950123 -571214
1028351 -200492
950020 200753
727056 571434
393404 855118
-140 1008617
-393663 1008562
-727254 854961
-950126 571206
-1028351 200490
-950020 -200755
-727056 -571436
-393403 -855120
143 -1008619
393667 -1008564
727258 -854962
950129 -571205
1028353 -200488
950021 200757
727055 571438
393401 855122
-145 1008620
-393669 1008563
-727260 854960
-950130 571202
-1028352 200484
-950019 -200761
-727053 -571442
-393398 -855126
149 -1008623
393673 -1008564
727263 -854959
950132 -571200
1028354 -200482
950020 200763
727052 571444
393396 855127
-151 1008623
-393675 1008564
-727265 854959
-950134 571200
-1028355 200481
-950020 -200765
-727052 -571446
-393396 -855129
152 -1008625
393677 -1008566
727267 -854960
950136 -571193
1028358 -200475
950024 200764
727055 571447
393397 855132
-152 1008629
-393678 1008570
-727270 854964
-950141 571196
-1028364 200476
-950029 -200765
-727059 -571449
-393401 -855134
149 -1008632
393677 -1008574
727271 -854968
950143 -571200
1028366 -200479
950031 200764
727061 571450
393402 855137
-150 1008636
-393680 1008578
-727275 854971
-950147 571201
-1028370 200478
-950035 -200767
-727064 -571455
-393403 -855143
151 -1008642
393682 -1008583
727278 -854975
950152 -571204
1028376 -200479
950040 200768
727067 571457
393404 855146
-152 1008646
-393685 1008587
-727282 854978
-950156 571205
-1028376 200471
-950040 -200775
-727071 -571456
-393408 -855146
148 -1008647
393682 -1008590
727281 -854983
950157 -571211
1028379 -200476
950044 200772
727075 571455
393411 855147
-147 1008649
-393682 1008592
-727282 854985
-950159 571213
-1028382 200478
-950048 -200771
-727079 -571456
-393415 -855150
144 -1008654
393681 -1008598
727283 -854991
950162 -571218
1028386 -200481
950053 200769
727085 571455
393420 855151
-141 1008657
-393680 1008602
-727284 854995
-950165 571222
-1028390 200484
-950057 -200768
-727088 -571456
-393422 -855153
139 -1008659
393679 -1008605
727285 -854999
950168 -571226
1028395 -200487
950056 200775
727086 571463
393426 855152
-135 1008660
-393676 1008608
-727283 855003
-950167 571230
-1028396 200491
-950059 -200772
-727090 -571462
-393430 -855153
132 -1008663
393675 -1008612
727284 -855007
950169 -571234
1028398 -200495
950062 200768
727095 571459
393436 855152
-127 1008664
-393670 1008607
-727278 855004
-950163 571233
-1028393 200496
-950058 -200765
-727092 -571454
-393435 -855146
125 -1008658
393667 -1008610
727277 -855008
950164 -571237
1028395 -200500
950061 200762
727096 571453
393438 855147
-124 1008660
-393667 1008612
-727277 855010
-950165 571239
-1028397 200501
-950063 -200762
-727090 -571460
-393432 -855153
121 -1008658
393663 -1008610
727273 -855009
950161 -571240
1028394 -200504
950061 200758
727088 571456
393431 855149
-121 1008654
-393662 1008606
-727271 855006
-950159 571238
-1028392 200503
-950060 -200757
-727089 -571454
-393433 -855147
119 -1008653
393660 -1008607
727269 -855008
950157 -571240
1028391 -200505
950060 200755
727089 571452
393434 855145
-116 1008651
-393656 1008606
-727265 855009
-950154 571243
-1028389 200509
-950059 -200751
-727090 -571448
-393436 -855142
114 -1008650
393654 -1008606
727263 -855009
950152 -571244
1028388 -200512
950060 200747
727093 571444
393431 855143
-119 1008651
-393650 1008603
-727259 855008
-950148 571244
-1028385 200513
-950059 -200744
-727093 -571440
-393432 -855139
117 -1008648
393647 -1008601
727255 -855007
950144 -571245
1028381 -200515
950055 200742
727090 571437
393431 855135
-116 1008644
-393645 1008597
-727253 855003
-950142 571241
-1028379 200512
-950053 -200743
-727088 -571437
-393429 -855134
117 -1008641
393644 -1008593
727250 -855000
950138 -571240
1028375 -200513
950050 200740
727087 571432
393431 855128
-113 1008636
-393639 1008590
-727244 854999
-950132 571241
-1028370 200516
-950047 -200736
-727086 -571428
-393431 -855124
121 -1008634
393648 -1008589
727245 -854996
950131 -571237
1028367 -200512
950042 200739
727080 571429
393426 855123
-124 1008631
-393649 1008584
-727244 854990
-950129 571232
-1028365 200509
-950040 -200741
-727078 -571430
-393424 -855123
126 -1008631
393651 -1008584
727246 -854990
950130 -571231
1028364 -200507
950038 200742
727076 571430
393422 855122
-127 1008628
-393650 1008580
-727243 854986
-950126 571228
-1028360 200505
-950034 -200743
-727073 -571429
-393421 -855120
127 -1008626
393656 -1008576
727249 -854982
950125 -571226
1028358 -200504
950032 200743
727071 571429
393419 855119
-128 1008624
-393656 1008574
-727249 854980
-950125 571224
-1028357 200502
-950029 -200745
-727067 -571430
-393415 -855119
132 -1008623
393659 -1008572
727251 -854978
950127 -571222
1028359 -200499
950031 200749
727067 571435
393412 855124
-136 1008626
-393663 1008573
-727254 854977
-950128 571219
-1028358 200495
-950028 -200753
-727063 -571438
-393408 -855126
140 -1008627
393667 -1008572
727257 -854974
950129 -571215
1028357 -200491
950025 200756
727059 571439
393404 855125
-144 1008625
-393670 1008569
-727263 854966
-950136 571208
-1028361 200489
-950029 -200759
-727062 -571444
-393405 -855131
145 -1008631
393673 -1008575
727268 -854971
950142 -571211
1028366 -200489
950032 200762
727063 571448
393404 855135
-148 1008634
-393677 1008576
-727271 854970
-950143 571208
-1028366 200485
-950031 -200766
-727060 -571452
-393400 -855138
152 -1008635
393681 -1008575
727274 -854967
950144 -571204
1028365 -200481
950029 200769
727058 571453
393398 855138
-154 1008635
-393683 1008575
-727276 854967
-950146 571203
-1028366 200479
-950028 -200771
-727056 -571455
-393395 -855140
158 -1008636
393686 -1008574
727278 -854965
950148 -571194
1028368 -200470
950030 200774
727057 571459
393395 855144
-158 1008640
-393687 1008578
-727280 854968
-950150 571196
-1028370 200472
-950032 -200772
-727059 -571458
-393397 -855144
157 -1008641
393688 -1008580
727283 -854970
950154 -571197
1028374 -200471
950035 200775
727060 571462
393396 855148
-159 1008644
-393690 1008582
-727285 854971
-950156 571197
-1028376 200471
-950037 -200775
-727062 -571463
-393397 -855150
159 -1008646
393690 -1008584
727285 -854973
950157 -571199
1028378 -200472
950039 200776
727064 571465
393399 855153
-159 1008651
-393693 1008589
-727290 854977
-950163 571202
-1028381 200465
-950042 -200784
-727069 -571466
-393402 -855156
157 -1008655
393692 -1008594
727291 -854983
950166 -571207
1028386 -200469
950048 200781
727075 571465
393408 855157
-152 1008658
-393689 1008598
-727290 854987
-950167 571211
-1028388 200472
-950051 -200779
-727079 -571464
-393412 -855157
149 -1008659
393688 -1008601
727291 -854991
950169 -571215
1028391 -200476
950055 200776
727083 571463
393415 855158
-147 1008661
-393686 1008603
-727289 854993
-950168 571217
-1028391 200478
-950055 -200774
-727084 -571461
-393417 -855157
145 -1008662
393685 -1008606
727290 -854997
950171 -571221
1028396 -200481
950055 200781
727083 571469
393421 855157
-142 1008663
-393683 1008608
-727289 855000
-950171 571225
-1028396 200485
-950056 -200777
-727086 -571465
-393426 -855154
136 -1008662
393678 -1008609
727285 -855003
950169 -571230
1028398 -200491
950061 200772
727092 571463
393431 855155
-133 1008665
-393675 1008606
-727281 855001
-950164 571228
-1028392 200490
-950055 -200771
-727087 -571459
-393428 -855149
133 -1008658
393673 -1008606
727279 -855002
950163 -571231
1028392 -200494
950056 200767
727090 571456
393433 855147
-127 1008657
-393668 1008607
-727276 855004
-950161 571233
-1028391 200497
-950057 -200763
-727084 -571459
-393427 -855150
125 -1008654
393666 -1008606
727274 -855005
950160 -571236
1028392 -200501
950059 200759
727087 571455
393431 855147
-120 1008652
-393660 1008605
-727269 855006
-950157 571238
-1028390 200503
-950058 -200757
-727087 -571453
-393432 -855145
118 -1008651
393658 -1008605
727267 -855006
950155 -571239
1028389 -200505
950058 200755
727088 571451
393434 855143
-116 1008649
-393656 1008604
-727265 855007
-950153 571241
-1028387 200508
-950057 -200750
-727089 -571445
-393437 -855138
111 -1008646
393650 -1008603
727259 -855008
950148 -571244
1028385 -200513
950059 200744
727093 571440
393432 855139
-117 1008648
-393647 1008601
-727255 855007
-950144 571245
-1028381 200515
-950055 -200742
-727090 -571437
-393431 -855135
116 -1008644
393645 -1008597
727253 -855003
950142 -571241
1028379 -200512
950053 200743
727088 571437
393429 855134
-117 1008641
-393644 1008593
-727250 855000
-950138 571240
-1028375 200513
-950050 -200740
-727087 -571432
-393431 -855128
113 -1008636
393639 -1008590
727244 -854999
950132 -571241
1028370 -200516
950047 200736
727086 571428
393431 855124
-112 1008632
-393637 1008587
-727242 854997
-950130 571240
-1028368 200516
-950045 -200735
-727085 -571426
-393432 -855122
118 -1008632
393643 -1008587
727239 -854995
950126 -571239
1028364 -200517
950041 200733
727081 571423
393429 855117
-119 1008626
-393642 1008581
-727237 854990
-950123 571235
-1028360 200514
-950037 -200734
-727078 -571422
-393427 -855115
120 -1008623
393641 -1008577
727234 -854986
950119 -571232
1028355 -200512
950031 200735
727072 571421
393422 855112
-124 1008619
-393645 1008573
-727237 854981
-950119 571225
-1028352 200505
-950027 -200740
-727068 -571424
-393418 -855113
127 -1008618
393646 -1008570
727236 -854977
950117 -571222
1028350 -200503
950025 200741
727066 571424
393416 855113
-129 1008617
-393654 1008566
-727244 854973
-950118 571219
-1028349 200499
-950022 -200745
-727061 -571427
-393410 -855114
134 -1008616
393658 -1008564
727247 -854970
950119 -571215
1028348 -200495
950019 200749
727057 571430
393406 855115
-138 1008615
-393661 1008561
-727248 854966
-950119 571211
-1028347 200491
-950017 -200752
-727055 -571432
-393404 -855116
140 -1008615
393662 -1008560
727248 -854964
950118 -571209
1028345 -200490
950015 200752
727053 571431
393402 855114
-142 1008613
-393664 1008558
-727249 854962
-950118 571207
-1028345 200488
-950014 -200754
-727051 -571433
-393400 -855116
144 -1008614
393666 -1008558
727255 -854957
950125 -571202
1028349 -200487
950017 200757
727052 571437
393399 855120
-146 1008618
-393668 1008561
-727257 854958
-950126 571201
-1028348 200485
-950015 -200758
-727050 -571437
-393398 -855119
146 -1008616
393668 -1008559
727257 -854956
950126 -571199
1028348 -200483
950015 200760
727049 571439
393395 855121
-150 1008617
-393672 1008558
-727260 854954
-950128 571197
-1028349 200480
-950014 -200764
-727047 -571443
-393393 -855124
152 -1008619
393674 -1008560
727262 -854955
950129 -571196
1028349 -200478
950014 200766
727046 571445
393391 855126
-154 1008620
-393676 1008560
-727264 854955
-950132 571189
-1028353 200472
-950018 -200765
-727050 -571445
-393394 -855127
153 -1008623
393677 -1008564
727267 -854958
950136 -571191
1028357 -200473
950021 200766
727051 571448
393393 855131
-156 1008626
-393681 1008565
-727271 854958
-950140 571190
-1028360 200470
-950023 -200770
-727053 -571452
-393395 -855135
155 -1008631
393682 -1008571
727274 -854963
950144 -571193
1028364 -200471
950026 200771
727054 571455
393394 855139
-157 1008634
-393684 1008572
-727276 854963
-950146 571193
-1028366 200471
-950028 -200771
-727056 -571455
-393395 -855140
158 -1008636
393686 -1008574
727278 -854965
950148 -571194
1028365 -200463
950027 200779
727058 571455
393397 855140
-156 1008637
-393685 1008576
-727278 854967
-950148 571196
-1028366 200465
-950030 -200777
-727062 -571454
-393401 -855141
152 -1008639
393682 -1008579
727277 -854971
950149 -571200
1028368 -200468
950032 200776
727064 571455
393403 855143
-151 1008642
-393682 1008583
-727278 854975
-950152 571204
-1028372 200471
-950036 -200774
-727068 -571453
-393407 -855142
147 -1008643
393679 -1008586
727277 -854979
950153 -571208
1028375 -200475
950041 200771
727074 571452
393412 855143
-144 1008645
-393678 1008588
-727277 854981
-950153 571210
-1028376 200477
-950037 -200777
-727070 -571458
-393415 -855141
140 -1008644
393674 -1008589
727274 -854984
950152 -571214
1028376 -200481
950038 200773
727073 571454
393419 855138
-136 1008643
-393670 1008590
-727271 854987
-950151 571219
-1028378 200487
-950042 -200768
-727077 -571451
-393423 -855137
132 -1008644
393667 -1008593
727269 -854991
950150 -571223
1028378 -200491
950043 200764
727080 571447
393427 855134
-128 1008643
-393663 1008594
-727266 854994
-950149 571228
-1028379 200497
-950046 -200758
-727076 -571449
-393424 -855137
122 -1008640
393657 -1008593
727261 -854995
950145 -571230
1028376 -200500
950045 200754
727077 571445
393426 855133
-119 1008636
-393653 1008590
-727257 854994
-950142 571231
-1028375 200502
-950045 -200752
-727077 -571443
-393427 -855131
117 -1008634
393651 -1008588
727254 -854992
950138 -571230
1028371 -200503
950042 200749
727077 571438
393430 855126
-112 1008631
-393645 1008587
-727249 854994
-950135 571235
-1028370 200509
-950043 -200743
-727079 -571433
-393432 -855122
110 -1008628
393642 -1008585
727245 -854992
950131 -571233
1028366 -200508
950039 200743
727076 571432
393422 855124
-119 1008629
-393642 1008581
-727244 854988
-950128 571230
-1028362 200507
-950036 -200742
-727074 -571430
-393420 -855122
120 -1008626
393641 -1008577
727241 -854985
950124 -571229
1028359 -200508
950035 200739
727075 571426
393423 855118
-116 1008623
-393637 1008576
-727237 854985
-950120 571229
-1028355 200508
-950031 -200739
-727071 -571425
-393420 -855115
117 -1008619
393636 -1008572
727235 -854982
950118 -571228
1028353 -200509
950029 200736
727070 571421
393420 855111
-116 1008615
-393634 1008569
-727233 854980
-950116 571226
-1028351 200507
-950027 -200738
-727068 -571422
-393418 -855111
127 -1008616
393645 -1008568
727234 -854976
950115 -571222
1028348 -200504
950023 200739
727065 571421
393417 855109
-126 1008614
-393643 1008567
-727232 854976
-950113 571223
-1028347 200506
-950023 -200737
-727065 -571419
-393417 -855107
126 -1008612
393643 -1008565
727231 -854974
950111 -571221
1028344 -200504
950019 200738
727061 571419
393414 855106
-127 1008609
-393642 1008561
-727229 854971
-950109 571219
-1028342 200503
-950017 -200738
-727059 -571418
-393412 -855104
129 -1008607
393643 -1008558
727228 -854967
950106 -571216
1028338 -200502
950014 200737
727058 571416
393412 855102
-128 1008605
-393648 1008555
-727235 854965
-950108 571215
-1028339 200499
-950013 -200741
-727055 -571419
-393408 -855103
132 -1008604
393651 -1008552
727235 -854960
950105 -571210
1028335 -200496
950009 200742
727051 571419
393405 855102
-134 1008602
-393653 1008550
-727237 854958
-950106 571207
-1028334 200492
-950006 -200746
-727047 -571422
-393401 -855103
137 -1008601
393655 -1008548
727239 -854956
950108 -571205
1028336 -200490
950008 200748
727049 571424
393402 855106
-138 1008605
-393657 1008551
-727241 854957
-950110 571205
-1028337 200489
-950007 -200750
-727046 -571426
-393398 -855107
142 -1008604
393660 -1008548
727246 -854948
950114 -571196
1028337 -200485
950007 200754
727045 571430
393396 855110
-144 1008606
-393663 1008550
-727250 854950
-950118 571197
-1028340 200484
-950008 -200757
-727045 -571434
-393395 -855114
146 -1008609
393665 -1008552
727252 -854951
950120 -571196
1028342 -200482
950009 200759
727044 571436
393392 855116
-151 1008611
-393671 1008552
-727257 854948
-950123 571192
-1028343 200478
-950009 -200763
-727043 -571440
-393390 -855120
153 -1008614
393673 -1008554
727260 -854950
950127 -571193
1028347 -200477
950012 200766
727045 571444
393391 855124
-154 1008618
-393676 1008558
-727264 854953
-950131 571187
-1028351 200470
-950015 -200767
-727046 -571447
-393390 -855128
157 -1008622
393680 -1008561
727268 -854954
950135 -571187
1028354 -200469
950017 200769
727047 571449
393390 855130
-157 1008624
-393680 1008563
-727268 854956
-950136 571189
-1028357 200471
-950021 -200768
-727051 -571450
-393393 -855133
156 -1008628
393681 -1008567
727271 -854960
950140 -571192
1028361 -200472
950025 200769
727054 571453
393394 855137
-157 1008632
-393684 1008570
-727275 854961
-950144 571191
-1028364 200469
-950026 -200773
-727054 -571457
-393393 -855141
160 -1008636
393688 -1008574
727280 -854964
950150 -571192
1028366 -200460
950027 200783
727057 571459
393395 855144
-158 1008640
-393687 1008578
-727280 854968
-950150 571196
-1028367 200464
-950029 -200779
-727060 -571456
-393399 -855142
154 -1008639
393684 -1008579
727279 -854971
950151 -571200
1028370 -200468
950034 200776
727066 571455
393404 855144
-151 1008644
-393683 1008585
-727280 854977
-950154 571206
-1028375 200473
-950040 -200773
-727072 -571454
-393410 -855145
146 -1008647
393680 -1008590
727279 -854983
950155 -571212
1028378 -200479
950045 200768
727078 571451
393416 855144
-141 1008648
-393677 1008593
-727278 854987
-950156 571216
-1028380 200482
-950041 -200774
-727074 -571457
-393418 -855142
139 -1008647
393675 -1008593
727277 -854988
950157 -571218
1028383 -200484
950045 200773
727078 571457
393422 855143
-135 1008649
-393671 1008596
-727273 854992
-950153 571222
-1028380 200489
-950045 -200766
-727081 -571450
-393427 -855138
129 -1008647
393666 -1008597
727270 -854995
950153 -571227
1028383 -200494
950049 200763
727085 571449
393430 855139
-127 1008649
-393665 1008600
-727271 854999
-950155 571230
-1028385 200496
-950051 -200762
-727087 -571449
-393432 -855139
125 -1008649
393663 -1008600
727269 -855000
950154 -571233
1028386 -200500
950054 200758
727084 571452
393430 855143
-119 1008648
-393657 1008601
-727264 855003
-950151 571238
-1028385 200506
-950055 -200752
-727086 -571447
-393433 -855139
115 -1008645
393653 -1008600
727261 -855004
950149 -571240
1028384 -200509
950056 200748
727089 571443
393437 855136
-111 1008644
-393649 1008601
-727257 855006
-950146 571243
-1028383 200513
-950057 -200744
-727091 -571440
-393440 -855134
107 -1008643
393645 -1008601
727253 -855007
950142 -571245
1028379 -200516
950054 200739
727091 571433
393443 855127
-102 1008638
-393639 1008599
-727248 855008
-950139 571248
-1028378 200520
-950055 -200735
-727093 -571430
-393436 -855129
109 -1008639
393637 -1008595
727245 -855005
950135 -571247
1028375 -200521
950053 200733
727092 571427
393437 855125
-107 1008635
-393634 1008591
-727241 855001
-950131 571244
-1028371 200520
-950049 -200732
-727089 -571424
-393436 -855121
106 -1008631
393631 -1008588
727237 -855000
950127 -571245
1028367 -200523
950047 200727
727090 571418
393439 855115
-101 1008626
-393625 1008585
-727231 854999
-950122 571246
-1028364 200525
-950045 -200725
-727089 -571416
-393439 -855113
101 -1008624
393625 -1008583
727230 -854997
950119 -571244
1028360 -200524
950041 200724
727085 571413
393436 855109
-110 1008621
-393632 1008579
-727227 854992
-950115 571241
-1028356 200523
-950038 -200723
-727084 -571411
-393436 -855107
110 -1008619
393632 -1008577
727227 -854990
950114 -571239
1028353 -200521
950033 200725
727078 571412
393431 855105
-113 1008614
-393633 1008571
-727226 854984
-950111 571233
-1028349 200516
-950029 -200728
-727074 -571413
-393427 -855105
117 -1008614
393636 -1008570
727227 -854981
950111 -571229
1028348 -200512
950027 200731
727071 571415
393423 855106
-120 1008613
-393638 1008568
-727229 854979
-950112 571227
-1028347 200510
-950024 -200733
-727067 -571416
-393420 -855105
122 -1008611
393646 -1008564
727237 -854975
950114 -571225
1028349 -200508
950026 200735
727069 571418
393421 855107
-122 1008613
-393646 1008566
-727237 854977
-950114 571227
-1028349 200510
-950026 -200733
-727069 -571416
-393422 -855105
120 -1008611
393644 -1008564
727235 -854975
950112 -571225
1028347 -200508
950024 200735
727067 571418
393419 855107
-124 1008612
-393648 1008564
-727238 854974
-950113 571223
-1028347 200506
-950023 -200737
-727065 -571419
-393417 -855107
126 -1008612
393650 -1008563
727240 -854972
950115 -571220
1028348 -200502
950023 200741
727064 571423
393415 855110
-128 1008613
-393652 1008563
-727246 854967
-950122 571215
-1028351 200501
-950024 -200743
-727064 -571425
-393414 -855112
130 -1008615
393654 -1008564
727248 -854967
950123 -571214
1028351 -200499
950024 200745
727063 571427
393412 855114
-133 1008617
-393658 1008566
-727252 854968
-950127 571214
-1028355 200498
-950027 -200748
-727064 -571432
-393411 -855120
136 -1008622
393662 -1008569
727256 -854969
950131 -571213
1028358 -200495
950028 200753
727063 571438
393408 855126
-140 1008627
-393667 1008572
-727262 854970
-950136 571212
-1028361 200493
-950029 -200755
-727063 -571440
-393407 -855128
143 -1008629
393671 -1008573
727265 -854969
950138 -571203
1028363 -200484
950031 200757
727064 571442
393407 855130
-143 1008631
-393671 1008575
-727266 854971
-950140 571204
-1028365 200484
-950033 -200758
-727065 -571445
-393406 -855134
146 -1008635
393676 -1008578
727272 -854972
950146 -571203
1028370 -200480
950035 200765
727064 571453
393403 855141
-151 1008640
-393682 1008581
-727278 854973
-950151 571202
-1028374 200478
-950039 -200767
-727068 -571455
-393406 -855144
149 -1008644
393681 -1008586
727279 -854979
950155 -571208
1028377 -200475
950043 200771
727076 571453
393414 855145
-143 1008648
-393678 1008592
-727278 854985
-950156 571214
-1028380 200480
-950047 -200768
-727080 -571452
-393417 -855146
141 -1008650
393677 -1008595
727279 -854989
950158 -571217
1028382 -200482
950049 200767
727082 571452
393419 855147
-140 1008653
-393678 1008599
-727281 854993
-950161 571221
-1028387 200485
-950055 -200766
-727087 -571453
-393423 -855149
136 -1008655
393675 -1008602
727280 -854997
950162 -571225
1028390 -200489
950059 200763
727091 571452
393426 855150
-135 1008658
-393675 1008606
-727281 855001
-950164 571228
-1028392 200490
-950055 -200771
-727087 -571459
-393428 -855149
133 -1008658
393673 -1008606
727279 -855002
950163 -571231
1028392 -200494
950056 200767
727090 571456
393433 855147
-127 1008657
-393668 1008607
-727276 855004
-950161 571233
-1028391 200497
-950057 -200763
-727092 -571452
-393435 -855144
125 -1008656
393666 -1008608
727275 -855007
950162 -571237
1028393 -200500
950059 200761
727094 571451
393437 855144
-123 1008656
-393664 1008608
-727273 855007
-950161 571238
-1028394 200502
-950061 -200760
-727096 -571451
-393439 -855145
121 -1008658
393663 -1008610
727273 -855009
950161 -571240
1028394 -200504
950061 200758
727088 571456
393431 855149
-121 1008654
-393662 1008606
-727271 855006
-950159 571238
-1028392 200503
-950060 -200757
-727089 -571454
-393433 -855147
119 -1008653
393660 -1008607
727269 -855008
950157 -571240
1028391 -200505
950060 200755
727089 571452
393434 855145
-116 1008651
-393656 1008606
-727265 855009
-950154 571243
-1028389 200509
-950059 -200751
-727090 -571448
-393436 -855142
114 -1008650
393654 -1008606
727263 -855009
950152 -571244
1028388 -200512
950060 200747
727093 571444
393440 855139
-110 1008648
-393650 1008605
-727260 855010
-950150 571246
-1028387 200514
-950060 -200745
-727093 -571442
-393432 -855141
117 -1008650
393648 -1008603
727257 -855008
950146 -571245
1028383 -200515
950057 200742
727092 571438
393433 855137
-115 1008646
-393645 1008599
-727253 855005
-950142 571243
-1028379 200514
-950053 -200741
-727089 -571435
-393431 -855133
116 -1008642
393644 -1008595
727251 -855002
950140 -571242
1028377 -200514
950051 200741
727087 571434
393430 855130
-115 1008638
-393642 1008592
-727248 855000
-950136 571241
-1028373 200515
-950048 -200738
-727086 -571430
-393431 -855126
112 -1008634
393637 -1008589
727242 -854999
950130 -571242
1028368 -200518
950045 200733
727085 571424
393432 855120
-118 1008630
-393643 1008585
-727239 854993
-950126 571237
-1028364 200515
-950041 -200735
-727081 -571425
-393429 -855119
120 -1008628
393645 -1008583
727241 -854991
950127 -571234
1028363 -200511
950039 200738
727079 571426
393427 855119
-121 1008627
-393644 1008581
-727238 854989
-950123 571233
-1028359 200512
-950035 -200735
-727076 -571422
-393425 -855115
122 -1008623
393643 -1008577
727236 -854986
950121 -571231
1028357 -200510
950033 200737
727074 571423
393424 855114
-122 1008621
-393643 1008575
-727235 854984
-950119 571230
-1028355 200510
-950031 -200737
-727072 -571423
-393422 -855114
124 -1008621
393652 -1008573
727245 -854981
950122 -571227
1028356 -200506
950030 200741
727069 571427
393417 855117
-130 1008621
-393657 1008570
-727248 854976
-950123 571221
-1028355 200500
-950027 -200746
-727065 -571430
-393413 -855118
134 -1008621
393660 -1008569
727250 -854974
950124 -571218
1028354 -200496
950025 200750
727062 571433
393409 855120
-138 1008622
-393664 1008568
-727253 854971
-950125 571214
-1028353 200492
-950022 -200753
-727058 -571435
-393405 -855121
141 -1008621
393666 -1008566
727255 -854969
950126 -571211
1028353 -200488
950021 200757
727055 571438
393401 855122
-145 1008620
-393669 1008563
-727260 854960
-950130 571202
-1028352 200484
-950019 -200761
-727053 -571442
-393398 -855126
149 -1008623
393673 -1008564
727263 -854959
950132 -571200
1028354 -200482
950020 200763
727052 571444
393396 855127
-151 1008623
-393675 1008564
-727265 854959
-950134 571200
-1028355 200481
-950020 -200765
-727052 -571446
-393396 -855129
152 -1008625
393677 -1008566
727267 -854960
950136 -571199
1028357 -200479
950021 200768
727051 571450
393393 855133
-156 1008628
-393681 1008567
-727271 854960
-950140 571199
-1028360 200478
-950023 -200770
-727053 -571452
-393395 -855135
155 -1008631
393682 -1008571
727274 -854963
950144 -571193
1028364 -200471
950026 200771
727054 571455
393394 855139
-157 1008634
-393684 1008572
-727276 854963
-950146 571193
-1028366 200471
-950028 -200771
-727056 -571455
-393395 -855140
158 -1008636
393686 -1008574
727278 -854965
950148 -571194
1028368 -200470
950030 200774
727057 571459
393395 855144
-158 1008640
-393687 1008578
-727280 854968
-950150 571196
-1028370 200472
-950032 -200772
-727059 -571458
-393397 -855144
157 -1008641
393688 -1008580
727283 -854970
950154 -571197
1028374 -200471
950035 200775
727060 571462
393396 855148
-159 1008644
-393690 1008582
-727285 854971
-950156 571197
-1028373 200463
-950035 -200782
-727064 -571461
-393399 -855149
158 -1008647
393691 -1008586
727288 -854975
950161 -571200
1028379 -200464
950040 200783
727068 571464
393402 855154
-157 1008653
-393692 1008592
-727291 854981
-950165 571205
-1028383 200467
-950044 -200782
-727072 -571464
-393406 -855154
153 -1008654
393688 -1008594
727287 -854983
950162 -571208
1028382 -200471
950045 200778
727074 571461
393408 855153
-151 1008654
-393687 1008595
-727287 854985
-950163 571210
-1028384 200473
-950047 -200777
-727076 -571461
-393410 -855153
150 -1008655
393687 -1008597
727288 -854987
950165 -571212
1028387 -200475
950045 200783
727074 571467
393414 855152
-146 1008655
-393683 1008598
-727285 854990
-950164 571216
-1028388 200479
-950048 -200780
-727078 -571466
-393418 -855153
143 -1008658
393682 -1008602
727285 -854994
950165 -571220
1028390 -200482
950050 200778
727080 571464
393420 855151
-141 1008657
-393680 1008602
-727284 854995
-950165 571222
-1028390 200484
-950050 -200776
-727081 -571462
-393423 -855149
136 -1008655
393675 -1008602
727280 -854997
950162 -571225
1028390 -200489
950054 200770
727088 571457
393431 855147
-129 1008657
-393670 1008607
-727278 855004
-950163 571233
-1028393 200496
-950058 -200765
-727084 -571461
-393426 -855152
127 -1008655
393667 -1008605
727274 -855003
950160 -571234
1028391 -200499
950057 200761
727084 571457
393427 855148
-124 1008652
-393663 1008604
-727270 855004
-950156 571236
-1028388 200501
-950056 -200758
-727085 -571453
-393430 -855145
120 -1008650
393659 -1008603
727266 -855004
950153 -571237
1028387 -200504
950057 200754
727088 571449
393434 855141
-115 1008647
-393653 1008602
-727261 855006
-950150 571242
-1028386 200510
-950058 -200748
-727091 -571444
-393439 -855138
109 -1008646
393648 -1008603
727257 -855008
950146 -571245
1028383 -200515
950057 200742
727092 571438
393433 855137
-115 1008646
-393645 1008599
-727253 855005
-950142 571243
-1028379 200514
-950053 -200741
-727089 -571435
-393431 -855133
116 -1008642
393644 -1008595
727251 -855002
950140 -571242
1028377 -200514
950051 200741
727087 571434
393430 855130
-115 1008638
-393642 1008592
-727248 855000
-950136 571241
-1028373 200515
-950048 -200738
-727086 -571430
-393431 -855126
112 -1008634
393637 -1008589
727242 -854999
950130 -571242
1028368 -200518
950045 200733
727085 571424
393432 855120
-110 1008629
-393635 1008585
-727239 854995
-950126 571239
-1028364 200517
-950041 -200733
-727081 -571423
-393429 -855117
119 -1008626
393642 -1008581
727237 -854990
950123 -571235
1028360 -200514
950037 200734
727078 571422
393427 855115
-120 1008623
-393641 1008577
-727234 854986
-950119 571232
-1028355 200512
-950031 -200735
-727072 -571421
-393422 -855112
124 -1008619
393645 -1008573
727237 -854981
950119 -571225
1028352 -200505
950027 200740
727068 571424
393418 855113
-127 1008618
-393646 1008570
-727236 854977
-950117 571222
-1028350 200503
-950025 -200741
-727066 -571424
-393416 -855113
129 -1008617
393654 -1008566
727244 -854973
950118 -571219
1028349 -200499
950022 200745
727061 571427
393410 855114
-134 1008616
-393658 1008564
-727247 854970
-950119 571215
-1028348 200495
-950019 -200749
-727057 -571430
-393406 -855115
138 -1008615
393661 -1008561
727248 -854966
950119 -571211
1028347 -200491
950017 200752
727055 571432
393404 855116
-140 1008615
-393662 1008560
-727248 854964
-950118 571209
-1028345 200490
-950015 -200752
-727053 -571431
-393402 -855114
142 -1008613
393664 -1008558
727249 -854962
950118 -571207
1028345 -200488
950014 200754
727051 571433
393400 855116
-144 1008614
-393666 1008558
-727255 854957
-950125 571202
-1028349 200487
-950017 -200757
-727052 -571437
-393399 -855120
146 -1008618
393668 -1008561
727257 -854958
950126 -571201
1028348 -200485
950015 200758
727050 571437
393398 855119
-146 1008616
-393668 1008559
-727257 854956
-950126 571199
-1028348 200483
-950015 -200760
-727049 -571439
-393395 -855121
150 -1008617
393672 -1008558
727260 -854954
950128 -571197
1028349 -200480
950014 200764
727047 571443
393393 855124
-152 1008619
-393674 1008560
-727262 854955
-950129 571196
-1028349 200478
-950014 -200766
-727046 -571445
-393391 -855126
154 -1008620
393676 -1008560
727264 -854955
950132 -571189
1028353 -200472
950018 200765
727050 571445
393394 855127
-153 1008623
-393677 1008564
-727267 854958
-950136 571191
-1028357 200473
-950021 -200766
-727051 -571448
-393393 -855131
156 -1008626
393681 -1008565
727271 -854958
950140 -571190
1028360 -200470
950023 200770
727053 571452
393395 855135
-155 1008631
-393682 1008571
-727274 854963
-950144 571193
-1028364 200471
-950026 -200771
-727054 -571455
-393394 -855139
157 -1008634
393684 -1008572
727276 -854963
950146 -571193
1028366 -200471
950028 200771
727056 571455
393395 855140
-158 1008636
-393686 1008574
-727278 854965
-950148 571194
-1028365 200463
-950027 -200779
-727058 -571455
-393397 -855140
156 -1008637
393685 -1008576
727278 -854967
950148 -571196
1028366 -200465
950030 200777
727062 571454
393401 855141
-152 1008639
-393682 1008579
-727277 854971
-950149 571200
-1028368 200468
-950032 -200776
-727064 -571455
-393403 -855143
151 -1008642
393682 -1008583
727278 -854975
950152 -571204
1028372 -200471
950036 200774
727068 571453
393407 855142
-147 1008643
-393679 1008586
-727277 854979
-950153 571208
-1028375 200475
-950041 -200771
-727074 -571452
-393412 -855143
144 -1008645
393678 -1008588
727277 -854981
950153 -571210
1028376 -200477
950037 200777
727070 571458
393415 855141
-140 1008644
-393674 1008589
-727274 854984
-950152 571214
-1028376 200481
-950038 -200773
-727073 -571454
-393419 -855138
136 -1008643
393670 -1008590
727271 -854987
950151 -571219
1028378 -200487
950042 200768
727077 571451
393423 855137
-132 1008644
-393667 1008593
-727269 854991
-950150 571223
-1028378 200491
-950043 -200764
-727080 -571447
-393427 -855134
128 -1008643
393663 -1008594
727266 -854994
950149 -571228
1028379 -200497
950046 200758
727085 571442
393434 855131
-120 1008642
-393656 1008595
-727261 854997
-950146 571232
-1028378 200501
-950047 -200754
-727079 -571445
-393428 -855134
117 -1008638
393651 -1008592
727255 -854996
950140 -571233
1028373 -200505
950044 200748
727078 571439
393429 855128
-115 1008633
-393649 1008588
-727253 854993
-950138 571232
-1028371 200505
-950043 -200747
-727079 -571437
-393432 -855126
111 -1008632
393645 -1008589
727249 -854996
950135 -571237
1028371 -200511
950045 200742
727081 571433
393434 855123
-108 1008630
-393641 1008588
-727245 854996
-950131 571237
-1028367 200512
-950042 -200739
-727080 -571429
-393435 -855119
106 -1008626
393638 -1008584
727241 -854993
950127 -571236
1028363 -200513
950039 200736
727079 571424
393427 855117
-112 1008624
-393634 1008579
-727237 854990
-950123 571235
-1028360 200514
-950037 -200734
-727078 -571422
-393427 -855115
112 -1008622
393633 -1008577
727234 -854988
950119 -571234
1028356 -200514
950034 200733
727076 571420
393426 855113
-112 1008620
-393633 1008575
-727234 854986
-950119 571232
-1028355 200512
-950031 -200735
-727072 -571421
-393422 -855112
115 -1008617
393634 -1008571
727233 -854982
950116 -571228
1028351 -200509
950027 200736
727069 571420
393421 855109
-114 1008613
-393631 1008567
-727229 854979
-950112 571227
-1028347 200510
-950024 -200733
-727067 -571416
-393420 -855105
122 -1008611
393639 -1008565
727228 -854975
950109 -571223
1028343 -200507
950020 200734
727064 571415
393418 855103
-123 1008608
-393638 1008561
-727225 854971
-950105 571220
-1028339 200506
-950017 -200733
-727062 -571413
-393417 -855100
122 -1008604
393636 -1008558
727223 -854970
950103 -571220
1028337 -200506
950015 200733
727061 571412
393417 855098
-122 1008602
-393635 1008556
-727221 854968
-950101 571219
-1028335 200506
-950013 -200733
-727059 -571412
-393415 -855098
124 -1008602
393637 -1008555
727222 -854966
950101 -571217
1028335 -200504
950012 200735
727057 571413
393413 855098
-126 1008601
-393646 1008552
-727232 854963
-950104 571214
-1028336 200500
-950011 -200739
-727054 -571417
-393409 -855101
130 -1008603
393650 -1008553
727236 -854962
950107 -571211
1028337 -200496
950011 200743
727053 571421
393406 855104
-134 1008604
-393653 1008552
-727237 854960
-950107 571209
-1028337 200494
-950010 -200745
-727051 -571423
-393404 -855106
136 -1008605
393655 -1008552
727239 -854960
950109 -571209
1028338 -200493
950010 200747
727050 571425
393402 855108
-138 1008607
-393657 1008553
-727241 854959
-950110 571207
-1028338 200491
-950009 -200749
-727048 -571426
-393400 -855107
140 -1008605
393659 -1008551
727246 -854952
950115 -571200
1028339 -200489
950009 200751
727048 571428
393400 855109
-140 1008607
-393659 1008553
-727247 854954
-950117 571201
-1028341 200488
-950011 -200753
-727049 -571431
-393399 -855113
143 -1008610
393663 -1008554
727251 -854954
950120 -571200
1028343 -200486
950012 200755
727049 571433
393398 855115
-145 1008612
-393666 1008556
-727255 854955
-950124 571200
-1028346 200485
-950013 -200758
-727048 -571437
-393396 -855119
148 -1008615
393670 -1008557
727258 -854954
950126 -571197
1028348 -200481
950015 200762
727049 571441
393395 855123
-150 1008619
-393672 1008560
-727261 854956
-950130 571192
-1028352 200476
-950019 -200761
-727053 -571442
-393398 -855126
149 -1008623
393673 -1008564
727263 -854959
950132 -571193
1028354 -200476
950021 200761
727055 571442
393400 855126
-148 1008624
-393673 1008566
-727264 854961
-950135 571195
-1028358 200477
-950024 -200762
-727056 -571445
-393399 -855130
150 -1008627
393676 -1008568
727268 -854962
950138 -571194
1028359 -200474
950023 200766
727053 571448
393395 855131
-154 1008627
-393679 1008567
-727269 854960
-950138 571192
-1028359 200472
-950023 -200768
-727053 -571450
-393395 -855133
154 -1008629
393680 -1008569
727272 -854962
950142 -571194
1028360 -200466
950025 200774
727059 571449
393401 855134
-149 1008632
-393677 1008574
-727271 854968
-950143 571200
-1028363 200471
-950029 -200771
-727063 -571448
-393404 -855135
148 -1008634
393677 -1008576
727271 -854970
950144 -571202
1028365 -200473
950031 200769
727065 571447
393406 855136
-146 1008637
-393676 1008580
-727272 854974
-950146 571205
-1028368 200475
-950035 -200768
-727069 -571447
-393410 -855136
142 -1008637
393672 -1008581
727269 -854977
950145 -571210
1028369 -200481
950039 200762
727076 571442
393418 855134
-135 1008639
-393668 1008586
-727268 854983
-950147 571216
-1028374 200486
-950039 -200767
-727076 -571449
-393423 -855135
132 -1008642
393667 -1008591
727269 -854989
950149 -571221
1028376 -200489
950041 200766
727078 571449
393425 855135
-130 1008642
-393665 1008591
-727267 854990
-950148 571224
-1028377 200493
-950043 -200762
-727080 -571445
-393428 -855132
126 -1008641
393661 -1008592
727264 -854992
950147 -571226
1028377 -200495
950044 200760
727082 571444
393430 855132
-124 1008641
-393659 1008592
-727262 854993
-950145 571228
-1028376 200498
-950045 -200756
-727085 -571440
-393434 -855129
120 -1008640
393655 -1008593
727259 -854996
950144 -571233
1028377 -200504
950048 200750
727081 571442
393430 855132
-115 1008637
-393649 1008592
-727253 854997
-950139 571236
-1028374 200509
-950047 -200744
-727083 -571436
-393435 -855127
109 -1008634
393643 -1008591
727248 -854998
950136 -571239
1028373 -200513
950048 200740
727085 571432
393438 855123
-105 1008631
-393639 1008590
-727244 854999
-950132 571241
-1028370 200516
-950047 -200736
-727086 -571428
-393440 -855120
102 -1008629
393635 -1008589
727240 -854999
950128 -571242
1028367 -200519
950046 200731
727087 571422
393434 855119
-108 1008629
-393633 1008585
-727238 854996
-950126 571241
-1028365 200519
-950044 -200731
-727085 -571422
-393433 -855118
107 -1008627
393631 -1008584
727236 -854996
950124 -571241
1028363 -200519
950042 200731
727084 571421
393433 855116
-107 1008625
-393630 1008582
-727234 854995
-950122 571241
-1028361 200520
-950041 -200728
-727085 -571417
-393435 -855113
104 -1008623
393626 -1008581
727230 -854995
950119 -571242
1028359 -200522
950039 200726
727083 571415
393434 855110
-104 1008619
-393626 1008577
-727229 854991
-950116 571239
-1028355 200521
-950035 -200725
-727080 -571412
-393433 -855106
112 -1008617
393633 -1008575
727227 -854988
950114 -571237
1028353 -200519
950033 200727
727077 571414
393429 855107
-115 1008616
-393635 1008573
-727228 854985
-950113 571233
-1028351 200516
-950031 -200728
-727076 -571413
-393429 -855105
115 -1008614
393635 -1008571
727227 -854983
950111 -571231
1028348 -200514
950027 200729
727072 571413
393426 855104
-116 1008612
-393634 1008569
-727225 854982
-950109 571232
-1028347 200516
-950027 -200727
-727072 -571411
-393426 -855102
116 -1008610
393634 -1008567
727225 -854980
950109 -571230
1028346 -200514
950025 200729
727070 571412
393424 855102
-118 1008609
-393642 1008563
-727233 854976
-950110 571227
-1028345 200510
-950022 -200733
-727066 -571415
-393420 -855103
122 -1008609
393646 -1008562
727236 -854973
950111 -571223
1028345 -200506
950021 200737
727063 571419
393416 855106
-126 1008610
-393649 1008561
-727237 854970
-950111 571219
-1028344 200502
-950019 -200740
-727061 -571421
-393413 -855108
130 -1008611
393653 -1008560
727241 -854968
950114 -571216
1028345 -200498
950018 200744
727058 571424
393409 855109
-133 1008610
-393654 1008558
-727241 854966
-950113 571214
-1028343 200496
-950016 -200746
-727056 -571426
-393407 -855111
136 -1008612
393658 -1008559
727248 -854960
950120 -571207
1028346 -200494
950017 200748
727055 571428
393405 855112
-137 1008611
-393658 1008557
-727248 854958
-950120 571205
-1028346 200492
-950017 -200750
-727055 -571430
-393404 -855114
140 -1008613
393662 -1008558
727252 -854958
950123 -571204
1028347 -200489
950016 200754
727053 571433
393402 855116
-142 1008615
-393664 1008560
-727254 854959
-950125 571204
-1028349 200489
-950018 -200755
-727054 -571436
-393401 -855120
144 -1008618
393667 -1008562
727258 -854960
950129 -571203
1028352 -200486
950019 200759
727053 571440
393399 855124
-147 1008622
-393671 1008565
-727262 854962
-950133 571197
-1028356 200479
-950023 -200760
-727056 -571443
-393400 -855128
148 -1008626
393674 -1008568
727266 -854963
950137 -571197
1028360 -200478
950026 200763
727057 571447
393399 855132
-150 1008629
-393676 1008570
-727268 854964
-950139 571196
-1028362 200476
-950027 -200765
-727057 -571449
-393399 -855134
151 -1008631
393678 -1008572
727270 -854966
950141 -571198
1028364 -200478
950030 200763
727061 571448
393402 855135
-150 1008634
-393679 1008576
-727273 854970
-950145 571201
-1028368 200479
-950033 -200764
-727063 -571450
-393404 -855137
148 -1008636
393678 -1008578
727274 -854972
950148 -571203
1028369 -200472
950035 200772
727068 571451
393407 855140
-147 1008641
-393679 1008584
-727276 854977
-950150 571206
-1028371 200474
-950037 -200770
-727070 -571450
-393409 -855140
145 -1008641
393677 -1008584
727275 -854978
950151 -571208
1028373 -200475
950039 200771
727072 571452
393410 855143
-146 1008645
-393680 1008588
-727279 854981
-950155 571210
-1028378 200477
-950045 -200770
-727078 -571453
-393415 -855146
143 -1008650
393679 -1008594
727280 -854987
950158 -571215
1028382 -200480
950049 200769
727081 571454
393417 855148
-141 1008652
-393677 1008597
-727279 854991
-950159 571219
-1028384 200483
-950045 -200775
-727078 -571459
-393421 -855145
137 -1008651
393674 -1008598
727278 -854994
950159 -571223
1028385 -200487
950048 200771
727082 571456
393425 855144
-134 1008652
-393672 1008600
-727276 854996
-950158 571226
-1028386 200491
-950050 -200768
-727084 -571455
-393427 -855144
132 -1008652
393670 -1008600
727274 -854996
950156 -571226
1028384 -200492
950049 200765
727085 571451
393430 855141
-128 1008651
-393667 1008601
-727273 854999
-950157 571230
-1028387 200495
-950053 -200764
-727089 -571451
-393434 -855141
124 -1008652
393663 -1008604
727270 -855004
950156 -571236
1028388 -200501
950056 200758
727085 571453
393430 855145
-120 1008650
-393659 1008603
-727266 855004
-950153 571237
-1028387 200504
-950057 -200754
-727088 -571449
-393434 -855141
115 -1008647
393653 -1008602
727261 -855006
950150 -571242
1028386 -200510
950058 200748
727091 571444
393439 855138
-109 1008646
-393648 1008603
-727257 855008
-950146 571245
-1028383 200515
-950057 -200742
-727092 -571438
-393442 -855133
105 -1008643
393644 -1008602
727254 -855009
950145 -571247
1028383 -200517
950057 200740
727092 571436
393442 855131
-105 1008641
-393643 1008600
-727252 855008
-950143 571247
-1028381 200517
-950055 -200740
-727091 -571435
-393433 -855133
114 -1008642
393643 -1008596
727251 -855004
950140 -571244
1028377 -200516
950052 200739
727089 571433
393432 855131
-113 1008640
-393640 1008594
-727247 855002
-950136 571243
-1028374 200517
-950051 -200736
-727090 -571429
-393435 -855127
109 -1008637
393636 -1008593
727243 -855003
950133 -571245
1028372 -200519
950049 200734
727089 571426
393435 855123
-108 1008633
-393633 1008589
-727239 855000
-950129 571244
-1028369 200520
-950047 -200732
-727087 -571424
-393434 -855121
108 -1008631
393633 -1008587
727238 -854998
950127 -571243
1028367 -200521
950046 200729
727088 571420
393437 855117
-112 1008629
-393638 1008587
-727236 854998
-950125 571243
-1028365 200521
-950044 -200729
-727086 -571420
-393435 -855117
114 -1008629
393639 -1008586
727236 -854996
950124 -571241
1028363 -200519
950042 200731
727084 571421
393433 855116
-115 1008626
-393639 1008582
-727235 854992
-950122 571237
-1028360 200516
-950038 -200732
-727080 -571420
-393430 -855113
116 -1008622
393638 -1008578
727233 -854989
950120 -571236
1028358 -200516
950036 200731
727079 571418
393430 855111
-116 1008620
-393637 1008576
-727230 854987
-950116 571235
-1028355 200517
-950035 -200729
-727079 -571416
-393430 -855109
116 -1008618
393644 -1008573
727239 -854985
950119 -571234
1028356 -200514
950034 200733
727076 571420
393426 855113
-120 1008621
-393648 1008574
-727242 854984
-950121 571231
-1028357 200510
-950033 -200737
-727074 -571423
-393424 -855114
122 -1008621
393650 -1008574
727244 -854984
950123 -571231
1028359 -200510
950035 200737
727075 571424
393423 855116
-124 1008623
-393652 1008575
-727246 854983
-950124 571229
-1028359 200508
-950035 -200739
-727075 -571426
-393423 -855118
125 -1008625
393654 -1008577
727248 -854985
950126 -571230
1028360 -200507
950034 200741
727073 571427
393421 855118
-126 1008624
-393654 1008575
-727251 854978
-950129 571224
-1028360 200507
-950034 -200741
-727073 -571427
-393421 -855118
126 -1008624
393654 -1008575
727251 -854978
950129 -571224
1028360 -200507
950034 200741
727073 571427
393421 855118
-126 1008624
-393654 1008575
-727251 854978
-950129 571224
-1028360 200507
-950034 -200741
-727073 -571427
-393421 -855118
126 -1008624
393654 -1008575
727251 -854978
950129 -571224
1028360 -200507
950034 200741
727073 571427
393421 855118
-126 1008624
-393654 1008575
-727251 854978
-950129 571224
-1028360 200507
-950034 -200741
-727073 -571427
-393421 -855118
126 -1008624
393654 -1008575
727251 -854978
950129 -571217
1028361 -200501
950036 200740
727075 571428
393423 855120
-125 1008627
-393655 1008579
-727254 854982
-950134 571220
-1028367 200502
-950042 -200741
-727080 -571431
-393425 -855125
126 -1008633
393658 -1008584
727259 -854985
950140 -571221
1028372 -200501
950045 200744
727081 571435
393425 855129
-127 1008637
-393660 1008588
-727261 854989
-950143 571225
-1028377 200504
-950051 -200743
-727087 -571436
-393430 -855132
124 -1008641
393659 -1008592
727262 -854993
950145 -571228
1028376 -200498
950051 200748
727091 571433
393434 855131
-120 1008642
-393656 1008595
-727261 854997
-950146 571232
-1028378 200501
-950053 -200747
-727093 -571434
-393435 -855133
121 -1008644
393658 -1008597
727263 -854999
950148 -571234
1028381 -200503
950057 200745
727097 571432
393439 855132
-117 1008645
-393655 1008600
-727262 855003
-950149 571238
-1028383 200507
-950060 -200742
-727101 -571431
-393443 -855133
114 -1008648
393654 -1008604
727263 -855007
950152 -571242
1028388 -200510
950066 200741
727107 571432
393448 855136
-111 1008652
-393653 1008608
-727264 855011
-950154 571245
-1028390 200511
-950061 -200749
-727101 -571439
-393449 -855134
109 -1008651
393651 -1008609
727263 -855014
950155 -571249
1028393 -200515
950066 200746
727107 571438
393454 855135
-105 1008654
-393648 1008613
-727261 855018
-950154 571254
-1028394 200521
-950069 -200740
-727111 -571433
-393459 -855132
99 -1008653
393643 -1008615
727258 -855023
950153 -571260
1028395 -200527
950072 200735
727116 571430
393465 855131
-94 1008654
-393639 1008617
-727255 855026
-950152 571264
-1028396 200531
-950075 -200731
-727120 -571427
-393469 -855130
90 -1008655
393636 -1008620
727254 -855030
950153 -571268
1028398 -200535
950077 200728
727114 571432
393462 855135
-90 1008653
-393635 1008618
-727252 855028
-950151 571267
-1028396 200535
-950075 -200727
-727113 -571429
-393463 -855131
87 -1008649
393631 -1008615
727248 -855027
950147 -571267
1028393 -200536
950074 200725
727113 571427
393464 855129
-85 1008647
-393629 1008613
-727245 855025
-950143 571266
-1028389 200537
-950071 -200722
-727112 -571423
-393464 -855125
84 -1008643
393626 -1008610
727241 -855024
950139 -571267
1028386 -200539
950069 200720
727111 571421
393465 855123
-82 1008642
-393624 1008610
-727240 855025
-950140 571269
-1028388 200541
-950071 -200718
-727113 -571419
-393458 -855126
89 -1008645
393622 -1008609
727238 -855025
950138 -571269
1028386 -200541
950069 200718
727111 571419
393456 855125
-91 1008643
-393623 1008606
-727237 855021
-950135 571266
-1028382 200540
-950066 -200717
-727110 -571416
-393457 -855121
88 -1008639
393619 -1008603
727233 -855020
950132 -571267
1028381 -200543
950066 200713
727111 571412
393459 855118
-86 1008638
-393617 1008603
-727231 855020
-950130 571267
-1028379 200543
-950065 -200712
-727111 -571410
-393460 -855116
84 -1008636
393615 -1008602
727229 -855021
950128 -571269
1028377 -200545
950063 200710
727109 571408
393459 855113
-92 1008634
-393623 1008600
-727228 855017
-950126 571266
-1028375 200544
-950061 -200710
-727107 -571408
-393457 -855113
93 -1008633
393622 -1008598
727226 -855015
950123 -571264
1028371 -200543
950058 200709
727106 571405
393457 855109
-93 1008629
-393622 1008594
-727225 855011
-950121 571261
-1028369 200541
-950056 -200710
-727104 -571405
-393455 -855109
95 -1008629
393624 -1008594
727227 -855011
950122 -571260
1028368 -200539
950053 200712
727100 571406
393452 855108
-96 1008626
-393623 1008590
-727225 855007
-950120 571257
-1028366 200537
-950051 -200714
-727098 -571408
-393450 -855109
98 -1008626
393631 -1008588
727233 -855005
950122 -571256
1028368 -200535
950052 200716
727097 571410
393447 855111
-102 1008627
-393635 1008587
-727236 855002
-950123 571252
-1028367 200531
-950050 -200720
-727095 -571413
-393445 -855113
104 -1008629
393637 -1008589
727238 -855004
950125 -571253
1028369 -200531
950052 200720
727097 571414
393447 855115
-103 1008631
-393638 1008591
-727240 855005
-950127 571253
-1028370 200530
-950051 -200722
-727095 -571415
-393445 -855115
105 -1008631
393639 -1008590
727240 -855003
950126 -571251
1028368 -200529
950049 200722
727093 571415
393443 855114
-106 1008628
-393639 1008586
-727243 854995
-950129 571244
-1028368 200527
-950049 -200724
-727092 -571417
-393441 -855116
108 -1008630
393641 -1008588
727245 -854996
950131 -571244
1028370 -200526
950051 200726
727094 571419
393442 855118
-109 1008632
-393643 1008589
-727247 854996
-950133 571244
-1028372 200526
-950053 -200726
-727095 -571420
-393442 -855120
109 -1008634
393643 -1008591
727248 -854998
950135 -571245
1028373 -200525
950052 200728
727093 571421
393440 855120
-111 1008634
-393645 1008591
-727250 854998
-950137 571245
-1028375 200525
-950054 -200729
-727095 -571424
-393441 -855124
112 -1008638
393648 -1008595
727254 -855001
950141 -571239
1028379 -200518
950057 200730
727096 571426
393441 855126
-112 1008640
-393649 1008597
-727256 855002
-950143 571239
-1028381 200518
-950059 -200730
-727098 -571426
-393442 -855127
113 -1008642
393651 -1008598
727258 -855002
950145 -571239
1028383 -200517
950061 200732
727099 571429
393441 855131
-115 1008645
-393653 1008600
-727261 855004
-950149 571240
-1028387 200516
-950064 -200735
-727101 -571433
-393443 -855135
114 -1008650
393654 -1008606
727263 -855009
950152 -571244
1028391 -200520
950069 200732
727107 571432
393448 855136
-111 1008652
-393653 1008608
-727264 855011
-950154 571245
-1028390 200511
-950068 -200741
-727108 -571433
-393448 -855138
111 -1008654
393653 -1008610
727264 -855013
950154 -571247
1028390 -200513
950068 200739
727109 571431
393450 855137
-109 1008655
-393652 1008613
-727265 855017
-950157 571251
-1028395 200517
-950074 -200737
-727114 -571432
-393453 -855139
108 -1008657
393652 -1008615
727265 -855019
950158 -571253
1028397 -200518
950076 200737
727116 571432
393455 855140
-107 1008660
-393651 1008611
-727263 855016
-950155 571251
-1028393 200517
-950072 -200736
-727113 -571429
-393454 -855135
105 -1008654
393648 -1008613
727261 -855018
950154 -571254
1028394 -200521
950069 200740
727111 571433
393459 855132
-99 1008653
-393643 1008615
-727258 855023
-950153 571260
-1028395 200527
-950072 -200735
-727116 -571430
-393465 -855131
94 -1008654
393639 -1008617
727255 -855026
950152 -571264
1028396 -200531
950075 200731
727120 571427
393469 855130
-90 1008655
-393634 1008612
-727249 855023
-950146 571263
-1028390 200532
-950069 -200728
-727115 -571422
-393466 -855123
90 -1008646
393632 -1008611
727247 -855023
950144 -571264
1028389 -200535
950070 200724
727118 571418
393471 855120
-84 1008645
-393627 1008612
-727244 855026
-950143 571268
-1028390 200539
-950073 -200720
-727115 -571421
-393468 -855124
80 -1008644
393623 -1008613
727240 -855029
950140 -571273
1028389 -200545
950074 200714
727117 571416
393471 855120
-76 1008641
-393619 1008611
-727236 855027
-950136 571272
-1028385 200546
-950070 -200712
-727114 -571413
-393470 -855116
75 -1008637
393616 -1008608
727232 -855026
950133 -571273
1028384 -200548
950071 200710
727117 571411
393474 855114
-71 1008636
-393612 1008608
-727228 855027
-950129 571275
-1028380 200551
-950068 -200705
-727116 -571405
-393475 -855108
68 -1008630
393607 -1008603
727222 -855024
950123 -571275
1028375 -200554
950065 200700
727115 571399
393467 855107
-75 1008630
-393605 1008600
-727220 855023
-950121 571275
-1028374 200555
-950066 -200698
-727117 -571397
-393470 -855105
71 -1008628
393601 -1008598
727216 -855021
950117 -571274
1028370 -200555
950062 200697
727114 571394
393468 855101
-72 1008624
-393600 1008594
-727213 855018
-950113 571272
-1028366 200554
-950058 -200696
-727110 -571392
-393465 -855098
73 -1008620
393599 -1008590
727210 -855014
950109 -571269
1028362 -200553
950054 200696
727107 571391
393464 855096
-73 1008618
-393599 1008588
-727210 855012
-950108 571267
-1028359 200551
-950050 -200697
-727103 -571390
-393460 -855093
84 -1008614
393608 -1008582
727209 -855004
950105 -571260
1028354 -200546
950044 200700
727097 571391
393455 855092
-88 1008612
-393611 1008580
-727210 855002
-950105 571258
-1028354 200544
-950044 -200702
-727097 -571393
-393454 -855094
90 -1008613
393613 -1008579
727211 -854999
950104 -571254
1028351 -200540
950039 200705
727091 571394
393449 855093
-93 1008610
-393614 1008575
-727211 854995
-950103 571250
-1028349 200537
-950037 -200707
-727089 -571395
-393447 -855092
94 -1008608
393614 -1008573
727210 -854993
950101 -571248
1028346 -200535
950033 200708
727085 571394
393444 855089
-96 1008604
-393622 1008567
-727218 854987
-950102 571244
-1028346 200531
-950032 -200712
-727082 -571398
-393439 -855093
102 -1008606
393627 -1008566
727221 -854984
950103 -571239
1028344 -200525
950027 200717
727076 571401
393434 855093
-105 1008604
-393628 1008563
-727220 854980
-950100 571236
-1028340 200524
-950024 -200716
-727074 -571399
-393432 -855091
106 -1008601
393628 -1008559
727219 -854976
950098 -571232
1028338 -200520
950021 200720
727070 571402
393428 855092
-110 1008600
-393631 1008557
-727225 854969
-950104 571225
-1028339 200518
-950020 -200722
-727068 -571403
-393426 -855092
112 -1008600
393633 -1008556
727226 -854967
950104 -571223
1028339 -200516
950020 200724
727068 571405
393426 855094
-112 1008602
-393633 1008558
-727227 854969
-950106 571224
-1028341 200516
-950022 -200724
-727069 -571406
-393425 -855096
115 -1008604
393637 -1008559
727230 -854968
950107 -571222
1028341 -200514
950022 200726
727069 571408
393425 855098
-115 1008606
-393638 1008561
-727233 854970
-950111 571223
-1028344 200513
-950023 -200729
-727068 -571412
-393422 -855101
119 -1008607
393642 -1008561
727236 -854969
950113 -571214
1028346 -200504
950025 200731
727070 571414
393424 855104
-118 1008611
-393642 1008565
-727237 854973
-950116 571218
-1028350 200507
-950029 -200730
-727073 -571415
-393425 -855106
118 -1008613
393643 -1008567
727239 -854975
950118 -571219
1028352 -200507
950031 200730
727075 571415
393427 855107
-117 1008616
-393644 1008571
-727242 854978
-950123 571221
-1028358 200508
-950036 -200731
-727079 -571418
-393430 -855111
116 -1008620
393644 -1008575
727243 -854982
950125 -571224
1028361 -200510
950040 200730
727082 571419
393431 855114
-117 1008624
-393647 1008578
-727247 854984
-950129 571225
-1028361 200501
-950039 -200740
-727084 -571421
-393433 -855116
115 -1008626
393646 -1008581
727248 -854988
950132 -571229
1028365 -200504
950043 200738
727088 571420
393437 855117
-112 1008629
-393644 1008585
-727247 854992
-950133 571233
-1028368 200508
-950048 -200735
-727094 -571419
-393442 -855118
109 -1008632
393643 -1008589
727247 -854996
950133 -571237
1028369 -200512
950050 200731
727096 571416
393444 855117
-107 1008632
-393641 1008590
-727246 854998
-950134 571239
-1028371 200513
-950052 -200732
-727098 -571418
-393446 -855119
105 -1008635
393640 -1008594
727247 -855002
950136 -571243
1028374 -200517
950051 200736
727098 571422
393452 855116
-99 1008634
-393635 1008595
-727243 855005
-950133 571247
-1028373 200521
-950051 -200732
-727099 -571418
-393455 -855113
95 -1008633
393631 -1008596
727240 -855008
950132 -571252
1028374 -200527
950054 200727
727103 571415
393459 855111
-91 1008632
-393627 1008597
-727237 855011
-950131 571256
-1028374 200531
-950055 -200723
-727106 -571411
-393463 -855108
87 -1008630
393623 -1008596
727233 -855011
950128 -571257
1028373 -200534
950056 200719
727109 571408
393467 855107
-83 1008631
-393620 1008599
-727232 855016
-950129 571263
-1028376 200539
-950060 -200716
-727105 -571413
-393463 -855112
79 -1008630
393616 -1008599
727228 -855017
950126 -571266
1028375 -200544
950061 200710
727107 571408
393466 855108
-75 1008627
-393612 1008598
-727224 855017
-950122 571267
-1028372 200547
-950060 -200705
-727109 -571402
-393471 -855103
69 -1008624
393606 -1008597
727219 -855019
950119 -571271
1028371 -200551
950061 200701
727111 571398
393473 855100
-66 1008622
-393602 1008596
-727215 855019
-950115 571272
-1028368 200554
-950060 -200697
-727112 -571394
-393476 -855096
62 -1008619
393598 -1008595
727212 -855020
950113 -571274
1028366 -200556
950059 200694
727113 571390
393469 855097
-69 1008620
-393595 1008591
-727207 855017
-950108 571274
-1028363 200559
-950058 -200690
-727114 -571386
-393472 -855093
65 -1008617
393591 -1008590
727204 -855018
950106 -571276
1028361 -200561
950056 200688
727112 571384
393470 855091
-66 1008615
-393591 1008588
-727203 855016
-950104 571274
-1028359 200560
-950054 -200687
-727111 -571381
-393471 -855087
64 -1008611
393588 -1008584
727198 -855012
950098 -571272
1028354 -200561
950051 200685
727109 571379
393470 855084
-63 1008607
-393586 1008581
-727196 855011
-950096 571272
-1028352 200561
-950049 -200684
-727108 -571376
-393471 -855080
69 -1008605
393592 -1008580
727194 -855009
950093 -571270
1028348 -200560
950045 200683
727104 571374
393467 855078
-72 1008602
-393593 1008575
-727193 855003
-950091 571265
-1028345 200556
-950041 -200687
-727100 -571377
-393463 -855079
76 -1008601
393596 -1008572
727194 -854999
950090 -571261
1028342 -200553
950037 200688
727096 571376
393460 855076
-77 1008597
-393595 1008568
-727191 854995
-950086 571258
-1028338 200552
-950033 -200687
-727093 -571373
-393459 -855072
76 -1008593
393593 -1008565
727189 -854994
950084 -571258
1028336 -200552
950031 200687
727091 571373
393457 855071
-78 1008591
-393601 1008561
-727197 854989
-950085 571254
-1028336 200548
-950030 -200691
-727089 -571376
-393455 -855073
80 -1008592
393603 -1008560
727199 -854987
950086 -571251
1028335 -200544
950028 200694
727086 571378
393451 855074
-84 1008592
-393607 1008560
-727202 854986
-950088 571249
-1028336 200542
-950028 -200696
-727086 -571380
-393450 -855076
86 -1008593
393608 -1008559
727202 -854984
950087 -571247
1028334 -200540
950025 200698
727082 571381
393447 855075
-87 1008591
-393608 1008557
-727201 854982
-950085 571245
-1028332 200538
-950023 -200699
-727080 -571381
-393445 -855075
89 -1008590
393610 -1008555
727207 -854975
950091 -571238
1028333 -200536
950023 200701
727080 571383
393444 855077
-91 1008592
-393612 1008557
-727209 854977
-950093 571239
-1028335 200536
-950024 -200702
-727079 -571385
-393442 -855079
94 -1008594
393616 -1008558
727213 -854976
950097 -571237
1028338 -200533
950026 200706
727080 571389
393441 855083
-96 1008597
-393618 1008559
-727215 854976
-950099 571236
-1028340 200530
-950026 -200711
-727077 -571395
-393436 -855088
102 -1008600
393624 -1008560
727220 -854975
950102 -571234
1028341 -200528
950026 200713
727077 571397
393436 855090
-103 1008602
-393626 1008562
-727222 854976
-950104 571226
-1028343 200519
-950028 -200715
-727078 -571399
-393436 -855092
103 -1008604
393627 -1008564
727225 -854978
950109 -571228
1028349 -200520
950033 200716
727082 571402
393438 855097
-104 1008610
-393630 1008569
-727229 854981
-950113 571229
-1028352 200519
-950034 -200719
-727081 -571406
-393436 -855100
107 -1008612
393634 -1008571
727233 -854982
950116 -571228
1028354 -200517
950036 200721
727083 571408
393437 855103
-108 1008616
-393636 1008574
-727235 854984
-950119 571230
-1028358 200518
-950040 -200722
-727086 -571411
-393438 -855107
108 -1008620
393637 -1008578
727238 -854987
950123 -571231
1028359 -200510
950041 200730
727089 571412
393440 855109
-107 1008622
-393638 1008580
-727240 854989
-950125 571233
-1028361 200511
-950043 -200730
-727091 -571412
-393442 -855110
105 -1008624
393636 -1008583
727239 -854993
950126 -571237
1028364 -200515
950047 200727
727095 571411
393445 855111
-104 1008627
-393637 1008587
-727242 854997
-950130 571240
-1028368 200516
-950051 -200727
-727099 -571412
-393449 -855113
101 -1008630
393636 -1008591
727243 -855001
950132 -571243
1028370 -200518
950053 200726
727101 571412
393451 855114
-99 1008632
-393634 1008593
-727241 855003
-950131 571246
-1028371 200522
-950050 -200730
-727099 -571416
-393455 -855111
95 -1008631
393631 -1008594
727240 -855006
950132 -571250
1028373 -200525
950052 200728
727101 571415
393457 855111
-93 1008631
-393629 1008595
-727238 855008
-950130 571252
-1028372 200528
-950053 -200724
-727104 -571411
-393461 -855108
89 -1008630
393625 -1008595
727235 -855009
950129 -571255
1028373 -200532
950055 200721
727107 571409
393466 855106
-83 1008629
-393620 1008597
-727232 855014
-950128 571261
-1028374 200538
-950058 -200715
-727111 -571404
-393470 -855103
79 -1008628
393616 -1008597
727228 -855015
950125 -571264
1028373 -200542
950059 200711
727106 571407
393466 855106
-75 1008625
-393612 1008596
-727224 855015
-950122 571265
-1028372 200545
-950060 -200707
-727108 -571404
-393468 -855105
73 -1008625
393610 -1008596
727222 -855016
950120 -571267
1028370 -200547
950058 200705
727107 571401
393469 855101
-70 1008621
-393605 1008593
-727216 855015
-950114 571268
-1028365 200550
-950056 -200700
-727108 -571395
-393472 -855095
65 -1008616
393599 -1008590
727210 -855014
950109 -571269
1028362 -200553
950054 200696
727107 571391
393464 855096
-73 1008618
-393599 1008588
-727210 855012
-950108 571267
-1028359 200551
-950050 -200697
-727103 -571390
-393460 -855093
76 -1008613
393599 -1008582
727207 -855007
950104 -571264
1028355 -200550
950047 200696
727102 571388
393461 855091
-73 1008611
-393595 1008581
-727203 855007
-950100 571265
-1028352 200553
-950046 -200692
-727102 -571384
-393462 -855087
71 -1008608
393593 -1008579
727201 -855006
950098 -571265
1028350 -200553
950044 200691
727101 571381
393462 855083
-70 1008604
-393591 1008576
-727199 855004
-950096 571264
-1028348 200554
-950042 -200689
-727100 -571379
-393463 -855081
76 -1008603
393597 -1008574
727196 -855000
950092 -571260
1028344 -200550
950038 200692
727096 571380
393459 855080
-80 1008601
-393600 1008572
-727198 854998
-950093 571258
-1028343 200548
-950036 -200694
-727093 -571382
-393455 -855081
83 -1008600
393601 -1008569
727197 -854994
950090 -571254
1028339 -200545
950032 200695
727090 571381
393454 855079
-83 1008598
-393601 1008567
-727197 854992
-950090 571252
-1028338 200543
-950029 -200697
-727086 -571382
-393450 -855078
86 -1008595
393602 -1008563
727196 -854988
950088 -571249
1028336 -200542
950028 200696
727086 571380
393450 855076
-86 1008593
-393608 1008559
-727202 854984
-950087 571247
-1028334 200540
-950025 -200698
-727082 -571381
-393447 -855075
87 -1008591
393608 -1008557
727201 -854982
950085 -571245
1028332 -200538
950023 200699
727080 571381
393445 855075
-89 1008590
-393610 1008555
-727203 854980
-950086 571243
-1028331 200536
-950021 -200701
-727078 -571383
-393442 -855077
93 -1008592
393614 -1008556
727207 -854979
950090 -571240
1028334 -200532
950022 200705
727077 571387
393440 855080
-95 1008593
-393616 1008556
-727209 854979
-950092 571240
-1028336 200531
-950023 -200708
-727076 -571391
-393437 -855084
100 -1008596
393622 -1008557
727218 -854973
950100 -571232
1028339 -200526
950024 200714
727075 571397
393434 855089
-104 1008600
-393626 1008560
-727222 854974
-950103 571231
-1028340 200524
-950024 -200716
-727074 -571399
-393432 -855091
106 -1008601
393628 -1008559
727223 -854972
950103 -571229
1028340 -200522
950023 200718
727072 571400
393430 855091
-108 1008601
-393630 1008559
-727225 854971
-950105 571227
-1028342 200520
-950024 -200721
-727072 -571404
-393429 -855095
111 -1008604
393634 -1008560
727229 -854971
950108 -571226
1028343 -200517
950024 200725
727071 571408
393427 855098
-113 1008606
-393636 1008562
-727231 854972
-950111 571219
-1028347 200510
-950028 -200725
-727075 -571409
-393430 -855101
112 -1008610
393637 -1008566
727234 -854976
950115 -571222
1028351 -200511
950031 200726
727076 571411
393430 855103
-112 1008612
-393637 1008568
-727234 854978
-950115 571224
-1028351 200513
-950032 -200724
-727078 -571410
-393432 -855103
111 -1008613
393638 -1008570
727236 -854979
950117 -571224
1028353 -200513
950033 200725
727078 571412
393431 855105
-113 1008614
-393639 1008569
-727236 854977
-950117 571222
-1028353 200511
-950033 -200727
-727077 -571414
-393429 -855107
115 -1008616
393642 -1008571
727240 -854979
950121 -571223
1028353 -200502
950032 200736
727079 571414
393431 855107
-113 1008616
-393640 1008571
-727238 854979
-950119 571223
-1028352 200503
-950032 -200734
-727080 -571412
-393433 -855106
112 -1008617
393640 -1008573
727239 -854981
950121 -571225
1028354 -200504
950034 200734
727082 571412
393435 855106
-110 1008617
-393638 1008574
-727237 854983
-950120 571227
-1028354 200506
-950035 -200732
-727084 -571411
-393436 -855107
110 -1008619
393639 -1008576
727239 -854985
950122 -571229
1028357 -200508
950039 200731
727087 571412
393438 855109
-109 1008622
-393640 1008580
-727242 854989
-950127 571232
-1028363 200509
-950038 -200740
-727085 -571421
-393442 -855110
105 -1008624
393636 -1008583
727239 -854993
950126 -571237
1028364 -200515
950041 200735
727089 571418
393446 855109
-102 1008625
-393635 1008585
-727239 854995
-950126 571239
-1028364 200517
-950041 -200733
-727090 -571416
-393448 -855107
100 -1008624
393633 -1008585
727238 -854996
950126 -571241
1028365 -200519
950044 200731
727094 571415
393452 855108
-96 1008626
-393629 1008588
-727235 855001
-950126 571247
-1028368 200525
-950049 -200726
-727100 -571412
-393458 -855107
91 -1008628
393627 -1008593
727236 -855007
950129 -571253
1028372 -200530
950053 200722
727096 571416
393453 855112
-88 1008626
-393623 1008592
-727232 855007
-950125 571253
-1028369 200531
-950052 -200720
-727097 -571414
-393455 -855111
86 -1008626
393621 -1008592
727231 -855008
950125 -571255
1028369 -200533
950052 200718
727097 571412
393456 855109
-84 1008625
-393619 1008593
-727229 855010
-950124 571258
-1028370 200537
-950055 -200714
-727102 -571408
-393462 -855106
78 -1008624
393613 -1008594
727224 -855013
950121 -571263
1028369 -200543
950056 200708
727105 571403
393467 855102
-72 1008621
-393607 1008593
-727218 855015
-950116 571268
-1028367 200550
-950058 -200700
-727110 -571396
-393464 -855102
76 -1008623
393603 -1008592
727214 -855015
950112 -571268
1028363 -200550
950054 200700
727106 571395
393461 855099
-77 1008619
-393603 1008588
-727214 855011
-950112 571264
-1028362 200546
-950051 -200703
-727102 -571396
-393457 -855099
80 -1008618
393604 -1008585
727213 -855007
950109 -571261
1028358 -200545
950047 200703
727098 571395
393454 855096
-82 1008614
-393605 1008581
-727212 855003
-950106 571257
-1028354 200542
-950043 -200704
-727095 -571394
-393453 -855093
81 -1008610
393602 -1008577
727208 -855000
950102 -571256
1028350 -200543
950040 200701
727094 571390
393454 855089
-87 1008608
-393609 1008576
-727207 854998
-950100 571254
-1028348 200541
-950038 -200703
-727091 -571392
-393449 -855091
92 -1008608
393612 -1008573
727209 -854994
950101 -571250
1028347 -200537
950035 200706
727087 571393
393446 855090
-94 1008606
-393613 1008571
-727208 854992
-950099 571248
-1028345 200536
-950033 -200706
-727086 -571392
-393446 -855088
94 -1008604
393613 -1008569
727208 -854990
950098 -571246
1028342 -200534
950029 200707
727082 571392
393442 855087
-97 1008601
-393614 1008565
-727207 854986
-950096 571243
-1028340 200532
-950027 -200709
-727080 -571393
-393440 -855087
99 -1008601
393623 -1008563
727217 -854983
950099 -571240
1028341 -200528
950026 200713
727077 571397
393436 855090
-103 1008602
-393626 1008562
-727219 854981
-950101 571238
-1028343 200526
-950028 -200715
-727078 -571399
-393436 -855092
103 -1008604
393627 -1008564
727221 -854982
950102 -571237
1028342 -200524
950025 200717
727074 571401
393432 855093
-107 1008603
-393630 1008561
-727222 854978
-950102 571233
-1028342 200520
-950024 -200721
-727072 -571404
-393429 -855095
111 -1008604
393634 -1008560
727225 -854975
950103 -571229
1028341 -200516
950022 200724
727069 571406
393425 855096
-115 1008604
-393637 1008559
-727230 854968
-950107 571222
-1028341 200514
-950022 -200726
-727069 -571408
-393425 -855098
115 -1008606
393638 -1008561
727233 -854970
950111 -571223
1028344 -200513
950023 200729
727068 571412
393422 855101
-119 1008607
-393642 1008561
-727236 854969
-950113 571221
-1028345 200510
-950022 -200733
-727066 -571415
-393420 -855103
122 -1008609
393646 -1008562
727240 -854968
950116 -571218
1028347 -200506
950023 200737
727065 571419
393417 855107
-126 1008612
-393650 1008563
-727244 854968
-950120 571217
-1028350 200503
-950025 -200741
-727066 -571424
-393416 -855113
129 -1008617
393654 -1008566
727248 -854969
950124 -571210
1028354 -200496
950028 200742
727067 571426
393416 855115
-129 1008619
-393654 1008568
-727248 854971
-950125 571212
-1028356 200498
-950030 -200741
-727069 -571427
-393417 -855117
130 -1008621
393657 -1008570
727252 -854972
950128 -571211
1028358 -200496
950032 200743
727071 571429
393419 855119
-128 1008624
-393656 1008574
-727253 854976
-950131 571215
-1028362 200499
-950036 -200742
-727074 -571430
-393420 -855122
129 -1008628
393658 -1008578
727256 -854980
950135 -571218
1028363 -200492
950037 200750
727078 571430
393424 855123
-126 1008631
-393657 1008582
-727257 854984
-950138 571221
-1028367 200493
-950041 -200750
-727082 -571431
-393427 -855125
124 -1008633
393656 -1008585
727257 -854988
950139 -571225
1028370 -200497
950045 200747
727086 571430
393431 855126
-121 1008636
-393655 1008589
-727258 854992
-950141 571229
-1028373 200501
-950050 -200744
-727092 -571429
-393437 -855127
116 -1008639
393652 -1008594
727257 -854998
950143 -571235
1028377 -200506
950054 200741
727096 571428
393440 855128
-114 1008641
-393650 1008596
-727256 855000
-950143 571237
-1028378 200508
-950050 -200747
-727092 -571433
-393443 -855125
110 -1008640
393647 -1008597
727255 -855003
950144 -571241
1028380 -200511
950053 200745
727096 571432
393447 855125
-107 1008641
-393645 1008599
-727253 855005
-950142 571243
-1028379 200514
-950053 -200741
-727097 -571428
-393449 -855122
104 -1008639
393641 -1008598
727249 -855006
950139 -571246
1028378 -200518
950054 200737
727099 571425
393451 855120
-102 1008638
-393639 1008599
-727248 855008
-950139 571248
-1028378 200520
-950055 -200735
-727102 -571423
-393455 -855119
98 -1008638
393635 -1008599
727244 -855009
950136 -571251
1028377 -200525
950056 200729
727097 571424
393452 855120
-92 1008634
-393630 1008599
-727241 855012
-950135 571255
-1028378 200529
-950058 -200726
-727099 -571422
-393454 -855119
90 -1008634
393628 -1008599
727239 -855012
950133 -571256
1028376 -200531
950057 200723
727100 571418
393457 855115
-85 1008631
-393622 1008598
-727233 855013
-950128 571259
-1028374 200536
-950058 -200717
-727103 -571413
-393461 -855112
81 -1008629
393618 -1008597
727230 -855014
950126 -571261
1028372 -200538
950056 200715
727101 571410
393460 855107
-80 1008623
-393615 1008591
-727225 855009
-950120 571259
-1028366 200539
-950051 -200712
-727098 -571406
-393450 -855107
89 -1008622
393613 -1008585
727220 -855004
950114 -571256
1028360 -200538
950046 200711
727095 571403
393449 855103
-88 1008618
-393611 1008582
-727218 855002
-950112 571254
-1028358 200537
-950044 -200710
-727094 -571400
-393450 -855099
86 -1008615
393609 -1008580
727216 -855001
950110 -571254
1028356 -200537
950042 200710
727092 571400
393448 855099
-87 1008614
-393608 1008578
-727213 854999
-950106 571253
-1028353 200538
-950041 -200707
-727092 -571396
-393448 -855095
86 -1008610
393606 -1008574
727211 -854995
950103 -571250
1028349 -200537
950037 200707
727089 571395
393447 855092
-94 1008608
-393614 1008573
-727210 854993
-950101 571248
-1028346 200535
-950033 -200708
-727085 -571394
-393444 -855089
96 -1008604
393615 -1008569
727209 -854989
950098 -571244
1028342 -200532
950029 200709
727081 571394
393440 855089
-99 1008603
-393616 1008566
-727209 854985
-950097 571240
-1028339 200528
-950024 -200712
-727075 -571395
-393435 -855087
102 -1008598
393617 -1008560
727207 -854979
950092 -571235
1028333 -200526
950019 200711
727072 571392
393434 855083
-101 1008594
-393614 1008556
-727203 854976
-950088 571234
-1028329 200526
-950015 -200710
-727069 -571389
-393432 -855079
102 -1008590
393620 -1008551
727209 -854972
950088 -571232
1028329 -200524
950015 200712
727068 571391
393430 855080
-104 1008589
-393622 1008548
-727210 854968
-950087 571228
-1028326 200521
-950010 -200714
-727062 -571392
-393425 -855079
107 -1008586
393623 -1008544
727209 -854964
950085 -571224
1028324 -200517
950008 200717
727060 571393
393423 855079
-109 1008586
-393625 1008543
-727211 854961
-950086 571220
-1028323 200513
-950005 -200721
-727056 -571397
-393418 -855082
115 -1008587
393630 -1008542
727214 -854959
950087 -571218
1028323 -200511
950005 200723
727055 571399
393416 855084
-118 1008589
-393634 1008543
-727222 854953
-950096 571210
-1028327 200506
-950006 -200729
-727054 -571405
-393413 -855089
122 -1008592
393639 -1008545
727228 -854954
950101 -571209
1028331 -200503
950009 200734
727055 571411
393412 855095
-125 1008597
-393643 1008548
-727232 854955
-950105 571208
-1028334 200500
-950010 -200738
-727054 -571415
-393409 -855099
130 -1008601
393649 -1008551
727238 -854956
950110 -571207
1028337 -200498
950011 200741
727053 571419
393407 855102
-132 1008602
-393651 1008550
-727239 854954
-950110 571205
-1028337 200496
-950011 -200743
-727053 -571421
-393406 -855104
134 -1008604
393653 -1008552
727242 -854956
950114 -571199
1028341 -200489
950015 200743
727057 571422
393410 855107
-131 1008609
-393652 1008558
-727243 854962
-950117 571205
-1028346 200494
-950021 -200741
-727062 -571423
-393413 -855110
130 -1008613
393653 -1008562
727245 -854965
950120 -571207
1028350 -200495
950025 200741
727066 571424
393416 855113
-129 1008617
-393654 1008566
-727248 854969
-950124 571210
-1028354 200496
-950028 -200742
-727067 -571426
-393416 -855115
129 -1008619
393654 -1008568
727248 -854971
950125 -571212
1028356 -200498
950030 200741
727069 571427
393417 855117
-130 1008621
-393657 1008570
-727252 854972
-950128 571211
-1028355 200488
-950029 -200750
-727071 -571427
-393419 -855117
128 -1008622
393655 -1008572
727251 -854974
950129 -571213
1028357 -200489
950031 200750
727073 571427
393421 855118
-126 1008624
-393654 1008575
-727251 854978
-950129 571217
-1028357 200493
-950032 -200746
-727075 -571424
-393423 -855116
124 -1008623
393652 -1008575
727250 -854979
950130 -571219
1028360 -200495
950036 200745
727079 571424
393427 855117
-121 1008625
-393651 1008578
-727251 854983
-950133 571223
-1028364 200498
-950040 -200744
-727083 -571425
-393430 -855120
120 -1008630
393652 -1008584
727253 -854988
950135 -571226
1028367 -200500
950038 200751
727081 571433
393434 855121
-116 1008632
-393648 1008586
-727250 854991
-950134 571231
-1028368 200506
-950041 -200745
-727085 -571428
-393439 -855117
110 -1008630
393643 -1008587
727247 -854994
950133 -571235
1028369 -200510
950044 200741
727090 571425
393444 855117
-107 1008632
-393641 1008590
-727246 854998
-950134 571239
-1028371 200513
-950046 -200740
-727092 -571425
-393446 -855117
105 -1008633
393640 -1008592
727246 -855000
950134 -571241
1028371 -200515
950046 200738
727092 571423
393447 855115
-103 1008631
-393638 1008591
-727245 855001
-950134 571243
-1028372 200517
-950049 -200736
-727088 -571428
-393442 -855120
101 -1008630
393636 -1008591
727243 -855001
950132 -571243
1028370 -200518
950047 200734
727087 571426
393443 855118
-98 1008628
-393632 1008590
-727239 855002
-950129 571246
-1028369 200522
-950048 -200730
-727089 -571422
-393445 -855115
96 -1008626
393629 -1008588
727235 -855001
950126 -571247
1028368 -200525
950049 200726
727092 571419
393449 855113
-92 1008625
-393626 1008589
-727233 855003
-950124 571249
-1028366 200527
-950047 -200723
-727091 -571414
-393451 -855107
87 -1008620
393619 -1008586
727226 -855003
950119 -571253
1028364 -200534
950049 200715
727096 571407
393448 855107
-91 1008622
-393615 1008585
-727222 855003
-950115 571253
-1028360 200534
-950045 -200715
-727093 -571406
-393446 -855105
92 -1008620
393615 -1008583
727221 -855001
950113 -571252
1028358 -200535
950044 200712
727093 571402
393447 855101
-90 1008616
-393612 1008579
-727217 854998
-950109 571250
-1028354 200534
-950040 -200711
-727090 -571400
-393446 -855098
89 -1008612
393610 -1008576
727215 -854997
950107 -571251
1028352 -200536
950038 200709
727088 571397
393445 855094
-88 1008608
-393607 1008572
-727210 854993
-950101 571248
-1028346 200535
-950033 -200708
-727085 -571394
-393444 -855089
96 -1008604
393615 -1008569
727209 -854989
950098 -571244
1028342 -200532
950029 200709
727081 571394
393440 855089
-99 1008603
-393616 1008566
-727209 854985
-950097 571240
-1028339 200528
-950024 -200712
-727075 -571395
-393435 -855087
102 -1008598
393617 -1008560
727207 -854979
950092 -571235
1028333 -200526
950019 200711
727072 571392
393434 855083
-101 1008594
-393614 1008556
-727203 854976
-950088 571234
-1028329 200526
-950015 -200710
-727069 -571389
-393432 -855079
102 -1008590
393613 -1008552
727201 -854973
950086 -571232
1028327 -200525
950013 200710
727067 571389
393431 855078
-102 1008588
-393620 1008549
-727209 854970
-950088 571230
-1028328 200522
-950012 -200714
-727064 -571392
-393427 -855079
106 -1008587
393623 -1008546
727210 -854966
950087 -571226
1028326 -200519
950010 200716
727062 571394
393424 855081
-110 1008588
-393627 1008545
-727213 854963
-950088 571222
-1028325 200515
-950008 -200719
-727060 -571395
-393422 -855081
112 -1008588
393629 -1008545
727215 -854963
950090 -571221
1028327 -200512
950008 200724
727057 571401
393418 855086
-116 1008591
-393633 1008546
-727222 854957
-950096 571214
-1028328 200510
-950008 -200726
-727056 -571403
-393415 -855088
120 -1008592
393637 -1008545
727226 -854955
950100 -571211
1028331 -200505
950009 200732
727055 571409
393412 855093
-124 1008595
-393641 1008546
-727230 854954
-950103 571208
-1028332 200501
-950008 -200736
-727053 -571413
-393410 -855097
127 -1008599
393645 -1008550
727234 -854957
950107 -571210
1028336 -200502
950012 200737
727056 571415
393411 855099
-128 1008601
-393647 1008551
-727236 854957
-950109 571209
-1028338 200500
-950013 -200739
-727056 -571417
-393411 -855101
128 -1008603
393648 -1008553
727238 -854958
950111 -571202
1028340 -200493
950015 200739
727057 571418
393410 855103
-130 1008605
-393650 1008555
-727240 854960
-950113 571204
-1028342 200495
-950017 -200738
-727059 -571418
-393412 -855104
129 -1008607
393650 -1008557
727241 -854962
950115 -571205
1028344 -200494
950019 200740
727061 571421
393413 855108
-130 1008611
-393653 1008560
-727245 854963
-950119 571205
-1028347 200493
-950020 -200743
-727060 -571425
-393410 -855112
134 -1008614
393657 -1008562
727249 -854964
950123 -571204
1028351 -200491
950024 200745
727063 571427
393412 855114
-133 1008617
-393658 1008566
-727252 854968
-950127 571207
-1028352 200484
-950025 -200753
-727067 -571428
-393415 -855117
132 -1008621
393659 -1008570
727254 -854972
950130 -571211
1028356 -200487
950029 200752
727071 571429
393419 855119
-128 1008624
-393656 1008574
-727253 854976
-950131 571215
-1028359 200491
-950033 -200749
-727075 -571428
-393423 -855120
125 -1008627
393655 -1008579
727254 -854982
950134 -571220
1028363 -200494
950037 200748
727079 571428
393426 855121
-124 1008629
-393655 1008581
-727255 854984
-950136 571222
-1028366 200496
-950042 -200746
-727084 -571428
-393429 -855124
122 -1008633
393654 -1008585
727255 -854988
950137 -571226
1028368 -200499
950037 200753
727078 571435
393430 855122
-120 1008632
-393652 1008586
-727254 854990
-950137 571228
-1028369 200501
-950040 -200751
-727083 -571433
-393436 -855121
115 -1008633
393649 -1008588
727253 -854993
950138 -571232
1028371 -200505
950043 200747
727087 571430
393440 855120
-111 1008634
-393645 1008591
-727250 854998
-950137 571238
-1028373 200511
-950047 -200742
-727091 -571427
-393444 -855119
107 -1008634
393642 -1008592
727248 -855000
950136 -571241
1028373 -200515
950048 200738
727094 571423
393449 855115
-101 1008632
-393636 1008593
-727243 855003
-950133 571245
-1028372 200519
-950049 -200734
-727089 -571426
-393444 -855119
99 -1008630
393634 -1008591
727241 -855001
950131 -571244
1028371 -200520
950049 200732
727089 571424
393445 855117
-96 1008628
-393630 1008590
-727237 855002
-950128 571247
-1028369 200524
-950048 -200728
-727090 -571420
-393447 -855113
94 -1008625
393628 -1008589
727235 -855003
950126 -571249
1028368 -200527
950049 200724
727092 571417
393450 855111
-90 1008624
-393624 1008589
-727231 855003
-950122 571250
-1028364 200529
-950046 -200721
-727091 -571412
-393451 -855105
87 -1008618
393619 -1008584
727225 -855001
950117 -571251
1028361 -200532
950044 200717
727090 571408
393442 855106
-96 1008619
-393618 1008580
-727223 854997
-950114 571247
-1028357 200529
-950040 -200718
-727087 -571407
-393441 -855103
95 -1008615
393616 -1008577
727220 -854995
950110 -571246
1028353 -200530
950037 200715
727085 571403
393440 855099
-94 1008611
-393613 1008573
-727216 854992
-950106 571245
-1028349 200530
-950034 -200714
-727084 -571400
-393441 -855095
92 -1008607
393610 -1008569
727211 -854989
950100 -571244
1028344 -200532
950031 200709
727083 571394
393442 855089
-89 1008602
-393606 1008566
-727207 854988
-950096 571245
-1028340 200534
-950027 -200707
-727080 -571391
-393441 -855085
96 -1008599
393612 -1008563
727205 -854984
950094 -571241
1028338 -200531
950025 200708
727078 571391
393439 855084
-98 1008597
-393613 1008561
-727204 854982
-950092 571240
-1028336 200531
-950023 -200708
-727076 -571391
-393437 -855084
100 -1008596
393615 -1008558
727205 -854978
950091 -571236
1028334 -200528
950021 200709
727074 571390
393436 855081
-99 1008592
-393612 1008555
-727201 854977
-950087 571236
-1028330 200528
-950017 -200709
-727071 -571389
-393434 -855079
100 -1008590
393612 -1008553
727201 -854975
950086 -571234
1028328 -200527
950016 200708
727071 571387
393435 855077
-98 1008588
-393616 1008549
-727205 854971
-950084 571233
-1028326 200527
-950014 -200708
-727069 -571387
-393433 -855077
100 -1008588
393618 -1008549
727207 -854971
950086 -571232
1028327 -200525
950013 200710
727067 571389
393431 855078
-102 1008588
-393620 1008549
-727209 854970
-950088 571230
-1028328 200522
-950012 -200714
-727064 -571392
-393427 -855079
106 -1008587
393623 -1008546
727210 -854966
950087 -571226
1028326 -200519
950010 200716
727062 571394
393424 855081
-110 1008588
-393627 1008545
-727213 854963
-950088 571222
-1028325 200515
-950008 -200719
-727060 -571395
-393422 -855081
112 -1008588
393629 -1008545
727219 -854958
950095 -571216
1028329 -200512
950010 200724
727059 571401
393420 855086
-114 1008591
-393631 1008546
-727221 854958
-950097 571216
-1028331 200512
-950012 -200724
-727060 -571402
-393419 -855088
116 -1008593
393633 -1008548
727223 -854959
950099 -571216
1028332 -200511
950012 200726
727060 571404
393419 855090
-117 1008595
-393635 1008549
-727225 854959
-950100 571215
-1028332 200509
-950012 -200728
-727060 -571406
-393418 -855092
119 -1008597
393638 -1008551
727229 -854960
950104 -571214
1028335 -200506
950013 200733
727059 571412
393415 855098
-124 1008602
-393644 1008554
-727235 854961
-950110 571207
-1028341 200499
-950018 -200734
-727062 -571415
-393416 -855102
125 -1008606
393647 -1008558
727239 -854964
950114 -571208
1028345 -200498
950021 200737
727063 571419
393416 855106
-126 1008610
-393649 1008561
-727242 854966
-950118 571209
-1028348 200497
-950023 -200739
-727065 -571421
-393417 -855109
126 -1008614
393650 -1008565
727244 -854970
950121 -571213
1028353 -200501
950029 200736
727070 571421
393420 855111
-125 1008616
-393650 1008567
-727245 854972
-950123 571214
-1028355 200500
-950031 -200739
-727071 -571425
-393420 -855115
126 -1008620
393653 -1008571
727249 -854975
950127 -571215
1028355 -200492
950030 200746
727074 571423
393424 855114
-122 1008621
-393650 1008574
-727248 854979
-950128 571219
-1028358 200495
-950034 -200745
-727077 -571424
-393425 -855117
123 -1008625
393652 -1008577
727250 -854981
950130 -571221
1028360 -200497
950036 200743
727080 571422
393429 855115
-119 1008624
-393649 1008578
-727249 854983
-950131 571223
-1028363 200499
-950040 -200742
-727083 -571423
-393431 -855118
118 -1008628
393650 -1008582
727251 -854987
950133 -571227
1028365 -200502
950043 200740
727087 571422
393434 855119
-116 1008630
-393648 1008584
-727250 854989
-950134 571229
-1028367 200504
-950039 -200747
-727083 -571429
-393437 -855117
112 -1008629
393644 -1008585
727247 -854992
950133 -571233
1028368 -200508
950041 200743
727086 571426
393441 855116
-108 1008630
-393641 1008588
-727245 854996
-950131 571237
-1028367 200512
-950042 -200739
-727089 -571422
-393445 -855113
104 -1008629
393637 -1008589
727242 -854999
950130 -571242
1028368 -200518
950045 200733
727093 571417
393450 855109
-98 1008626
-393631 1008588
-727237 855000
-950127 571245
-1028367 200523
-950047 -200727
-727098 -571412
-393456 -855107
92 -1008627
393626 -1008591
727234 -855005
950126 -571251
1028368 -200529
950049 200722
727093 571415
393452 855110
-88 1008624
-393622 1008590
-727230 855006
-950123 571254
-1028367 200533
-950050 -200718
-727095 -571411
-393455 -855106
84 -1008621
393618 -1008589
727227 -855007
950122 -571256
1028368 -200535
950052 200716
727097 571410
393456 855107
-84 1008623
-393619 1008591
-727229 855008
-950124 571256
-1028370 200535
-950054 -200716
-727099 -571410
-393458 -855107
82 -1008623
393617 -1008591
727227 -855009
950122 -571258
1028368 -200537
950053 200714
727100 571408
393451 855110
-90 1008626
-393616 1008589
-727225 855007
-950120 571257
-1028366 200537
-950051 -200714
-727098 -571408
-393450 -855109
89 -1008624
393614 -1008587
727222 -855005
950116 -571255
1028362 -200536
950047 200713
727095 571405
393448 855105
-90 1008620
-393613 1008583
-727220 855002
-950114 571254
-1028360 200536
-950045 -200713
-727093 -571404
-393447 -855103
90 -1008618
393613 -1008581
727219 -855000
950111 -571252
1028356 -200535
950042 200712
727091 571402
393446 855100
-89 1008614
-393610 1008578
-727215 854999
-950108 571253
-1028355 200538
-950042 -200708
-727092 -571398
-393448 -855097
96 -1008614
393619 -1008578
727217 -854996
950108 -571248
1028352 -200532
950038 200713
727088 571401
393444 855098
-99 1008613
-393620 1008576
-727216 854994
-950106 571247
-1028350 200532
-950036 -200713
-727086 -571401
-393442 -855097
101 -1008611
393621 -1008573
727215 -854990
950104 -571243
1028347 -200529
950032 200714
727082 571400
393439 855095
-102 1008608
-393621 1008569
-727215 854986
-950103 571239
-1028344 200525
-950027 -200717
-727076 -571401
-393434 -855093
105 -1008604
393622 -1008565
727214 -854982
950100 -571236
1028340 -200524
950024 200716
727074 571399
393432 855091
-106 1008601
-393628 1008559
-727219 854976
-950098 571232
-1028338 200520
-950021 -200720
-727070 -571402
-393428 -855092
110 -1008600
393631 -1008557
727221 -854974
950099 -571230
1028337 -200518
950019 200721
727068 571401
393426 855090
-112 1008598
-393632 1008554
-727220 854970
-950097 571226
-1028335 200515
-950016 -200723
-727064 -571403
-393422 -855091
115 -1008597
393634 -1008552
727222 -854968
950098 -571224
1028335 -200513
950016 200725
727064 571405
393422 855093
-116 1008599
-393636 1008553
-727223 854967
-950098 571222
-1028334 200511
-950014 -200727
-727062 -571406
-393420 -855093
118 -1008599
393638 -1008553
727229 -854962
950104 -571216
1028335 -200508
950013 200731
727059 571410
393416 855096
-122 1008600
-393642 1008552
-727232 854959
-950106 571212
-1028337 200504
-950014 -200735
-727058 -571414
-393413 -855100
126 -1008603
393646 -1008554
727237 -854961
950112 -571213
1028342 -200503
950017 200738
727059 571418
393412 855104
-129 1008607
-393650 1008557
-727241 854962
-950115 571212
-1028343 200500
-950017 -200742
-727059 -571422
-393411 -855108
132 -1008611
393655 -1008560
727247 -854963
950121 -571211
1028349 -200497
950021 200747
727059 571429
393408 855115
-136 1008616
-393659 1008563
-727251 854964
-950125 571203
-1028352 200488
-950023 -200749
-727061 -571431
-393409 -855118
137 -1008620
393662 -1008567
727255 -854967
950129 -571205
1028357 -200490
950029 200749
727066 571434
393413 855122
-134 1008625
-393661 1008573
-727256 854973
-950132 571210
-1028361 200493
-950033 -200747
-727070 -571433
-393416 -855123
133 -1008627
393662 -1008575
727259 -854975
950136 -571211
1028365 -200492
950036 200750
727071 571437
393415 855127
-136 1008631
-393666 1008578
-727263 854976
-950140 571211
-1028368 200491
-950037 -200753
-727070 -571441
-393413 -855131
138 -1008634
393668 -1008580
727265 -854978
950142 -571212
1028367 -200483
950037 200760
727074 571440
393417 855131
-134 1008635
-393665 1008583
-727264 854982
-950143 571216
-1028370 200487
-950041 -200757
-727078 -571439
-393420 -855132
133 -1008637
393666 -1008585
727266 -854984
950145 -571218
1028372 -200488
950043 200757
727080 571439
393422 855133
-131 1008640
-393664 1008589
-727265 854988
-950146 571222
-1028375 200492
-950048 -200754
-727086 -571438
-393427 -855134
128 -1008643
393663 -1008594
727266 -854994
950149 -571228
1028379 -200497
950052 200751
727090 571437
393431 855135
-125 1008645
-393662 1008596
-727267 854996
-950151 571229
-1028381 200497
-950048 -200759
-727086 -571445
-393433 -855135
123 -1008646
393660 -1008598
727265 -854998
950150 -571232
1028382 -200501
950051 200755
727091 571441
393439 855132
-117 1008645
-393655 1008600
-727262 855003
-950149 571238
-1028383 200507
-950053 -200750
-727093 -571438
-393441 -855131
115 -1008645
393653 -1008600
727261 -855004
950149 -571240
1028384 -200509
950056 200748
727097 571437
393445 855131
-111 1008646
-393650 1008603
-727259 855008
-950148 571244
-1028385 200513
-950059 -200744
-727102 -571433
-393451 -855129
106 -1008647
393646 -1008605
727256 -855011
950147 -571249
1028386 -200519
950061 200739
727096 571436
393446 855131
-101 1008642
-393640 1008603
-727251 855012
-950144 571251
-1028384 200521
-950060 -200736
-727097 -571432
-393448 -855128
99 -1008640
393638 -1008601
727248 -855010
950140 -571250
1028381 -200522
950059 200734
727097 571430
393449 855126
-97 1008639
-393636 1008601
-727247 855011
-950140 571252
-1028381 200524
-950059 -200732
-727098 -571428
-393451 -855124
94 -1008637
393632 -1008600
727243 -855011
950136 -571253
1028378 -200527
950058 200728
727099 571424
393454 855121
-90 1008636
-393628 1008601
-727239 855014
-950134 571258
-1028379 200533
-950061 -200722
-727103 -571419
-393449 -855122
96 -1008638
393626 -1008599
727237 -855013
950132 -571258
1028377 -200533
950059 200722
727101 571419
393447 855121
-97 1008635
-393625 1008595
-727235 855009
-950129 571255
-1028373 200532
-950055 -200721
-727098 -571416
-393446 -855117
96 -1008631
393623 -1008592
727232 -855007
950125 -571253
1028369 -200531
950052 200720
727097 571414
393447 855115
-94 1008630
-393621 1008592
-727231 855008
-950125 571255
-1028369 200533
-950052 -200718
-727097 -571412
-393447 -855113
94 -1008628
393620 -1008590
727228 -855006
950121 -571254
1028365 -200533
950048 200717
727094 571409
393446 855109
-102 1008625
-393628 1008587
-727227 855002
-950119 571251
-1028363 200532
-950046 -200717
-727092 -571408
-393444 -855106
103 -1008621
393627 -1008583
727225 -854999
950116 -571249
1028359 -200530
950042 200718
727088 571408
393441 855105
-104 1008618
-393627 1008579
-727224 854995
-950114 571245
-1028356 200527
-950038 -200719
-727085 -571407
-393439 -855103
106 -1008616
393628 -1008576
727223 -854991
950111 -571242
1028352 -200526
950034 200719
727081 571406
393436 855100
-107 1008612
-393627 1008572
-727221 854987
-950108 571238
-1028348 200522
-950030 -200722
-727077 -571407
-393432 -855099
110 -1008609
393635 -1008566
727228 -854981
950108 -571234
1028347 -200518
950028 200725
727075 571409
393430 855101
-112 1008610
-393637 1008566
-727230 854980
-950109 571232
-1028347 200516
-950027 -200727
-727072 -571411
-393426 -855102
116 -1008610
393640 -1008565
727231 -854978
950109 -571230
1028346 -200514
950025 200729
727070 571412
393424 855102
-118 1008609
-393642 1008563
-727233 854976
-950110 571227
-1028345 200510
-950022 -200733
-727066 -571415
-393420 -855103
122 -1008609
393646 -1008562
727236 -854973
950111 -571223
1028345 -200506
950021 200737
727063 571419
393416 855106
-126 1008610
-393649 1008561
-727242 854966
-950118 571216
-1028348 200504
-950023 -200739
-727065 -571421
-393417 -855109
126 -1008614
393650 -1008565
727244 -854970
950120 -571219
1028350 -200505
950025 200739
727066 571422
393416 855111
-128 1008615
-393652 1008565
-727246 854969
-950122 571217
-1028352 200503
-950026 -200742
-727065 -571426
-393414 -855114
131 -1008617
393656 -1008566
727250 -854968
950125 -571214
1028353 -200498
950025 200748
727063 571431
393411 855118
-135 1008620
-393660 1008567
-727254 854968
-950129 571213
-1028356 200496
-950027 -200750
-727064 -571434
-393411 -855122
136 -1008624
393663 -1008571
727258 -854971
950133 -571208
1028361 -200491
950033 200749
727069 571435
393414 855125
-135 1008629
-393664 1008577
-727261 854976
-950138 571211
-1028367 200492
-950038 -200751
-727072 -571440
-393415 -855131
136 -1008635
393667 -1008582
727265 -854980
950142 -571214
1028371 -200493
950042 200751
727076 571440
393418 855132
-135 1008637
-393667 1008584
-727266 854982
-950145 571216
-1028375 200494
-950045 -200752
-727077 -571443
-393417 -855136
137 -1008641
393670 -1008588
727270 -854985
950149 -571217
1028378 -200493
950047 200754
727079 571445
393419 855138
-136 1008643
-393670 1008590
-727271 854987
-950151 571219
-1028378 200487
-950049 -200760
-727085 -571444
-393425 -855139
131 -1008646
393667 -1008595
727270 -854993
950152 -571225
1028381 -200493
950053 200755
727089 571441
393429 855138
-127 1008647
-393664 1008598
-727269 854998
-950153 571231
-1028383 200498
-950056 -200751
-727094 -571438
-393435 -855137
121 -1008648
393659 -1008601
727266 -855002
950152 -571235
1028384 -200502
950058 200748
727096 571436
393437 855136
-119 1008648
-393657 1008601
-727264 855003
-950151 571238
-1028385 200506
-950055 -200752
-727095 -571440
-393443 -855133
114 -1008648
393654 -1008604
727263 -855007
950152 -571242
1028388 -200510
950059 200749
727099 571439
393447 855134
-110 1008650
-393651 1008607
-727262 855012
-950153 571248
-1028391 200515
-950064 -200746
-727105 -571438
-393452 -855135
107 -1008653
393649 -1008611
727261 -855016
950154 -571252
1028393 -200519
950067 200742
727109 571435
393456 855134
-103 1008654
-393646 1008614
-727260 855020
-950154 571256
-1028394 200523
-950069 -200738
-727112 -571431
-393461 -855130
97 -1008651
393640 -1008613
727254 -855022
950150 -571261
1028393 -200529
950071 200732
727108 571433
393457 855134
-93 1008650
-393637 1008614
-727253 855024
-950150 571263
-1028394 200531
-950073 -200731
-727110 -571433
-393459 -855134
91 -1008650
393635 -1008614
727251 -855024
950148 -571263
1028392 -200532
950071 200728
727109 571429
393460 855130
-89 1008647
-393633 1008613
-727249 855025
-950146 571265
-1028390 200534
-950070 -200726
-727109 -571427
-393460 -855128
88 -1008645
393630 -1008611
727245 -855023
950142 -571264
1028387 -200535
950068 200724
727108 571424
393461 855124
-85 1008641
-393626 1008608
-727241 855022
-950139 571265
-1028385 200537
-950067 -200721
-727109 -571420
-393454 -855125
93 -1008642
393625 -1008604
727238 -855019
950135 -571264
1028382 -200538
950065 200719
727107 571418
393453 855123
-92 1008640
-393623 1008602
-727236 855017
-950132 571262
-1028378 200537
-950062 -200718
-727106 -571416
-393453 -855121
92 -1008638
393622 -1008600
727234 -855015
950130 -571261
1028376 -200537
950060 200718
727104 571415
393452 855118
-91 1008634
-393620 1008597
-727232 855014
-950128 571261
-1028374 200538
-950058 -200715
-727103 -571411
-393453 -855114
89 -1008631
393617 -1008595
727228 -855013
950125 -571262
1028372 -200540
950057 200713
727103 571409
393453 855112
-97 1008630
-393625 1008593
-727227 855009
-950122 571258
-1028368 200537
-950053 -200714
-727100 -571408
-393451 -855110
98 -1008628
393625 -1008591
727227 -855007
950122 -571256
1028368 -200535
950052 200716
727097 571410
393447 855111
-102 1008627
-393628 1008589
-727228 855004
-950121 571252
-1028365 200531
-950048 -200719
-727093 -571411
-393444 -855110
104 -1008625
393630 -1008586
727229 -855000
950120 -571248
1028362 -200528
950044 200721
727089 571412
393440 855109
-107 1008622
-393631 1008582
-727228 854996
-950118 571245
-1028360 200526
-950042 -200722
-727087 -571412
-393438 -855109
109 -1008622
393640 -1008580
727238 -854993
950121 -571242
1028361 -200522
950041 200726
727085 571415
393436 855111
-111 1008623
-393641 1008579
-727238 854991
-950120 571240
-1028359 200520
-950039 -200728
-727083 -571417
-393434 -855112
113 -1008623
393643 -1008579
727240 -854991
950122 -571239
1028361 -200518
950040 200730
727082 571419
393431 855114
-117 1008624
-393647 1008578
-727243 854988
-950123 571235
-1028360 200514
-950037 -200734
-727078 -571422
-393427 -855115
120 -1008623
393648 -1008576
727243 -854986
950123 -571233
1028359 -200512
950035 200735
727076 571422
393425 855115
-122 1008623
-393650 1008576
-727248 854981
-950128 571228
-1028361 200511
-950037 -200738
-727077 -571426
-393425 -855119
123 -1008627
393653 -1008579
727252 -854982
950131 -571227
1028363 -200509
950038 200740
727077 571428
393424 855121
-126 1008629
-393657 1008580
-727256 854982
-950135 571226
-1028366 200506
-950039 -200745
-727075 -571434
-393419 -855126
132 -1008631
393662 -1008579
727259 -854979
950136 -571222
1028365 -200502
950037 200748
727073 571436
393417 855127
-134 1008631
-393664 1008579
-727261 854978
-950138 571220
-1028367 200500
-950038 -200751
-727072 -571440
-393415 -855131
136 -1008635
393667 -1008582
727265 -854980
950142 -571214
1028371 -200493
950042 200751
727076 571440
393418 855132
-135 1008637
-393667 1008584
-727266 854982
-950145 571216
-1028375 200494
-950045 -200752
-727077 -571443
-393417 -855136
137 -1008641
393670 -1008588
727270 -854985
950149 -571217
1028378 -200493
950047 200754
727079 571445
393419 855138
-136 1008643
-393670 1008590
-727271 854987
-950151 571219
-1028381 200495
-950051 -200753
-727083 -571446
-393422 -855141
135 -1008647
393671 -1008594
727273 -854990
950153 -571220
1028382 -200494
950051 200755
727082 571448
393420 855143
-137 1008649
-393673 1008596
-727275 854992
-950155 571222
-1028382 200488
-950052 -200761
-727086 -571447
-393424 -855143
133 -1008650
393670 -1008598
727274 -854994
950156 -571224
1028384 -200490
950055 200759
727090 571446
393427 855144
-132 1008652
-393670 1008600
-727274 854996
-950156 571226
-1028384 200492
-950055 -200757
-727091 -571444
-393429 -855143
130 -1008653
393669 -1008603
727275 -855000
950159 -571230
1028389 -200495
950061 200757
727096 571447
393433 855147
-127 1008657
-393668 1008607
-727276 855004
-950161 571233
-1028391 200497
-950063 -200755
-727098 -571445
-393435 -855146
125 -1008658
393667 -1008610
727277 -855008
950164 -571237
1028395 -200500
950061 200762
727096 571453
393438 855147
-124 1008660
-393667 1008612
-727277 855010
-950165 571239
-1028397 200501
-950063 -200762
-727098 -571453
-393440 -855147
122 -1008660
393665 -1008612
727275 -855011
950163 -571241
1028396 -200504
950063 200758
727099 571449
393443 855143
-117 1008657
-393659 1008611
-727270 855012
-950160 571244
-1028395 200508
-950064 -200754
-727101 -571446
-393445 -855142
116 -1008658
393659 -1008613
727270 -855014
950160 -571246
1028395 -200510
950065 200752
727104 571444
393449 855141
-112 1008658
-393656 1008614
-727269 855016
-950160 571248
-1028396 200512
-950067 -200750
-727098 -571449
-393443 -855145
109 -1008655
393652 -1008613
727265 -855017
950157 -571251
1028395 -200517
950068 200744
727100 571444
393446 855142
-105 1008654
-393648 1008613
-727261 855018
-950154 571254
-1028394 200521
-950069 -200740
-727103 -571440
-393450 -855139
101 -1008652
393644 -1008612
727258 -855019
950152 -571256
1028392 -200523
950067 200738
727101 571438
393449 855136
-100 1008648
-393641 1008609
-727254 855018
-950149 571257
-1028391 200526
-950068 -200734
-727104 -571434
-393453 -855133
96 -1008647
393637 -1008609
727250 -855018
950145 -571257
1028387 -200527
950065 200731
727103 571430
393445 855133
-103 1008646
-393635 1008604
-727247 855015
-950141 571256
-1028383 200527
-950061 -200730
-727100 -571427
-393444 -855129
102 -1008642
393632 -1008600
727243 -855011
950136 -571253
1028378 -200527
950058 200728
727099 571424
393445 855125
-100 1008639
-393630 1008599
-727241 855012
-950135 571255
-1028378 200529
-950058 -200726
-727099 -571422
-393445 -855123
99 -1008637
393627 -1008597
727237 -855011
950131 -571256
1028374 -200531
950055 200723
727098 571418
393446 855119
-97 1008633
-393625 1008593
-727234 855007
-950127 571253
-1028370 200530
-950051 -200722
-727095 -571415
-393445 -855115
105 -1008631
393633 -1008592
727234 -855005
950126 -571251
1028368 -200529
950049 200722
727093 571415
393443 855114
-106 1008628
-393632 1008588
-727231 855001
-950122 571248
-1028364 200527
-950045 -200723
-727089 -571414
-393440 -855111
107 -1008624
393631 -1008584
727229 -854998
950120 -571246
1028362 -200526
950043 200723
727087 571414
393438 855111
-109 1008624
-393633 1008583
-727230 854995
-950119 571242
-1028359 200522
-950039 -200726
-727083 -571415
-393434 -855110
112 -1008621
393634 -1008579
727229 -854991
950116 -571239
1028355 -200521
950035 200725
727080 571412
393433 855106
-112 1008617
-393640 1008573
-727235 854986
-950116 571237
-1028355 200519
-950035 -200727
-727079 -571414
-393431 -855107
113 -1008616
393640 -1008571
727235 -854984
950116 -571235
1028355 -200517
950035 200729
727079 571416
393430 855109
-116 1008618
-393644 1008573
-727239 854985
-950119 571234
-1028356 200514
-950034 -200733
-727076 -571420
-393426 -855113
120 -1008621
393648 -1008574
727242 -854984
950121 -571231
1028357 -200510
950033 200737
727074 571423
393424 855114
-122 1008621
-393650 1008574
-727248 854979
-950127 571226
-1028359 200510
-950035 -200737
-727075 -571424
-393423 -855116
124 -1008623
393652 -1008575
727250 -854979
950129 -571226
1028361 -200509
950036 200740
727075 571428
393423 855120
-125 1008627
-393655 1008579
-727254 854982
-950133 571227
-1028365 200509
-950040 -200741
-727078 -571430
-393424 -855123
126 -1008631
393657 -1008582
727257 -854984
950137 -571228
1028368 -200508
950041 200743
727078 571432
393423 855125
-128 1008632
-393659 1008582
-727258 854983
-950137 571226
-1028368 200506
-950041 -200745
-727077 -571434
-393421 -855126
130 -1008632
393661 -1008582
727260 -854983
950139 -571219
1028370 -200499
950043 200745
727079 571435
393423 855129
-129 1008636
-393662 1008586
-727263 854986
-950143 571220
-1028373 200498
-950044 -200748
-727078 -571439
-393420 -855132
133 -1008637
393666 -1008585
727266 -854984
950145 -571218
1028375 -200496
950046 200750
727080 571441
393421 855135
-133 1008641
-393666 1008589
-727267 854988
-950148 571222
-1028379 200499
-950050 -200749
-727083 -571442
-393423 -855137
132 -1008644
393667 -1008593
727269 -854991
950150 -571223
1028381 -200499
950052 200749
727085 571442
393425 855137
-130 1008644
-393665 1008593
-727268 854992
-950150 571225
-1028379 200493
-950051 -200755
-727087 -571441
-393427 -855138
129 -1008647
393666 -1008597
727270 -854995
950153 -571227
1028383 -200494
950055 200755
727091 571442
393430 855141
-128 1008651
-393667 1008601
-727273 854999
-950157 571230
-1028387 200495
-950059 -200756
-727095 -571444
-393433 -855143
126 -1008653
393665 -1008604
727272 -855003
950158 -571234
1028389 -200499
950061 200753
727097 571443
393435 855144
-125 1008656
-393666 1008608
-727275 855007
-950162 571237
-1028393 200500
-950065 -200753
-727100 -571444
-393437 -855146
123 -1008658
393665 -1008610
727275 -855009
950163 -571239
1028396 -200502
950063 200760
727098 571451
393441 855145
-120 1008659
-393663 1008612
-727273 855011
-950161 571242
-1028395 200506
-950064 -200756
-727101 -571448
-393445 -855144
116 -1008660
393660 -1008615
727273 -855016
950164 -571247
1028399 -200509
950068 200755
727105 571448
393448 855145
-115 1008662
-393659 1008609
-727269 855010
-950157 571242
-1028391 200507
-950061 -200753
-727100 -571443
-393446 -855138
113 -1008654
393655 -1008610
727266 -855013
950156 -571247
1028392 -200513
950063 200748
727102 571440
393448 855136
-111 1008652
-393653 1008608
-727264 855011
-950154 571245
-1028390 200511
-950061 -200749
-727092 -571446
-393438 -855140
112 -1008648
393652 -1008604
727261 -855008
950150 -571244
1028386 -200512
950058 200746
727091 571442
393439 855136
-109 1008644
-393647 1008601
-727255 855007
-950144 571245
-1028381 200515
-950055 -200742
-727090 -571437
-393440 -855130
106 -1008639
393643 -1008598
727251 -855006
950141 -571246
1028380 -200518
950056 200738
727093 571434
393444 855129
-103 1008640
-393641 1008600
-727250 855008
-950141 571248
-1028380 200520
-950056 -200736
-727093 -571432
-393445 -855127
100 -1008638
393637 -1008599
727246 -855009
950138 -571251
1028379 -200524
950057 200732
727096 571428
393440 855128
-106 1008640
-393635 1008597
-727244 855007
-950136 571249
-1028377 200523
-950055 -200731
-727094 -571426
-393439 -855126
105 -1008638
393633 -1008596
727242 -855007
950134 -571249
1028375 -200523
950053 200731
727093 571425
393439 855124
-105 1008636
-393633 1008594
-727241 855005
-950132 571248
-1028373 200523
-950052 -200730
-727093 -571423
-393439 -855122
105 -1008634
393632 -1008592
727239 -855004
950130 -571248
1028371 -200524
950050 200728
727091 571421
393438 855119
-104 1008630
-393629 1008588
-727235 855001
-950126 571247
-1028368 200525
-950049 -200726
-727092 -571419
-393440 -855118
111 -1008632
393638 -1008591
727237 -855002
950128 -571247
1028369 -200524
950048 200728
727090 571420
393439 855117
-110 1008630
-393636 1008589
-727235 855001
-950126 571247
-1028368 200525
-950049 -200726
-727092 -571419
-393440 -855118
111 -1008632
393638 -1008591
727237 -855002
950128 -571247
1028369 -200524
950048 200728
727090 571420
393439 855117
-110 1008630
-393636 1008589
-727235 855001
-950126 571247
-1028368 200525
-950049 -200726
-727092 -571419
-393440 -855118
111 -1008632
393638 -1008591
727237 -855002
950128 -571247
1028369 -200524
950048 200728
727090 571420
393439 855117
-110 1008630
-393643 1008587
-727243 854998
-950127 571245
-1028367 200523
-950047 -200727
-727090 -571418
-393439 -855115
110 -1008628
393642 -1008585
727241 -854997
950125 -571245
1028365 -200523
950045 200727
727088 571418
393437 855115
-112 1008627
-393644 1008583
-727242 854994
-950124 571241
-1028363 200519
-950042 -200731
-727084 -571421
-393433 -855116
115 -1008626
393646 -1008581
727244 -854992
950126 -571239
1028364 -200517
950041 200733
727081 571423
393429 855117
-119 1008626
-393649 1008580
-727245 854990
-950126 571237
-1028364 200515
-950041 -200735
-727081 -571425
-393429 -855119
120 -1008628
393652 -1008582
727253 -854986
950134 -571231
1028367 -200512
950042 200739
727080 571429
393426 855123
-124 1008631
-393656 1008583
-727257 854986
-950138 571230
-1028370 200509
-950043 -200743
-727079 -571433
-393423 -855127
128 -1008634
393660 -1008584
727261 -854985
950141 -571227
1028371 -200505
950043 200747
727079 571437
393422 855131
-131 1008638
-393664 1008587
-727265 854986
-950145 571227
-1028375 200504
-950046 -200750
-727080 -571441
-393421 -855135
133 -1008641
393666 -1008589
727267 -854988
950147 -571228
1028377 -200504
950048 200750
727081 571442
393421 855137
-134 1008643
-393668 1008590
-727269 854987
-950149 571219
-1028379 200495
-950049 -200753
-727081 -571446
-393420 -855141
137 -1008647
393673 -1008594
727275 -854990
950155 -571220
1028384 -200494
950052 200756
727082 571450
393419 855145
-139 1008651
-393675 1008597
-727277 854992
-950157 571222
-1028387 200496
-950057 -200754
-727088 -571449
-393425 -855146
134 -1008654
393673 -1008602
727279 -854998
950162 -571227
1028393 -200498
950062 200756
727091 571454
393426 855152
-135 1008660
-393676 1008608
-727283 855003
-950167 571230
-1028399 200499
-950067 -200757
-727094 -571457
-393427 -855157
137 -1008666
393681 -1008613
727290 -855006
950174 -571230
1028401 -200488
950068 200769
727097 571462
393428 855163
-138 1008672
-393682 1008610
-727289 855002
-950172 571227
-1028399 200487
-950066 -200768
-727096 -571459
-393428 -855159
137 -1008668
393681 -1008615
727290 -855008
950175 -571232
1028403 -200490
950070 200767
727099 571460
393430 855161
-135 1008670
-393678 1008609
-727285 855003
-950169 571230
-1028398 200491
-950067 -200764
-727098 -571456
-393431 -855157
133 -1008667
393677 -1008616
727287 -855011
950174 -571237
1028404 -200496
950073 200761
727104 571455
393436 855159
-130 1008671
-393675 1008612
-727284 855007
-950169 571234
-1028398 200495
-950062 -200768
-727095 -571459
-393436 -855152
127 -1008664
393671 -1008615
727281 -855012
950169 -571240
1028401 -200501
950066 200763
727099 571456
393440 855151
-123 1008664
-393666 1008608
-727275 855007
-950162 571237
-1028393 200500
-950059 -200761
-727094 -571451
-393437 -855144
123 -1008656
393664 -1008608
727273 -855007
950161 -571238
1028394 -200502
950061 200760
727096 571451
393439 855145
-121 1008658
-393663 1008610
-727273 855009
-950161 571240
-1028394 200504
-950061 -200758
-727097 -571449
-393441 -855143
119 -1008657
393661 -1008611
727272 -855012
950162 -571244
1028397 -200508
950066 200754
727095 571453
393438 855149
-116 1008658
-393659 1008613
-727270 855014
-950160 571246
-1028395 200510
-950065 -200752
-727095 -571451
-393439 -855147
113 -1008656
393655 -1008612
727267 -855015
950158 -571248
1028394 -200513
950065 200748
727096 571447
393442 855143
-109 1008653
-393651 1008611
-727263 855016
-950155 571251
-1028393 200517
-950066 -200744
-727099 -571443
-393446 -855140
105 -1008652
393647 -1008611
727259 -855016
950152 -571252
1028391 -200519
950065 200742
727099 571441
393446 855138
-105 1008650
-393647 1008609
-727259 855014
-950151 571250
-1028389 200518
-950063 -200741
-727097 -571439
-393436 -855140
114 -1008651
393646 -1008605
727256 -855011
950147 -571249
1028386 -200519
950061 200739
727096 571436
393437 855136
-111 1008647
-393642 1008602
-727252 855010
-950143 571249
-1028382 200519
-950058 -200738
-727095 -571434
-393437 -855134
111 -1008645
393641 -1008600
727250 -855008
950141 -571248
1028380 -200520
950056 200736
727093 571432
393436 855131
-110 1008641
-393639 1008597
-727247 855006
-950137 571247
-1028377 200521
-950055 -200733
-727094 -571428
-393438 -855128
116 -1008641
393645 -1008597
727245 -855005
950135 -571247
1028375 -200521
950053 200733
727092 571427
393437 855125
-115 1008637
-393643 1008594
-727243 855003
-950133 571245
-1028372 200519
-950049 -200734
-727089 -571426
-393435 -855123
117 -1008634
393644 -1008589
727242 -854997
950130 -571240
1028368 -200516
950045 200735
727085 571426
393432 855122
-118 1008632
-393643 1008587
-727239 854995
-950126 571239
-1028364 200517
-950041 -200733
-727081 -571423
-393429 -855117
119 -1008626
393642 -1008581
727237 -854990
950123 -571235
1028360 -200514
950037 200734
727078 571422
393427 855115
-120 1008623
-393648 1008576
-727243 854986
-950123 571233
-1028359 200512
-950035 -200735
-727076 -571422
-393425 -855115
122 -1008623
393650 -1008576
727245 -854986
950125 -571233
1028361 -200511
950037 200738
727077 571426
393425 855119
-123 1008627
-393653 1008579
-727249 854987
-950129 571232
-1028365 200509
-950040 -200741
-727078 -571430
-393424 -855123
126 -1008631
393657 -1008582
727253 -854988
950132 -571231
1028366 -200506
950039 200745
727075 571434
393419 855126
-132 1008631
-393662 1008579
-727255 854983
-950131 571225
-1028363 200501
-950035 -200748
-727071 -571435
-393416 -855125
133 -1008629
393662 -1008577
727259 -854977
950136 -571220
1028365 -200500
950036 200750
727071 571437
393415 855127
-136 1008631
-393666 1008578
-727263 854976
-950139 571217
-1028366 200496
-950035 -200754
-727068 -571441
-393411 -855130
140 -1008632
393670 -1008578
727266 -854975
950141 -571215
1028367 -200493
950035 200758
727067 571445
393408 855134
-144 1008635
-393674 1008579
-727270 854974
-950144 571212
-1028368 200489
-950034 -200762
-727065 -571449
-393405 -855138
148 -1008638
393678 -1008580
727274 -854974
950148 -571211
1028372 -200486
950037 200767
727066 571455
393404 855144
-151 1008644
-393683 1008585
-727280 854977
-950154 571206
-1028378 200481
-950043 -200766
-727071 -571456
-393408 -855146
148 -1008647
393682 -1008590
727281 -854983
950157 -571211
1028382 -200484
950047 200765
727075 571457
393411 855149
-147 1008651
-393683 1008594
-727284 854986
-950161 571212
-1028386 200483
-950050 -200768
-727076 -571461
-393410 -855153
150 -1008655
393687 -1008597
727288 -854987
950165 -571212
1028390 -200482
950054 200770
727079 571464
393412 855157
-149 1008659
-393688 1008601
-727291 854991
-950169 571215
-1028394 200484
-950058 -200769
-727083 -571465
-393415 -855160
147 -1008663
393687 -1008605
727291 -854995
950170 -571219
1028393 -200479
950057 200775
727085 571463
393417 855159
-146 1008664
-393687 1008607
-727292 854997
-950172 571220
-1028395 200479
-950059 -200775
-727087 -571464
-393418 -855161
146 -1008666
393687 -1008609
727292 -854999
950173 -571222
1028398 -200481
950063 200774
727091 571464
393422 855162
-143 1008669
-393685 1008606
-727290 854997
-950171 571221
-1028396 200481
-950061 -200773
-727089 -571462
-393421 -855159
142 -1008665
393684 -1008610
727291 -855001
950173 -571224
1028398 -200483
950063 200772
727091 571462
393422 855160
-143 1008667
-393685 1008604
-727289 854995
-950168 571219
-1028392 200480
-950052 -200780
-727082 -571467
-393422 -855155
139 -1008661
393679 -1008607
727285 -855001
950168 -571228
1028395 -200489
950057 200773
727088 571462
393428 855153
-134 1008662
-393676 1008610
-727284 855005
-950169 571232
-1028398 200493
-950061 -200770
-727092 -571461
-393432 -855153
130 -1008663
393673 -1008612
727282 -855007
950167 -571234
1028396 -200495
950060 200768
727093 571459
393434 855152
-128 1008663
-393669 1008605
-727275 855002
-950159 571232
-1028389 200497
-950055 -200762
-727091 -571450
-393435 -855142
125 -1008654
393666 -1008606
727274 -855005
950160 -571236
1028392 -200501
950059 200759
727087 571455
393431 855147
-120 1008652
-393660 1008605
-727269 855006
-950157 571238
-1028390 200503
-950058 -200757
-727087 -571453
-393432 -855145
118 -1008651
393658 -1008605
727267 -855006
950155 -571239
1028389 -200505
950058 200755
727088 571451
393434 855143
-116 1008649
-393656 1008604
-727265 855007
-950153 571241
-1028387 200508
-950057 -200750
-727089 -571445
-393437 -855138
111 -1008646
393650 -1008603
727259 -855008
950148 -571244
1028385 -200513
950059 200744
727093 571440
393441 855135
-107 1008645
-393646 1008603
-727256 855009
-950147 571247
-1028385 200517
-950059 -200740
-727094 -571436
-393435 -855135
113 -1008645
393643 -1008600
727252 -855008
950143 -571247
1028381 -200517
950055 200740
727091 571435
393433 855133
-114 1008642
-393643 1008596
-727251 855004
-950140 571244
-1028377 200516
-950052 -200739
-727089 -571433
-393432 -855131
113 -1008640
393640 -1008594
727247 -855002
950136 -571243
1028374 -200517
950051 200736
727090 571429
393435 855127
-109 1008637
-393636 1008593
-727243 855003
-950133 571245
-1028372 200519
-950049 -200734
-727089 -571426
-393435 -855123
108 -1008633
393633 -1008589
727239 -855000
950129 -571244
1028369 -200520
950047 200732
727087 571424
393434 855121
-116 1008632
-393642 1008588
-727240 854997
-950128 571240
-1028366 200517
-950043 -200733
-727083 -571423
-393431 -855118
118 -1008628
393643 -1008583
727239 -854991
950125 -571235
1028361 -200513
950037 200736
727077 571424
393425 855117
-123 1008625
-393646 1008579
-727240 854987
-950125 571231
-1028361 200509
-950036 -200740
-727075 -571428
-393423 -855120
125 -1008627
393648 -1008580
727242 -854987
950126 -571230
1028360 -200507
950034 200741
727073 571427
393421 855118
-126 1008624
-393647 1008576
-727239 854983
-950122 571227
-1028356 200506
-950030 -200741
-727069 -571427
-393417 -855117
130 -1008621
393657 -1008570
727248 -854976
950123 -571221
1028355 -200500
950027 200746
727065 571430
393413 855118
-134 1008621
-393660 1008569
-727250 854974
-950124 571218
-1028354 200496
-950025 -200750
-727062 -571433
-393409 -855120
138 -1008622
393664 -1008568
727253 -854971
950125 -571214
1028353 -200492
950022 200753
727058 571435
393405 855121
-141 1008621
-393666 1008566
-727255 854969
-950126 571211
-1028353 200488
-950021 -200757
-727055 -571438
-393401 -855122
145 -1008620
393669 -1008563
727255 -854964
950123 -571206
1028348 -200485
950015 200758
727050 571437
393398 855119
-146 1008616
-393668 1008559
-727257 854956
-950126 571199
-1028348 200483
-950015 -200760
-727049 -571439
-393395 -855121
150 -1008617
393672 -1008558
727260 -854954
950128 -571197
1028349 -200480
950014 200764
727047 571443
393393 855124
-152 1008619
-393674 1008560
-727262 854955
-950129 571196
-1028349 200478
-950014 -200766
-727046 -571445
-393391 -855126
154 -1008620
393676 -1008560
727264 -854955
950131 -571196
1028351 -200478
950015 200767
727046 571447
393390 855128
-157 1008622
-393680 1008561
-727268 854954
-950134 571193
-1028352 200474
-950015 -200771
-727045 -571451
-393387 -855132
161 -1008625
393684 -1008562
727272 -854953
950138 -571184
1028356 -200465
950018 200773
727047 571453
393389 855134
-160 1008627
-393684 1008564
-727272 854955
-950139 571186
-1028358 200466
-950020 -200774
-727048 -571455
-393389 -855136
160 -1008629
393685 -1008566
727274 -854957
950141 -571188
1028360 -200468
950022 200772
727050 571454
393391 855136
-158 1008630
-393683 1008568
-727273 854959
-950142 571190
-1028362 200470
-950024 -200771
-727052 -571454
-393392 -855137
159 -1008632
393686 -1008570
727277 -854961
950146 -571191
1028366 -200469
950028 200773
727056 571457
393395 855142
-158 1008638
-393687 1008576
-727280 854966
-950150 571194
-1028367 200462
-950029 -200781
-727059 -571458
-393397 -855144
157 -1008641
393688 -1008580
727283 -854970
950154 -571197
1028371 -200463
950033 200782
727062 571461
393398 855148
-157 1008645
-393688 1008584
-727284 854974
-950157 571201
-1028376 200467
-950039 -200779
-727068 -571460
-393403 -855150
154 -1008649
393687 -1008588
727284 -854978
950158 -571205
1028378 -200470
950041 200777
727071 571458
393407 855148
-150 1008648
-393684 1008589
-727283 854980
-950158 571207
-1028378 200472
-950036 -200783
-727067 -571463
-393410 -855145
146 -1008647
393680 -1008590
727279 -854983
950155 -571212
1028378 -200479
950039 200776
727072 571458
393416 855142
-140 1008646
-393674 1008591
-727274 854986
-950152 571216
-1028377 200483
-950040 -200772
-727074 -571455
-393419 -855140
136 -1008645
393671 -1008592
727273 -854988
950153 -571218
1028379 -200485
950042 200770
727077 571453
393423 855139
-133 1008646
-393669 1008594
-727271 854991
-950152 571223
-1028380 200491
-950045 -200764
-727082 -571448
-393429 -855136
127 -1008645
393664 -1008596
727269 -854996
950153 -571229
1028383 -200496
950049 200761
727078 571453
393425 855141
-123 1008644
-393660 1008596
-727265 854996
-950149 571230
-1028380 200499
-950048 -200757
-727078 -571449
-393426 -855137
120 -1008640
393655 -1008593
727259 -854996
950144 -571233
1028377 -200504
950048 200750
727081 571442
393430 855132
-115 1008637
-393649 1008592
-727253 854997
-950139 571236
-1028374 200509
-950047 -200744
-727083 -571436
-393435 -855127
109 -1008634
393643 -1008591
727248 -854998
950136 -571239
1028373 -200513
950048 200740
727085 571432
393438 855123
-105 1008631
-393639 1008590
-727244 854999
-950132 571241
-1028370 200516
-950047 -200736
-727086 -571428
-393431 -855124
112 -1008632
393637 -1008587
727242 -854997
950130 -571240
1028368 -200516
950045 200735
727085 571426
393432 855122
-110 1008631
-393635 1008587
-727240 854997
-950128 571240
-1028366 200517
-950043 -200733
-727083 -571423
-393431 -855118
109 -1008627
393632 -1008583
727235 -854994
950122 -571239
1028361 -200518
950040 200730
727082 571419
393431 855114
-108 1008623
-393630 1008580
-727233 854993
-950120 571240
-1028359 200520
-950039 -200728
-727083 -571417
-393434 -855112
104 -1008621
393626 -1008579
727229 -854993
950117 -571241
1028357 -200522
950037 200725
727082 571412
393435 855106
-110 1008617
-393631 1008575
-727225 854988
-950112 571237
-1028351 200520
-950032 -200724
-727078 -571410
-393432 -855103
111 -1008613
393631 -1008571
727224 -854984
950110 -571234
1028349 -200518
950029 200726
727074 571411
393428 855103
-114 1008612
-393632 1008569
-727223 854982
-950107 571232
-1028345 200517
-950026 -200725
-727073 -571409
-393428 -855101
114 -1008610
393632 -1008567
727223 -854980
950107 -571230
1028345 -200515
950025 200727
727071 571410
393426 855100
-116 1008608
-393633 1008565
-727223 854978
-950107 571228
-1028344 200513
-950023 -200729
-727068 -571412
-393422 -855101
119 -1008607
393642 -1008561
727233 -854974
950110 -571225
1028345 -200508
950022 200735
727065 571417
393418 855105
-124 1008610
-393648 1008562
-727238 854972
-950113 571221
-1028346 200504
-950021 -200739
-727063 -571421
-393415 -855108
128 -1008611
393651 -1008561
727239 -854970
950113 -571219
1028346 -200502
950021 200741
727062 571423
393413 855110
-130 1008613
-393653 1008562
-727241 854970
-950114 571218
-1028345 200500
-950019 -200742
-727060 -571423
-393411 -855110
132 -1008613
393655 -1008562
727243 -854969
950116 -571216
1028347 -200498
950020 200745
727059 571427
393408 855113
-136 1008614
-393659 1008561
-727250 854962
-950122 571208
-1028348 200493
-950019 -200751
-727057 -571432
-393406 -855117
138 -1008617
393661 -1008563
727253 -854964
950126 -571210
1028352 -200494
950023 200751
727060 571433
393407 855119
-139 1008619
-393663 1008564
-727254 854963
-950126 571208
-1028351 200492
-950020 -200753
-727056 -571434
-393404 -855118
140 -1008617
393663 -1008562
727254 -854961
950126 -571206
1028351 -200490
950020 200755
727056 571436
393403 855120
-143 1008619
-393667 1008564
-727258 854962
-950129 571205
-1028353 200488
-950021 -200757
-727055 -571438
-393401 -855122
145 -1008620
393669 -1008563
727260 -854960
950131 -571196
1028355 -200480
950023 200758
727057 571441
393402 855126
-146 1008624
-393672 1008567
-727264 854963
-950135 571197
-1028358 200479
-950025 -200760
-727058 -571443
-393402 -855128
146 -1008626
393672 -1008569
727264 -854965
950135 -571199
1028359 -200481
950027 200759
727060 571443
393403 855129
-146 1008628
-393672 1008571
-727265 854967
-950138 571201
-1028363 200482
-950031 -200759
-727064 -571444
-393407 -855132
144 -1008633
393674 -1008577
727270 -854972
950144 -571204
1028369 -200483
950036 200761
727067 571449
393407 855138
-147 1008639
-393678 1008582
-727274 854976
-950149 571207
-1028372 200476
-950039 -200769
-727072 -571450
-393411 -855141
143 -1008643
393676 -1008587
727275 -854982
950151 -571212
1028374 -200479
950041 200767
727075 571448
393415 855139
-139 1008642
-393672 1008588
-727272 854984
-950150 571215
-1028375 200483
-950044 -200763
-727079 -571445
-393419 -855138
136 -1008643
393670 -1008590
727271 -854987
950151 -571219
1028378 -200487
950049 200760
727085 571444
393425 855139
-131 1008646
-393667 1008595
-727270 854993
-950152 571225
-1028381 200493
-950053 -200755
-727089 -571441
-393429 -855138
127 -1008647
393664 -1008598
727269 -854998
950153 -571231
1028383 -200498
950050 200759
727088 571445
393435 855135
-121 1008646
-393659 1008599
-727265 855000
-950150 571234
-1028383 200503
-950053 -200754
-727092 -571442
-393439 -855134
117 -1008647
393655 -1008602
727263 -855005
950151 -571240
1028385 -200508
950055 200750
727095 571438
393443 855131
-113 1008646
-393651 1008602
-727259 855006
-950148 571242
-1028384 200511
-950056 -200746
-727097 -571435
-393446 -855129
109 -1008644
393647 -1008601
727255 -855007
950144 -571245
1028381 -200515
950055 200742
727098 571431
393448 855126
-107 1008643
-393645 1008601
-727253 855007
-950142 571245
-1028379 200516
-950054 -200739
-727091 -571433
-393443 -855127
102 -1008638
393639 -1008599
727248 -855008
950139 -571248
1028378 -200520
950055 200735
727093 571430
393445 855125
-100 1008636
-393637 1008597
-727246 855007
-950138 571249
-1028379 200522
-950057 -200734
-727095 -571430
-393447 -855125
98 -1008636
393635 -1008597
727244 -855007
950136 -571249
1028377 -200523
950055 200731
727094 571426
393448 855121
-95 1008633
-393631 1008596
-727240 855008
-950132 571252
-1028374 200527
-950054 -200727
-727095 -571422
-393450 -855118
93 -1008631
393629 -1008595
727238 -855008
950130 -571252
1028372 -200528
950053 200724
727096 571418
393444 855119
-99 1008633
-393627 1008593
-727236 855007
-950129 571253
-1028372 200530
-950053 -200722
-727096 -571416
-393444 -855117
98 -1008631
393624 -1008591
727232 -855005
950124 -571251
1028366 -200529
950048 200721
727093 571413
393443 855112
-97 1008625
-393621 1008586
-727227 855002
-950119 571251
-1028363 200532
-950046 -200717
-727092 -571408
-393444 -855106
94 -1008619
393617 -1008581
727223 -854999
950114 -571249
1028357 -200531
950041 200716
727089 571406
393443 855104
-94 1008617
-393616 1008579
-727221 854997
-950112 571248
-1028355 200531
-950039 -200715
-727087 -571403
-393442 -855099
101 -1008613
393622 -1008575
727218 -854992
950108 -571244
1028351 -200528
950035 200717
727083 571404
393438 855099
-105 1008612
-393625 1008573
-727219 854989
-950107 571240
-1028348 200524
-950030 -200720
-727077 -571405
-393433 -855097
108 -1008607
393626 -1008566
727217 -854981
950102 -571233
1028342 -200520
950024 200721
727072 571404
393429 855095
-111 1008604
-393627 1008562
-727217 854977
-950101 571229
-1028339 200516
-950020 -200724
-727068 -571405
-393426 -855094
112 -1008602
393627 -1008560
727216 -854975
950099 -571228
1028337 -200516
950018 200723
727066 571403
393424 855091
-114 1008598
-393634 1008554
-727222 854970
-950099 571226
-1028337 200514
-950018 -200725
-727066 -571405
-393424 -855093
114 -1008600
393635 -1008556
727224 -854971
950100 -571225
1028336 -200512
950016 200727
727063 571407
393420 855095
-118 1008601
-393638 1008555
-727226 854969
-950102 571223
-1028338 200510
-950017 -200729
-727063 -571409
-393419 -855097
120 -1008603
393641 -1008557
727230 -854970
950105 -571222
1028339 -200508
950017 200731
727063 571411
393419 855099
-121 1008605
-393643 1008558
-727236 854965
-950112 571217
-1028343 200507
-950020 -200734
-727064 -571415
-393418 -855103
123 -1008608
393645 -1008560
727238 -854967
950114 -571218
1028345 -200506
950021 200737
727063 571419
393416 855106
-126 1008610
-393649 1008561
-727242 854966
-950118 571216
-1028348 200504
-950023 -200739
-727065 -571421
-393417 -855109
126 -1008614
393650 -1008565
727244 -854970
950120 -571219
1028350 -200505
950025 200739
727066 571422
393416 855111
-128 1008615
-393652 1008565
-727246 854969
-950122 571217
-1028352 200503
-950026 -200742
-727065 -571426
-393414 -855114
131 -1008617
393656 -1008566
727250 -854968
950125 -571207
1028353 -200492
950025 200746
727063 571429
393412 855116
-133 1008619
-393658 1008568
-727252 854970
-950128 571209
-1028357 200494
-950029 -200745
-727067 -571430
-393415 -855119
132 -1008623
393659 -1008572
727255 -854974
950132 -571212
1028361 -200495
950033 200745
727070 571431
393417 855121
-130 1008625
-393658 1008574
-727255 854976
-950133 571214
-1028363 200496
-950035 -200746
-727072 -571433
-393418 -855123
131 -1008627
393660 -1008576
727257 -854977
950135 -571214
1028365 -200496
950037 200746
727073 571434
393418 855125
-131 1008629
-393660 1008578
-727257 854979
-950135 571216
-1028363 200490
-950036 -200752
-727076 -571432
-393422 -855124
128 -1008630
393659 -1008580
727258 -854981
950137 -571217
1028365 -200490
950038 200752
727078 571432
393423 855125
-128 1008632
-393659 1008582
-727258 854983
-950137 571219
-1028365 200492
-950039 -200750
-727080 -571431
-393425 -855125
126 -1008633
393658 -1008584
727259 -854985
950140 -571221
1028369 -200493
950042 200751
727081 571433
393425 855127
-127 1008635
-393660 1008586
-727261 854987
-950142 571223
-1028371 200495
-950045 -200749
-727085 -571432
-393429 -855128
123 -1008637
393657 -1008589
727260 -854991
950143 -571227
1028374 -200498
950043 200756
727083 571440
393432 855129
-122 1008640
-393657 1008593
-727261 854995
-950145 571230
-1028376 200500
-950045 -200754
-727085 -571438
-393435 -855127
117 -1008638
393651 -1008592
727255 -854996
950140 -571233
1028373 -200505
950044 200748
727087 571432
393439 855122
-113 1008635
-393647 1008591
-727251 854997
-950137 571236
-1028372 200509
-950045 -200744
-727089 -571429
-393442 -855120
109 -1008634
393643 -1008591
727248 -854998
950136 -571239
1028373 -200513
950048 200740
727094 571425
393448 855117
-103 1008633
-393638 1008593
-727245 855003
-950135 571245
-1028374 200519
-950051 -200734
-727090 -571427
-393444 -855121
99 -1008632
393634 -1008593
727241 -855003
950131 -571246
1028371 -200522
950050 200730
727091 571423
393447 855117
-95 1008629
-393630 1008592
-727237 855004
-950128 571249
-1028370 200526
-950051 -200726
-727094 -571419
-393451 -855114
91 -1008628
393627 -1008593
727236 -855007
950129 -571253
1028372 -200530
950053 200722
727096 571416
393453 855112
-88 1008626
-393623 1008592
-727232 855007
-950125 571253
-1028369 200531
-950052 -200720
-727097 -571414
-393455 -855111
86 -1008626
393621 -1008592
727231 -855008
950125 -571255
1028369 -200533
950052 200718
727097 571412
393447 855113
-94 1008628
-393620 1008590
-727228 855006
-950121 571254
-1028365 200533
-950048 -200717
-727094 -571409
-393446 -855109
93 -1008624
393618 -1008587
727226 -855005
950120 -571255
1028366 -200535
950050 200716
727096 571409
393448 855109
-91 1008624
-393616 1008587
-727224 855005
-950118 571255
-1028364 200536
-950049 -200713
-727097 -571405
-393450 -855105
88 -1008620
393611 -1008584
727218 -855004
950112 -571256
1028359 -200539
950046 200709
727095 571401
393449 855101
-88 1008616
-393611 1008580
-727217 855000
-950109 571252
-1028354 200536
-950040 -200709
-727090 -571398
-393446 -855096
97 -1008612
393618 -1008576
727215 -854995
950107 -571249
1028352 -200534
950038 200711
727088 571399
393444 855096
-99 1008611
-393620 1008574
-727216 854992
-950106 571245
-1028349 200530
-950034 -200714
-727084 -571400
-393441 -855095
100 -1008609
393619 -1008572
727214 -854991
950104 -571245
1028348 -200531
950034 200712
727084 571398
393441 855093
-100 1008607
-393619 1008570
-727213 854989
-950102 571244
-1028346 200531
-950032 -200712
-727082 -571398
-393439 -855093
102 -1008606
393620 -1008567
727213 -854985
950101 -571240
1028343 -200528
950028 200713
727079 571397
393438 855090
-101 1008602
-393624 1008562
-727217 854981
-950099 571238
-1028341 200526
-950026 -200715
-727076 -571399
-393434 -855091
105 -1008602
393628 -1008561
727220 -854978
950100 -571234
1028340 -200522
950023 200718
727072 571400
393430 855091
-108 1008601
-393630 1008559
-727221 854976
-950100 571232
-1028340 200520
-950023 -200720
-727072 -571402
-393430 -855093
109 -1008603
393632 -1008561
727224 -854978
950104 -571233
1028343 -200519
950024 200723
727071 571406
393427 855096
-113 1008604
-393636 1008560
-727227 854975
-950105 571228
-1028342 200513
-950021 -200728
-727067 -571409
-393423 -855097
116 -1008603
393637 -1008557
727230 -854966
950107 -571220
1028340 -200512
950019 200728
727065 571409
393421 855097
-118 1008603
-393639 1008557
-727232 854966
-950109 571220
-1028342 200511
-950021 -200730
-727067 -571411
-393423 -855099
117 -1008605
393639 -1008559
727232 -854968
950109 -571222
1028342 -200513
950021 200728
727067 571409
393423 855097
-116 1008603
-393637 1008557
-727230 854966
-950107 571220
-1028340 200512
-950019 -200728
-727065 -571409
-393421 -855097
118 -1008603
393639 -1008557
727232 -854966
950109 -571220
1028342 -200511
950021 200730
727067 571411
393423 855099
-117 1008605
-393639 1008559
-727232 854968
-950110 571215
-1028345 200507
-950025 -200727
-727071 -571410
-393426 -855100
116 -1008608
393640 -1008563
727235 -854971
950114 -571216
1028348 -200506
950027 200729
727072 571413
393426 855104
-116 1008612
-393641 1008567
-727237 854975
-950117 571220
-1028353 200509
-950033 -200729
-727077 -571416
-393428 -855109
118 -1008618
393646 -1008572
727244 -854978
950124 -571220
1028358 -200506
950036 200733
727078 571420
393428 855113
-118 1008622
-393646 1008576
-727245 854982
-950127 571224
-1028362 200509
-950040 -200732
-727082 -571421
-393431 -855116
117 -1008626
393647 -1008580
727247 -854986
950129 -571227
1028361 -200503
950039 200738
727084 571419
393433 855114
-115 1008624
-393645 1008579
-727245 854986
-950128 571228
-1028362 200505
-950042 -200736
-727088 -571418
-393437 -855115
112 -1008627
393644 -1008583
727246 -854990
950130 -571231
1028364 -200507
950044 200734
727091 571416
393441 855114
-108 1008628
-393641 1008586
-727245 854994
-950131 571235
-1028367 200510
-950048 -200733
-727094 -571417
-393443 -855116
106 -1008630
393639 -1008588
727244 -854997
950132 -571239
1028369 -200514
950051 200729
727099 571414
393449 855115
-101 1008632
-393636 1008593
-727243 855003
-950133 571245
-1028372 200519
-950049 -200734
-727097 -571420
-393453 -855114
97 -1008632
393633 -1008594
727241 -855005
950132 -571248
1028373 -200523
950052 200730
727101 571417
393457 855113
-93 1008633
-393629 1008597
-727239 855010
-950133 571254
-1028376 200529
-950057 -200725
-727107 -571414
-393463 -855112
88 -1008634
393626 -1008599
727237 -855013
950132 -571258
1028377 -200533
950059 200722
727110 571412
393467 855111
-84 1008635
-393623 1008602
-727236 855017
-950132 571262
-1028378 200537
-950062 -200718
-727114 -571409
-393471 -855110
81 -1008636
393621 -1008605
727235 -855021
950133 -571266
1028380 -200541
950064 200714
727109 571412
393467 855113
-76 1008633
-393615 1008604
-727230 855023
-950130 571271
-1028380 200547
-950067 -200709
-727113 -571409
-393471 -855112
72 -1008633
393611 -1008604
727226 -855023
950127 -571272
1028378 -200549
950066 200706
727114 571405
393473 855108
-70 1008630
-393609 1008603
-727224 855024
-950125 571274
-1028377 200552
-950067 -200702
-727117 -571401
-393478 -855105
64 -1008629
393604 -1008604
727221 -855027
950124 -571279
1028378 -200558
950070 200697
727121 571398
393482 855104
-60 1008630
-393601 1008607
-727220 855031
-950125 571283
-1028380 200561
-950072 -200695
-727123 -571396
-393475 -855106
67 -1008631
393598 -1008603
727215 -855028
950119 -571282
1028375 -200563
950069 200690
727122 571390
393476 855100
-64 1008625
-393593 1008598
-727209 855025
-950113 571281
-1028370 200564
-950066 -200688
-727121 -571387
-393477 -855096
62 -1008622
393591 -1008596
727206 -855023
950109 -571280
1028366 -200564
950062 200687
727118 571385
393476 855094
-62 1008620
-393590 1008594
-727204 855022
-950107 571280
-1028364 200565
-950061 -200684
-727118 -571381
-393476 -855090
69 -1008617
393596 -1008591
727202 -855018
950104 -571276
1028360 -200562
950056 200686
727112 571382
393471 855089
-73 1008615
-393599 1008588
-727203 855014
-950103 571272
-1028357 200558
-950052 -200689
-727108 -571383
-393467 -855088
76 -1008612
393600 -1008584
727202 -855010
950101 -571269
1028354 -200556
950048 200690
727105 571382
393466 855086
-76 1008610
-393600 1008582
-727202 855008
-950101 571267
-1028354 200554
-950048 -200692
-727104 -571384
-393464 -855087
77 -1008609
393600 -1008580
727201 -855006
950098 -571265
1028350 -200553
950044 200691
727101 571381
393462 855083
-78 1008605
-393606 1008574
-727207 855000
-950098 571261
-1028349 200549
-950041 -200695
-727097 -571384
-393458 -855084
82 -1008604
393609 -1008572
727208 -854997
950097 -571257
1028347 -200546
950039 200697
727094 571386
393454 855085
-86 1008604
-393613 1008571
-727212 854995
-950100 571254
-1028348 200541
-950038 -200703
-727091 -571392
-393449 -855091
92 -1008608
393619 -1008572
727217 -854993
950103 -571250
1028349 -200537
950037 200707
727089 571395
393447 855092
-94 1008608
-393620 1008571
-727217 854991
-950103 571248
-1028348 200535
-950035 -200708
-727087 -571395
-393445 -855092
96 -1008608
393622 -1008571
727223 -854987
950110 -571244
1028352 -200534
950038 200711
727088 571399
393444 855096
-99 1008611
-393626 1008572
-727226 854986
-950111 571242
-1028352 200532
-950038 -200713
-727088 -571401
-393444 -855098
99 -1008613
393627 -1008574
727228 -854987
950113 -571242
1028354 -200532
950040 200713
727089 571402
393444 855100
-100 1008615
-393629 1008576
-727231 854989
-950117 571243
-1028357 200531
-950041 -200716
-727089 -571406
-393443 -855104
102 -1008619
393632 -1008579
727235 -854990
950121 -571242
1028360 -200528
950042 200720
727088 571410
393440 855107
-106 1008620
-393636 1008579
-727238 854989
-950123 571233
-1028362 200520
-950044 -200721
-727089 -571412
-393440 -855109
107 -1008622
393638 -1008580
727240 -854989
950125 -571233
1028364 -200519
950045 200723
727089 571414
393440 855111
-107 1008624
-393638 1008582
-727241 854991
-950127 571234
-1028366 200519
-950047 -200723
-727091 -571414
-393441 -855112
108 -1008626
393640 -1008584
727243 -854993
950129 -571236
1028368 -200520
950049 200724
727092 571417
393441 855116
-108 1008630
-393641 1008588
-727245 854996
-950131 571237
-1028370 200520
-950051 -200724
-727094 -571417
-393443 -855116
106 -1008630
393639 -1008588
727244 -854997
950132 -571239
1028369 -200514
950051 200729
727099 571414
393449 855115
-101 1008632
-393636 1008593
-727243 855003
-950133 571245
-1028372 200519
-950055 -200726
-727103 -571413
-393452 -855116
99 -1008634
393635 -1008595
727243 -855005
950133 -571247
1028373 -200521
950057 200725
727105 571413
393454 855117
-98 1008636
-393635 1008597
-727244 855007
-950136 571249
-1028377 200523
-950062 -200723
-727111 -571412
-393459 -855118
95 -1008639
393634 -1008602
727245 -855013
950139 -571255
1028382 -200528
950068 200721
727116 571413
393463 855120
-91 1008642
-393631 1008607
-727244 855019
-950140 571261
-1028384 200533
-950064 -200725
-727113 -571417
-393467 -855117
87 -1008641
393627 -1008607
727240 -855020
950136 -571263
1028381 -200536
950063 200720
727114 571411
393470 855112
-83 1008637
-393623 1008604
-727236 855019
-950133 571264
-1028380 200539
-950064 -200716
-727117 -571407
-393475 -855108
77 -1008635
393617 -1008605
727231 -855022
950130 -571269
1028379 -200545
950065 200710
727119 571402
393477 855105
-74 1008633
-393613 1008604
-727228 855023
-950128 571271
-1028378 200547
-950066 -200708
-727122 -571400
-393481 -855104
71 -1008634
393612 -1008606
727228 -855025
950129 -571273
1028380 -200549
950068 200707
727115 571407
393473 855110
-70 1008632
-393610 1008605
-727226 855025
-950127 571274
-1028378 200551
-950066 -200704
-727114 -571403
-393474 -855106
67 -1008628
393605 -1008602
727220 -855025
950122 -571277
1028376 -200556
950068 200698
727119 571397
393481 855101
-59 1008626
-393598 1008603
-727215 855028
-950119 571282
-1028375 200563
-950069 -200690
-727122 -571390
-393485 -855096
55 -1008623
393594 -1008602
727212 -855029
950117 -571284
1028374 -200565
950070 200688
727125 571388
393489 855095
-51 1008623
-393590 1008603
-727208 855031
-950114 571287
-1028372 200569
-950068 -200684
-727124 -571384
-393481 -855095
58 -1008623
393587 -1008599
727204 -855028
950110 -571286
1028369 -200570
950067 200682
727124 571382
393482 855093
-56 1008621
-393585 1008598
-727202 855028
-950108 571286
-1028367 200570
-950065 -200681
-727123 -571379
-393482 -855089
55 -1008617
393583 -1008594
727199 -855025
950104 -571285
1028363 -200571
950062 200678
727122 571375
393483 855085
-52 1008613
-393578 1008591
-727193 855024
-950099 571286
-1028360 200574
-950061 -200674
-727122 -571371
-393484 -855081
50 -1008610
393576 -1008589
727191 -855022
950096 -571284
1028356 -200573
950057 200673
727119 571368
393483 855077
-58 1008607
-393584 1008586
-727190 855018
-950094 571281
-1028353 200571
-950053 -200675
-727115 -571370
-393479 -855078
62 -1008607
393587 -1008585
727192 -855016
950095 -571278
1028353 -200567
950052 200679
727112 571373
393475 855079
-65 1008606
-393588 1008582
-727191 855012
-950093 571275
-1028351 200566
-950050 -200678
-727111 -571371
-393475 -855077
65 -1008604
393588 -1008580
727190 -855010
950090 -571273
1028346 -200564
950044 200679
727105 571370
393470 855074
-68 1008599
-393589 1008574
-727189 855004
-950087 571268
-1028342 200561
-950040 -200680
-727102 -571369
-393468 -855072
69 -1008597
393595 -1008570
727195 -855000
950087 -571266
1028342 -200559
950040 200682
727101 571371
393466 855073
-71 1008596
-393597 1008568
-727197 854998
-950088 571263
-1028341 200555
-950037 -200686
-727097 -571374
-393462 -855075
75 -1008597
393600 -1008567
727198 -854995
950088 -571259
1028340 -200551
950035 200689
727094 571376
393458 855076
-79 1008597
-393604 1008566
-727202 854993
-950091 571256
-1028341 200547
-950034 -200693
-727092 -571379
-393456 -855077
80 -1008596
393604 -1008564
727201 -854991
950089 -571255
1028339 -200547
950032 200693
727090 571379
393454 855077
-82 1008596
-393606 1008564
-727207 854986
-950095 571249
-1028341 200545
-950034 -200695
-727092 -571381
-393456 -855079
81 -1008598
393606 -1008566
727207 -854988
950096 -571251
1028343 -200546
950035 200696
727091 571383
393453 855081
-85 1008600
-393610 1008567
-727211 854987
-950099 571249
-1028344 200544
-950035 -200698
-727091 -571385
-393453 -855083
86 -1008602
393612 -1008569
727213 -854989
950101 -571250
1028346 -200544
950037 200698
727092 571386
393452 855085
-88 1008603
-393614 1008569
-727215 854988
-950103 571248
-1028348 200541
-950038 -200703
-727091 -571392
-393449 -855091
92 -1008608
393619 -1008572
727221 -854989
950109 -571240
1028353 -200532
950041 200705
727093 571394
393451 855093
-91 1008611
-393620 1008576
-727224 854993
-950113 571243
-1028357 200533
-950045 -200706
-727096 -571397
-393452 -855097
92 -1008615
393622 -1008579
727226 -854994
950115 -571243
1028359 -200533
950046 200707
727096 571399
393452 855099
-92 1008617
-393622 1008581
-727226 854996
-950116 571245
-1028361 200534
-950048 -200707
-727098 -571399
-393453 -855100
93 -1008619
393625 -1008583
727230 -854997
950119 -571244
1028363 -200532
950050 200709
727099 571402
393452 855104
-95 1008622
-393627 1008585
-727233 854999
-950123 571245
-1028363 200523
-950049 -200719
-727101 -571404
-393454 -855106
94 -1008625
393628 -1008589
727235 -855003
950126 -571249
1028368 -200527
950055 200716
727107 571403
393460 855107
-89 1008628
-393625 1008593
-727234 855007
-950127 571253
-1028370 200530
-950057 -200714
-727109 -571402
-393461 -855108
89 -1008630
393625 -1008595
727235 -855009
950129 -571255
1028373 -200532
950061 200713
727113 571402
393465 855108
-85 1008631
-393622 1008598
-727233 855013
-950128 571259
-1028374 200536
-950058 -200717
-727111 -571406
-393470 -855105
79 -1008630
393616 -1008599
727228 -855017
950126 -571266
1028375 -200544
950061 200710
727116 571401
393476 855102
-73 1008629
-393611 1008600
-727225 855019
-950124 571268
-1028374 200546
-950062 -200708
-727118 -571399
-393478 -855101
71 -1008629
393609 -1008601
727224 -855022
950125 -571272
1028376 -200550
950064 200704
727121 571396
393482 855100
-68 1008630
-393607 1008603
-727222 855024
-950123 571275
-1028375 200554
-950065 -200700
-727123 -571392
-393485 -855096
63 -1008627
393601 -1008602
727216 -855025
950118 -571278
1028372 -200559
950064 200694
727116 571393
393479 855097
-60 1008621
-393597 1008597
-727212 855022
-950114 571276
-1028368 200558
-950061 -200693
-727115 -571390
-393480 -855093
58 -1008618
393595 -1008596
727210 -855023
950113 -571279
1028369 -200562
950064 200689
727119 571387
393484 855092
-54 1008619
-393591 1008598
-727207 855025
-950111 571281
-1028368 200564
-950064 -200687
-727120 -571385
-393487 -855090
50 -1008617
393587 -1008597
727203 -855026
950108 -571284
1028366 -200568
950063 200683
727120 571381
393487 855086
-49 1008613
-393585 1008594
-727201 855024
-950105 571282
-1028362 200567
-950059 -200682
-727117 -571378
-393477 -855086
58 -1008612
393583 -1008588
727196 -855019
950099 -571280
1028357 -200568
950056 200679
727116 571374
393478 855082
-56 1008609
-393581 1008586
-727194 855018
-950097 571280
-1028355 200569
-950054 -200677
-727114 -571372
-393476 -855080
57 -1008606
393580 -1008582
727191 -855014
950093 -571277
1028351 -200568
950051 200676
727113 571369
393477 855076
-54 1008603
-393576 1008581
-727188 855015
-950091 571279
-1028349 200570
-950049 -200674
-727112 -571367
-393478 -855074
52 -1008601
393574 -1008579
727185 -855013
950087 -571278
1028346 -200571
950048 200671
727112 571363
393478 855070
-60 1008599
-393582 1008578
-727185 855011
-950087 571276
-1028345 200569
-950045 -200673
-727108 -571364
-393475 -855069
61 -1008596
393581 -1008574
727182 -855008
950083 -571275
1028342 -200570
950044 200671
727109 571362
393477 855067
-59 1008595
-393579 1008574
-727180 855008
-950081 571275
-1028340 200570
-950042 -200670
-727107 -571360
-393475 -855065
60 -1008592
393579 -1008570
727180 -855004
950080 -571271
1028337 -200566
950038 200673
727103 571361
393472 855064
-62 1008590
-393580 1008568
-727179 855002
-950078 571269
-1028335 200565
-950036 -200673
-727101 -571360
-393470 -855062
63 -1008587
393586 -1008562
727185 -854996
950077 -571265
1028332 -200561
950031 200676
727095 571361
393465 855061
-67 1008585
-393589 1008559
-727186 854992
-950076 571261
-1028330 200557
-950029 -200680
-727093 -571365
-393462 -855064
71 -1008586
393593 -1008558
727189 -854989
950078 -571257
1028331 -200553
950028 200684
727090 571368
393458 855065
-74 1008585
-393594 1008556
-727189 854987
-950077 571255
-1028328 200551
-950024 -200685
-727086 -571368
-393454 -855065
78 -1008584
393598 -1008553
727192 -854982
950078 -571249
1028327 -200545
950021 200691
727082 571373
393450 855068
-82 1008586
-393602 1008554
-727199 854977
-950085 571243
-1028331 200543
-950024 -200693
-727083 -571375
-393449 -855070
84 -1008587
393604 -1008554
727201 -854977
950087 -571243
1028332 -200542
950024 200695
727083 571377
393449 855072
-85 1008589
-393606 1008556
-727203 854978
-950089 571243
-1028334 200542
-950026 -200696
-727084 -571380
-393448 -855076
88 -1008593
393610 -1008559
727207 -854979
950092 -571242
1028336 -200540
950027 200698
727084 571382
393448 855078
-88 1008595
-393611 1008561
-727210 854981
-950096 571243
-1028340 200539
-950030 -200701
-727085 -571386
-393447 -855082
90 -1008598
393613 -1008563
727212 -854983
950099 -571238
1028344 -200534
950034 200700
727088 571387
393449 855084
-89 1008601
-393614 1008567
-727215 854986
-950103 571239
-1028348 200533
-950038 -200703
-727091 -571392
-393449 -855091
92 -1008608
393619 -1008572
727221 -854989
950109 -571240
1028353 -200532
950041 200705
727093 571394
393451 855093
-91 1008611
-393620 1008576
-727224 854993
-950113 571243
-1028357 200533
-950045 -200706
-727096 -571397
-393452 -855097
92 -1008615
393622 -1008579
727226 -854994
950115 -571243
1028359 -200533
950046 200707
727096 571399
393452 855099
-92 1008617
-393622 1008581
-727226 854996
-950116 571245
-1028358 200526
-950046 -200714
-727100 -571398
-393455 -855100
91 -1008619
393623 -1008583
727229 -854998
950120 -571246
1028362 -200526
950049 200715
727101 571400
393455 855102
-91 1008621
-393623 1008585
-727229 855000
-950120 571248
-1028362 200528
-950050 -200713
-727104 -571398
-393459 -855101
88 -1008622
393622 -1008588
727230 -855004
950123 -571252
1028367 -200531
950056 200712
727109 571400
393462 855106
-87 1008628
-393623 1008594
-727233 855009
-950127 571255
-1028371 200532
-950059 -200713
-727111 -571402
-393463 -855108
87 -1008630
393623 -1008596
727233 -855011
950128 -571257
1028373 -200534
950056 200719
727109 571408
393467 855107
-83 1008631
-393620 1008599
-727232 855016
-950129 571263
-1028376 200539
-950060 -200716
-727113 -571406
-393471 -855106
80 -1008632
393619 -1008601
727232 -855018
950129 -571265
1028376 -200541
950060 200714
727113 571404
393472 855104
-77 1008630
-393615 1008600
-727229 855019
-950128 571267
-1028377 200543
-950063 -200712
-727117 -571403
-393476 -855104
74 -1008631
393613 -1008602
727227 -855021
950126 -571270
1028376 -200548
950064 200706
727120 571398
393480 855101
-70 1008630
-393609 1008603
-727224 855024
-950125 571274
-1028377 200552
-950067 -200702
-727117 -571401
-393478 -855105
64 -1008629
393604 -1008604
727221 -855027
950124 -571279
1028378 -200558
950070 200697
727121 571398
393482 855104
-60 1008630
-393601 1008607
-727220 855031
-950125 571283
-1028380 200561
-950072 -200695
-727123 -571396
-393484 -855102
58 -1008628
393598 -1008605
727216 -855030
950121 -571283
1028377 -200562
950070 200693
727122 571394
393485 855100
-56 1008627
-393597 1008606
-727216 855032
-950121 571285
-1028377 200564
-950071 -200691
-727124 -571392
-393487 -855098
53 -1008625
393592 -1008604
727210 -855031
950116 -571286
1028374 -200567
950070 200686
727125 571386
393481 855097
-59 1008625
-393590 1008601
-727208 855029
-950114 571285
-1028372 200567
-950068 -200686
-727123 -571386
-393479 -855097
60 -1008624
393589 -1008599
727206 -855028
950112 -571285
1028370 -200568
950066 200684
727122 571383
393480 855093
-58 1008621
-393587 1008597
-727203 855026
-950108 571284
-1028366 200568
-950063 -200683
-727120 -571381
-393478 -855090
59 -1008616
393586 -1008591
727200 -855020
950103 -571279
1028360 -200566
950057 200682
727115 571378
393475 855086
-60 1008612
-393585 1008587
-727198 855017
-950101 571277
-1028358 200564
-950055 -200683
-727113 -571378
-393474 -855085
68 -1008611
393593 -1008586
727197 -855015
950099 -571276
1028356 -200564
950053 200683
727112 571377
393474 855083
-68 1008609
-393593 1008584
-727197 855013
-950098 571274
-1028354 200563
-950051 -200683
-727110 -571377
-393472 -855083
70 -1008609
393594 -1008583
727196 -855011
950096 -571272
1028352 -200561
950049 200684
727108 571376
393471 855080
-69 1008605
-393592 1008580
-727194 855009
-950093 571270
-1028348 200560
-950045 -200683
-727104 -571374
-393467 -855078
72 -1008602
393593 -1008575
727193 -855003
950091 -571265
1028345 -200556
950041 200687
727100 571377
393463 855079
-76 1008601
-393603 1008571
-727203 854999
-950094 571262
-1028346 200552
-950040 -200691
-727098 -571380
-393461 -855081
78 -1008603
393605 -1008572
727204 -854998
950094 -571260
1028346 -200550
950040 200693
727097 571382
393459 855082
-80 1008603
-393607 1008572
-727206 854998
-950096 571260
-1028348 200550
-950042 -200693
-727099 -571383
-393460 -855085
81 -1008607
393610 -1008576
727211 -855001
950101 -571260
1028351 -200547
950043 200697
727098 571387
393458 855088
-83 1008608
-393612 1008575
-727212 854999
-950101 571258
-1028350 200545
-950040 -200699
-727094 -571388
-393454 -855087
86 -1008606
393613 -1008573
727216 -854992
950106 -571252
1028352 -200544
950042 200701
727096 571390
393455 855090
-87 1008610
-393616 1008577
-727220 854995
-950110 571253
-1028356 200544
-950046 -200702
-727099 -571393
-393456 -855094
88 -1008614
393618 -1008580
727223 -854997
950114 -571254
1028360 -200543
950049 200705
727100 571398
393455 855100
-91 1008619
-393623 1008583
-727229 854998
-950119 571253
-1028363 200540
-950050 -200709
-727099 -571402
-393452 -855104
95 -1008622
393627 -1008585
727233 -854999
950123 -571245
1028366 -200531
950051 200712
727098 571406
393450 855107
-98 1008624
-393631 1008586
-727236 854998
-950125 571243
-1028368 200529
-950053 -200714
-727100 -571408
-393451 -855110
98 -1008628
393632 -1008590
727239 -855002
950129 -571246
1028372 -200530
950056 200715
727101 571410
393451 855112
-99 1008630
-393634 1008591
-727241 855001
-950131 571244
-1028374 200528
-950058 -200717
-727103 -571413
-393452 -855116
99 -1008634
393635 -1008595
727243 -855005
950133 -571247
1028376 -200529
950060 200718
727104 571415
393452 855118
-100 1008636
-393637 1008597
-727246 855007
-950138 571249
-1028379 200522
-950063 -200726
-727110 -571416
-393457 -855121
97 -1008641
393636 -1008603
727247 -855013
950140 -571254
1028381 -200526
950066 200722
727114 571413
393461 855120
-93 1008642
-393633 1008606
-727246 855017
-950141 571258
-1028384 200529
-950070 -200721
-727118 -571414
-393464 -855123
92 -1008646
393634 -1008610
727248 -855021
950144 -571262
1028388 -200533
950074 200718
727122 571413
393468 855124
-89 1008649
-393633 1008615
-727250 855027
-950149 571267
-1028394 200535
-950080 -200719
-727127 -571416
-393471 -855128
88 -1008653
393634 -1008619
727252 -855030
950151 -571269
1028397 -200537
950077 200726
727123 571423
393473 855127
-86 1008653
-393632 1008619
-727250 855031
-950150 571271
-1028397 200539
-950078 -200724
-727125 -571422
-393475 -855127
84 -1008654
393630 -1008621
727249 -855033
950150 -571273
1028398 -200541
950080 200722
727127 571420
393477 855126
-82 1008654
-393627 1008614
-727244 855028
-950144 571270
-1028392 200540
-950075 -200721
-727124 -571417
-393476 -855121
81 -1008648
393625 -1008616
727242 -855030
950142 -571273
1028391 -200545
950076 200715
727127 571412
393481 855118
-75 1008647
-393620 1008617
-727239 855033
-950141 571277
-1028392 200549
-950078 -200711
-727121 -571415
-393475 -855121
73 -1008644
393618 -1008616
727237 -855033
950139 -571277
1028390 -200549
950076 200711
727120 571414
393475 855119
-72 1008642
-393615 1008614
-727233 855032
-950135 571278
-1028386 200552
-950074 -200706
-727121 -571408
-393478 -855113
67 -1008637
393609 -1008611
727227 -855031
950130 -571279
1028383 -200555
950072 200702
727120 571404
393479 855109
-65 1008633
-393607 1008608
-727225 855030
-950128 571280
-1028382 200557
-950073 -200700
-727122 -571402
-393481 -855108
63 -1008633
393605 -1008608
727223 -855030
950126 -571280
1028380 -200557
950071 200699
727121 571400
393473 855110
-70 1008635
-393602 1008606
-727219 855029
-950123 571281
-1028378 200560
-950070 -200695
-727121 -571396
-393473 -855106
69 -1008631
393600 -1008603
727217 -855027
950120 -571279
1028374 -200559
950066 200694
727118 571393
393472 855102
-69 1008627
-393599 1008599
-727214 855024
-950116 571278
-1028370 200559
-950063 -200693
-727116 -571391
-393471 -855099
68 -1008623
393596 -1008595
727210 -855021
950112 -571277
1028367 -200560
950061 200691
727115 571388
393472 855095
-65 1008619
-393592 1008592
-727206 855019
-950108 571276
-1028363 200561
-950058 -200688
-727114 -571384
-393472 -855091
73 -1008617
393600 -1008590
727205 -855015
950105 -571272
1028359 -200558
950054 200689
727110 571383
393469 855088
-74 1008612
-393598 1008584
-727200 855010
-950099 571269
-1028353 200557
-950048 -200688
-727105 -571380
-393466 -855084
75 -1008608
393598 -1008580
727199 -855006
950097 -571266
1028350 -200555
950044 200689
727102 571379
393465 855081
-74 1008604
-393595 1008577
-727195 855005
-950093 571266
-1028347 200556
-950043 -200687
-727102 -571377
-393465 -855079
74 -1008602
393595 -1008575
727195 -855003
950092 -571264
1028344 -200554
950039 200688
727098 571376
393462 855077
-75 1008599
-393601 1008569
-727200 854997
-950090 571261
-1028342 200553
-950037 -200688
-727096 -571376
-393460 -855076
77 -1008597
393602 -1008567
727200 -854995
950090 -571259
1028342 -200551
950036 200690
727094 571378
393458 855078
-79 1008599
-393604 1008568
-727202 854995
-950091 571258
-1028342 200549
-950036 -200692
-727094 -571380
-393457 -855080
81 -1008600
393606 -1008568
727204 -854994
950093 -571256
1028343 -200546
950035 200696
727091 571383
393453 855081
-85 1008600
-393610 1008567
-727207 854991
-950094 571252
-1028342 200542
-950033 -200699
-727089 -571385
-393451 -855083
87 -1008601
393612 -1008567
727213 -854987
950101 -571248
1028346 -200542
950036 200700
727090 571387
393450 855085
-90 1008603
-393616 1008568
-727217 854986
-950105 571246
-1028349 200539
-950037 -200705
-727089 -571393
-393448 -855090
92 -1008606
393618 -1008570
727219 -854987
950106 -571245
1028349 -200537
950037 200707
727089 571395
393447 855092
-94 1008608
-393620 1008571
-727221 854987
-950108 571245
-1028350 200536
-950036 -200709
-727086 -571397
-393443 -855093
98 -1008607
393624 -1008569
727224 -854984
950109 -571240
1028349 -200530
950034 200714
727084 571400
393441 855095
-100 1008609
-393626 1008570
-727226 854984
-950111 571233
-1028352 200524
-950038 -200713
-727088 -571401
-393444 -855098
99 -1008613
393627 -1008574
727228 -854987
950114 -571235
1028356 -200525
950041 200714
727089 571404
393443 855102
-102 1008617
-393631 1008577
-727233 854989
-950120 571236
-1028361 200524
-950044 -200717
-727090 -571408
-393442 -855106
104 -1008620
393634 -1008579
727237 -854990
950123 -571235
1028363 -200522
950046 200719
727092 571410
393444 855108
-103 1008623
-393634 1008583
-727237 854994
-950124 571239
-1028365 200525
-950048 -200717
-727094 -571409
-393446 -855109
102 -1008625
393635 -1008585
727239 -854995
950126 -571239
1028364 -200517
950048 200725
727097 571410
393447 855111
-102 1008627
-393635 1008587
-727240 854997
-950128 571240
-1028366 200517
-950050 -200725
-727099 -571410
-393449 -855111
100 -1008628
393633 -1008589
727239 -855000
950129 -571244
1028369 -200520
950054 200724
727103 571411
393453 855114
-97 1008632
-393633 1008594
-727241 855005
-950132 571248
-1028373 200523
-950058 -200723
-727107 -571412
-393456 -855117
96 -1008637
393634 -1008600
727245 -855011
950138 -571253
1028379 -200526
950064 200722
727112 571413
393459 855120
-95 1008641
-393635 1008604
-727247 855015
-950141 571256
-1028383 200527
-950061 -200730
-727108 -571420
-393461 -855118
93 -1008640
393633 -1008604
727245 -855015
950139 -571257
1028382 -200530
950062 200726
727111 571416
393466 855115
-87 1008639
-393627 1008605
-727240 855018
-950136 571261
-1028381 200534
-950063 -200722
-727113 -571413
-393468 -855113
85 -1008637
393625 -1008604
727238 -855019
950135 -571264
1028382 -200538
950065 200719
727116 571411
393472 855112
-81 1008638
-393622 1008607
-727237 855023
-950136 571268
-1028384 200542
-950068 -200715
-727120 -571408
-393476 -855111
77 -1008639
393618 -1008609
727234 -855026
950134 -571272
1028383 -200546
950069 200711
727115 571411
393472 855114
-73 1008635
-393614 1008606
-727230 855025
-950131 571273
-1028382 200549
-950070 -200707
-727117 -571407
-393475 -855110
68 -1008632
393608 -1008605
727224 -855026
950125 -571276
1028377 -200554
950067 200700
727117 571399
393478 855103
-63 1008627
-393601 1008602
-727216 855025
-950118 571278
-1028372 200559
-950064 -200694
-727116 -571393
-393479 -855097
60 -1008621
393597 -1008597
727212 -855022
950114 -571276
1028368 -200558
950061 200693
727115 571390
393480 855093
-58 1008618
-393595 1008596
-727210 855023
-950113 571279
-1028369 200562
-950064 -200689
-727119 -571387
-393475 -855096
64 -1008621
393592 -1008594
727206 -855021
950109 -571278
1028365 -200562
950060 200688
727116 571384
393474 855092
-63 1008617
-393589 1008590
-727202 855018
-950104 571276
-1028360 200562
-950056 -200686
-727112 -571382
-393471 -855089
64 -1008613
393589 -1008586
727201 -855014
950102 -571273
1028357 -200560
950052 200687
727109 571381
393470 855086
-63 1008609
-393586 1008583
-727197 855013
-950098 571274
-1028354 200563
-950051 -200683
-727110 -571377
-393472 -855083
70 -1008609
393594 -1008583
727196 -855011
950096 -571272
1028352 -200561
950049 200684
727108 571376
393471 855080
-69 1008605
-393592 1008580
-727194 855009
-950093 571270
-1028348 200560
-950045 -200683
-727104 -571374
-393467 -855078
72 -1008602
393593 -1008575
727193 -855003
950091 -571265
1028345 -200556
950041 200687
727100 571377
393463 855079
-76 1008601
-393596 1008572
-727194 854999
-950090 571261
-1028342 200553
-950037 -200688
-727096 -571376
-393460 -855076
77 -1008597
393595 -1008568
727191 -854995
950086 -571258
1028338 -200552
950033 200687
727093 571373
393459 855072
-76 1008593
-393600 1008563
-727197 854991
-950085 571256
-1028336 200550
-950031 -200689
-727091 -571375
-393457 -855073
78 -1008593
393602 -1008563
727199 -854991
950087 -571255
1028338 -200548
950032 200691
727090 571377
393454 855075
-82 1008594
-393605 1008562
-727201 854989
-950088 571253
-1028337 200546
-950030 -200693
-727088 -571378
-393452 -855075
84 -1008594
393607 -1008562
727203 -854988
950090 -571250
1028338 -200541
950029 200699
727085 571384
393448 855080
-88 1008597
-393611 1008563
-727206 854987
-950091 571248
-1028338 200539
-950028 -200701
-727083 -571386
-393446 -855081
90 -1008596
393613 -1008561
727212 -854981
950098 -571243
1028341 -200538
950030 200703
727084 571388
393445 855083
-92 1008598
-393615 1008562
-727213 854980
-950098 571241
-1028341 200536
-950030 -200705
-727084 -571390
-393445 -855085
93 -1008600
393617 -1008564
727216 -854982
950102 -571242
1028345 -200536
950033 200706
727086 571392
393446 855088
-94 1008604
-393620 1008567
-727220 854983
-950105 571241
-1028346 200533
-950032 -200710
-727083 -571396
-393442 -855091
98 -1008605
393624 -1008567
727223 -854982
950107 -571239
1028348 -200531
950034 200712
727084 571398
393441 855093
-100 1008607
-393626 1008568
-727225 854982
-950109 571232
-1028350 200524
-950036 -200713
-727086 -571401
-393442 -855097
101 -1008611
393628 -1008572
727228 -854985
950113 -571233
1028353 -200523
950037 200715
727085 571403
393440 855099
-103 1008612
-393630 1008571
-727229 854983
-950113 571231
-1028353 200521
-950037 -200717
-727085 -571405
-393440 -855101
103 -1008614
393630 -1008573
727230 -854985
950115 -571233
1028355 -200523
950039 200715
727087 571403
393442 855099
-101 1008613
-393629 1008574
-727230 854987
-950116 571235
-1028358 200525
-950043 -200714
-727091 -571404
-393445 -855102
100 -1008617
393630 -1008578
727233 -854991
950120 -571238
1028359 -200518
950044 200722
727095 571405
393448 855105
-99 1008622
-393631 1008584
-727236 854996
-950124 571241
-1028363 200519
-950048 -200723
-727098 -571408
-393450 -855109
98 -1008626
393631 -1008588
727237 -855000
950127 -571245
1028367 -200523
950053 200719
727104 571405
393455 855109
-95 1008629
-393630 1008592
-727237 855004
-950128 571249
-1028370 200526
-950057 -200718
-727108 -571406
-393459 -855111
91 -1008632
393627 -1008597
727237 -855011
950131 -571256
1028374 -200531
950061 200715
727112 571404
393463 855110
-87 1008632
-393624 1008598
-727235 855013
-950130 571259
-1028375 200535
-950058 -200719
-727111 -571408
-393469 -855107
81 -1008631
393618 -1008599
727230 -855016
950127 -571263
1028374 -200540
950059 200713
727114 571402
393474 855102
-75 1008629
-393613 1008600
-727227 855019
-950126 571268
-1028376 200546
-950064 -200708
-727120 -571400
-393480 -855103
70 -1008632
393610 -1008605
727226 -855025
950127 -571274
1028378 -200551
950066 200704
727123 571396
393484 855100
-66 1008631
-393606 1008606
-727223 855028
-950126 571278
-1028379 200555
-950069 -200701
-727127 -571395
-393488 -855101
63 -1008633
393605 -1008608
727223 -855030
950126 -571280
1028380 -200557
950071 200699
727121 571400
393481 855106
-62 1008631
-393602 1008606
-727219 855029
-950123 571281
-1028378 200560
-950070 -200695
-727121 -571396
-393482 -855102
60 -1008628
393600 -1008605
727217 -855029
950121 -571281
1028376 -200560
950068 200694
727120 571393
393483 855098
-57 1008624
-393596 1008602
-727213 855028
-950117 571282
-1028373 200563
-950067 -200690
-727121 -571389
-393486 -855094
53 -1008621
393591 -1008600
727207 -855027
950111 -571283
1028368 -200566
950064 200685
727120 571383
393487 855088
-50 1008615
-393587 1008595
-727203 855024
-950107 571282
-1028364 200567
-950061 -200682
-727119 -571379
-393479 -855088
57 -1008615
393584 -1008592
727199 -855023
950104 -571283
1028363 -200569
950061 200680
727119 571377
393479 855086
-56 1008613
-393582 1008590
-727196 855021
-950100 571282
-1028359 200570
-950058 -200678
-727118 -571374
-393480 -855082
54 -1008609
393579 -1008586
727192 -855018
950095 -571280
1028353 -200569
950052 200677
727113 571371
393477 855078
-55 1008605
-393578 1008582
-727189 855014
-950091 571277
-1028349 200568
-950049 -200676
-727111 -571369
-393476 -855075
54 -1008601
393576 -1008579
727187 -855013
950089 -571278
1028347 -200570
950047 200673
727110 571364
393477 855069
-60 1008597
-393582 1008576
-727184 855009
-950085 571274
-1028343 200567
-950043 -200675
-727106 -571366
-393473 -855070
63 -1008596
393583 -1008573
727184 -855005
950084 -571270
1028341 -200564
950041 200676
727104 571365
393471 855068
-64 1008593
-393582 1008569
-727181 855002
-950080 571269
-1028337 200564
-950037 -200675
-727101 -571362
-393470 -855064
64 -1008589
393581 -1008565
727179 -854998
950077 -571265
1028332 -200561
950031 200676
727095 571361
393465 855061
-67 1008585
-393583 1008561
-727180 854994
-950076 571261
-1028330 200557
-950029 -200680
-727093 -571365
-393462 -855064
71 -1008586
393593 -1008558
727189 -854989
950078 -571257
1028331 -200553
950028 200684
727090 571368
393458 855065
-74 1008585
-393594 1008556
-727189 854987
-950077 571255
-1028328 200551
-950024 -200685
-727086 -571368
-393454 -855065
78 -1008584
393598 -1008553
727192 -854982
950078 -571249
1028327 -200545
950021 200691
727082 571373
393450 855068
-82 1008586
-393602 1008554
-727195 854981
-950079 571246
-1028326 200541
-950018 -200694
-727078 -571374
-393446 -855067
86 -1008583
393605 -1008550
727197 -854977
950080 -571242
1028326 -200537
950018 200698
727077 571378
393443 855071
-90 1008586
-393609 1008551
-727204 854972
-950087 571237
-1028330 200537
-950021 -200699
-727078 -571381
-393443 -855075
91 -1008590
393612 -1008555
727209 -854975
950093 -571237
1028335 -200534
950024 200704
727079 571387
393442 855081
-94 1008596
-393616 1008560
-727213 854978
-950097 571239
-1028339 200535
-950028 -200705
-727082 -571390
-393443 -855085
95 -1008600
393619 -1008563
727217 -854979
950101 -571238
1028342 -200532
950029 200709
727081 571394
393440 855089
-99 1008603
-393623 1008565
-727221 854981
-950105 571239
-1028346 200531
-950032 -200712
-727082 -571398
-393439 -855093
102 -1008606
393627 -1008566
727225 -854980
950109 -571230
1028349 -200522
950034 200714
727084 571400
393441 855095
-100 1008609
-393626 1008570
-727226 854984
-950111 571233
-1028352 200524
-950038 -200713
-727088 -571401
-393444 -855098
99 -1008613
393627 -1008574
727228 -854987
950114 -571235
1028356 -200525
950041 200714
727089 571404
393443 855102
-102 1008617
-393631 1008577
-727233 854989
-950120 571236
-1028361 200524
-950044 -200717
-727090 -571408
-393442 -855106
104 -1008620
393634 -1008579
727237 -854990
950123 -571235
1028363 -200522
950046 200719
727092 571410
393444 855108
-103 1008623
-393634 1008583
-727237 854994
-950124 571239
-1028362 200517
-950046 -200724
-727096 -571407
-393448 -855107
100 -1008624
393633 -1008585
727238 -854996
950126 -571241
1028365 -200519
950050 200723
727100 571408
393451 855110
-98 1008628
-393632 1008590
-727239 855002
-950129 571246
-1028369 200522
-950054 -200722
-727103 -571409
-393453 -855112
97 -1008630
393632 -1008592
727239 -855004
950130 -571248
1028371 -200524
950056 200720
727106 571407
393457 855111
-93 1008631
-393629 1008595
-727238 855008
-950130 571252
-1028372 200528
-950059 -200717
-727110 -571406
-393461 -855112
90 -1008634
393628 -1008599
727239 -855012
950133 -571256
1028376 -200531
950057 200723
727108 571412
393465 855110
-86 1008633
-393624 1008600
-727236 855015
-950132 571260
-1028377 200535
-950059 -200720
-727110 -571410
-393467 -855109
84 -1008633
393622 -1008600
727234 -855015
950130 -571261
1028376 -200537
950060 200718
727113 571408
393471 855108
-80 1008634
-393619 1008603
-727233 855020
-950132 571267
-1028381 200543
-950066 -200713
-727119 -571406
-393477 -855109
75 -1008637
393616 -1008608
727232 -855026
950133 -571273
1028384 -200548
950071 200710
727117 571411
393474 855114
-71 1008636
-393612 1008608
-727228 855027
-950129 571275
-1028380 200551
-950068 -200705
-727116 -571405
-393475 -855108
68 -1008630
393607 -1008603
727222 -855024
950123 -571275
1028375 -200554
950065 200700
727115 571399
393477 855102
-63 1008625
-393601 1008600
-727216 855023
-950118 571276
-1028372 200557
-950064 -200696
-727116 -571395
-393479 -855099
61 -1008623
393599 -1008599
727214 -855024
950116 -571278
1028370 -200559
950063 200693
727116 571391
393480 855095
-58 1008620
-393595 1008598
-727211 855025
-950115 571280
-1028371 200561
-950065 -200692
-727118 -571391
-393472 -855100
68 -1008625
393597 -1008597
727212 -855022
950114 -571276
1028368 -200558
950061 200693
727115 571390
393471 855097
-68 1008621
-393596 1008593
-727210 855019
-950112 571275
-1028366 200558
-950059 -200692
-727113 -571388
-393470 -855095
67 -1008619
393594 -1008592
727208 -855019
950110 -571275
1028364 -200558
950057 200692
727111 571388
393468 855094
-68 1008616
-393593 1008588
-727205 855015
-950105 571272
-1028359 200558
-950054 -200689
-727110 -571383
-393469 -855088
66 -1008611
393590 -1008584
727200 -855012
950099 -571271
1028353 -200559
950049 200686
727108 571378
393470 855082
-71 1008607
-393594 1008581
-727196 855009
-950095 571270
-1028350 200560
-950047 -200684
-727106 -571376
-393469 -855080
71 -1008605
393594 -1008579
727196 -855007
950095 -571268
1028349 -200558
950045 200685
727104 571376
393467 855080
-72 1008604
-393593 1008577
-727193 855005
-950091 571267
-1028345 200558
-950041 -200685
-727100 -571375
-393464 -855077
74 -1008600
393595 -1008573
727195 -855001
950092 -571262
1028344 -200552
950038 200690
727096 571378
393460 855078
-77 1008599
-393596 1008570
-727194 854997
-950090 571259
-1028342 200551
-950036 -200690
-727094 -571378
-393458 -855078
79 -1008599
393604 -1008568
727202 -854995
950091 -571258
1028342 -200549
950036 200692
727094 571380
393457 855080
-81 1008600
-393606 1008568
-727204 854994
-950093 571256
-1028343 200546
-950035 -200696
-727091 -571383
-393453 -855081
85 -1008600
393610 -1008567
727207 -854991
950094 -571252
1028342 -200542
950033 200699
727089 571385
393451 855083
-87 1008601
-393612 1008567
-727209 854991
-950096 571251
-1028344 200540
-950034 -200702
-727088 -571389
-393448 -855086
91 -1008602
393616 -1008566
727212 -854988
950097 -571247
1028343 -200536
950032 200705
727086 571390
393446 855086
-93 1008602
-393618 1008566
-727218 854983
-950104 571242
-1028346 200535
-950033 -200708
-727085 -571394
-393444 -855089
96 -1008604
393622 -1008567
727222 -854983
950107 -571241
1028348 -200533
950034 200710
727085 571396
393444 855091
-96 1008606
-393622 1008569
-727222 854985
-950108 571243
-1028350 200534
-950036 -200711
-727086 -571399
-393443 -855095
98 -1008609
393624 -1008571
727224 -854986
950109 -571242
1028350 -200532
950036 200713
727086 571401
393442 855097
-101 1008611
-393628 1008572
-727228 854985
-950113 571240
-1028353 200530
-950037 -200715
-727085 -571403
-393440 -855099
103 -1008612
393630 -1008571
727229 -854983
950113 -571231
1028353 -200521
950037 200717
727085 571405
393440 855101
-103 1008614
-393630 1008573
-727230 854985
-950115 571233
-1028355 200523
-950039 -200715
-727087 -571403
-393442 -855099
101 -1008613
393629 -1008574
727230 -854987
950116 -571235
1028358 -200525
950043 200714
727091 571404
393445 855102
-100 1008617
-393630 1008578
-727233 854991
-950120 571238
-1028362 200526
-950047 -200715
-727094 -571407
-393446 -855107
101 -1008623
393632 -1008583
727235 -854994
950122 -571239
1028364 -200526
950049 200715
727096 571407
393448 855107
-100 1008624
-393633 1008585
-727238 854996
-950126 571241
-1028365 200519
-950050 -200723
-727100 -571408
-393451 -855110
98 -1008628
393632 -1008590
727239 -855002
950129 -571246
1028369 -200522
950054 200722
727103 571409
393453 855112
-97 1008630
-393632 1008592
-727239 855004
-950130 571248
-1028371 200524
-950056 -200720
-727106 -571407
-393457 -855111
93 -1008631
393629 -1008595
727238 -855008
950130 -571252
1028372 -200528
950059 200717
727110 571406
393461 855112
-90 1008634
-393628 1008599
-727239 855012
-950133 571256
-1028376 200531
-950063 -200715
-727114 -571405
-393465 -855112
86 -1008635
393625 -1008602
727238 -855017
950134 -571262
1028380 -200537
950064 200718
727116 571409
393473 855110
-79 1008636
-393619 1008605
-727233 855022
-950132 571269
-1028381 200545
-950067 -200711
-727121 -571404
-393479 -855107
73 -1008635
393614 -1008606
727230 -855025
950131 -571273
1028382 -200549
950070 200707
727125 571401
393483 855106
-69 1008636
-393611 1008609
-727229 855029
-950131 571277
-1028383 200553
-950072 -200704
-727128 -571399
-393487 -855105
65 -1008637
393607 -1008612
727226 -855034
950131 -571283
1028386 -200558
950077 200700
727134 571396
393493 855104
-60 1008638
-393604 1008614
-727224 855036
-950129 571286
-1028385 200563
-950078 -200694
-727129 -571397
-393489 -855105
55 -1008633
393598 -1008612
727219 -855037
950126 -571289
1028384 -200567
950079 200690
727131 571394
393491 855104
-53 1008633
-393596 1008612
-727217 855038
-950125 571291
-1028384 200569
-950079 -200688
-727132 -571392
-393494 -855102
49 -1008632
393592 -1008613
727214 -855041
950123 -571295
1028383 -200573
950080 200684
727134 571388
393497 855098
-45 1008629
-393588 1008612
-727210 855041
-950120 571296
-1028381 200576
-950079 -200680
-727135 -571384
-393499 -855095
42 -1008627
393584 -1008610
727206 -855040
950116 -571297
1028378 -200579
950077 200676
727134 571380
393491 855095
-49 1008627
-393581 1008607
-727202 855039
-950113 571298
-1028377 200581
-950078 -200674
-727136 -571378
-393493 -855094
47 -1008627
393579 -1008607
727200 -855039
950111 -571298
1028375 -200581
950076 200673
727135 571376
393493 855092
-47 1008625
-393579 1008605
-727200 855037
-950110 571296
-1028373 200580
-950074 -200673
-727133 -571375
-393492 -855089
46 -1008621
393577 -1008602
727198 -855036
950108 -571296
1028371 -200580
950073 200672
727134 571373
393494 855088
-44 1008621
-393575 1008602
-727196 855036
-950107 571297
-1028371 200582
-950073 -200670
-727134 -571371
-393494 -855086
53 -1008621
393585 -1008602
727197 -855034
950106 -571295
1028369 -200580
950071 200672
727132 571373
393492 855087
-55 1008621
-393587 1008602
-727199 855033
-950107 571292
-1028368 200576
-950068 -200676
-727127 -571376
-393486 -855088
60 -1008619
393590 -1008597
727200 -855027
950106 -571286
1028365 -200571
950063 200679
727121 571377
393481 855087
-64 1008617
-393593 1008594
-727200 855022
-950103 571281
-1028361 200568
-950059 -200680
-727118 -571376
-393480 -855084
63 -1008613
393590 -1008590
727196 -855019
950099 -571280
1028357 -200568
950056 200679
727116 571374
393478 855082
-64 1008610
-393596 1008585
-727202 855015
-950099 571278
-1028356 200566
-950053 -200681
-727112 -571375
-393474 -855081
67 -1008607
393597 -1008580
727201 -855009
950096 -571272
1028352 -200561
950049 200684
727108 571376
393471 855080
-69 1008605
-393599 1008578
-727202 855007
-950095 571270
-1028350 200560
-950047 -200684
-727106 -571376
-393469 -855080
71 -1008605
393601 -1008578
727204 -855007
950097 -571270
1028351 -200559
950047 200686
727106 571378
393468 855082
-73 1008606
-393602 1008577
-727204 855005
-950097 571268
-1028351 200557
-950046 -200688
-727103 -571380
-393464 -855083
76 -1008605
393604 -1008575
727209 -854998
950102 -571261
1028352 -200555
950046 200690
727103 571382
393464 855085
-77 1008607
-393606 1008576
-727211 854997
-950103 571258
-1028352 200551
-950045 -200694
-727100 -571385
-393460 -855087
81 -1008609
393610 -1008578
727215 -854999
950107 -571260
1028356 -200552
950049 200695
727104 571388
393463 855091
-80 1008613
-393611 1008582
-727218 855002
-950111 571261
-1028359 200551
-950050 -200697
-727103 -571390
-393460 -855093
84 -1008614
393615 -1008581
727221 -854999
950113 -571250
1028361 -200541
950052 200699
727105 571392
393462 855095
-83 1008617
-393615 1008585
-727222 855003
-950115 571253
-1028363 200542
-950054 -200700
-727106 -571395
-393461 -855099
85 -1008620
393618 -1008587
727226 -855005
950120 -571255
1028369 -200543
950059 200701
727109 571398
393462 855104
-86 1008626
-393621 1008592
-727231 855008
-950125 571255
-1028372 200540
-950060 -200705
-727109 -571402
-393461 -855108
89 -1008630
393625 -1008595
727235 -855009
950129 -571255
1028376 -200540
950064 200706
727112 571404
393463 855110
-87 1008632
-393624 1008598
-727235 855013
-950130 571259
-1028375 200535
-950064 -200711
-727117 -571401
-393469 -855109
82 -1008633
393621 -1008601
727234 -855017
950131 -571263
1028378 -200539
950068 200708
727121 571400
393473 855110
-79 1008636
-393619 1008605
-727233 855022
-950132 571269
-1028381 200545
-950073 -200703
-727127 -571397
-393479 -855109
73 -1008637
393614 -1008608
727230 -855027
950131 -571275
1028382 -200551
950076 200697
727132 571392
393485 855106
-67 1008637
-393609 1008611
-727227 855031
-950130 571279
-1028383 200555
-950079 -200694
-727136 -571391
-393489 -855107
64 -1008639
393608 -1008614
727228 -855035
950133 -571283
1028388 -200558
950078 200701
727134 571398
393493 855106
-60 1008640
-393604 1008616
-727225 855038
-950131 571287
-1028386 200562
-950078 -200696
-727137 -571393
-393497 -855103
56 -1008639
393601 -1008617
727224 -855041
950132 -571291
1028389 -200566
950082 200693
727141 571392
393501 855103
-53 1008640
-393599 1008620
-727222 855045
-950131 571296
-1028390 200572
-950085 -200688
-727145 -571388
-393505 -855100
49 -1008639
393595 -1008620
727219 -855046
950130 -571298
1028391 -200574
950087 200686
727147 571387
393507 855101
-47 1008641
-393594 1008623
-727219 855050
-950131 571302
-1028393 200577
-950090 -200684
-727143 -571392
-393503 -855106
43 -1008640
393590 -1008624
727216 -855053
950130 -571307
1028394 -200583
950092 200679
727146 571389
393507 855105
-39 1008640
-393586 1008624
-727212 855053
-950126 571307
-1028391 200584
-950091 -200676
-727146 -571385
-393507 -855101
38 -1008636
393584 -1008621
727210 -855052
950124 -571308
1028389 -200587
950090 200672
727147 571381
393510 855097
-34 1008633
-393580 1008620
-727206 855052
-950120 571308
-1028385 200587
-950086 -200671
-727144 -571378
-393509 -855093
33 -1008629
393577 -1008616
727202 -855049
950116 -571307
1028382 -200588
950085 200669
727144 571376
393500 855095
-42 1008630
-393577 1008612
-727201 855045
-950114 571304
-1028380 200587
-950083 -200668
-727143 -571373
-393501 -855091
40 -1008627
393574 -1008610
727197 -855044
950110 -571304
1028376 -200587
950079 200668
727139 571373
393498 855090
-41 1008624
-393573 1008606
-727194 855040
-950105 571301
-1028370 200586
-950074 -200666
-727136 -571368
-393497 -855084
40 -1008618
393571 -1008601
727192 -855037
950103 -571300
1028368 -200587
950072 200664
727135 571365
393498 855080
-38 1008615
-393568 1008599
-727188 855036
-950099 571300
-1028365 200588
-950071 -200662
-727136 -571363
-393500 -855078
44 -1008615
393575 -1008600
727188 -855036
950099 -571300
1028365 -200588
950071 200662
727136 571363
393500 855078
-44 1008615
-393575 1008600
-727188 855036
-950099 571300
-1028365 200588
-950071 -200662
-727136 -571363
-393500 -855078
44 -1008615
393575 -1008600
727188 -855036
950099 -571300
1028365 -200588
950071 200662
727136 571363
393500 855078
-44 1008615
-393575 1008600
-727188 855036
-950099 571300
-1028365 200588
-950071 -200662
-727136 -571363
-393500 -855078
44 -1008615
393575 -1008600
727188 -855036
950099 -571300
1028365 -200588
950071 200662
727136 571363
393500 855078
-44 1008615
-393581 1008598
-727194 855034
-950099 571300
-1028365 200588
-950071 -200662
-727136 -571363
-393500 -855078
44 -1008615
393581 -1008598
727194 -855034
950099 -571300
1028365 -200588
950071 200662
727136 571363
393500 855078
-44 1008615
-393581 1008598
-727194 855034
-950099 571300
-1028365 200588
-950071 -200662
-727136 -571363
-393500 -855078
44 -1008615
393581 -1008598
727194 -855034
950099 -571300
1028365 -200588
950071 200662
727136 571363
393500 855078
-44 1008615
-393581 1008598
-727194 855034
-950099 571300
-1028365 200588
-950071 -200662
-727136 -571363
-393500 -855078
44 -1008615
393581 -1008598
727198 -855029
950104 -571295
1028366 -200587
950070 200664
727133 571365
393496 855080
-48 1008616
-393585 1008598
-727202 855028
-950108 571293
-1028369 200584
-950071 -200668
-727132 -571369
-393493 -855083
52 -1008617
393589 -1008597
727205 -855026
950109 -571290
1028369 -200580
950071 200672
727132 571373
393492 855087
-55 1008621
-393593 1008600
-727209 855027
-950113 571290
-1028373 200580
-950074 -200673
-727133 -571375
-393492 -855089
55 -1008623
393594 -1008602
727212 -855029
950117 -571291
1028376 -200579
950076 200675
727134 571378
393491 855093
-57 1008626
-393596 1008604
-727214 855030
-950119 571284
-1028378 200572
-950077 -200676
-727134 -571380
-393491 -855095
58 -1008628
393598 -1008605
727216 -855030
950121 -571283
1028380 -200570
950079 200678
727136 571382
393492 855098
-59 1008632
-393601 1008609
-727220 855033
-950125 571285
-1028384 200571
-950083 -200679
-727139 -571385
-393493 -855102
59 -1008636
393602 -1008613
727223 -855037
950130 -571288
1028390 -200572
950088 200680
727142 571388
393495 855106
-59 1008641
-393605 1008618
-727227 855040
-950134 571289
-1028393 200571
-950090 -200682
-727144 -571390
-393496 -855109
59 -1008645
393605 -1008622
727228 -855044
950137 -571293
1028395 -200567
950094 200686
727152 571388
393503 855110
-54 1008648
-393601 1008619
-727224 855043
-950133 571293
-1028391 200567
-950090 -200686
-727148 -571387
-393500 -855107
55 -1008643
393601 -1008621
727224 -855045
950133 -571295
1028392 -200569
950092 200684
727150 571385
393502 855106
-53 1008644
-393600 1008624
-727225 855049
-950136 571299
-1028396 200573
-950097 -200681
-727156 -571385
-393507 -855109
51 -1008649
393601 -1008630
727228 -855054
950140 -571302
1028400 -200574
950100 200682
727158 571387
393509 855111
-49 1008651
-393598 1008624
-727223 855049
-950134 571299
-1028394 200573
-950089 -200688
-727149 -571389
-393509 -855103
45 -1008643
393592 -1008625
727218 -855052
950131 -571304
1028393 -200579
950090 200682
727152 571384
393513 855100
-41 1008642
-393589 1008626
-727217 855055
-950132 571308
-1028396 200583
-950094 -200679
-727156 -571382
-393517 -855099
38 -1008643
393587 -1008628
727215 -855057
950131 -571311
1028397 -200587
950097 200675
727160 571379
393521 855097
-34 1008642
-393584 1008629
-727213 855059
-950129 571313
-1028395 200589
-950095 -200673
-727159 -571377
-393522 -855095
31 -1008640
393580 -1008628
727210 -855060
950127 -571315
1028394 -200592
950096 200669
727153 571380
393516 855098
-29 1008636
-393577 1008624
-727205 855057
-950121 571314
-1028389 200593
-950093 -200666
-727152 -571375
-393517 -855092
26 -1008631
393572 -1008621
727199 -855056
950116 -571316
1028386 -200598
950092 200660
727154 571369
393522 855087
-19 1008628
-393565 1008621
-727194 855059
-950113 571320
-1028385 200602
-950093 -200656
-727156 -571366
-393524 -855085
17 -1008626
393562 -1008619
727190 -855058
950109 -571321
1028381 -200605
950090 200651
727156 571359
393527 855078
-12 1008621
-393556 1008616
-727184 855057
-950104 571322
-1028378 200608
-950089 -200647
-727156 -571355
-393519 -855078
19 -1008620
393553 -1008611
727180 -855054
950100 -571321
1028374 -200608
950085 200646
727153 571353
393518 855076
-19 1008618
-393553 1008609
-727179 855052
-950098 571320
-1028372 200609
-950084 -200644
-727153 -571351
-393518 -855074
18 -1008616
393551 -1008607
727177 -855050
950095 -571318
1028368 -200608
950080 200643
727150 571348
393517 855069
-17 1008610
-393547 1008601
-727170 855045
-950087 571315
-1028360 200607
-950073 -200641
-727145 -571343
-393514 -855063
27 -1008606
393557 -1008597
727171 -855039
950086 -571309
1028358 -200602
950070 200645
727141 571346
393510 855064
-30 1008605
-393558 1008595
-727171 855037
-950085 571307
-1028355 200600
-950066 -200646
-727137 -571345
-393507 -855061
31 -1008600
393557 -1008589
727168 -855031
950081 -571302
1028351 -200597
950062 200647
727133 571344
393504 855058
-32 1008596
-393556 1008585
-727165 855028
-950077 571301
-1028347 200598
-950059 -200645
-727132 -571342
-393504 -855056
32 -1008594
393556 -1008583
727165 -855026
950076 -571299
1028345 -200596
950057 200646
727130 571341
393503 855054
-32 1008592
-393562 1008579
-727171 855022
-950076 571297
-1028345 200594
-950056 -200648
-727128 -571343
-393500 -855056
36 -1008593
393566 -1008579
727174 -855021
950077 -571295
1028344 -200592
950054 200650
727125 571345
393496 855057
-40 1008593
-393570 1008578
-727178 855018
-950080 571290
-1028345 200586
-950053 -200656
-727123 -571350
-393494 -855060
42 -1008594
393572 -1008578
727180 -855018
950082 -571289
1028346 -200583
950052 200660
727120 571354
393489 855064
-48 1008597
-393577 1008578
-727183 855015
-950083 571285
-1028345 200579
-950049 -200663
-727116 -571355
-393485 -855063
51 -1008594
393579 -1008574
727188 -855006
950087 -571276
1028345 -200575
950049 200667
727115 571359
393483 855066
-54 1008596
-393583 1008575
-727192 855006
-950091 571275
-1028348 200572
-950049 -200672
-727112 -571365
-393478 -855072
60 -1008601
393589 -1008578
727197 -855006
950094 -571273
1028349 -200570
950049 200674
727112 571367
393478 855074
-61 1008603
-393591 1008580
-727200 855008
-950098 571274
-1028353 200569
-950052 -200677
-727113 -571371
-393477 -855078
63 -1008606
393593 -1008581
727202 -855008
950100 -571273
1028355 -200567
950054 200679
727114 571374
393476 855082
-66 1008610
-393598 1008584
-727208 855009
-950106 571266
-1028360 200559
-950057 -200682
-727115 -571378
-393475 -855086
68 -1008613
393600 -1008586
727210 -855010
950108 -571265
1028362 -200557
950059 200684
727117 571380
393477 855088
-67 1008616
-393601 1008590
-727212 855014
-950111 571269
-1028366 200560
-950063 -200683
-727120 -571381
-393478 -855090
68 -1008618
393603 -1008592
727214 -855015
950112 -571268
1028366 -200558
950062 200685
727118 571383
393476 855092
-70 1008619
-393605 1008591
-727216 855013
-950114 571266
-1028368 200556
-950064 -200687
-727120 -571385
-393478 -855094
68 -1008622
393604 -1008596
727217 -855019
950117 -571272
1028369 -200553
950066 200691
727126 571382
393483 855094
-65 1008625
-393603 1008600
-727218 855023
-950119 571275
-1028372 200555
-950070 -200690
-727130 -571383
-393487 -855096
61 -1008627
393600 -1008603
727217 -855027
950120 -571279
1028374 -200559
950073 200686
727134 571380
393491 855095
-58 1008628
-393598 1008605
-727216 855030
-950121 571283
-1028377 200562
-950077 -200685
-727138 -571381
-393494 -855098
57 -1008633
393599 -1008611
727218 -855035
950124 -571287
1028381 -200565
950081 200684
727142 571381
393498 855099
-53 1008635
-393596 1008614
-727218 855040
-950127 571293
-1028386 200571
-950081 -200687
-727142 -571386
-393504 -855098
48 -1008637
393593 -1008619
727217 -855046
950128 -571299
1028389 -200576
950086 200684
727148 571385
393509 855099
-45 1008639
-393592 1008621
-727217 855048
-950129 571301
-1028391 200578
-950088 -200682
-727150 -571383
-393512 -855097
41 -1008638
393588 -1008622
727214 -855051
950127 -571305
1028390 -200582
950089 200678
727152 571380
393514 855096
-39 1008638
-393586 1008622
-727212 855051
-950125 571305
-1028389 200583
-950089 -200676
-727153 -571378
-393516 -855094
37 -1008637
393584 -1008623
727211 -855054
950126 -571309
1028391 -200586
950091 200674
727147 571383
393510 855099
-34 1008635
-393580 1008622
-727207 855054
-950123 571310
-1028390 200589
-950092 -200670
-727150 -571379
-393514 -855096
30 -1008634
393576 -1008622
727203 -855055
950119 -571313
1028387 -200593
950091 200666
727150 571375
393515 855092
-27 1008630
-393572 1008619
-727199 855054
-950116 571314
-1028385 200596
-950090 -200662
-727151 -571371
-393518 -855088
23 -1008627
393568 -1008618
727195 -855055
950112 -571316
1028382 -200599
950089 200657
727152 571365
393521 855083
-19 1008624
-393564 1008617
-727192 855056
-950111 571319
-1028383 200603
-950091 -200654
-727155 -571363
-393516 -855086
25 -1008628
393562 -1008617
727190 -855056
950109 -571319
1028381 -200603
950090 200653
727155 571361
393516 855084
-24 1008626
-393560 1008615
-727187 855054
-950105 571318
-1028377 200604
-950087 -200650
-727154 -571357
-393517 -855080
21 -1008622
393555 -1008612
727182 -855054
950102 -571321
1028376 -200608
950087 200646
727155 571353
393520 855076
-17 1008619
-393551 1008611
-727178 855054
-950098 571322
-1028373 200611
-950086 -200642
-727155 -571349
-393520 -855072
16 -1008615
393549 -1008607
727175 -855051
950094 -571320
1028369 -200610
950083 200641
727154 571347
393521 855070
-23 1008615
-393557 1008608
-727175 855051
-950094 571320
-1028369 200610
-950083 -200641
-727154 -571347
-393521 -855070
23 -1008615
393557 -1008608
727175 -855051
950094 -571320
1028369 -200610
950083 200641
727154 571347
393521 855070
-23 1008615
-393557 1008608
-727175 855051
-950094 571320
-1028369 200610
-950083 -200641
-727154 -571347
-393521 -855070
23 -1008615
393557 -1008608
727175 -855051
950094 -571320
1028369 -200610
950083 200641
727154 571347
393521 855070
-23 1008615
-393557 1008608
-727175 855051
-950094 571320
-1028369 200610
-950083 -200641
-727154 -571347
-393521 -855070
23 -1008615
393564 -1008606
727183 -855048
950095 -571318
1028368 -200608
950080 200643
727150 571348
393517 855069
-26 1008612
-393565 1008602
-727183 855044
-950094 571314
-1028366 200604
-950078 -200646
-727148 -571349
-393515 -855069
28 -1008612
393567 -1008601
727184 -855042
950094 -571312
1028365 -200602
950075 200648
727143 571351
393509 855070
-33 1008610
-393570 1008597
-727185 855038
-950093 571308
-1028363 200598
-950073 -200652
-727141 -571354
-393507 -855071
35 -1008610
393571 -1008596
727185 -855036
950093 -571306
1028362 -200596
