0 0 0 0
32768 0 0 0
32768 2048 0 0
32768 4096 0 0
32768 6144 0 0
32768 8192 0 0
32768 10240 0 0
32768 12288 0 0
32768 14336 0 0
32768 16384 0 0
32768 18432 0 0
32768 20480 0 0
32768 22528 0 0
32768 24576 0 0
32768 26624 0 0
32768 28672 0 0
32768 30720 30720 30720
32768 32768 30720 30720
32768 34816 30720 30720
32768 36864 30720 30720
32768 38912 30720 30720
32768 40960 30720 30720
32768 43008 30720 30720
32768 45056 30720 30720
32768 47104 30720 30720
32768 49152 30720 30720
32768 51200 30720 30720
32768 53248 30720 30720
32768 55296 30720 30720
32768 57344 30720 30720
32768 59392 30720 30720
32768 61440 30720 30720
32768 63488 32768 2048
32768 65536 32768 2048
32768 67584 32768 2048
32768 69632 32768 2048
32768 71680 32768 2048
32768 73728 32768 2048
32768 75776 32768 2048
32768 77824 32768 2048
32768 79872 32768 2048
32768 81920 32768 2048
32768 83968 32768 2048
32768 86016 32768 2048
32768 88064 32768 2048
32768 90112 32768 2048
32768 92160 32768 2048
32768 94208 32768 2048
32768 96256 32768 0
32768 98304 32768 0
32768 100352 32768 0
32768 102400 32768 0
32768 104448 32768 0
32768 106496 32768 0
32768 108544 32768 0
32768 110592 32768 0
32768 112640 32768 0
32768 114688 32768 0
32768 116736 32768 0
32768 118784 32768 0
32768 120832 32768 0
32768 122880 32768 0
32768 124928 32768 0
32768 126976 32768 0
32768 129024 32768 0
32768 131072 32768 0
32768 133120 32768 0
32768 135168 32768 0
32768 137216 32768 0
32768 139264 32768 0
32768 141312 32768 0
32768 143360 32768 0
32768 145408 32768 0
32768 147456 32768 0
32768 149504 32768 0
32768 151552 32768 0
32768 153600 32768 0
32768 155648 32768 0
32768 157696 32768 0
32768 159744 32768 0
32768 161792 32768 0
32768 163840 32768 0
32768 165888 32768 0
32768 167936 32768 0
32768 169984 32768 0
32768 172032 32768 0
32768 174080 32768 0
32768 176128 32768 0
32768 178176 32768 0
32768 180224 32768 0
32768 182272 32768 0
32768 184320 32768 0
32768 186368 32768 0
32768 188416 32768 0
32768 190464 32768 0
32768 192512 32768 0
32768 194560 32768 0
32768 196608 32768 0
32768 198656 32768 0
32768 200704 32768 0
32768 202752 32768 0
32768 204800 32768 0
32768 206848 32768 0
32768 208896 32768 0
32768 210944 32768 0
32768 212992 32768 0
32768 215040 32768 0
32768 217088 32768 0
32768 219136 32768 0
32768 221184 32768 0
32768 223232 32768 0
32768 225280 32768 0
32768 227328 32768 0
32768 229376 32768 0
32768 231424 32768 0
32768 233472 32768 0
32768 235520 32768 0
32768 237568 32768 0
32768 239616 32768 0
32768 241664 32768 0
32768 243712 32768 0
32768 245760 32768 0
32768 247808 32768 0
32768 249856 32768 0
32768 251904 32768 0
32768 253952 32768 0
32768 256000 32768 0
32768 258048 32768 0
32768 260096 32768 0
32768 262144 32768 0
32768 264192 32768 0
32768 266240 32768 0
32768 268288 32768 0
32768 270336 32768 0
32768 272384 32768 0
32768 274432 32768 0
32768 276480 32768 0
32768 278528 32768 0
32768 280576 32768 0
32768 282624 32768 0
32768 284672 32768 0
32768 286720 32768 0
32768 288768 32768 0
32768 290816 32768 0
32768 292864 32768 0
32768 294912 32768 0
32768 296960 32768 0
32768 299008 32768 0
32768 301056 32768 0
32768 303104 32768 0
32768 305152 32768 0
32768 307200 32768 0
32768 309248 32768 0
32768 311296 32768 0
32768 313344 32768 0
32768 315392 32768 0
32768 317440 32768 0
32768 319488 32768 0
32768 321536 32768 0
32768 323584 32768 0
32768 325632 32768 0
32768 327680 32768 0
32768 329728 32768 0
32768 331776 32768 0
32768 333824 32768 0
32768 335872 32768 0
32768 337920 32768 0
32768 339968 32768 0
32768 342016 32768 0
32768 344064 32768 0
32768 346112 32768 0
32768 348160 32768 0
32768 350208 32768 0
32768 352256 32768 0
32768 354304 32768 0
32768 356352 32768 0
32768 358400 32768 0
32768 360448 32768 0
32768 362496 32768 0
32768 364544 32768 0
32768 366592 32768 0
32768 368640 32768 0
32768 370688 32768 0
32768 372736 32768 0
32768 374784 32768 0
32768 376832 32768 0
32768 378880 32768 0
32768 380928 32768 0
32768 382976 32768 0
32768 385024 32768 0
32768 387072 32768 0
32768 389120 32768 0
32768 391168 32768 0
32768 393216 32768 0
32768 395264 32768 0
32768 397312 32768 0
32768 399360 32768 0
32768 401408 32768 0
32768 403456 32768 0
32768 405504 32768 0
32768 407552 32768 0
32768 409600 32768 0
32768 411648 32768 0
32768 413696 32768 0
32768 415744 32768 0
32768 417792 32768 0
32768 419840 32768 0
32768 421888 32768 0
32768 423936 32768 0
32768 425984 32768 0
32768 428032 32768 0
32768 430080 32768 0
32768 432128 32768 0
32768 434176 32768 0
32768 436224 32768 0
32768 438272 32768 0
32768 440320 32768 0
32768 442368 32768 0
32768 444416 32768 0
32768 446464 32768 0
32768 448512 32768 0
32768 450560 32768 0
32768 452608 32768 0
32768 454656 32768 0
32768 456704 32768 0
32768 458752 32768 0
32768 460800 32768 0
32768 462848 32768 0
32768 464896 32768 0
32768 466944 32768 0
32768 468992 32768 0
32768 471040 32768 0
32768 473088 32768 0
32768 475136 32768 0
32768 477184 32768 0
32768 479232 32768 0
32768 481280 32768 0
32768 483328 32768 0
32768 485376 32768 0
32768 487424 32768 0
32768 489472 32768 0
32768 491520 32768 0
32768 493568 32768 0
32768 495616 32768 0
32768 497664 32768 0
32768 499712 32768 0
32768 501760 32768 0
32768 503808 32768 0
32768 505856 32768 0
32768 507904 32768 0
32768 509952 32768 0
32768 512000 32768 0
32768 514048 32768 0
32768 516096 32768 0
32768 518144 32768 0
32768 520192 32768 0
32768 522240 32768 0
32768 524288 32768 0
32768 526336 32768 0
32768 528384 32768 0
32768 530432 32768 0
32768 532480 32768 0
32768 534528 32768 0
32768 536576 32768 0
32768 538624 32768 0
32768 540672 32768 0
32768 542720 32768 0
32768 544768 32768 0
32768 546816 32768 0
32768 548864 32768 0
32768 550912 32768 0
32768 552960 32768 0
32768 555008 32768 0
32768 557056 32768 0
32768 559104 32768 0
32768 561152 32768 0
32768 563200 32768 0
32768 565248 32768 0
32768 567296 32768 0
32768 569344 32768 0
32768 571392 32768 0
32768 573440 32768 0
32768 575488 32768 0
32768 577536 32768 0
32768 579584 32768 0
32768 581632 32768 0
32768 583680 32768 0
32768 585728 32768 0
32768 587776 32768 0
32768 589824 32768 0
32768 591872 32768 0
32768 593920 32768 0
32768 595968 32768 0
32768 598016 32768 0
32768 600064 32768 0
32768 602112 32768 0
32768 604160 32768 0
32768 606208 32768 0
32768 608256 32768 0
32768 610304 32768 0
32768 612352 32768 0
32768 614400 32768 0
32768 616448 32768 0
32768 618496 32768 0
32768 620544 32768 0
32768 622592 32768 0
32768 624640 32768 0
32768 626688 32768 0
32768 628736 32768 0
32768 630784 32768 0
32768 632832 32768 0
32768 634880 32768 0
32768 636928 32768 0
32768 638976 32768 0
32768 641024 32768 0
32768 643072 32768 0
32768 645120 32768 0
32768 647168 32768 0
32768 649216 32768 0
32768 651264 32768 0
32768 653312 32768 0
32768 655360 32768 0
32768 657408 32768 0
32768 659456 32768 0
32768 661504 32768 0
32768 663552 32768 0
32768 665600 32768 0
32768 667648 32768 0
32768 669696 32768 0
32768 671744 32768 0
32768 673792 32768 0
32768 675840 32768 0
32768 677888 32768 0
32768 679936 32768 0
32768 681984 32768 0
32768 684032 32768 0
32768 686080 32768 0
32768 688128 32768 0
32768 690176 32768 0
32768 692224 32768 0
32768 694272 32768 0
32768 696320 32768 0
32768 698368 32768 0
32768 700416 32768 0
32768 702464 32768 0
32768 704512 32768 0
32768 706560 32768 0
32768 708608 32768 0
32768 710656 32768 0
32768 712704 32768 0
32768 714752 32768 0
32768 716800 32768 0
32768 718848 32768 0
32768 720896 32768 0
32768 722944 32768 0
32768 724992 32768 0
32768 727040 32768 0
32768 729088 32768 0
32768 731136 32768 0
32768 733184 32768 0
32768 735232 32768 0
32768 737280 32768 0
32768 739328 32768 0
32768 741376 32768 0
32768 743424 32768 0
32768 745472 32768 0
32768 747520 32768 0
32768 749568 32768 0
32768 751616 32768 0
32768 753664 32768 0
32768 755712 32768 0
32768 757760 32768 0
32768 759808 32768 0
32768 761856 32768 0
32768 763904 32768 0
32768 765952 32768 0
32768 768000 32768 0
32768 770048 32768 0
32768 772096 32768 0
32768 774144 32768 0
32768 776192 32768 0
32768 778240 32768 0
32768 780288 32768 0
32768 782336 32768 0
32768 784384 32768 0
32768 786432 32768 0
32768 788480 32768 0
32768 790528 32768 0
32768 792576 32768 0
32768 794624 32768 0
32768 796672 32768 0
32768 798720 32768 0
32768 800768 32768 0
32768 802816 32768 0
32768 804864 32768 0
32768 806912 32768 0
32768 808960 32768 0
32768 811008 32768 0
32768 813056 32768 0
32768 815104 32768 0
32768 817152 32768 0
32768 819200 32768 0
32768 821248 32768 0
32768 823296 32768 0
32768 825344 32768 0
32768 827392 32768 0
32768 829440 32768 0
32768 831488 32768 0
32768 833536 32768 0
32768 835584 32768 0
32768 837632 32768 0
32768 839680 32768 0
32768 841728 32768 0
32768 843776 32768 0
32768 845824 32768 0
32768 847872 32768 0
32768 849920 32768 0
32768 851968 32768 0
32768 854016 32768 0
32768 856064 32768 0
32768 858112 32768 0
32768 860160 32768 0
32768 862208 32768 0
32768 864256 32768 0
32768 866304 32768 0
32768 868352 32768 0
32768 870400 32768 0
32768 872448 32768 0
32768 874496 32768 0
32768 876544 32768 0
32768 878592 32768 0
32768 880640 32768 0
32768 882688 32768 0
32768 884736 32768 0
32768 886784 32768 0
32768 888832 32768 0
32768 890880 32768 0
32768 892928 32768 0
32768 894976 32768 0
32768 897024 32768 0
32768 899072 32768 0
32768 901120 32768 0
32768 903168 32768 0
32768 905216 32768 0
32768 907264 32768 0
32768 909312 32768 0
32768 911360 32768 0
32768 913408 32768 0
32768 915456 32768 0
32768 917504 32768 0
32768 919552 32768 0
32768 921600 32768 0
32768 923648 32768 0
32768 925696 32768 0
32768 927744 32768 0
32768 929792 32768 0
32768 931840 32768 0
32768 933888 32768 0
32768 935936 32768 0
32768 937984 32768 0
32768 940032 32768 0
32768 942080 32768 0
32768 944128 32768 0
32768 946176 32768 0
32768 948224 32768 0
32768 950272 32768 0
32768 952320 32768 0
32768 954368 32768 0
32768 956416 32768 0
32768 958464 32768 0
32768 960512 32768 0
32768 962560 32768 0
32768 964608 32768 0
32768 966656 32768 0
32768 968704 32768 0
32768 970752 32768 0
32768 972800 32768 0
32768 974848 32768 0
32768 976896 32768 0
32768 978944 32768 0
32768 980992 32768 0
32768 983040 32768 0
32768 985088 32768 0
32768 987136 32768 0
32768 989184 32768 0
32768 991232 32768 0
32768 993280 32768 0
32768 995328 32768 0
32768 997376 32768 0
32768 999424 32768 0
32768 1001472 32768 0
32768 1003520 32768 0
32768 1005568 32768 0
32768 1007616 32768 0
32768 1009664 32768 0
32768 1011712 32768 0
32768 1013760 32768 0
32768 1015808 32768 0
32768 1017856 32768 0
32768 1019904 32768 0
32768 1021952 32768 0
32768 1024000 32768 0
32768 1026048 32768 0
32768 1028096 32768 0
32768 1030144 32768 0
32768 1032192 32768 0
32768 1034240 32768 0
32768 1036288 32768 0
32768 1038336 32768 0
32768 1040384 32768 0
32768 1042432 32768 0
32768 1044480 32768 0
32768 1046528 32768 0
32768 1048576 32768 0
32768 1050624 32768 0
32768 1052672 32768 0
32768 1054720 32768 0
32768 1056768 32768 0
32768 1058816 32768 0
32768 1060864 32768 0
32768 1062912 32768 0
32768 1064960 32768 0
32768 1067008 32768 0
32768 1069056 32768 0
32768 1071104 32768 0
32768 1073152 32768 0
32768 1075200 32768 0
32768 1077248 32768 0
32768 1079296 32768 0
32768 1081344 32768 0
32768 1083392 32768 0
32768 1085440 32768 0
32768 1087488 32768 0
32768 1089536 32768 0
32768 1091584 32768 0
32768 1093632 32768 0
32768 1095680 32768 0
32768 1097728 32768 0
32768 1099776 32768 0
32768 1101824 32768 0
32768 1103872 32768 0
32768 1105920 32768 0
32768 1107968 32768 0
32768 1110016 32768 0
32768 1112064 32768 0
32768 1114112 32768 0
32768 1116160 32768 0
32768 1118208 32768 0
32768 1120256 32768 0
32768 1122304 32768 0
32768 1124352 32768 0
32768 1126400 32768 0
32768 1128448 32768 0
32768 1130496 32768 0
32768 1132544 32768 0
32768 1134592 32768 0
32768 1136640 32768 0
32768 1138688 32768 0
32768 1140736 32768 0
32768 1142784 32768 0
32768 1144832 32768 0
32768 1146880 32768 0
32768 1148928 32768 0
32768 1150976 32768 0
32768 1153024 32768 0
32768 1155072 32768 0
32768 1157120 32768 0
32768 1159168 32768 0
32768 1161216 32768 0
32768 1163264 32768 0
32768 1165312 32768 0
32768 1167360 32768 0
32768 1169408 32768 0
32768 1171456 32768 0
32768 1173504 32768 0
32768 1175552 32768 0
32768 1177600 32768 0
32768 1179648 32768 0
32768 1181696 32768 0
32768 1183744 32768 0
32768 1185792 32768 0
32768 1187840 32768 0
32768 1189888 32768 0
32768 1191936 32768 0
32768 1193984 32768 0
32768 1196032 32768 0
32768 1198080 32768 0
32768 1200128 32768 0
32768 1202176 32768 0
32768 1204224 32768 0
32768 1206272 32768 0
32768 1208320 32768 0
32768 1210368 32768 0
32768 1212416 32768 0
32768 1214464 32768 0
32768 1216512 32768 0
32768 1218560 32768 0
32768 1220608 32768 0
32768 1222656 32768 0
32768 1224704 32768 0
32768 1226752 32768 0
32768 1228800 32768 0
32768 1230848 32768 0
32768 1232896 32768 0
32768 1234944 32768 0
32768 1236992 32768 0
32768 1239040 32768 0
32768 1241088 32768 0
32768 1243136 32768 0
32768 1245184 32768 0
32768 1247232 32768 0
32768 1249280 32768 0
32768 1251328 32768 0
32768 1253376 32768 0
32768 1255424 32768 0
32768 1257472 32768 0
32768 1259520 32768 0
32768 1261568 32768 0
32768 1263616 32768 0
32768 1265664 32768 0
32768 1267712 32768 0
32768 1269760 32768 0
32768 1271808 32768 0
32768 1273856 32768 0
32768 1275904 32768 0
32768 1277952 32768 0
32768 1280000 32768 0
32768 1282048 32768 0
32768 1284096 32768 0
32768 1286144 32768 0
32768 1288192 32768 0
32768 1290240 32768 0
32768 1292288 32768 0
32768 1294336 32768 0
32768 1296384 32768 0
32768 1298432 32768 0
32768 1300480 32768 0
32768 1302528 32768 0
32768 1304576 32768 0
32768 1306624 32768 0
32768 1308672 32768 0
32768 1310720 32768 0
32768 1312768 32768 0
32768 1314816 32768 0
32768 1316864 32768 0
32768 1318912 32768 0
32768 1320960 32768 0
32768 1323008 32768 0
32768 1325056 32768 0
32768 1327104 32768 0
32768 1329152 32768 0
32768 1331200 32768 0
32768 1333248 32768 0
32768 1335296 32768 0
32768 1337344 32768 0
32768 1339392 32768 0
32768 1341440 32768 0
32768 1343488 32768 0
32768 1345536 32768 0
32768 1347584 32768 0
32768 1349632 32768 0
32768 1351680 32768 0
32768 1353728 32768 0
32768 1355776 32768 0
32768 1357824 32768 0
32768 1359872 32768 0
32768 1361920 32768 0
32768 1363968 32768 0
32768 1366016 32768 0
32768 1368064 32768 0
32768 1370112 32768 0
32768 1372160 32768 0
32768 1374208 32768 0
32768 1376256 32768 0
32768 1378304 32768 0
32768 1380352 32768 0
32768 1382400 32768 0
32768 1384448 32768 0
32768 1386496 32768 0
32768 1388544 32768 0
32768 1390592 32768 0
32768 1392640 32768 0
32768 1394688 32768 0
32768 1396736 32768 0
32768 1398784 32768 0
32768 1400832 32768 0
32768 1402880 32768 0
32768 1404928 32768 0
32768 1406976 32768 0
32768 1409024 32768 0
32768 1411072 32768 0
32768 1413120 32768 0
32768 1415168 32768 0
32768 1417216 32768 0
32768 1419264 32768 0
32768 1421312 32768 0
32768 1423360 32768 0
32768 1425408 32768 0
32768 1427456 32768 0
32768 1429504 32768 0
32768 1431552 32768 0
32768 1433600 32768 0
32768 1435648 32768 0
32768 1437696 32768 0
32768 1439744 32768 0
32768 1441792 32768 0
32768 1443840 32768 0
32768 1445888 32768 0
32768 1447936 32768 0
32768 1449984 32768 0
32768 1452032 32768 0
32768 1454080 32768 0
32768 1456128 32768 0
32768 1458176 32768 0
32768 1460224 32768 0
32768 1462272 32768 0
32768 1464320 32768 0
32768 1466368 32768 0
32768 1468416 32768 0
32768 1470464 32768 0
32768 1472512 32768 0
32768 1474560 32768 0
32768 1476608 32768 0
32768 1478656 32768 0
32768 1480704 32768 0
32768 1482752 32768 0
32768 1484800 32768 0
32768 1486848 32768 0
32768 1488896 32768 0
32768 1490944 32768 0
32768 1492992 32768 0
32768 1495040 32768 0
32768 1497088 32768 0
32768 1499136 32768 0
32768 1501184 32768 0
32768 1503232 32768 0
32768 1505280 32768 0
32768 1507328 32768 0
32768 1509376 32768 0
32768 1511424 32768 0
32768 1513472 32768 0
32768 1515520 32768 0
32768 1517568 32768 0
32768 1519616 32768 0
32768 1521664 32768 0
32768 1523712 32768 0
32768 1525760 32768 0
32768 1527808 32768 0
32768 1529856 32768 0
32768 1531904 32768 0
32768 1533952 32768 0
32768 1536000 32768 0
32768 1538048 32768 0
32768 1540096 32768 0
32768 1542144 32768 0
32768 1544192 32768 0
32768 1546240 32768 0
32768 1548288 32768 0
32768 1550336 32768 0
32768 1552384 32768 0
32768 1554432 32768 0
32768 1556480 32768 0
32768 1558528 32768 0
32768 1560576 32768 0
32768 1562624 32768 0
32768 1564672 32768 0
32768 1566720 32768 0
32768 1568768 32768 0
32768 1570816 32768 0
32768 1572864 32768 0
32768 1574912 32768 0
32768 1576960 32768 0
32768 1579008 32768 0
32768 1581056 32768 0
32768 1583104 32768 0
32768 1585152 32768 0
32768 1587200 32768 0
32768 1589248 32768 0
32768 1591296 32768 0
32768 1593344 32768 0
32768 1595392 32768 0
32768 1597440 32768 0
32768 1599488 32768 0
32768 1601536 32768 0
32768 1603584 32768 0
32768 1605632 32768 0
32768 1607680 32768 0
32768 1609728 32768 0
32768 1611776 32768 0
32768 1613824 32768 0
32768 1615872 32768 0
32768 1617920 32768 0
32768 1619968 32768 0
32768 1622016 32768 0
32768 1624064 32768 0
32768 1626112 32768 0
32768 1628160 32768 0
32768 1630208 32768 0
32768 1632256 32768 0
32768 1634304 32768 0
32768 1636352 32768 0
32768 1638400 32768 0
32768 1640448 32768 0
32768 1642496 32768 0
32768 1644544 32768 0
32768 1646592 32768 0
32768 1648640 32768 0
32768 1650688 32768 0
32768 1652736 32768 0
32768 1654784 32768 0
32768 1656832 32768 0
32768 1658880 32768 0
32768 1660928 32768 0
32768 1662976 32768 0
32768 1665024 32768 0
32768 1667072 32768 0
32768 1669120 32768 0
32768 1671168 32768 0
32768 1673216 32768 0
32768 1675264 32768 0
32768 1677312 32768 0
32768 1679360 32768 0
32768 1681408 32768 0
32768 1683456 32768 0
32768 1685504 32768 0
32768 1687552 32768 0
32768 1689600 32768 0
32768 1691648 32768 0
32768 1693696 32768 0
32768 1695744 32768 0
32768 1697792 32768 0
32768 1699840 32768 0
32768 1701888 32768 0
32768 1703936 32768 0
32768 1705984 32768 0
32768 1708032 32768 0
32768 1710080 32768 0
32768 1712128 32768 0
32768 1714176 32768 0
32768 1716224 32768 0
32768 1718272 32768 0
32768 1720320 32768 0
32768 1722368 32768 0
32768 1724416 32768 0
32768 1726464 32768 0
32768 1728512 32768 0
32768 1730560 32768 0
32768 1732608 32768 0
32768 1734656 32768 0
32768 1736704 32768 0
32768 1738752 32768 0
32768 1740800 32768 0
32768 1742848 32768 0
32768 1744896 32768 0
32768 1746944 32768 0
32768 1748992 32768 0
32768 1751040 32768 0
32768 1753088 32768 0
32768 1755136 32768 0
32768 1757184 32768 0
32768 1759232 32768 0
32768 1761280 32768 0
32768 1763328 32768 0
32768 1765376 32768 0
32768 1767424 32768 0
32768 1769472 32768 0
32768 1771520 32768 0
32768 1773568 32768 0
32768 1775616 32768 0
32768 1777664 32768 0
32768 1779712 32768 0
32768 1781760 32768 0
32768 1783808 32768 0
32768 1785856 32768 0
32768 1787904 32768 0
32768 1789952 32768 0
32768 1792000 32768 0
32768 1794048 32768 0
32768 1796096 32768 0
32768 1798144 32768 0
32768 1800192 32768 0
32768 1802240 32768 0
32768 1804288 32768 0
32768 1806336 32768 0
32768 1808384 32768 0
32768 1810432 32768 0
32768 1812480 32768 0
32768 1814528 32768 0
32768 1816576 32768 0
32768 1818624 32768 0
32768 1820672 32768 0
32768 1822720 32768 0
32768 1824768 32768 0
32768 1826816 32768 0
32768 1828864 32768 0
32768 1830912 32768 0
32768 1832960 32768 0
32768 1835008 32768 0
32768 1837056 32768 0
32768 1839104 32768 0
32768 1841152 32768 0
32768 1843200 32768 0
32768 1845248 32768 0
32768 1847296 32768 0
32768 1849344 32768 0
32768 1851392 32768 0
32768 1853440 32768 0
32768 1855488 32768 0
32768 1857536 32768 0
32768 1859584 32768 0
32768 1861632 32768 0
32768 1863680 32768 0
32768 1865728 32768 0
32768 1867776 32768 0
32768 1869824 32768 0
32768 1871872 32768 0
32768 1873920 32768 0
32768 1875968 32768 0
32768 1878016 32768 0
32768 1880064 32768 0
32768 1882112 32768 0
32768 1884160 32768 0
32768 1886208 32768 0
32768 1888256 32768 0
32768 1890304 32768 0
32768 1892352 32768 0
32768 1894400 32768 0
32768 1896448 32768 0
32768 1898496 32768 0
32768 1900544 32768 0
32768 1902592 32768 0
32768 1904640 32768 0
32768 1906688 32768 0
32768 1908736 32768 0
32768 1910784 32768 0
32768 1912832 32768 0
32768 1914880 32768 0
32768 1916928 32768 0
32768 1918976 32768 0
32768 1921024 32768 0
32768 1923072 32768 0
32768 1925120 32768 0
32768 1927168 32768 0
32768 1929216 32768 0
32768 1931264 32768 0
32768 1933312 32768 0
32768 1935360 32768 0
32768 1937408 32768 0
32768 1939456 32768 0
32768 1941504 32768 0
32768 1943552 32768 0
32768 1945600 32768 0
32768 1947648 32768 0
32768 1949696 32768 0
32768 1951744 32768 0
32768 1953792 32768 0
32768 1955840 32768 0
32768 1957888 32768 0
32768 1959936 32768 0
32768 1961984 32768 0
32768 1964032 32768 0
32768 1966080 32768 0
32768 1968128 32768 0
32768 1970176 32768 0
32768 1972224 32768 0
32768 1974272 32768 0
32768 1976320 32768 0
32768 1978368 32768 0
32768 1980416 32768 0
32768 1982464 32768 0
32768 1984512 32768 0
32768 1986560 32768 0
32768 1988608 32768 0
32768 1990656 32768 0
32768 1992704 32768 0
32768 1994752 32768 0
32768 1996800 32768 0
32768 1998848 32768 0
32768 2000896 32768 0
32768 2002944 32768 0
32768 2004992 32768 0
32768 2007040 32768 0
32768 2009088 32768 0
32768 2011136 32768 0
32768 2013184 32768 0
32768 2015232 32768 0
32768 2017280 32768 0
32768 2019328 32768 0
32768 2021376 32768 0
32768 2023424 32768 0
32768 2025472 32768 0
32768 2027520 32768 0
32768 2029568 32768 0
32768 2031616 32768 0
32768 2033664 32768 0
32768 2035712 32768 0
32768 2037760 32768 0
32768 2039808 32768 0
32768 2041856 32768 0
32768 2043904 32768 0
32768 2045952 32768 0
32768 2048000 32768 0
32768 2050048 32768 0
32768 2052096 32768 0
32768 2054144 32768 0
32768 2056192 32768 0
32768 2058240 32768 0
32768 2060288 32768 0
32768 2062336 32768 0
32768 2064384 32768 0
32768 2066432 32768 0
32768 2068480 32768 0
32768 2070528 32768 0
32768 2072576 32768 0
32768 2074624 32768 0
32768 2076672 32768 0
32768 2078720 32768 0
32768 2080768 32768 0
32768 2082816 32768 0
32768 2084864 32768 0
32768 2086912 32768 0
32768 2088960 32768 0
32768 2091008 32768 0
32768 2093056 32768 0
32768 2095104 32768 0
32768 2097152 32768 0
32768 2099200 32768 0
32768 2101248 32768 0
32768 2103296 32768 0
32768 2105344 32768 0
32768 2107392 32768 0
32768 2109440 32768 0
32768 2111488 32768 0
32768 2113536 32768 0
32768 2115584 32768 0
32768 2117632 32768 0
32768 2119680 32768 0
32768 2121728 32768 0
32768 2123776 32768 0
32768 2125824 32768 0
32768 2127872 32768 0
32768 2129920 32768 0
32768 2131968 32768 0
32768 2134016 32768 0
32768 2136064 32768 0
32768 2138112 32768 0
32768 2140160 32768 0
32768 2142208 32768 0
32768 2144256 32768 0
32768 2146304 32768 0
32768 2148352 32768 0
32768 2150400 32768 0
32768 2152448 32768 0
32768 2154496 32768 0
32768 2156544 32768 0
32768 2158592 32768 0
32768 2160640 32768 0
32768 2162688 32768 0
32768 2164736 32768 0
32768 2166784 32768 0
32768 2168832 32768 0
32768 2170880 32768 0
32768 2172928 32768 0
32768 2174976 32768 0
32768 2177024 32768 0
32768 2179072 32768 0
32768 2181120 32768 0
32768 2183168 32768 0
32768 2185216 32768 0
32768 2187264 32768 0
32768 2189312 32768 0
32768 2191360 32768 0
32768 2193408 32768 0
32768 2195456 32768 0
32768 2197504 32768 0
32768 2199552 32768 0
32768 2201600 32768 0
32768 2203648 32768 0
32768 2205696 32768 0
32768 2207744 32768 0
32768 2209792 32768 0
32768 2211840 32768 0
32768 2213888 32768 0
32768 2215936 32768 0
32768 2217984 32768 0
32768 2220032 32768 0
32768 2222080 32768 0
32768 2224128 32768 0
32768 2226176 32768 0
32768 2228224 32768 0
32768 2230272 32768 0
32768 2232320 32768 0
32768 2234368 32768 0
32768 2236416 32768 0
32768 2238464 32768 0
32768 2240512 32768 0
32768 2242560 32768 0
32768 2244608 32768 0
32768 2246656 32768 0
32768 2248704 32768 0
32768 2250752 32768 0
32768 2252800 32768 0
32768 2254848 32768 0
32768 2256896 32768 0
32768 2258944 32768 0
32768 2260992 32768 0
32768 2263040 32768 0
32768 2265088 32768 0
32768 2267136 32768 0
32768 2269184 32768 0
32768 2271232 32768 0
32768 2273280 32768 0
32768 2275328 32768 0
32768 2277376 32768 0
32768 2279424 32768 0
32768 2281472 32768 0
32768 2283520 32768 0
32768 2285568 32768 0
32768 2287616 32768 0
32768 2289664 32768 0
32768 2291712 32768 0
32768 2293760 32768 0
32768 2295808 32768 0
32768 2297856 32768 0
32768 2299904 32768 0
32768 2301952 32768 0
32768 2304000 32768 0
32768 2306048 32768 0
32768 2308096 32768 0
32768 2310144 32768 0
32768 2312192 32768 0
32768 2314240 32768 0
32768 2316288 32768 0
32768 2318336 32768 0
32768 2320384 32768 0
32768 2322432 32768 0
32768 2324480 32768 0
32768 2326528 32768 0
32768 2328576 32768 0
32768 2330624 32768 0
32768 2332672 32768 0
32768 2334720 32768 0
32768 2336768 32768 0
32768 2338816 32768 0
32768 2340864 32768 0
32768 2342912 32768 0
32768 2344960 32768 0
32768 2347008 32768 0
32768 2349056 32768 0
32768 2351104 32768 0
32768 2353152 32768 0
32768 2355200 32768 0
32768 2357248 32768 0
32768 2359296 32768 0
32768 2361344 32768 0
32768 2363392 32768 0
32768 2365440 32768 0
32768 2367488 32768 0
32768 2369536 32768 0
32768 2371584 32768 0
32768 2373632 32768 0
32768 2375680 32768 0
32768 2377728 32768 0
32768 2379776 32768 0
32768 2381824 32768 0
32768 2383872 32768 0
32768 2385920 32768 0
32768 2387968 32768 0
32768 2390016 32768 0
32768 2392064 32768 0
32768 2394112 32768 0
32768 2396160 32768 0
32768 2398208 32768 0
32768 2400256 32768 0
32768 2402304 32768 0
32768 2404352 32768 0
32768 2406400 32768 0
32768 2408448 32768 0
32768 2410496 32768 0
32768 2412544 32768 0
32768 2414592 32768 0
32768 2416640 32768 0
32768 2418688 32768 0
32768 2420736 32768 0
32768 2422784 32768 0
32768 2424832 32768 0
32768 2426880 32768 0
32768 2428928 32768 0
32768 2430976 32768 0
32768 2433024 32768 0
32768 2435072 32768 0
32768 2437120 32768 0
32768 2439168 32768 0
32768 2441216 32768 0
32768 2443264 32768 0
32768 2445312 32768 0
32768 2447360 32768 0
32768 2449408 32768 0
32768 2451456 32768 0
32768 2453504 32768 0
32768 2455552 32768 0
32768 2457600 32768 0
32768 2459648 32768 0
32768 2461696 32768 0
32768 2463744 32768 0
32768 2465792 32768 0
32768 2467840 32768 0
32768 2469888 32768 0
32768 2471936 32768 0
32768 2473984 32768 0
32768 2476032 32768 0
32768 2478080 32768 0
32768 2480128 32768 0
32768 2482176 32768 0
32768 2484224 32768 0
32768 2486272 32768 0
32768 2488320 32768 0
32768 2490368 32768 0
32768 2492416 32768 0
32768 2494464 32768 0
32768 2496512 32768 0
32768 2498560 32768 0
32768 2500608 32768 0
32768 2502656 32768 0
32768 2504704 32768 0
32768 2506752 32768 0
32768 2508800 32768 0
32768 2510848 32768 0
32768 2512896 32768 0
32768 2514944 32768 0
32768 2516992 32768 0
32768 2519040 32768 0
32768 2521088 32768 0
32768 2523136 32768 0
32768 2525184 32768 0
32768 2527232 32768 0
32768 2529280 32768 0
32768 2531328 32768 0
32768 2533376 32768 0
32768 2535424 32768 0
32768 2537472 32768 0
32768 2539520 32768 0
32768 2541568 32768 0
32768 2543616 32768 0
32768 2545664 32768 0
32768 2547712 32768 0
32768 2549760 32768 0
32768 2551808 32768 0
32768 2553856 32768 0
32768 2555904 32768 0
32768 2557952 32768 0
32768 2560000 32768 0
32768 2562048 32768 0
32768 2564096 32768 0
32768 2566144 32768 0
32768 2568192 32768 0
32768 2570240 32768 0
32768 2572288 32768 0
32768 2574336 32768 0
32768 2576384 32768 0
32768 2578432 32768 0
32768 2580480 32768 0
32768 2582528 32768 0
32768 2584576 32768 0
32768 2586624 32768 0
32768 2588672 32768 0
32768 2590720 32768 0
32768 2592768 32768 0
32768 2594816 32768 0
32768 2596864 32768 0
32768 2598912 32768 0
32768 2600960 32768 0
32768 2603008 32768 0
32768 2605056 32768 0
32768 2607104 32768 0
32768 2609152 32768 0
32768 2611200 32768 0
32768 2613248 32768 0
32768 2615296 32768 0
32768 2617344 32768 0
32768 2619392 32768 0
32768 2621440 32768 0
32768 2623488 32768 0
32768 2625536 32768 0
32768 2627584 32768 0
32768 2629632 32768 0
32768 2631680 32768 0
32768 2633728 32768 0
32768 2635776 32768 0
32768 2637824 32768 0
32768 2639872 32768 0
32768 2641920 32768 0
32768 2643968 32768 0
32768 2646016 32768 0
32768 2648064 32768 0
32768 2650112 32768 0
32768 2652160 32768 0
32768 2654208 32768 0
32768 2656256 32768 0
32768 2658304 32768 0
32768 2660352 32768 0
32768 2662400 32768 0
32768 2664448 32768 0
32768 2666496 32768 0
32768 2668544 32768 0
32768 2670592 32768 0
32768 2672640 32768 0
32768 2674688 32768 0
32768 2676736 32768 0
32768 2678784 32768 0
32768 2680832 32768 0
32768 2682880 32768 0
32768 2684928 32768 0
32768 2686976 32768 0
32768 2689024 32768 0
32768 2691072 32768 0
32768 2693120 32768 0
32768 2695168 32768 0
32768 2697216 32768 0
32768 2699264 32768 0
32768 2701312 32768 0
32768 2703360 32768 0
32768 2705408 32768 0
32768 2707456 32768 0
32768 2709504 32768 0
32768 2711552 32768 0
32768 2713600 32768 0
32768 2715648 32768 0
32768 2717696 32768 0
32768 2719744 32768 0
32768 2721792 32768 0
32768 2723840 32768 0
32768 2725888 32768 0
32768 2727936 32768 0
32768 2729984 32768 0
32768 2732032 32768 0
32768 2734080 32768 0
32768 2736128 32768 0
32768 2738176 32768 0
32768 2740224 32768 0
32768 2742272 32768 0
32768 2744320 32768 0
32768 2746368 32768 0
32768 2748416 32768 0
32768 2750464 32768 0
32768 2752512 32768 0
32768 2754560 32768 0
32768 2756608 32768 0
32768 2758656 32768 0
32768 2760704 32768 0
32768 2762752 32768 0
32768 2764800 32768 0
32768 2766848 32768 0
32768 2768896 32768 0
32768 2770944 32768 0
32768 2772992 32768 0
32768 2775040 32768 0
32768 2777088 32768 0
32768 2779136 32768 0
32768 2781184 32768 0
32768 2783232 32768 0
32768 2785280 32768 0
32768 2787328 32768 0
32768 2789376 32768 0
32768 2791424 32768 0
32768 2793472 32768 0
32768 2795520 32768 0
32768 2797568 32768 0
32768 2799616 32768 0
32768 2801664 32768 0
32768 2803712 32768 0
32768 2805760 32768 0
32768 2807808 32768 0
32768 2809856 32768 0
32768 2811904 32768 0
32768 2813952 32768 0
32768 2816000 32768 0
32768 2818048 32768 0
32768 2820096 32768 0
32768 2822144 32768 0
32768 2824192 32768 0
32768 2826240 32768 0
32768 2828288 32768 0
32768 2830336 32768 0
32768 2832384 32768 0
32768 2834432 32768 0
32768 2836480 32768 0
32768 2838528 32768 0
32768 2840576 32768 0
32768 2842624 32768 0
32768 2844672 32768 0
32768 2846720 32768 0
32768 2848768 32768 0
32768 2850816 32768 0
32768 2852864 32768 0
32768 2854912 32768 0
32768 2856960 32768 0
32768 2859008 32768 0
32768 2861056 32768 0
32768 2863104 32768 0
32768 2865152 32768 0
32768 2867200 32768 0
32768 2869248 32768 0
32768 2871296 32768 0
32768 2873344 32768 0
32768 2875392 32768 0
32768 2877440 32768 0
32768 2879488 32768 0
32768 2881536 32768 0
32768 2883584 32768 0
32768 2885632 32768 0
32768 2887680 32768 0
32768 2889728 32768 0
32768 2891776 32768 0
32768 2893824 32768 0
32768 2895872 32768 0
32768 2897920 32768 0
32768 2899968 32768 0
32768 2902016 32768 0
32768 2904064 32768 0
32768 2906112 32768 0
32768 2908160 32768 0
32768 2910208 32768 0
32768 2912256 32768 0
32768 2914304 32768 0
32768 2916352 32768 0
32768 2918400 32768 0
32768 2920448 32768 0
32768 2922496 32768 0
32768 2924544 32768 0
32768 2926592 32768 0
32768 2928640 32768 0
32768 2930688 32768 0
32768 2932736 32768 0
32768 2934784 32768 0
32768 2936832 32768 0
32768 2938880 32768 0
32768 2940928 32768 0
32768 2942976 32768 0
32768 2945024 32768 0
32768 2947072 32768 0
32768 2949120 32768 0
32768 2951168 32768 0
32768 2953216 32768 0
32768 2955264 32768 0
32768 2957312 32768 0
32768 2959360 32768 0
32768 2961408 32768 0
32768 2963456 32768 0
32768 2965504 32768 0
32768 2967552 32768 0
32768 2969600 32768 0
32768 2971648 32768 0
32768 2973696 32768 0
32768 2975744 32768 0
32768 2977792 32768 0
32768 2979840 32768 0
32768 2981888 32768 0
32768 2983936 32768 0
32768 2985984 32768 0
32768 2988032 32768 0
32768 2990080 32768 0
32768 2992128 32768 0
32768 2994176 32768 0
32768 2996224 32768 0
32768 2998272 32768 0
32768 3000320 32768 0
32768 3002368 32768 0
32768 3004416 32768 0
32768 3006464 32768 0
32768 3008512 32768 0
32768 3010560 32768 0
32768 3012608 32768 0
32768 3014656 32768 0
32768 3016704 32768 0
32768 3018752 32768 0
32768 3020800 32768 0
32768 3022848 32768 0
32768 3024896 32768 0
32768 3026944 32768 0
32768 3028992 32768 0
32768 3031040 32768 0
32768 3033088 32768 0
32768 3035136 32768 0
32768 3037184 32768 0
32768 3039232 32768 0
32768 3041280 32768 0
32768 3043328 32768 0
32768 3045376 32768 0
32768 3047424 32768 0
32768 3049472 32768 0
32768 3051520 32768 0
32768 3053568 32768 0
32768 3055616 32768 0
32768 3057664 32768 0
32768 3059712 32768 0
32768 3061760 32768 0
32768 3063808 32768 0
32768 3065856 32768 0
32768 3067904 32768 0
32768 3069952 32768 0
32768 3072000 32768 0
32768 3074048 32768 0
32768 3076096 32768 0
32768 3078144 32768 0
32768 3080192 32768 0
32768 3082240 32768 0
32768 3084288 32768 0
32768 3086336 32768 0
32768 3088384 32768 0
32768 3090432 32768 0
32768 3092480 32768 0
32768 3094528 32768 0
32768 3096576 32768 0
32768 3098624 32768 0
32768 3100672 32768 0
32768 3102720 32768 0
32768 3104768 32768 0
32768 3106816 32768 0
32768 3108864 32768 0
32768 3110912 32768 0
32768 3112960 32768 0
32768 3115008 32768 0
32768 3117056 32768 0
32768 3119104 32768 0
32768 3121152 32768 0
32768 3123200 32768 0
32768 3125248 32768 0
32768 3127296 32768 0
32768 3129344 32768 0
32768 3131392 32768 0
32768 3133440 32768 0
32768 3135488 32768 0
32768 3137536 32768 0
32768 3139584 32768 0
32768 3141632 32768 0
32768 3143680 32768 0
32768 3145728 32768 0
32768 3147776 32768 0
32768 3149824 32768 0
32768 3151872 32768 0
32768 3153920 32768 0
32768 3155968 32768 0
32768 3158016 32768 0
32768 3160064 32768 0
32768 3162112 32768 0
32768 3164160 32768 0
32768 3166208 32768 0
32768 3168256 32768 0
32768 3170304 32768 0
32768 3172352 32768 0
32768 3174400 32768 0
32768 3176448 32768 0
32768 3178496 32768 0
32768 3180544 32768 0
32768 3182592 32768 0
32768 3184640 32768 0
32768 3186688 32768 0
32768 3188736 32768 0
32768 3190784 32768 0
32768 3192832 32768 0
32768 3194880 32768 0
32768 3196928 32768 0
32768 3198976 32768 0
32768 3201024 32768 0
32768 3203072 32768 0
32768 3205120 32768 0
32768 3207168 32768 0
32768 3209216 32768 0
32768 3211264 32768 0
32768 3213312 32768 0
32768 3215360 32768 0
32768 3217408 32768 0
32768 3219456 32768 0
32768 3221504 32768 0
32768 3223552 32768 0
32768 3225600 32768 0
32768 3227648 32768 0
32768 3229696 32768 0
32768 3231744 32768 0
32768 3233792 32768 0
32768 3235840 32768 0
32768 3237888 32768 0
32768 3239936 32768 0
32768 3241984 32768 0
32768 3244032 32768 0
32768 3246080 32768 0
32768 3248128 32768 0
32768 3250176 32768 0
32768 3252224 32768 0
32768 3254272 32768 0
32768 3256320 32768 0
32768 3258368 32768 0
32768 3260416 32768 0
32768 3262464 32768 0
32768 3264512 32768 0
32768 3266560 32768 0
32768 3268608 32768 0
32768 3270656 32768 0
32768 3272704 32768 0
32768 3274752 32768 0
32768 3276800 32768 0
32768 3278848 32768 0
32768 3280896 32768 0
32768 3282944 32768 0
32768 3284992 32768 0
32768 3287040 32768 0
32768 3289088 32768 0
32768 3291136 32768 0
32768 3293184 32768 0
32768 3295232 32768 0
32768 3297280 32768 0
32768 3299328 32768 0
32768 3301376 32768 0
32768 3303424 32768 0
32768 3305472 32768 0
32768 3307520 32768 0
32768 3309568 32768 0
32768 3311616 32768 0
32768 3313664 32768 0
32768 3315712 32768 0
32768 3317760 32768 0
32768 3319808 32768 0
32768 3321856 32768 0
32768 3323904 32768 0
32768 3325952 32768 0
32768 3328000 32768 0
32768 3330048 32768 0
32768 3332096 32768 0
32768 3334144 32768 0
32768 3336192 32768 0
32768 3338240 32768 0
32768 3340288 32768 0
32768 3342336 32768 0
32768 3344384 32768 0
32768 3346432 32768 0
32768 3348480 32768 0
32768 3350528 32768 0
32768 3352576 32768 0
32768 3354624 32768 0
32768 3356672 32768 0
32768 3358720 32768 0
32768 3360768 32768 0
32768 3362816 32768 0
32768 3364864 32768 0
32768 3366912 32768 0
32768 3368960 32768 0
32768 3371008 32768 0
32768 3373056 32768 0
32768 3375104 32768 0
32768 3377152 32768 0
32768 3379200 32768 0
32768 3381248 32768 0
32768 3383296 32768 0
32768 3385344 32768 0
32768 3387392 32768 0
32768 3389440 32768 0
32768 3391488 32768 0
32768 3393536 32768 0
32768 3395584 32768 0
32768 3397632 32768 0
32768 3399680 32768 0
32768 3401728 32768 0
32768 3403776 32768 0
32768 3405824 32768 0
32768 3407872 32768 0
32768 3409920 32768 0
32768 3411968 32768 0
32768 3414016 32768 0
32768 3416064 32768 0
32768 3418112 32768 0
32768 3420160 32768 0
32768 3422208 32768 0
32768 3424256 32768 0
32768 3426304 32768 0
32768 3428352 32768 0
32768 3430400 32768 0
32768 3432448 32768 0
32768 3434496 32768 0
32768 3436544 32768 0
32768 3438592 32768 0
32768 3440640 32768 0
32768 3442688 32768 0
32768 3444736 32768 0
32768 3446784 32768 0
32768 3448832 32768 0
32768 3450880 32768 0
32768 3452928 32768 0
32768 3454976 32768 0
32768 3457024 32768 0
32768 3459072 32768 0
32768 3461120 32768 0
32768 3463168 32768 0
32768 3465216 32768 0
32768 3467264 32768 0
32768 3469312 32768 0
32768 3471360 32768 0
32768 3473408 32768 0
32768 3475456 32768 0
32768 3477504 32768 0
32768 3479552 32768 0
32768 3481600 32768 0
32768 3483648 32768 0
32768 3485696 32768 0
32768 3487744 32768 0
32768 3489792 32768 0
32768 3491840 32768 0
32768 3493888 32768 0
32768 3495936 32768 0
32768 3497984 32768 0
32768 3500032 32768 0
32768 3502080 32768 0
32768 3504128 32768 0
32768 3506176 32768 0
32768 3508224 32768 0
32768 3510272 32768 0
32768 3512320 32768 0
32768 3514368 32768 0
32768 3516416 32768 0
32768 3518464 32768 0
32768 3520512 32768 0
32768 3522560 32768 0
32768 3524608 32768 0
32768 3526656 32768 0
32768 3528704 32768 0
32768 3530752 32768 0
32768 3532800 32768 0
32768 3534848 32768 0
32768 3536896 32768 0
32768 3538944 32768 0
32768 3540992 32768 0
32768 3543040 32768 0
32768 3545088 32768 0
32768 3547136 32768 0
32768 3549184 32768 0
32768 3551232 32768 0
32768 3553280 32768 0
32768 3555328 32768 0
32768 3557376 32768 0
32768 3559424 32768 0
32768 3561472 32768 0
32768 3563520 32768 0
32768 3565568 32768 0
32768 3567616 32768 0
32768 3569664 32768 0
32768 3571712 32768 0
32768 3573760 32768 0
32768 3575808 32768 0
32768 3577856 32768 0
32768 3579904 32768 0
32768 3581952 32768 0
32768 3584000 32768 0
32768 3586048 32768 0
32768 3588096 32768 0
32768 3590144 32768 0
32768 3592192 32768 0
32768 3594240 32768 0
32768 3596288 32768 0
32768 3598336 32768 0
32768 3600384 32768 0
32768 3602432 32768 0
32768 3604480 32768 0
32768 3606528 32768 0
32768 3608576 32768 0
32768 3610624 32768 0
32768 3612672 32768 0
32768 3614720 32768 0
32768 3616768 32768 0
32768 3618816 32768 0
32768 3620864 32768 0
32768 3622912 32768 0
32768 3624960 32768 0
32768 3627008 32768 0
32768 3629056 32768 0
32768 3631104 32768 0
32768 3633152 32768 0
32768 3635200 32768 0
32768 3637248 32768 0
32768 3639296 32768 0
32768 3641344 32768 0
32768 3643392 32768 0
32768 3645440 32768 0
32768 3647488 32768 0
32768 3649536 32768 0
32768 3651584 32768 0
32768 3653632 32768 0
32768 3655680 32768 0
32768 3657728 32768 0
32768 3659776 32768 0
32768 3661824 32768 0
32768 3663872 32768 0
32768 3665920 32768 0
32768 3667968 32768 0
32768 3670016 32768 0
32768 3672064 32768 0
32768 3674112 32768 0
32768 3676160 32768 0
32768 3678208 32768 0
32768 3680256 32768 0
32768 3682304 32768 0
32768 3684352 32768 0
32768 3686400 32768 0
32768 3688448 32768 0
32768 3690496 32768 0
32768 3692544 32768 0
32768 3694592 32768 0
32768 3696640 32768 0
32768 3698688 32768 0
32768 3700736 32768 0
32768 3702784 32768 0
32768 3704832 32768 0
32768 3706880 32768 0
32768 3708928 32768 0
32768 3710976 32768 0
32768 3713024 32768 0
32768 3715072 32768 0
32768 3717120 32768 0
32768 3719168 32768 0
32768 3721216 32768 0
32768 3723264 32768 0
32768 3725312 32768 0
32768 3727360 32768 0
32768 3729408 32768 0
32768 3731456 32768 0
32768 3733504 32768 0
32768 3735552 32768 0
32768 3737600 32768 0
32768 3739648 32768 0
32768 3741696 32768 0
32768 3743744 32768 0
32768 3745792 32768 0
32768 3747840 32768 0
32768 3749888 32768 0
32768 3751936 32768 0
32768 3753984 32768 0
32768 3756032 32768 0
32768 3758080 32768 0
32768 3760128 32768 0
32768 3762176 32768 0
32768 3764224 32768 0
32768 3766272 32768 0
32768 3768320 32768 0
32768 3770368 32768 0
32768 3772416 32768 0
32768 3774464 32768 0
32768 3776512 32768 0
32768 3778560 32768 0
32768 3780608 32768 0
32768 3782656 32768 0
32768 3784704 32768 0
32768 3786752 32768 0
32768 3788800 32768 0
32768 3790848 32768 0
32768 3792896 32768 0
32768 3794944 32768 0
32768 3796992 32768 0
32768 3799040 32768 0
32768 3801088 32768 0
32768 3803136 32768 0
32768 3805184 32768 0
32768 3807232 32768 0
32768 3809280 32768 0
32768 3811328 32768 0
32768 3813376 32768 0
32768 3815424 32768 0
32768 3817472 32768 0
32768 3819520 32768 0
32768 3821568 32768 0
32768 3823616 32768 0
32768 3825664 32768 0
32768 3827712 32768 0
32768 3829760 32768 0
32768 3831808 32768 0
32768 3833856 32768 0
32768 3835904 32768 0
32768 3837952 32768 0
32768 3840000 32768 0
32768 3842048 32768 0
32768 3844096 32768 0
32768 3846144 32768 0
32768 3848192 32768 0
32768 3850240 32768 0
32768 3852288 32768 0
32768 3854336 32768 0
32768 3856384 32768 0
32768 3858432 32768 0
32768 3860480 32768 0
32768 3862528 32768 0
32768 3864576 32768 0
32768 3866624 32768 0
32768 3868672 32768 0
32768 3870720 32768 0
32768 3872768 32768 0
32768 3874816 32768 0
32768 3876864 32768 0
32768 3878912 32768 0
32768 3880960 32768 0
32768 3883008 32768 0
32768 3885056 32768 0
32768 3887104 32768 0
32768 3889152 32768 0
32768 3891200 32768 0
32768 3893248 32768 0
32768 3895296 32768 0
32768 3897344 32768 0
32768 3899392 32768 0
32768 3901440 32768 0
32768 3903488 32768 0
32768 3905536 32768 0
32768 3907584 32768 0
32768 3909632 32768 0
32768 3911680 32768 0
32768 3913728 32768 0
32768 3915776 32768 0
32768 3917824 32768 0
32768 3919872 32768 0
32768 3921920 32768 0
32768 3923968 32768 0
32768 3926016 32768 0
32768 3928064 32768 0
32768 3930112 32768 0
32768 3932160 32768 0
32768 3934208 32768 0
32768 3936256 32768 0
32768 3938304 32768 0
32768 3940352 32768 0
32768 3942400 32768 0
32768 3944448 32768 0
32768 3946496 32768 0
32768 3948544 32768 0
32768 3950592 32768 0
32768 3952640 32768 0
32768 3954688 32768 0
32768 3956736 32768 0
32768 3958784 32768 0
32768 3960832 32768 0
32768 3962880 32768 0
32768 3964928 32768 0
32768 3966976 32768 0
32768 3969024 32768 0
32768 3971072 32768 0
32768 3973120 32768 0
32768 3975168 32768 0
32768 3977216 32768 0
32768 3979264 32768 0
32768 3981312 32768 0
32768 3983360 32768 0
32768 3985408 32768 0
32768 3987456 32768 0
32768 3989504 32768 0
32768 3991552 32768 0
32768 3993600 32768 0
32768 3995648 32768 0
32768 3997696 32768 0
32768 3999744 32768 0
32768 4001792 32768 0
32768 4003840 32768 0
32768 4005888 32768 0
32768 4007936 32768 0
32768 4009984 32768 0
32768 4012032 32768 0
32768 4014080 32768 0
32768 4016128 32768 0
32768 4018176 32768 0
32768 4020224 32768 0
32768 4022272 32768 0
32768 4024320 32768 0
32768 4026368 32768 0
32768 4028416 32768 0
32768 4030464 32768 0
32768 4032512 32768 0
32768 4034560 32768 0
32768 4036608 32768 0
32768 4038656 32768 0
32768 4040704 32768 0
32768 4042752 32768 0
32768 4044800 32768 0
32768 4046848 32768 0
32768 4048896 32768 0
32768 4050944 32768 0
32768 4052992 32768 0
32768 4055040 32768 0
32768 4057088 32768 0
32768 4059136 32768 0
32768 4061184 32768 0
32768 4063232 32768 0
32768 4065280 32768 0
32768 4067328 32768 0
32768 4069376 32768 0
32768 4071424 32768 0
32768 4073472 32768 0
32768 4075520 32768 0
32768 4077568 32768 0
32768 4079616 32768 0
32768 4081664 32768 0
32768 4083712 32768 0
32768 4085760 32768 0
32768 4087808 32768 0
32768 4089856 32768 0
32768 4091904 32768 0
32768 4093952 32768 0
32768 4096000 32768 0
32768 4098048 32768 0
32768 4100096 32768 0
32768 4102144 32768 0
32768 4104192 32768 0
32768 4106240 32768 0
32768 4108288 32768 0
32768 4110336 32768 0
32768 4112384 32768 0
32768 4114432 32768 0
32768 4116480 32768 0
32768 4118528 32768 0
32768 4120576 32768 0
32768 4122624 32768 0
32768 4124672 32768 0
32768 4126720 32768 0
32768 4128768 32768 0
32768 4130816 32768 0
32768 4132864 32768 0
32768 4134912 32768 0
32768 4136960 32768 0
32768 4139008 32768 0
32768 4141056 32768 0
32768 4143104 32768 0
32768 4145152 32768 0
32768 4147200 32768 0
32768 4149248 32768 0
32768 4151296 32768 0
32768 4153344 32768 0
32768 4155392 32768 0
32768 4157440 32768 0
32768 4159488 32768 0
32768 4161536 32768 0
32768 4163584 32768 0
32768 4165632 32768 0
32768 4167680 32768 0
32768 4169728 32768 0
32768 4171776 32768 0
32768 4173824 32768 0
32768 4175872 32768 0
32768 4177920 32768 0
32768 4179968 32768 0
32768 4182016 32768 0
32768 4184064 32768 0
32768 4186112 32768 0
32768 4188160 32768 0
32768 4190208 32768 0
32768 4192256 32768 0
32768 4194304 32768 0
32768 4196352 32768 0
32768 4198400 32768 0
32768 4200448 32768 0
32768 4202496 32768 0
32768 4204544 32768 0
32768 4206592 32768 0
32768 4208640 32768 0
32768 4210688 32768 0
32768 4212736 32768 0
32768 4214784 32768 0
32768 4216832 32768 0
32768 4218880 32768 0
32768 4220928 32768 0
32768 4222976 32768 0
32768 4225024 32768 0
32768 4227072 32768 0
32768 4229120 32768 0
32768 4231168 32768 0
32768 4233216 32768 0
32768 4235264 32768 0
32768 4237312 32768 0
32768 4239360 32768 0
32768 4241408 32768 0
32768 4243456 32768 0
32768 4245504 32768 0
32768 4247552 32768 0
32768 4249600 32768 0
32768 4251648 32768 0
32768 4253696 32768 0
32768 4255744 32768 0
32768 4257792 32768 0
32768 4259840 32768 0
32768 4261888 32768 0
32768 4263936 32768 0
32768 4265984 32768 0
32768 4268032 32768 0
32768 4270080 32768 0
32768 4272128 32768 0
32768 4274176 32768 0
32768 4276224 32768 0
32768 4278272 32768 0
32768 4280320 32768 0
32768 4282368 32768 0
32768 4284416 32768 0
32768 4286464 32768 0
32768 4288512 32768 0
32768 4290560 32768 0
32768 4292608 32768 0
32768 4294656 32768 0
32768 4296704 32768 0
32768 4298752 32768 0
32768 4300800 32768 0
32768 4302848 32768 0
32768 4304896 32768 0
32768 4306944 32768 0
32768 4308992 32768 0
32768 4311040 32768 0
32768 4313088 32768 0
32768 4315136 32768 0
32768 4317184 32768 0
32768 4319232 32768 0
32768 4321280 32768 0
32768 4323328 32768 0
32768 4325376 32768 0
32768 4327424 32768 0
32768 4329472 32768 0
32768 4331520 32768 0
32768 4333568 32768 0
32768 4335616 32768 0
32768 4337664 32768 0
32768 4339712 32768 0
32768 4341760 32768 0
32768 4343808 32768 0
32768 4345856 32768 0
32768 4347904 32768 0
32768 4349952 32768 0
32768 4352000 32768 0
32768 4354048 32768 0
32768 4356096 32768 0
32768 4358144 32768 0
32768 4360192 32768 0
32768 4362240 32768 0
32768 4364288 32768 0
32768 4366336 32768 0
32768 4368384 32768 0
32768 4370432 32768 0
32768 4372480 32768 0
32768 4374528 32768 0
32768 4376576 32768 0
32768 4378624 32768 0
32768 4380672 32768 0
32768 4382720 32768 0
32768 4384768 32768 0
32768 4386816 32768 0
32768 4388864 32768 0
32768 4390912 32768 0
32768 4392960 32768 0
32768 4395008 32768 0
32768 4397056 32768 0
32768 4399104 32768 0
32768 4401152 32768 0
32768 4403200 32768 0
32768 4405248 32768 0
32768 4407296 32768 0
32768 4409344 32768 0
32768 4411392 32768 0
32768 4413440 32768 0
32768 4415488 32768 0
32768 4417536 32768 0
32768 4419584 32768 0
32768 4421632 32768 0
32768 4423680 32768 0
32768 4425728 32768 0
32768 4427776 32768 0
32768 4429824 32768 0
32768 4431872 32768 0
32768 4433920 32768 0
32768 4435968 32768 0
32768 4438016 32768 0
32768 4440064 32768 0
32768 4442112 32768 0
32768 4444160 32768 0
32768 4446208 32768 0
32768 4448256 32768 0
32768 4450304 32768 0
32768 4452352 32768 0
32768 4454400 32768 0
32768 4456448 32768 0
32768 4458496 32768 0
32768 4460544 32768 0
32768 4462592 32768 0
32768 4464640 32768 0
32768 4466688 32768 0
32768 4468736 32768 0
32768 4470784 32768 0
32768 4472832 32768 0
32768 4474880 32768 0
32768 4476928 32768 0
32768 4478976 32768 0
32768 4481024 32768 0
32768 4483072 32768 0
32768 4485120 32768 0
32768 4487168 32768 0
32768 4489216 32768 0
32768 4491264 32768 0
32768 4493312 32768 0
32768 4495360 32768 0
32768 4497408 32768 0
32768 4499456 32768 0
32768 4501504 32768 0
32768 4503552 32768 0
32768 4505600 32768 0
32768 4507648 32768 0
32768 4509696 32768 0
32768 4511744 32768 0
32768 4513792 32768 0
32768 4515840 32768 0
32768 4517888 32768 0
32768 4519936 32768 0
32768 4521984 32768 0
32768 4524032 32768 0
32768 4526080 32768 0
32768 4528128 32768 0
32768 4530176 32768 0
32768 4532224 32768 0
32768 4534272 32768 0
32768 4536320 32768 0
32768 4538368 32768 0
32768 4540416 32768 0
32768 4542464 32768 0
32768 4544512 32768 0
32768 4546560 32768 0
32768 4548608 32768 0
32768 4550656 32768 0
32768 4552704 32768 0
32768 4554752 32768 0
32768 4556800 32768 0
32768 4558848 32768 0
32768 4560896 32768 0
32768 4562944 32768 0
32768 4564992 32768 0
32768 4567040 32768 0
32768 4569088 32768 0
32768 4571136 32768 0
32768 4573184 32768 0
32768 4575232 32768 0
32768 4577280 32768 0
32768 4579328 32768 0
32768 4581376 32768 0
32768 4583424 32768 0
32768 4585472 32768 0
32768 4587520 32768 0
32768 4589568 32768 0
32768 4591616 32768 0
32768 4593664 32768 0
32768 4595712 32768 0
32768 4597760 32768 0
32768 4599808 32768 0
32768 4601856 32768 0
32768 4603904 32768 0
32768 4605952 32768 0
32768 4608000 32768 0
32768 4610048 32768 0
32768 4612096 32768 0
32768 4614144 32768 0
32768 4616192 32768 0
32768 4618240 32768 0
32768 4620288 32768 0
32768 4622336 32768 0
32768 4624384 32768 0
32768 4626432 32768 0
32768 4628480 32768 0
32768 4630528 32768 0
32768 4632576 32768 0
32768 4634624 32768 0
32768 4636672 32768 0
32768 4638720 32768 0
32768 4640768 32768 0
32768 4642816 32768 0
32768 4644864 32768 0
32768 4646912 32768 0
32768 4648960 32768 0
32768 4651008 32768 0
32768 4653056 32768 0
32768 4655104 32768 0
32768 4657152 32768 0
32768 4659200 32768 0
32768 4661248 32768 0
32768 4663296 32768 0
32768 4665344 32768 0
32768 4667392 32768 0
32768 4669440 32768 0
32768 4671488 32768 0
32768 4673536 32768 0
32768 4675584 32768 0
32768 4677632 32768 0
32768 4679680 32768 0
32768 4681728 32768 0
32768 4683776 32768 0
32768 4685824 32768 0
32768 4687872 32768 0
32768 4689920 32768 0
32768 4691968 32768 0
32768 4694016 32768 0
32768 4696064 32768 0
32768 4698112 32768 0
32768 4700160 32768 0
32768 4702208 32768 0
32768 4704256 32768 0
32768 4706304 32768 0
32768 4708352 32768 0
32768 4710400 32768 0
32768 4712448 32768 0
32768 4714496 32768 0
32768 4716544 32768 0
32768 4718592 32768 0
32768 4720640 32768 0
32768 4722688 32768 0
32768 4724736 32768 0
32768 4726784 32768 0
32768 4728832 32768 0
32768 4730880 32768 0
32768 4732928 32768 0
32768 4734976 32768 0
32768 4737024 32768 0
32768 4739072 32768 0
32768 4741120 32768 0
32768 4743168 32768 0
32768 4745216 32768 0
32768 4747264 32768 0
32768 4749312 32768 0
32768 4751360 32768 0
32768 4753408 32768 0
32768 4755456 32768 0
32768 4757504 32768 0
32768 4759552 32768 0
32768 4761600 32768 0
32768 4763648 32768 0
32768 4765696 32768 0
32768 4767744 32768 0
32768 4769792 32768 0
32768 4771840 32768 0
32768 4773888 32768 0
32768 4775936 32768 0
32768 4777984 32768 0
32768 4780032 32768 0
32768 4782080 32768 0
32768 4784128 32768 0
32768 4786176 32768 0
32768 4788224 32768 0
32768 4790272 32768 0
32768 4792320 32768 0
32768 4794368 32768 0
32768 4796416 32768 0
32768 4798464 32768 0
32768 4800512 32768 0
32768 4802560 32768 0
32768 4804608 32768 0
32768 4806656 32768 0
32768 4808704 32768 0
32768 4810752 32768 0
32768 4812800 32768 0
32768 4814848 32768 0
32768 4816896 32768 0
32768 4818944 32768 0
32768 4820992 32768 0
32768 4823040 32768 0
32768 4825088 32768 0
32768 4827136 32768 0
32768 4829184 32768 0
32768 4831232 32768 0
32768 4833280 32768 0
32768 4835328 32768 0
32768 4837376 32768 0
32768 4839424 32768 0
32768 4841472 32768 0
32768 4843520 32768 0
32768 4845568 32768 0
32768 4847616 32768 0
32768 4849664 32768 0
32768 4851712 32768 0
32768 4853760 32768 0
32768 4855808 32768 0
32768 4857856 32768 0
32768 4859904 32768 0
32768 4861952 32768 0
32768 4864000 32768 0
32768 4866048 32768 0
32768 4868096 32768 0
32768 4870144 32768 0
32768 4872192 32768 0
32768 4874240 32768 0
32768 4876288 32768 0
32768 4878336 32768 0
32768 4880384 32768 0
32768 4882432 32768 0
32768 4884480 32768 0
32768 4886528 32768 0
32768 4888576 32768 0
32768 4890624 32768 0
32768 4892672 32768 0
32768 4894720 32768 0
32768 4896768 32768 0
32768 4898816 32768 0
32768 4900864 32768 0
32768 4902912 32768 0
32768 4904960 32768 0
32768 4907008 32768 0
32768 4909056 32768 0
32768 4911104 32768 0
32768 4913152 32768 0
32768 4915200 32768 0
32768 4917248 32768 0
32768 4919296 32768 0
32768 4921344 32768 0
32768 4923392 32768 0
32768 4925440 32768 0
32768 4927488 32768 0
32768 4929536 32768 0
32768 4931584 32768 0
32768 4933632 32768 0
32768 4935680 32768 0
32768 4937728 32768 0
32768 4939776 32768 0
32768 4941824 32768 0
32768 4943872 32768 0
32768 4945920 32768 0
32768 4947968 32768 0
32768 4950016 32768 0
32768 4952064 32768 0
32768 4954112 32768 0
32768 4956160 32768 0
32768 4958208 32768 0
32768 4960256 32768 0
32768 4962304 32768 0
32768 4964352 32768 0
32768 4966400 32768 0
32768 4968448 32768 0
32768 4970496 32768 0
32768 4972544 32768 0
32768 4974592 32768 0
32768 4976640 32768 0
32768 4978688 32768 0
32768 4980736 32768 0
32768 4982784 32768 0
32768 4984832 32768 0
32768 4986880 32768 0
32768 4988928 32768 0
32768 4990976 32768 0
32768 4993024 32768 0
32768 4995072 32768 0
32768 4997120 32768 0
32768 4999168 32768 0
32768 5001216 32768 0
32768 5003264 32768 0
32768 5005312 32768 0
32768 5007360 32768 0
32768 5009408 32768 0
32768 5011456 32768 0
32768 5013504 32768 0
32768 5015552 32768 0
32768 5017600 32768 0
32768 5019648 32768 0
32768 5021696 32768 0
32768 5023744 32768 0
32768 5025792 32768 0
32768 5027840 32768 0
32768 5029888 32768 0
32768 5031936 32768 0
32768 5033984 32768 0
32768 5036032 32768 0
32768 5038080 32768 0
32768 5040128 32768 0
32768 5042176 32768 0
32768 5044224 32768 0
32768 5046272 32768 0
32768 5048320 32768 0
32768 5050368 32768 0
32768 5052416 32768 0
32768 5054464 32768 0
32768 5056512 32768 0
32768 5058560 32768 0
32768 5060608 32768 0
32768 5062656 32768 0
32768 5064704 32768 0
32768 5066752 32768 0
32768 5068800 32768 0
32768 5070848 32768 0
32768 5072896 32768 0
32768 5074944 32768 0
32768 5076992 32768 0
32768 5079040 32768 0
32768 5081088 32768 0
32768 5083136 32768 0
32768 5085184 32768 0
32768 5087232 32768 0
32768 5089280 32768 0
32768 5091328 32768 0
32768 5093376 32768 0
32768 5095424 32768 0
32768 5097472 32768 0
32768 5099520 32768 0
32768 5101568 32768 0
32768 5103616 32768 0
32768 5105664 32768 0
32768 5107712 32768 0
32768 5109760 32768 0
32768 5111808 32768 0
32768 5113856 32768 0
32768 5115904 32768 0
32768 5117952 32768 0
32768 5120000 32768 0
32768 5122048 32768 0
32768 5124096 32768 0
32768 5126144 32768 0
32768 5128192 32768 0
32768 5130240 32768 0
32768 5132288 32768 0
32768 5134336 32768 0
32768 5136384 32768 0
32768 5138432 32768 0
32768 5140480 32768 0
32768 5142528 32768 0
32768 5144576 32768 0
32768 5146624 32768 0
32768 5148672 32768 0
32768 5150720 32768 0
32768 5152768 32768 0
32768 5154816 32768 0
32768 5156864 32768 0
32768 5158912 32768 0
32768 5160960 32768 0
32768 5163008 32768 0
32768 5165056 32768 0
32768 5167104 32768 0
32768 5169152 32768 0
32768 5171200 32768 0
32768 5173248 32768 0
32768 5175296 32768 0
32768 5177344 32768 0
32768 5179392 32768 0
32768 5181440 32768 0
32768 5183488 32768 0
32768 5185536 32768 0
32768 5187584 32768 0
32768 5189632 32768 0
32768 5191680 32768 0
32768 5193728 32768 0
32768 5195776 32768 0
32768 5197824 32768 0
32768 5199872 32768 0
32768 5201920 32768 0
32768 5203968 32768 0
32768 5206016 32768 0
32768 5208064 32768 0
32768 5210112 32768 0
32768 5212160 32768 0
32768 5214208 32768 0
32768 5216256 32768 0
32768 5218304 32768 0
32768 5220352 32768 0
32768 5222400 32768 0
32768 5224448 32768 0
32768 5226496 32768 0
32768 5228544 32768 0
32768 5230592 32768 0
32768 5232640 32768 0
32768 5234688 32768 0
32768 5236736 32768 0
32768 5238784 32768 0
32768 5240832 32768 0
32768 5242880 32768 0
32768 5244928 32768 0
32768 5246976 32768 0
32768 5249024 32768 0
32768 5251072 32768 0
32768 5253120 32768 0
32768 5255168 32768 0
32768 5257216 32768 0
32768 5259264 32768 0
32768 5261312 32768 0
32768 5263360 32768 0
32768 5265408 32768 0
32768 5267456 32768 0
32768 5269504 32768 0
32768 5271552 32768 0
32768 5273600 32768 0
32768 5275648 32768 0
32768 5277696 32768 0
32768 5279744 32768 0
32768 5281792 32768 0
32768 5283840 32768 0
32768 5285888 32768 0
32768 5287936 32768 0
32768 5289984 32768 0
32768 5292032 32768 0
32768 5294080 32768 0
32768 5296128 32768 0
32768 5298176 32768 0
32768 5300224 32768 0
32768 5302272 32768 0
32768 5304320 32768 0
32768 5306368 32768 0
32768 5308416 32768 0
32768 5310464 32768 0
32768 5312512 32768 0
32768 5314560 32768 0
32768 5316608 32768 0
32768 5318656 32768 0
32768 5320704 32768 0
32768 5322752 32768 0
32768 5324800 32768 0
32768 5326848 32768 0
32768 5328896 32768 0
32768 5330944 32768 0
32768 5332992 32768 0
32768 5335040 32768 0
32768 5337088 32768 0
32768 5339136 32768 0
32768 5341184 32768 0
32768 5343232 32768 0
32768 5345280 32768 0
32768 5347328 32768 0
32768 5349376 32768 0
32768 5351424 32768 0
32768 5353472 32768 0
32768 5355520 32768 0
32768 5357568 32768 0
32768 5359616 32768 0
32768 5361664 32768 0
32768 5363712 32768 0
32768 5365760 32768 0
32768 5367808 32768 0
32768 5369856 32768 0
32768 5371904 32768 0
32768 5373952 32768 0
32768 5376000 32768 0
32768 5378048 32768 0
32768 5380096 32768 0
32768 5382144 32768 0
32768 5384192 32768 0
32768 5386240 32768 0
32768 5388288 32768 0
32768 5390336 32768 0
32768 5392384 32768 0
32768 5394432 32768 0
32768 5396480 32768 0
32768 5398528 32768 0
32768 5400576 32768 0
32768 5402624 32768 0
32768 5404672 32768 0
32768 5406720 32768 0
32768 5408768 32768 0
32768 5410816 32768 0
32768 5412864 32768 0
32768 5414912 32768 0
32768 5416960 32768 0
32768 5419008 32768 0
32768 5421056 32768 0
32768 5423104 32768 0
32768 5425152 32768 0
32768 5427200 32768 0
32768 5429248 32768 0
32768 5431296 32768 0
32768 5433344 32768 0
32768 5435392 32768 0
32768 5437440 32768 0
32768 5439488 32768 0
32768 5441536 32768 0
32768 5443584 32768 0
32768 5445632 32768 0
32768 5447680 32768 0
32768 5449728 32768 0
32768 5451776 32768 0
32768 5453824 32768 0
32768 5455872 32768 0
32768 5457920 32768 0
32768 5459968 32768 0
32768 5462016 32768 0
32768 5464064 32768 0
32768 5466112 32768 0
32768 5468160 32768 0
32768 5470208 32768 0
32768 5472256 32768 0
32768 5474304 32768 0
32768 5476352 32768 0
32768 5478400 32768 0
32768 5480448 32768 0
32768 5482496 32768 0
32768 5484544 32768 0
32768 5486592 32768 0
32768 5488640 32768 0
32768 5490688 32768 0
32768 5492736 32768 0
32768 5494784 32768 0
32768 5496832 32768 0
32768 5498880 32768 0
32768 5500928 32768 0
32768 5502976 32768 0
32768 5505024 32768 0
32768 5507072 32768 0
32768 5509120 32768 0
32768 5511168 32768 0
32768 5513216 32768 0
32768 5515264 32768 0
32768 5517312 32768 0
32768 5519360 32768 0
32768 5521408 32768 0
32768 5523456 32768 0
32768 5525504 32768 0
32768 5527552 32768 0
32768 5529600 32768 0
32768 5531648 32768 0
32768 5533696 32768 0
32768 5535744 32768 0
32768 5537792 32768 0
32768 5539840 32768 0
32768 5541888 32768 0
32768 5543936 32768 0
32768 5545984 32768 0
32768 5548032 32768 0
32768 5550080 32768 0
32768 5552128 32768 0
32768 5554176 32768 0
32768 5556224 32768 0
32768 5558272 32768 0
32768 5560320 32768 0
32768 5562368 32768 0
32768 5564416 32768 0
32768 5566464 32768 0
32768 5568512 32768 0
32768 5570560 32768 0
32768 5572608 32768 0
32768 5574656 32768 0
32768 5576704 32768 0
32768 5578752 32768 0
32768 5580800 32768 0
32768 5582848 32768 0
32768 5584896 32768 0
32768 5586944 32768 0
32768 5588992 32768 0
32768 5591040 32768 0
32768 5593088 32768 0
32768 5595136 32768 0
32768 5597184 32768 0
32768 5599232 32768 0
32768 5601280 32768 0
32768 5603328 32768 0
32768 5605376 32768 0
32768 5607424 32768 0
32768 5609472 32768 0
32768 5611520 32768 0
32768 5613568 32768 0
32768 5615616 32768 0
32768 5617664 32768 0
32768 5619712 32768 0
32768 5621760 32768 0
32768 5623808 32768 0
32768 5625856 32768 0
32768 5627904 32768 0
32768 5629952 32768 0
32768 5632000 32768 0
32768 5634048 32768 0
32768 5636096 32768 0
32768 5638144 32768 0
32768 5640192 32768 0
32768 5642240 32768 0
32768 5644288 32768 0
32768 5646336 32768 0
32768 5648384 32768 0
32768 5650432 32768 0
32768 5652480 32768 0
32768 5654528 32768 0
32768 5656576 32768 0
32768 5658624 32768 0
32768 5660672 32768 0
32768 5662720 32768 0
32768 5664768 32768 0
32768 5666816 32768 0
32768 5668864 32768 0
32768 5670912 32768 0
32768 5672960 32768 0
32768 5675008 32768 0
32768 5677056 32768 0
32768 5679104 32768 0
32768 5681152 32768 0
32768 5683200 32768 0
32768 5685248 32768 0
32768 5687296 32768 0
32768 5689344 32768 0
32768 5691392 32768 0
32768 5693440 32768 0
32768 5695488 32768 0
32768 5697536 32768 0
32768 5699584 32768 0
32768 5701632 32768 0
32768 5703680 32768 0
32768 5705728 32768 0
32768 5707776 32768 0
32768 5709824 32768 0
32768 5711872 32768 0
32768 5713920 32768 0
32768 5715968 32768 0
32768 5718016 32768 0
32768 5720064 32768 0
32768 5722112 32768 0
32768 5724160 32768 0
32768 5726208 32768 0
32768 5728256 32768 0
32768 5730304 32768 0
32768 5732352 32768 0
32768 5734400 32768 0
32768 5736448 32768 0
32768 5738496 32768 0
32768 5740544 32768 0
32768 5742592 32768 0
32768 5744640 32768 0
32768 5746688 32768 0
32768 5748736 32768 0
32768 5750784 32768 0
32768 5752832 32768 0
32768 5754880 32768 0
32768 5756928 32768 0
32768 5758976 32768 0
32768 5761024 32768 0
32768 5763072 32768 0
32768 5765120 32768 0
32768 5767168 32768 0
32768 5769216 32768 0
32768 5771264 32768 0
32768 5773312 32768 0
32768 5775360 32768 0
32768 5777408 32768 0
32768 5779456 32768 0
32768 5781504 32768 0
32768 5783552 32768 0
32768 5785600 32768 0
32768 5787648 32768 0
32768 5789696 32768 0
32768 5791744 32768 0
32768 5793792 32768 0
32768 5795840 32768 0
32768 5797888 32768 0
32768 5799936 32768 0
32768 5801984 32768 0
32768 5804032 32768 0
32768 5806080 32768 0
32768 5808128 32768 0
32768 5810176 32768 0
32768 5812224 32768 0
32768 5814272 32768 0
32768 5816320 32768 0
32768 5818368 32768 0
32768 5820416 32768 0
32768 5822464 32768 0
32768 5824512 32768 0
32768 5826560 32768 0
32768 5828608 32768 0
32768 5830656 32768 0
32768 5832704 32768 0
32768 5834752 32768 0
32768 5836800 32768 0
32768 5838848 32768 0
32768 5840896 32768 0
32768 5842944 32768 0
32768 5844992 32768 0
32768 5847040 32768 0
32768 5849088 32768 0
32768 5851136 32768 0
32768 5853184 32768 0
32768 5855232 32768 0
32768 5857280 32768 0
32768 5859328 32768 0
32768 5861376 32768 0
32768 5863424 32768 0
32768 5865472 32768 0
32768 5867520 32768 0
32768 5869568 32768 0
32768 5871616 32768 0
32768 5873664 32768 0
32768 5875712 32768 0
32768 5877760 32768 0
32768 5879808 32768 0
32768 5881856 32768 0
32768 5883904 32768 0
32768 5885952 32768 0
32768 5888000 32768 0
32768 5890048 32768 0
32768 5892096 32768 0
32768 5894144 32768 0
32768 5896192 32768 0
32768 5898240 32768 0
32768 5900288 32768 0
32768 5902336 32768 0
32768 5904384 32768 0
32768 5906432 32768 0
32768 5908480 32768 0
32768 5910528 32768 0
32768 5912576 32768 0
32768 5914624 32768 0
32768 5916672 32768 0
32768 5918720 32768 0
32768 5920768 32768 0
32768 5922816 32768 0
32768 5924864 32768 0
32768 5926912 32768 0
32768 5928960 32768 0
32768 5931008 32768 0
32768 5933056 32768 0
32768 5935104 32768 0
32768 5937152 32768 0
32768 5939200 32768 0
32768 5941248 32768 0
32768 5943296 32768 0
32768 5945344 32768 0
32768 5947392 32768 0
32768 5949440 32768 0
32768 5951488 32768 0
32768 5953536 32768 0
32768 5955584 32768 0
32768 5957632 32768 0
32768 5959680 32768 0
32768 5961728 32768 0
32768 5963776 32768 0
32768 5965824 32768 0
32768 5967872 32768 0
32768 5969920 32768 0
32768 5971968 32768 0
32768 5974016 32768 0
32768 5976064 32768 0
32768 5978112 32768 0
32768 5980160 32768 0
32768 5982208 32768 0
32768 5984256 32768 0
32768 5986304 32768 0
32768 5988352 32768 0
32768 5990400 32768 0
32768 5992448 32768 0
32768 5994496 32768 0
32768 5996544 32768 0
32768 5998592 32768 0
32768 6000640 32768 0
32768 6002688 32768 0
32768 6004736 32768 0
32768 6006784 32768 0
32768 6008832 32768 0
32768 6010880 32768 0
32768 6012928 32768 0
32768 6014976 32768 0
32768 6017024 32768 0
32768 6019072 32768 0
32768 6021120 32768 0
32768 6023168 32768 0
32768 6025216 32768 0
32768 6027264 32768 0
32768 6029312 32768 0
32768 6031360 32768 0
32768 6033408 32768 0
32768 6035456 32768 0
32768 6037504 32768 0
32768 6039552 32768 0
32768 6041600 32768 0
32768 6043648 32768 0
32768 6045696 32768 0
32768 6047744 32768 0
32768 6049792 32768 0
32768 6051840 32768 0
32768 6053888 32768 0
32768 6055936 32768 0
32768 6057984 32768 0
32768 6060032 32768 0
32768 6062080 32768 0
32768 6064128 32768 0
32768 6066176 32768 0
32768 6068224 32768 0
32768 6070272 32768 0
32768 6072320 32768 0
32768 6074368 32768 0
32768 6076416 32768 0
32768 6078464 32768 0
32768 6080512 32768 0
32768 6082560 32768 0
32768 6084608 32768 0
32768 6086656 32768 0
32768 6088704 32768 0
32768 6090752 32768 0
32768 6092800 32768 0
32768 6094848 32768 0
32768 6096896 32768 0
32768 6098944 32768 0
32768 6100992 32768 0
32768 6103040 32768 0
32768 6105088 32768 0
32768 6107136 32768 0
32768 6109184 32768 0
32768 6111232 32768 0
32768 6113280 32768 0
32768 6115328 32768 0
32768 6117376 32768 0
32768 6119424 32768 0
32768 6121472 32768 0
32768 6123520 32768 0
32768 6125568 32768 0
32768 6127616 32768 0
32768 6129664 32768 0
32768 6131712 32768 0
32768 6133760 32768 0
32768 6135808 32768 0
32768 6137856 32768 0
32768 6139904 32768 0
32768 6141952 32768 0
32768 6144000 32768 0
32768 6146048 32768 0
32768 6148096 32768 0
32768 6150144 32768 0
32768 6152192 32768 0
32768 6154240 32768 0
32768 6156288 32768 0
32768 6158336 32768 0
32768 6160384 32768 0
32768 6162432 32768 0
32768 6164480 32768 0
32768 6166528 32768 0
32768 6168576 32768 0
32768 6170624 32768 0
32768 6172672 32768 0
32768 6174720 32768 0
32768 6176768 32768 0
32768 6178816 32768 0
32768 6180864 32768 0
32768 6182912 32768 0
32768 6184960 32768 0
32768 6187008 32768 0
32768 6189056 32768 0
32768 6191104 32768 0
32768 6193152 32768 0
32768 6195200 32768 0
32768 6197248 32768 0
32768 6199296 32768 0
32768 6201344 32768 0
32768 6203392 32768 0
32768 6205440 32768 0
32768 6207488 32768 0
32768 6209536 32768 0
32768 6211584 32768 0
32768 6213632 32768 0
32768 6215680 32768 0
32768 6217728 32768 0
32768 6219776 32768 0
32768 6221824 32768 0
32768 6223872 32768 0
32768 6225920 32768 0
32768 6227968 32768 0
32768 6230016 32768 0
32768 6232064 32768 0
32768 6234112 32768 0
32768 6236160 32768 0
32768 6238208 32768 0
32768 6240256 32768 0
32768 6242304 32768 0
32768 6244352 32768 0
32768 6246400 32768 0
32768 6248448 32768 0
32768 6250496 32768 0
32768 6252544 32768 0
32768 6254592 32768 0
32768 6256640 32768 0
32768 6258688 32768 0
32768 6260736 32768 0
32768 6262784 32768 0
32768 6264832 32768 0
32768 6266880 32768 0
32768 6268928 32768 0
32768 6270976 32768 0
32768 6273024 32768 0
32768 6275072 32768 0
32768 6277120 32768 0
32768 6279168 32768 0
32768 6281216 32768 0
32768 6283264 32768 0
32768 6285312 32768 0
32768 6287360 32768 0
32768 6289408 32768 0
32768 6291456 32768 0
32768 6293504 32768 0
32768 6295552 32768 0
32768 6297600 32768 0
32768 6299648 32768 0
32768 6301696 32768 0
32768 6303744 32768 0
32768 6305792 32768 0
32768 6307840 32768 0
32768 6309888 32768 0
32768 6311936 32768 0
32768 6313984 32768 0
32768 6316032 32768 0
32768 6318080 32768 0
32768 6320128 32768 0
32768 6322176 32768 0
32768 6324224 32768 0
32768 6326272 32768 0
32768 6328320 32768 0
32768 6330368 32768 0
32768 6332416 32768 0
32768 6334464 32768 0
32768 6336512 32768 0
32768 6338560 32768 0
32768 6340608 32768 0
32768 6342656 32768 0
32768 6344704 32768 0
32768 6346752 32768 0
32768 6348800 32768 0
32768 6350848 32768 0
32768 6352896 32768 0
32768 6354944 32768 0
32768 6356992 32768 0
32768 6359040 32768 0
32768 6361088 32768 0
32768 6363136 32768 0
32768 6365184 32768 0
32768 6367232 32768 0
32768 6369280 32768 0
32768 6371328 32768 0
32768 6373376 32768 0
32768 6375424 32768 0
32768 6377472 32768 0
32768 6379520 32768 0
32768 6381568 32768 0
32768 6383616 32768 0
32768 6385664 32768 0
32768 6387712 32768 0
32768 6389760 32768 0
32768 6391808 32768 0
32768 6393856 32768 0
32768 6395904 32768 0
32768 6397952 32768 0
32768 6400000 32768 0
32768 6402048 32768 0
32768 6404096 32768 0
32768 6406144 32768 0
32768 6408192 32768 0
32768 6410240 32768 0
32768 6412288 32768 0
32768 6414336 32768 0
32768 6416384 32768 0
32768 6418432 32768 0
32768 6420480 32768 0
32768 6422528 32768 0
32768 6424576 32768 0
32768 6426624 32768 0
32768 6428672 32768 0
32768 6430720 32768 0
32768 6432768 32768 0
32768 6434816 32768 0
32768 6436864 32768 0
32768 6438912 32768 0
32768 6440960 32768 0
32768 6443008 32768 0
32768 6445056 32768 0
32768 6447104 32768 0
32768 6449152 32768 0
32768 6451200 32768 0
32768 6453248 32768 0
32768 6455296 32768 0
32768 6457344 32768 0
32768 6459392 32768 0
32768 6461440 32768 0
32768 6463488 32768 0
32768 6465536 32768 0
32768 6467584 32768 0
32768 6469632 32768 0
32768 6471680 32768 0
32768 6473728 32768 0
32768 6475776 32768 0
32768 6477824 32768 0
32768 6479872 32768 0
32768 6481920 32768 0
32768 6483968 32768 0
32768 6486016 32768 0
32768 6488064 32768 0
32768 6490112 32768 0
32768 6492160 32768 0
32768 6494208 32768 0
32768 6496256 32768 0
32768 6498304 32768 0
32768 6500352 32768 0
32768 6502400 32768 0
32768 6504448 32768 0
32768 6506496 32768 0
32768 6508544 32768 0
32768 6510592 32768 0
32768 6512640 32768 0
32768 6514688 32768 0
32768 6516736 32768 0
32768 6518784 32768 0
32768 6520832 32768 0
32768 6522880 32768 0
32768 6524928 32768 0
32768 6526976 32768 0
32768 6529024 32768 0
32768 6531072 32768 0
32768 6533120 32768 0
32768 6535168 32768 0
32768 6537216 32768 0
32768 6539264 32768 0
32768 6541312 32768 0
32768 6543360 32768 0
32768 6545408 32768 0
32768 6547456 32768 0
32768 6549504 32768 0
32768 6551552 32768 0
32768 6553600 32768 0
32768 6555648 32768 0
32768 6557696 32768 0
32768 6559744 32768 0
32768 6561792 32768 0
32768 6563840 32768 0
32768 6565888 32768 0
32768 6567936 32768 0
32768 6569984 32768 0
32768 6572032 32768 0
32768 6574080 32768 0
32768 6576128 32768 0
32768 6578176 32768 0
32768 6580224 32768 0
32768 6582272 32768 0
32768 6584320 32768 0
32768 6586368 32768 0
32768 6588416 32768 0
32768 6590464 32768 0
32768 6592512 32768 0
32768 6594560 32768 0
32768 6596608 32768 0
32768 6598656 32768 0
32768 6600704 32768 0
32768 6602752 32768 0
32768 6604800 32768 0
32768 6606848 32768 0
32768 6608896 32768 0
32768 6610944 32768 0
32768 6612992 32768 0
32768 6615040 32768 0
32768 6617088 32768 0
32768 6619136 32768 0
32768 6621184 32768 0
32768 6623232 32768 0
32768 6625280 32768 0
32768 6627328 32768 0
32768 6629376 32768 0
32768 6631424 32768 0
32768 6633472 32768 0
32768 6635520 32768 0
32768 6637568 32768 0
32768 6639616 32768 0
32768 6641664 32768 0
32768 6643712 32768 0
32768 6645760 32768 0
32768 6647808 32768 0
32768 6649856 32768 0
32768 6651904 32768 0
32768 6653952 32768 0
32768 6656000 32768 0
32768 6658048 32768 0
32768 6660096 32768 0
32768 6662144 32768 0
32768 6664192 32768 0
32768 6666240 32768 0
32768 6668288 32768 0
32768 6670336 32768 0
32768 6672384 32768 0
32768 6674432 32768 0
32768 6676480 32768 0
32768 6678528 32768 0
32768 6680576 32768 0
32768 6682624 32768 0
32768 6684672 32768 0
32768 6686720 32768 0
32768 6688768 32768 0
32768 6690816 32768 0
32768 6692864 32768 0
32768 6694912 32768 0
32768 6696960 32768 0
32768 6699008 32768 0
32768 6701056 32768 0
32768 6703104 32768 0
32768 6705152 32768 0
32768 6707200 32768 0
32768 6709248 32768 0
32768 6711296 32768 0
32768 6713344 32768 0
32768 6715392 32768 0
32768 6717440 32768 0
32768 6719488 32768 0
32768 6721536 32768 0
32768 6723584 32768 0
32768 6725632 32768 0
32768 6727680 32768 0
32768 6729728 32768 0
32768 6731776 32768 0
32768 6733824 32768 0
32768 6735872 32768 0
32768 6737920 32768 0
32768 6739968 32768 0
32768 6742016 32768 0
32768 6744064 32768 0
32768 6746112 32768 0
32768 6748160 32768 0
32768 6750208 32768 0
32768 6752256 32768 0
32768 6754304 32768 0
32768 6756352 32768 0
32768 6758400 32768 0
32768 6760448 32768 0
32768 6762496 32768 0
32768 6764544 32768 0
32768 6766592 32768 0
32768 6768640 32768 0
32768 6770688 32768 0
32768 6772736 32768 0
32768 6774784 32768 0
32768 6776832 32768 0
32768 6778880 32768 0
32768 6780928 32768 0
32768 6782976 32768 0
32768 6785024 32768 0
32768 6787072 32768 0
32768 6789120 32768 0
32768 6791168 32768 0
32768 6793216 32768 0
32768 6795264 32768 0
32768 6797312 32768 0
32768 6799360 32768 0
32768 6801408 32768 0
32768 6803456 32768 0
32768 6805504 32768 0
32768 6807552 32768 0
32768 6809600 32768 0
32768 6811648 32768 0
32768 6813696 32768 0
32768 6815744 32768 0
32768 6817792 32768 0
32768 6819840 32768 0
32768 6821888 32768 0
32768 6823936 32768 0
32768 6825984 32768 0
32768 6828032 32768 0
32768 6830080 32768 0
32768 6832128 32768 0
32768 6834176 32768 0
32768 6836224 32768 0
32768 6838272 32768 0
32768 6840320 32768 0
32768 6842368 32768 0
32768 6844416 32768 0
32768 6846464 32768 0
32768 6848512 32768 0
32768 6850560 32768 0
32768 6852608 32768 0
32768 6854656 32768 0
32768 6856704 32768 0
32768 6858752 32768 0
32768 6860800 32768 0
32768 6862848 32768 0
32768 6864896 32768 0
32768 6866944 32768 0
32768 6868992 32768 0
32768 6871040 32768 0
32768 6873088 32768 0
32768 6875136 32768 0
32768 6877184 32768 0
32768 6879232 32768 0
32768 6881280 32768 0
32768 6883328 32768 0
32768 6885376 32768 0
32768 6887424 32768 0
32768 6889472 32768 0
32768 6891520 32768 0
32768 6893568 32768 0
32768 6895616 32768 0
32768 6897664 32768 0
32768 6899712 32768 0
32768 6901760 32768 0
32768 6903808 32768 0
32768 6905856 32768 0
32768 6907904 32768 0
32768 6909952 32768 0
32768 6912000 32768 0
32768 6914048 32768 0
32768 6916096 32768 0
32768 6918144 32768 0
32768 6920192 32768 0
32768 6922240 32768 0
32768 6924288 32768 0
32768 6926336 32768 0
32768 6928384 32768 0
32768 6930432 32768 0
32768 6932480 32768 0
32768 6934528 32768 0
32768 6936576 32768 0
32768 6938624 32768 0
32768 6940672 32768 0
32768 6942720 32768 0
32768 6944768 32768 0
32768 6946816 32768 0
32768 6948864 32768 0
32768 6950912 32768 0
32768 6952960 32768 0
32768 6955008 32768 0
32768 6957056 32768 0
32768 6959104 32768 0
32768 6961152 32768 0
32768 6963200 32768 0
32768 6965248 32768 0
32768 6967296 32768 0
32768 6969344 32768 0
32768 6971392 32768 0
32768 6973440 32768 0
32768 6975488 32768 0
32768 6977536 32768 0
32768 6979584 32768 0
32768 6981632 32768 0
32768 6983680 32768 0
32768 6985728 32768 0
32768 6987776 32768 0
32768 6989824 32768 0
32768 6991872 32768 0
32768 6993920 32768 0
32768 6995968 32768 0
32768 6998016 32768 0
32768 7000064 32768 0
32768 7002112 32768 0
32768 7004160 32768 0
32768 7006208 32768 0
32768 7008256 32768 0
32768 7010304 32768 0
32768 7012352 32768 0
32768 7014400 32768 0
32768 7016448 32768 0
32768 7018496 32768 0
32768 7020544 32768 0
32768 7022592 32768 0
32768 7024640 32768 0
32768 7026688 32768 0
32768 7028736 32768 0
32768 7030784 32768 0
32768 7032832 32768 0
32768 7034880 32768 0
32768 7036928 32768 0
32768 7038976 32768 0
32768 7041024 32768 0
32768 7043072 32768 0
32768 7045120 32768 0
32768 7047168 32768 0
32768 7049216 32768 0
32768 7051264 32768 0
32768 7053312 32768 0
32768 7055360 32768 0
32768 7057408 32768 0
32768 7059456 32768 0
32768 7061504 32768 0
32768 7063552 32768 0
32768 7065600 32768 0
32768 7067648 32768 0
32768 7069696 32768 0
32768 7071744 32768 0
32768 7073792 32768 0
32768 7075840 32768 0
32768 7077888 32768 0
32768 7079936 32768 0
32768 7081984 32768 0
32768 7084032 32768 0
32768 7086080 32768 0
32768 7088128 32768 0
32768 7090176 32768 0
32768 7092224 32768 0
32768 7094272 32768 0
32768 7096320 32768 0
32768 7098368 32768 0
32768 7100416 32768 0
32768 7102464 32768 0
32768 7104512 32768 0
32768 7106560 32768 0
32768 7108608 32768 0
32768 7110656 32768 0
32768 7112704 32768 0
32768 7114752 32768 0
32768 7116800 32768 0
32768 7118848 32768 0
32768 7120896 32768 0
32768 7122944 32768 0
32768 7124992 32768 0
32768 7127040 32768 0
32768 7129088 32768 0
32768 7131136 32768 0
32768 7133184 32768 0
32768 7135232 32768 0
32768 7137280 32768 0
32768 7139328 32768 0
32768 7141376 32768 0
32768 7143424 32768 0
32768 7145472 32768 0
32768 7147520 32768 0
32768 7149568 32768 0
32768 7151616 32768 0
32768 7153664 32768 0
32768 7155712 32768 0
32768 7157760 32768 0
32768 7159808 32768 0
32768 7161856 32768 0
32768 7163904 32768 0
32768 7165952 32768 0
32768 7168000 32768 0
32768 7170048 32768 0
32768 7172096 32768 0
32768 7174144 32768 0
32768 7176192 32768 0
32768 7178240 32768 0
32768 7180288 32768 0
32768 7182336 32768 0
32768 7184384 32768 0
32768 7186432 32768 0
32768 7188480 32768 0
32768 7190528 32768 0
32768 7192576 32768 0
32768 7194624 32768 0
32768 7196672 32768 0
32768 7198720 32768 0
32768 7200768 32768 0
32768 7202816 32768 0
32768 7204864 32768 0
32768 7206912 32768 0
32768 7208960 32768 0
32768 7211008 32768 0
32768 7213056 32768 0
32768 7215104 32768 0
32768 7217152 32768 0
32768 7219200 32768 0
32768 7221248 32768 0
32768 7223296 32768 0
32768 7225344 32768 0
32768 7227392 32768 0
32768 7229440 32768 0
32768 7231488 32768 0
32768 7233536 32768 0
32768 7235584 32768 0
32768 7237632 32768 0
32768 7239680 32768 0
32768 7241728 32768 0
32768 7243776 32768 0
32768 7245824 32768 0
32768 7247872 32768 0
32768 7249920 32768 0
32768 7251968 32768 0
32768 7254016 32768 0
32768 7256064 32768 0
32768 7258112 32768 0
32768 7260160 32768 0
32768 7262208 32768 0
32768 7264256 32768 0
32768 7266304 32768 0
32768 7268352 32768 0
32768 7270400 32768 0
32768 7272448 32768 0
32768 7274496 32768 0
32768 7276544 32768 0
32768 7278592 32768 0
32768 7280640 32768 0
32768 7282688 32768 0
32768 7284736 32768 0
32768 7286784 32768 0
32768 7288832 32768 0
32768 7290880 32768 0
32768 7292928 32768 0
32768 7294976 32768 0
32768 7297024 32768 0
32768 7299072 32768 0
32768 7301120 32768 0
32768 7303168 32768 0
32768 7305216 32768 0
32768 7307264 32768 0
32768 7309312 32768 0
32768 7311360 32768 0
32768 7313408 32768 0
32768 7315456 32768 0
32768 7317504 32768 0
32768 7319552 32768 0
32768 7321600 32768 0
32768 7323648 32768 0
32768 7325696 32768 0
32768 7327744 32768 0
32768 7329792 32768 0
32768 7331840 32768 0
32768 7333888 32768 0
32768 7335936 32768 0
32768 7337984 32768 0
32768 7340032 32768 0
32768 7342080 32768 0
32768 7344128 32768 0
32768 7346176 32768 0
32768 7348224 32768 0
32768 7350272 32768 0
32768 7352320 32768 0
32768 7354368 32768 0
32768 7356416 32768 0
32768 7358464 32768 0
32768 7360512 32768 0
32768 7362560 32768 0
32768 7364608 32768 0
32768 7366656 32768 0
32768 7368704 32768 0
32768 7370752 32768 0
32768 7372800 32768 0
32768 7374848 32768 0
32768 7376896 32768 0
32768 7378944 32768 0
32768 7380992 32768 0
32768 7383040 32768 0
32768 7385088 32768 0
32768 7387136 32768 0
32768 7389184 32768 0
32768 7391232 32768 0
32768 7393280 32768 0
32768 7395328 32768 0
32768 7397376 32768 0
32768 7399424 32768 0
32768 7401472 32768 0
32768 7403520 32768 0
32768 7405568 32768 0
32768 7407616 32768 0
32768 7409664 32768 0
32768 7411712 32768 0
32768 7413760 32768 0
32768 7415808 32768 0
32768 7417856 32768 0
32768 7419904 32768 0
32768 7421952 32768 0
32768 7424000 32768 0
32768 7426048 32768 0
32768 7428096 32768 0
32768 7430144 32768 0
32768 7432192 32768 0
32768 7434240 32768 0
32768 7436288 32768 0
32768 7438336 32768 0
32768 7440384 32768 0
32768 7442432 32768 0
32768 7444480 32768 0
32768 7446528 32768 0
32768 7448576 32768 0
32768 7450624 32768 0
32768 7452672 32768 0
32768 7454720 32768 0
32768 7456768 32768 0
32768 7458816 32768 0
32768 7460864 32768 0
32768 7462912 32768 0
32768 7464960 32768 0
32768 7467008 32768 0
32768 7469056 32768 0
32768 7471104 32768 0
32768 7473152 32768 0
32768 7475200 32768 0
32768 7477248 32768 0
32768 7479296 32768 0
32768 7481344 32768 0
32768 7483392 32768 0
32768 7485440 32768 0
32768 7487488 32768 0
32768 7489536 32768 0
32768 7491584 32768 0
32768 7493632 32768 0
32768 7495680 32768 0
32768 7497728 32768 0
32768 7499776 32768 0
32768 7501824 32768 0
32768 7503872 32768 0
32768 7505920 32768 0
32768 7507968 32768 0
32768 7510016 32768 0
32768 7512064 32768 0
32768 7514112 32768 0
32768 7516160 32768 0
32768 7518208 32768 0
32768 7520256 32768 0
32768 7522304 32768 0
32768 7524352 32768 0
32768 7526400 32768 0
32768 7528448 32768 0
32768 7530496 32768 0
32768 7532544 32768 0
32768 7534592 32768 0
32768 7536640 32768 0
32768 7538688 32768 0
32768 7540736 32768 0
32768 7542784 32768 0
32768 7544832 32768 0
32768 7546880 32768 0
32768 7548928 32768 0
32768 7550976 32768 0
32768 7553024 32768 0
32768 7555072 32768 0
32768 7557120 32768 0
32768 7559168 32768 0
32768 7561216 32768 0
32768 7563264 32768 0
32768 7565312 32768 0
32768 7567360 32768 0
32768 7569408 32768 0
32768 7571456 32768 0
32768 7573504 32768 0
32768 7575552 32768 0
32768 7577600 32768 0
32768 7579648 32768 0
32768 7581696 32768 0
32768 7583744 32768 0
32768 7585792 32768 0
32768 7587840 32768 0
32768 7589888 32768 0
32768 7591936 32768 0
32768 7593984 32768 0
32768 7596032 32768 0
32768 7598080 32768 0
32768 7600128 32768 0
32768 7602176 32768 0
32768 7604224 32768 0
32768 7606272 32768 0
32768 7608320 32768 0
32768 7610368 32768 0
32768 7612416 32768 0
32768 7614464 32768 0
32768 7616512 32768 0
32768 7618560 32768 0
32768 7620608 32768 0
32768 7622656 32768 0
32768 7624704 32768 0
32768 7626752 32768 0
32768 7628800 32768 0
32768 7630848 32768 0
32768 7632896 32768 0
32768 7634944 32768 0
32768 7636992 32768 0
32768 7639040 32768 0
32768 7641088 32768 0
32768 7643136 32768 0
32768 7645184 32768 0
32768 7647232 32768 0
32768 7649280 32768 0
32768 7651328 32768 0
32768 7653376 32768 0
32768 7655424 32768 0
32768 7657472 32768 0
32768 7659520 32768 0
32768 7661568 32768 0
32768 7663616 32768 0
32768 7665664 32768 0
32768 7667712 32768 0
32768 7669760 32768 0
32768 7671808 32768 0
32768 7673856 32768 0
32768 7675904 32768 0
32768 7677952 32768 0
32768 7680000 32768 0
32768 7682048 32768 0
32768 7684096 32768 0
32768 7686144 32768 0
32768 7688192 32768 0
32768 7690240 32768 0
32768 7692288 32768 0
32768 7694336 32768 0
32768 7696384 32768 0
32768 7698432 32768 0
32768 7700480 32768 0
32768 7702528 32768 0
32768 7704576 32768 0
32768 7706624 32768 0
32768 7708672 32768 0
32768 7710720 32768 0
32768 7712768 32768 0
32768 7714816 32768 0
32768 7716864 32768 0
32768 7718912 32768 0
32768 7720960 32768 0
32768 7723008 32768 0
32768 7725056 32768 0
32768 7727104 32768 0
32768 7729152 32768 0
32768 7731200 32768 0
32768 7733248 32768 0
32768 7735296 32768 0
32768 7737344 32768 0
32768 7739392 32768 0
32768 7741440 32768 0
32768 7743488 32768 0
32768 7745536 32768 0
32768 7747584 32768 0
32768 7749632 32768 0
32768 7751680 32768 0
32768 7753728 32768 0
32768 7755776 32768 0
32768 7757824 32768 0
32768 7759872 32768 0
32768 7761920 32768 0
32768 7763968 32768 0
32768 7766016 32768 0
32768 7768064 32768 0
32768 7770112 32768 0
32768 7772160 32768 0
32768 7774208 32768 0
32768 7776256 32768 0
32768 7778304 32768 0
32768 7780352 32768 0
32768 7782400 32768 0
32768 7784448 32768 0
32768 7786496 32768 0
32768 7788544 32768 0
32768 7790592 32768 0
32768 7792640 32768 0
32768 7794688 32768 0
32768 7796736 32768 0
32768 7798784 32768 0
32768 7800832 32768 0
32768 7802880 32768 0
32768 7804928 32768 0
32768 7806976 32768 0
32768 7809024 32768 0
32768 7811072 32768 0
32768 7813120 32768 0
32768 7815168 32768 0
32768 7817216 32768 0
32768 7819264 32768 0
32768 7821312 32768 0
32768 7823360 32768 0
32768 7825408 32768 0
32768 7827456 32768 0
32768 7829504 32768 0
32768 7831552 32768 0
32768 7833600 32768 0
32768 7835648 32768 0
32768 7837696 32768 0
32768 7839744 32768 0
32768 7841792 32768 0
32768 7843840 32768 0
32768 7845888 32768 0
32768 7847936 32768 0
32768 7849984 32768 0
32768 7852032 32768 0
32768 7854080 32768 0
32768 7856128 32768 0
32768 7858176 32768 0
32768 7860224 32768 0
32768 7862272 32768 0
32768 7864320 32768 0
32768 7866368 32768 0
32768 7868416 32768 0
32768 7870464 32768 0
32768 7872512 32768 0
32768 7874560 32768 0
32768 7876608 32768 0
32768 7878656 32768 0
32768 7880704 32768 0
32768 7882752 32768 0
32768 7884800 32768 0
32768 7886848 32768 0
32768 7888896 32768 0
32768 7890944 32768 0
32768 7892992 32768 0
32768 7895040 32768 0
32768 7897088 32768 0
32768 7899136 32768 0
32768 7901184 32768 0
32768 7903232 32768 0
32768 7905280 32768 0
32768 7907328 32768 0
32768 7909376 32768 0
32768 7911424 32768 0
32768 7913472 32768 0
32768 7915520 32768 0
32768 7917568 32768 0
32768 7919616 32768 0
32768 7921664 32768 0
32768 7923712 32768 0
32768 7925760 32768 0
32768 7927808 32768 0
32768 7929856 32768 0
32768 7931904 32768 0
32768 7933952 32768 0
32768 7936000 32768 0
32768 7938048 32768 0
32768 7940096 32768 0
32768 7942144 32768 0
32768 7944192 32768 0
32768 7946240 32768 0
32768 7948288 32768 0
32768 7950336 32768 0
32768 7952384 32768 0
32768 7954432 32768 0
32768 7956480 32768 0
32768 7958528 32768 0
32768 7960576 32768 0
32768 7962624 32768 0
32768 7964672 32768 0
32768 7966720 32768 0
32768 7968768 32768 0
32768 7970816 32768 0
32768 7972864 32768 0
32768 7974912 32768 0
32768 7976960 32768 0
32768 7979008 32768 0
32768 7981056 32768 0
32768 7983104 32768 0
32768 7985152 32768 0
32768 7987200 32768 0
32768 7989248 32768 0
32768 7991296 32768 0
32768 7993344 32768 0
32768 7995392 32768 0
32768 7997440 32768 0
32768 7999488 32768 0
32768 8001536 32768 0
32768 8003584 32768 0
32768 8005632 32768 0
32768 8007680 32768 0
32768 8009728 32768 0
32768 8011776 32768 0
32768 8013824 32768 0
32768 8015872 32768 0
32768 8017920 32768 0
32768 8019968 32768 0
32768 8022016 32768 0
32768 8024064 32768 0
32768 8026112 32768 0
32768 8028160 32768 0
32768 8030208 32768 0
32768 8032256 32768 0
32768 8034304 32768 0
32768 8036352 32768 0
32768 8038400 32768 0
32768 8040448 32768 0
32768 8042496 32768 0
32768 8044544 32768 0
32768 8046592 32768 0
32768 8048640 32768 0
32768 8050688 32768 0
32768 8052736 32768 0
32768 8054784 32768 0
32768 8056832 32768 0
32768 8058880 32768 0
32768 8060928 32768 0
32768 8062976 32768 0
32768 8065024 32768 0
32768 8067072 32768 0
32768 8069120 32768 0
32768 8071168 32768 0
32768 8073216 32768 0
32768 8075264 32768 0
32768 8077312 32768 0
32768 8079360 32768 0
32768 8081408 32768 0
32768 8083456 32768 0
32768 8085504 32768 0
32768 8087552 32768 0
32768 8089600 32768 0
32768 8091648 32768 0
32768 8093696 32768 0
32768 8095744 32768 0
32768 8097792 32768 0
32768 8099840 32768 0
32768 8101888 32768 0
32768 8103936 32768 0
32768 8105984 32768 0
32768 8108032 32768 0
32768 8110080 32768 0
32768 8112128 32768 0
32768 8114176 32768 0
32768 8116224 32768 0
32768 8118272 32768 0
32768 8120320 32768 0
32768 8122368 32768 0
32768 8124416 32768 0
32768 8126464 32768 0
32768 8128512 32768 0
32768 8130560 32768 0
32768 8132608 32768 0
32768 8134656 32768 0
32768 8136704 32768 0
32768 8138752 32768 0
32768 8140800 32768 0
32768 8142848 32768 0
32768 8144896 32768 0
32768 8146944 32768 0
32768 8148992 32768 0
32768 8151040 32768 0
32768 8153088 32768 0
32768 8155136 32768 0
32768 8157184 32768 0
32768 8159232 32768 0
32768 8161280 32768 0
32768 8163328 32768 0
32768 8165376 32768 0
32768 8167424 32768 0
32768 8169472 32768 0
32768 8171520 32768 0
32768 8173568 32768 0
32768 8175616 32768 0
32768 8177664 32768 0
32768 8179712 32768 0
32768 8181760 32768 0
32768 8183808 32768 0
32768 8185856 32768 0
32768 8187904 32768 0
32768 8189952 32768 0
32768 8192000 32768 0
32768 8194048 32768 0
32768 8196096 32768 0
32768 8198144 32768 0
32768 8200192 32768 0
32768 8202240 32768 0
32768 8204288 32768 0
32768 8206336 32768 0
32768 8208384 32768 0
32768 8210432 32768 0
32768 8212480 32768 0
32768 8214528 32768 0
32768 8216576 32768 0
32768 8218624 32768 0
32768 8220672 32768 0
32768 8222720 32768 0
32768 8224768 32768 0
32768 8226816 32768 0
32768 8228864 32768 0
32768 8230912 32768 0
32768 8232960 32768 0
32768 8235008 32768 0
32768 8237056 32768 0
32768 8239104 32768 0
32768 8241152 32768 0
32768 8243200 32768 0
32768 8245248 32768 0
32768 8247296 32768 0
32768 8249344 32768 0
32768 8251392 32768 0
32768 8253440 32768 0
32768 8255488 32768 0
32768 8257536 32768 0
32768 8259584 32768 0
32768 8261632 32768 0
32768 8263680 32768 0
32768 8265728 32768 0
32768 8267776 32768 0
32768 8269824 32768 0
32768 8271872 32768 0
32768 8273920 32768 0
32768 8275968 32768 0
32768 8278016 32768 0
32768 8280064 32768 0
32768 8282112 32768 0
32768 8284160 32768 0
32768 8286208 32768 0
32768 8288256 32768 0
32768 8290304 32768 0
32768 8292352 32768 0
32768 8294400 32768 0
32768 8296448 32768 0
32768 8298496 32768 0
32768 8300544 32768 0
32768 8302592 32768 0
32768 8304640 32768 0
32768 8306688 32768 0
32768 8308736 32768 0
32768 8310784 32768 0
32768 8312832 32768 0
32768 8314880 32768 0
32768 8316928 32768 0
32768 8318976 32768 0
32768 8321024 32768 0
32768 8323072 32768 0
32768 8325120 32768 0
32768 8327168 32768 0
32768 8329216 32768 0
32768 8331264 32768 0
32768 8333312 32768 0
32768 8335360 32768 0
32768 8337408 32768 0
32768 8339456 32768 0
32768 8341504 32768 0
32768 8343552 32768 0
32768 8345600 32768 0
32768 8347648 32768 0
32768 8349696 32768 0
32768 8351744 32768 0
32768 8353792 32768 0
32768 8355840 32768 0
32768 8357888 32768 0
32768 8359936 32768 0
32768 8361984 32768 0
32768 8364032 32768 0
32768 8366080 32768 0
32768 8368128 32768 0
32768 8370176 32768 0
32768 8372224 32768 0
32768 8374272 32768 0
32768 8376320 32768 0
32768 8378368 32768 0
32768 8380416 32768 0
32768 8382464 32768 0
32768 8384512 32768 0
32768 8386560 32768 0
32768 -8388608 32768 0
32768 -8386560 32768 0
32768 -8384512 32768 0
32768 -8382464 32768 0
32768 -8380416 32768 0
32768 -8378368 32768 0
32768 -8376320 32768 0
32768 -8374272 32768 0
32768 -8372224 32768 0
32768 -8370176 32768 0
32768 -8368128 32768 0
32768 -8366080 32768 0
32768 -8364032 32768 0
32768 -8361984 32768 0
32768 -8359936 32768 0
32768 -8357888 32768 0
32768 -8355840 32768 0
32768 -8353792 32768 0
32768 -8351744 32768 0
32768 -8349696 32768 0
32768 -8347648 32768 0
32768 -8345600 32768 0
32768 -8343552 32768 0
32768 -8341504 32768 0
32768 -8339456 32768 0
32768 -8337408 32768 0
32768 -8335360 32768 0
32768 -8333312 32768 0
32768 -8331264 32768 0
32768 -8329216 32768 0
32768 -8327168 32768 0
32768 -8325120 32768 0
32768 -8323072 32768 0
32768 -8321024 32768 0
32768 -8318976 32768 0
32768 -8316928 32768 0
32768 -8314880 32768 0
32768 -8312832 32768 0
32768 -8310784 32768 0
32768 -8308736 32768 0
32768 -8306688 32768 0
32768 -8304640 32768 0
32768 -8302592 32768 0
32768 -8300544 32768 0
32768 -8298496 32768 0
32768 -8296448 32768 0
32768 -8294400 32768 0
32768 -8292352 32768 0
32768 -8290304 32768 0
32768 -8288256 32768 0
32768 -8286208 32768 0
32768 -8284160 32768 0
32768 -8282112 32768 0
32768 -8280064 32768 0
32768 -8278016 32768 0
32768 -8275968 32768 0
32768 -8273920 32768 0
32768 -8271872 32768 0
32768 -8269824 32768 0
32768 -8267776 32768 0
32768 -8265728 32768 0
32768 -8263680 32768 0
32768 -8261632 32768 0
32768 -8259584 32768 0
32768 -8257536 32768 0
32768 -8255488 32768 0
32768 -8253440 32768 0
32768 -8251392 32768 0
32768 -8249344 32768 0
32768 -8247296 32768 0
32768 -8245248 32768 0
32768 -8243200 32768 0
32768 -8241152 32768 0
32768 -8239104 32768 0
32768 -8237056 32768 0
32768 -8235008 32768 0
32768 -8232960 32768 0
32768 -8230912 32768 0
32768 -8228864 32768 0
32768 -8226816 32768 0
32768 -8224768 32768 0
32768 -8222720 32768 0
32768 -8220672 32768 0
32768 -8218624 32768 0
32768 -8216576 32768 0
32768 -8214528 32768 0
32768 -8212480 32768 0
32768 -8210432 32768 0
32768 -8208384 32768 0
32768 -8206336 32768 0
32768 -8204288 32768 0
32768 -8202240 32768 0
32768 -8200192 32768 0
32768 -8198144 32768 0
32768 -8196096 32768 0
32768 -8194048 32768 0
32768 -8192000 32768 0
32768 -8189952 32768 0
32768 -8187904 32768 0
32768 -8185856 32768 0
32768 -8183808 32768 0
32768 -8181760 32768 0
32768 -8179712 32768 0
32768 -8177664 32768 0
32768 -8175616 32768 0
32768 -8173568 32768 0
32768 -8171520 32768 0
32768 -8169472 32768 0
32768 -8167424 32768 0
32768 -8165376 32768 0
32768 -8163328 32768 0
32768 -8161280 32768 0
32768 -8159232 32768 0
32768 -8157184 32768 0
32768 -8155136 32768 0
32768 -8153088 32768 0
32768 -8151040 32768 0
32768 -8148992 32768 0
32768 -8146944 32768 0
32768 -8144896 32768 0
32768 -8142848 32768 0
32768 -8140800 32768 0
32768 -8138752 32768 0
32768 -8136704 32768 0
32768 -8134656 32768 0
32768 -8132608 32768 0
32768 -8130560 32768 0
32768 -8128512 32768 0
32768 -8126464 32768 0
32768 -8124416 32768 0
32768 -8122368 32768 0
32768 -8120320 32768 0
32768 -8118272 32768 0
32768 -8116224 32768 0
32768 -8114176 32768 0
32768 -8112128 32768 0
32768 -8110080 32768 0
32768 -8108032 32768 0
32768 -8105984 32768 0
32768 -8103936 32768 0
32768 -8101888 32768 0
32768 -8099840 32768 0
32768 -8097792 32768 0
32768 -8095744 32768 0
32768 -8093696 32768 0
32768 -8091648 32768 0
32768 -8089600 32768 0
32768 -8087552 32768 0
32768 -8085504 32768 0
32768 -8083456 32768 0
32768 -8081408 32768 0
32768 -8079360 32768 0
32768 -8077312 32768 0
32768 -8075264 32768 0
32768 -8073216 32768 0
32768 -8071168 32768 0
32768 -8069120 32768 0
32768 -8067072 32768 0
32768 -8065024 32768 0
32768 -8062976 32768 0
32768 -8060928 32768 0
32768 -8058880 32768 0
32768 -8056832 32768 0
32768 -8054784 32768 0
32768 -8052736 32768 0
32768 -8050688 32768 0
32768 -8048640 32768 0
32768 -8046592 32768 0
32768 -8044544 32768 0
32768 -8042496 32768 0
32768 -8040448 32768 0
32768 -8038400 32768 0
32768 -8036352 32768 0
32768 -8034304 32768 0
32768 -8032256 32768 0
32768 -8030208 32768 0
32768 -8028160 32768 0
32768 -8026112 32768 0
32768 -8024064 32768 0
32768 -8022016 32768 0
32768 -8019968 32768 0
32768 -8017920 32768 0
32768 -8015872 32768 0
32768 -8013824 32768 0
32768 -8011776 32768 0
32768 -8009728 32768 0
32768 -8007680 32768 0
32768 -8005632 32768 0
32768 -8003584 32768 0
32768 -8001536 32768 0
32768 -7999488 32768 0
32768 -7997440 32768 0
32768 -7995392 32768 0
32768 -7993344 32768 0
32768 -7991296 32768 0
32768 -7989248 32768 0
32768 -7987200 32768 0
32768 -7985152 32768 0
32768 -7983104 32768 0
32768 -7981056 32768 0
32768 -7979008 32768 0
32768 -7976960 32768 0
32768 -7974912 32768 0
32768 -7972864 32768 0
32768 -7970816 32768 0
32768 -7968768 32768 0
32768 -7966720 32768 0
32768 -7964672 32768 0
32768 -7962624 32768 0
32768 -7960576 32768 0
32768 -7958528 32768 0
32768 -7956480 32768 0
32768 -7954432 32768 0
32768 -7952384 32768 0
32768 -7950336 32768 0
32768 -7948288 32768 0
32768 -7946240 32768 0
32768 -7944192 32768 0
32768 -7942144 32768 0
32768 -7940096 32768 0
32768 -7938048 32768 0
32768 -7936000 32768 0
32768 -7933952 32768 0
32768 -7931904 32768 0
32768 -7929856 32768 0
32768 -7927808 32768 0
32768 -7925760 32768 0
32768 -7923712 32768 0
32768 -7921664 32768 0
32768 -7919616 32768 0
32768 -7917568 32768 0
32768 -7915520 32768 0
32768 -7913472 32768 0
32768 -7911424 32768 0
32768 -7909376 32768 0
32768 -7907328 32768 0
32768 -7905280 32768 0
32768 -7903232 32768 0
32768 -7901184 32768 0
32768 -7899136 32768 0
32768 -7897088 32768 0
32768 -7895040 32768 0
32768 -7892992 32768 0
32768 -7890944 32768 0
32768 -7888896 32768 0
32768 -7886848 32768 0
32768 -7884800 32768 0
32768 -7882752 32768 0
32768 -7880704 32768 0
32768 -7878656 32768 0
32768 -7876608 32768 0
32768 -7874560 32768 0
32768 -7872512 32768 0
32768 -7870464 32768 0
32768 -7868416 32768 0
32768 -7866368 32768 0
32768 -7864320 32768 0
32768 -7862272 32768 0
32768 -7860224 32768 0
32768 -7858176 32768 0
32768 -7856128 32768 0
32768 -7854080 32768 0
32768 -7852032 32768 0
32768 -7849984 32768 0
32768 -7847936 32768 0
32768 -7845888 32768 0
32768 -7843840 32768 0
32768 -7841792 32768 0
32768 -7839744 32768 0
32768 -7837696 32768 0
32768 -7835648 32768 0
32768 -7833600 32768 0
32768 -7831552 32768 0
32768 -7829504 32768 0
32768 -7827456 32768 0
32768 -7825408 32768 0
32768 -7823360 32768 0
32768 -7821312 32768 0
32768 -7819264 32768 0
32768 -7817216 32768 0
32768 -7815168 32768 0
32768 -7813120 32768 0
32768 -7811072 32768 0
32768 -7809024 32768 0
32768 -7806976 32768 0
32768 -7804928 32768 0
32768 -7802880 32768 0
32768 -7800832 32768 0
32768 -7798784 32768 0
32768 -7796736 32768 0
32768 -7794688 32768 0
32768 -7792640 32768 0
32768 -7790592 32768 0
32768 -7788544 32768 0
32768 -7786496 32768 0
32768 -7784448 32768 0
32768 -7782400 32768 0
32768 -7780352 32768 0
32768 -7778304 32768 0
32768 -7776256 32768 0
32768 -7774208 32768 0
32768 -7772160 32768 0
32768 -7770112 32768 0
32768 -7768064 32768 0
32768 -7766016 32768 0
32768 -7763968 32768 0
32768 -7761920 32768 0
32768 -7759872 32768 0
32768 -7757824 32768 0
32768 -7755776 32768 0
32768 -7753728 32768 0
32768 -7751680 32768 0
32768 -7749632 32768 0
32768 -7747584 32768 0
32768 -7745536 32768 0
32768 -7743488 32768 0
32768 -7741440 32768 0
32768 -7739392 32768 0
32768 -7737344 32768 0
32768 -7735296 32768 0
32768 -7733248 32768 0
32768 -7731200 32768 0
32768 -7729152 32768 0
32768 -7727104 32768 0
32768 -7725056 32768 0
32768 -7723008 32768 0
32768 -7720960 32768 0
32768 -7718912 32768 0
32768 -7716864 32768 0
32768 -7714816 32768 0
32768 -7712768 32768 0
32768 -7710720 32768 0
32768 -7708672 32768 0
32768 -7706624 32768 0
32768 -7704576 32768 0
32768 -7702528 32768 0
32768 -7700480 32768 0
32768 -7698432 32768 0
32768 -7696384 32768 0
32768 -7694336 32768 0
32768 -7692288 32768 0
32768 -7690240 32768 0
32768 -7688192 32768 0
32768 -7686144 32768 0
32768 -7684096 32768 0
32768 -7682048 32768 0
32768 -7680000 32768 0
32768 -7677952 32768 0
32768 -7675904 32768 0
32768 -7673856 32768 0
32768 -7671808 32768 0
32768 -7669760 32768 0
32768 -7667712 32768 0
32768 -7665664 32768 0
32768 -7663616 32768 0
32768 -7661568 32768 0
32768 -7659520 32768 0
32768 -7657472 32768 0
32768 -7655424 32768 0
32768 -7653376 32768 0
32768 -7651328 32768 0
32768 -7649280 32768 0
32768 -7647232 32768 0
32768 -7645184 32768 0
32768 -7643136 32768 0
32768 -7641088 32768 0
32768 -7639040 32768 0
32768 -7636992 32768 0
32768 -7634944 32768 0
32768 -7632896 32768 0
32768 -7630848 32768 0
32768 -7628800 32768 0
32768 -7626752 32768 0
32768 -7624704 32768 0
32768 -7622656 32768 0
32768 -7620608 32768 0
32768 -7618560 32768 0
32768 -7616512 32768 0
32768 -7614464 32768 0
32768 -7612416 32768 0
32768 -7610368 32768 0
32768 -7608320 32768 0
32768 -7606272 32768 0
32768 -7604224 32768 0
32768 -7602176 32768 0
32768 -7600128 32768 0
32768 -7598080 32768 0
32768 -7596032 32768 0
32768 -7593984 32768 0
32768 -7591936 32768 0
32768 -7589888 32768 0
32768 -7587840 32768 0
32768 -7585792 32768 0
32768 -7583744 32768 0
32768 -7581696 32768 0
32768 -7579648 32768 0
32768 -7577600 32768 0
32768 -7575552 32768 0
32768 -7573504 32768 0
32768 -7571456 32768 0
32768 -7569408 32768 0
32768 -7567360 32768 0
32768 -7565312 32768 0
32768 -7563264 32768 0
32768 -7561216 32768 0
32768 -7559168 32768 0
32768 -7557120 32768 0
32768 -7555072 32768 0
32768 -7553024 32768 0
32768 -7550976 32768 0
32768 -7548928 32768 0
32768 -7546880 32768 0
32768 -7544832 32768 0
32768 -7542784 32768 0
32768 -7540736 32768 0
32768 -7538688 32768 0
32768 -7536640 32768 0
32768 -7534592 32768 0
32768 -7532544 32768 0
32768 -7530496 32768 0
32768 -7528448 32768 0
32768 -7526400 32768 0
32768 -7524352 32768 0
32768 -7522304 32768 0
32768 -7520256 32768 0
32768 -7518208 32768 0
32768 -7516160 32768 0
32768 -7514112 32768 0
32768 -7512064 32768 0
32768 -7510016 32768 0
32768 -7507968 32768 0
32768 -7505920 32768 0
32768 -7503872 32768 0
32768 -7501824 32768 0
32768 -7499776 32768 0
32768 -7497728 32768 0
32768 -7495680 32768 0
32768 -7493632 32768 0
32768 -7491584 32768 0
32768 -7489536 32768 0
32768 -7487488 32768 0
32768 -7485440 32768 0
32768 -7483392 32768 0
32768 -7481344 32768 0
32768 -7479296 32768 0
32768 -7477248 32768 0
32768 -7475200 32768 0
32768 -7473152 32768 0
32768 -7471104 32768 0
32768 -7469056 32768 0
32768 -7467008 32768 0
32768 -7464960 32768 0
32768 -7462912 32768 0
32768 -7460864 32768 0
32768 -7458816 32768 0
32768 -7456768 32768 0
32768 -7454720 32768 0
32768 -7452672 32768 0
32768 -7450624 32768 0
32768 -7448576 32768 0
32768 -7446528 32768 0
32768 -7444480 32768 0
32768 -7442432 32768 0
32768 -7440384 32768 0
32768 -7438336 32768 0
32768 -7436288 32768 0
32768 -7434240 32768 0
32768 -7432192 32768 0
32768 -7430144 32768 0
32768 -7428096 32768 0
32768 -7426048 32768 0
32768 -7424000 32768 0
32768 -7421952 32768 0
32768 -7419904 32768 0
32768 -7417856 32768 0
32768 -7415808 32768 0
32768 -7413760 32768 0
32768 -7411712 32768 0
32768 -7409664 32768 0
32768 -7407616 32768 0
32768 -7405568 32768 0
32768 -7403520 32768 0
32768 -7401472 32768 0
32768 -7399424 32768 0
32768 -7397376 32768 0
32768 -7395328 32768 0
32768 -7393280 32768 0
32768 -7391232 32768 0
32768 -7389184 32768 0
32768 -7387136 32768 0
32768 -7385088 32768 0
32768 -7383040 32768 0
32768 -7380992 32768 0
32768 -7378944 32768 0
32768 -7376896 32768 0
32768 -7374848 32768 0
32768 -7372800 32768 0
32768 -7370752 32768 0
32768 -7368704 32768 0
32768 -7366656 32768 0
32768 -7364608 32768 0
32768 -7362560 32768 0
32768 -7360512 32768 0
32768 -7358464 32768 0
32768 -7356416 32768 0
32768 -7354368 32768 0
32768 -7352320 32768 0
32768 -7350272 32768 0
32768 -7348224 32768 0
32768 -7346176 32768 0
32768 -7344128 32768 0
32768 -7342080 32768 0
32768 -7340032 32768 0
32768 -7337984 32768 0
32768 -7335936 32768 0
32768 -7333888 32768 0
32768 -7331840 32768 0
32768 -7329792 32768 0
32768 -7327744 32768 0
32768 -7325696 32768 0
32768 -7323648 32768 0
32768 -7321600 32768 0
32768 -7319552 32768 0
32768 -7317504 32768 0
32768 -7315456 32768 0
32768 -7313408 32768 0
32768 -7311360 32768 0
32768 -7309312 32768 0
32768 -7307264 32768 0
32768 -7305216 32768 0
32768 -7303168 32768 0
32768 -7301120 32768 0
32768 -7299072 32768 0
32768 -7297024 32768 0
32768 -7294976 32768 0
32768 -7292928 32768 0
32768 -7290880 32768 0
32768 -7288832 32768 0
32768 -7286784 32768 0
32768 -7284736 32768 0
32768 -7282688 32768 0
32768 -7280640 32768 0
32768 -7278592 32768 0
32768 -7276544 32768 0
32768 -7274496 32768 0
32768 -7272448 32768 0
32768 -7270400 32768 0
32768 -7268352 32768 0
32768 -7266304 32768 0
32768 -7264256 32768 0
32768 -7262208 32768 0
32768 -7260160 32768 0
32768 -7258112 32768 0
32768 -7256064 32768 0
32768 -7254016 32768 0
32768 -7251968 32768 0
32768 -7249920 32768 0
32768 -7247872 32768 0
32768 -7245824 32768 0
32768 -7243776 32768 0
32768 -7241728 32768 0
32768 -7239680 32768 0
32768 -7237632 32768 0
32768 -7235584 32768 0
32768 -7233536 32768 0
32768 -7231488 32768 0
32768 -7229440 32768 0
32768 -7227392 32768 0
32768 -7225344 32768 0
32768 -7223296 32768 0
32768 -7221248 32768 0
32768 -7219200 32768 0
32768 -7217152 32768 0
32768 -7215104 32768 0
32768 -7213056 32768 0
32768 -7211008 32768 0
32768 -7208960 32768 0
32768 -7206912 32768 0
32768 -7204864 32768 0
32768 -7202816 32768 0
32768 -7200768 32768 0
32768 -7198720 32768 0
32768 -7196672 32768 0
32768 -7194624 32768 0
32768 -7192576 32768 0
32768 -7190528 32768 0
32768 -7188480 32768 0
32768 -7186432 32768 0
32768 -7184384 32768 0
32768 -7182336 32768 0
32768 -7180288 32768 0
32768 -7178240 32768 0
32768 -7176192 32768 0
32768 -7174144 32768 0
32768 -7172096 32768 0
32768 -7170048 32768 0
32768 -7168000 32768 0
32768 -7165952 32768 0
32768 -7163904 32768 0
32768 -7161856 32768 0
32768 -7159808 32768 0
32768 -7157760 32768 0
32768 -7155712 32768 0
32768 -7153664 32768 0
32768 -7151616 32768 0
32768 -7149568 32768 0
32768 -7147520 32768 0
32768 -7145472 32768 0
32768 -7143424 32768 0
32768 -7141376 32768 0
32768 -7139328 32768 0
32768 -7137280 32768 0
32768 -7135232 32768 0
32768 -7133184 32768 0
32768 -7131136 32768 0
32768 -7129088 32768 0
32768 -7127040 32768 0
32768 -7124992 32768 0
32768 -7122944 32768 0
32768 -7120896 32768 0
32768 -7118848 32768 0
32768 -7116800 32768 0
32768 -7114752 32768 0
32768 -7112704 32768 0
32768 -7110656 32768 0
32768 -7108608 32768 0
32768 -7106560 32768 0
32768 -7104512 32768 0
32768 -7102464 32768 0
32768 -7100416 32768 0
32768 -7098368 32768 0
32768 -7096320 32768 0
32768 -7094272 32768 0
32768 -7092224 32768 0
32768 -7090176 32768 0
32768 -7088128 32768 0
32768 -7086080 32768 0
32768 -7084032 32768 0
32768 -7081984 32768 0
32768 -7079936 32768 0
32768 -7077888 32768 0
32768 -7075840 32768 0
32768 -7073792 32768 0
32768 -7071744 32768 0
32768 -7069696 32768 0
32768 -7067648 32768 0
32768 -7065600 32768 0
32768 -7063552 32768 0
32768 -7061504 32768 0
32768 -7059456 32768 0
32768 -7057408 32768 0
32768 -7055360 32768 0
32768 -7053312 32768 0
32768 -7051264 32768 0
32768 -7049216 32768 0
32768 -7047168 32768 0
32768 -7045120 32768 0
32768 -7043072 32768 0
32768 -7041024 32768 0
32768 -7038976 32768 0
32768 -7036928 32768 0
32768 -7034880 32768 0
32768 -7032832 32768 0
32768 -7030784 32768 0
32768 -7028736 32768 0
32768 -7026688 32768 0
32768 -7024640 32768 0
32768 -7022592 32768 0
32768 -7020544 32768 0
32768 -7018496 32768 0
32768 -7016448 32768 0
32768 -7014400 32768 0
32768 -7012352 32768 0
32768 -7010304 32768 0
32768 -7008256 32768 0
32768 -7006208 32768 0
32768 -7004160 32768 0
32768 -7002112 32768 0
32768 -7000064 32768 0
32768 -6998016 32768 0
32768 -6995968 32768 0
32768 -6993920 32768 0
32768 -6991872 32768 0
32768 -6989824 32768 0
32768 -6987776 32768 0
32768 -6985728 32768 0
32768 -6983680 32768 0
32768 -6981632 32768 0
32768 -6979584 32768 0
32768 -6977536 32768 0
32768 -6975488 32768 0
32768 -6973440 32768 0
32768 -6971392 32768 0
32768 -6969344 32768 0
32768 -6967296 32768 0
32768 -6965248 32768 0
32768 -6963200 32768 0
32768 -6961152 32768 0
32768 -6959104 32768 0
32768 -6957056 32768 0
32768 -6955008 32768 0
32768 -6952960 32768 0
32768 -6950912 32768 0
32768 -6948864 32768 0
32768 -6946816 32768 0
32768 -6944768 32768 0
32768 -6942720 32768 0
32768 -6940672 32768 0
32768 -6938624 32768 0
32768 -6936576 32768 0
32768 -6934528 32768 0
32768 -6932480 32768 0
32768 -6930432 32768 0
32768 -6928384 32768 0
32768 -6926336 32768 0
32768 -6924288 32768 0
32768 -6922240 32768 0
32768 -6920192 32768 0
32768 -6918144 32768 0
32768 -6916096 32768 0
32768 -6914048 32768 0
32768 -6912000 32768 0
32768 -6909952 32768 0
32768 -6907904 32768 0
32768 -6905856 32768 0
32768 -6903808 32768 0
32768 -6901760 32768 0
32768 -6899712 32768 0
32768 -6897664 32768 0
32768 -6895616 32768 0
32768 -6893568 32768 0
32768 -6891520 32768 0
32768 -6889472 32768 0
32768 -6887424 32768 0
32768 -6885376 32768 0
32768 -6883328 32768 0
32768 -6881280 32768 0
32768 -6879232 32768 0
32768 -6877184 32768 0
32768 -6875136 32768 0
32768 -6873088 32768 0
32768 -6871040 32768 0
32768 -6868992 32768 0
32768 -6866944 32768 0
32768 -6864896 32768 0
32768 -6862848 32768 0
32768 -6860800 32768 0
32768 -6858752 32768 0
32768 -6856704 32768 0
32768 -6854656 32768 0
32768 -6852608 32768 0
32768 -6850560 32768 0
32768 -6848512 32768 0
32768 -6846464 32768 0
32768 -6844416 32768 0
32768 -6842368 32768 0
32768 -6840320 32768 0
32768 -6838272 32768 0
32768 -6836224 32768 0
32768 -6834176 32768 0
32768 -6832128 32768 0
32768 -6830080 32768 0
32768 -6828032 32768 0
32768 -6825984 32768 0
32768 -6823936 32768 0
32768 -6821888 32768 0
32768 -6819840 32768 0
32768 -6817792 32768 0
32768 -6815744 32768 0
32768 -6813696 32768 0
32768 -6811648 32768 0
32768 -6809600 32768 0
32768 -6807552 32768 0
32768 -6805504 32768 0
32768 -6803456 32768 0
32768 -6801408 32768 0
32768 -6799360 32768 0
32768 -6797312 32768 0
32768 -6795264 32768 0
32768 -6793216 32768 0
32768 -6791168 32768 0
32768 -6789120 32768 0
32768 -6787072 32768 0
32768 -6785024 32768 0
32768 -6782976 32768 0
32768 -6780928 32768 0
32768 -6778880 32768 0
32768 -6776832 32768 0
32768 -6774784 32768 0
32768 -6772736 32768 0
32768 -6770688 32768 0
32768 -6768640 32768 0
32768 -6766592 32768 0
32768 -6764544 32768 0
32768 -6762496 32768 0
32768 -6760448 32768 0
32768 -6758400 32768 0
32768 -6756352 32768 0
32768 -6754304 32768 0
32768 -6752256 32768 0
32768 -6750208 32768 0
32768 -6748160 32768 0
32768 -6746112 32768 0
32768 -6744064 32768 0
32768 -6742016 32768 0
32768 -6739968 32768 0
32768 -6737920 32768 0
32768 -6735872 32768 0
32768 -6733824 32768 0
32768 -6731776 32768 0
32768 -6729728 32768 0
32768 -6727680 32768 0
32768 -6725632 32768 0
32768 -6723584 32768 0
32768 -6721536 32768 0
32768 -6719488 32768 0
32768 -6717440 32768 0
32768 -6715392 32768 0
32768 -6713344 32768 0
32768 -6711296 32768 0
32768 -6709248 32768 0
32768 -6707200 32768 0
32768 -6705152 32768 0
32768 -6703104 32768 0
32768 -6701056 32768 0
32768 -6699008 32768 0
32768 -6696960 32768 0
32768 -6694912 32768 0
32768 -6692864 32768 0
32768 -6690816 32768 0
32768 -6688768 32768 0
32768 -6686720 32768 0
32768 -6684672 32768 0
32768 -6682624 32768 0
32768 -6680576 32768 0
32768 -6678528 32768 0
32768 -6676480 32768 0
32768 -6674432 32768 0
32768 -6672384 32768 0
32768 -6670336 32768 0
32768 -6668288 32768 0
32768 -6666240 32768 0
32768 -6664192 32768 0
32768 -6662144 32768 0
32768 -6660096 32768 0
32768 -6658048 32768 0
32768 -6656000 32768 0
32768 -6653952 32768 0
32768 -6651904 32768 0
32768 -6649856 32768 0
32768 -6647808 32768 0
32768 -6645760 32768 0
32768 -6643712 32768 0
32768 -6641664 32768 0
32768 -6639616 32768 0
32768 -6637568 32768 0
32768 -6635520 32768 0
32768 -6633472 32768 0
32768 -6631424 32768 0
32768 -6629376 32768 0
32768 -6627328 32768 0
32768 -6625280 32768 0
32768 -6623232 32768 0
32768 -6621184 32768 0
32768 -6619136 32768 0
32768 -6617088 32768 0
32768 -6615040 32768 0
32768 -6612992 32768 0
32768 -6610944 32768 0
32768 -6608896 32768 0
32768 -6606848 32768 0
32768 -6604800 32768 0
32768 -6602752 32768 0
32768 -6600704 32768 0
32768 -6598656 32768 0
32768 -6596608 32768 0
32768 -6594560 32768 0
32768 -6592512 32768 0
32768 -6590464 32768 0
32768 -6588416 32768 0
32768 -6586368 32768 0
32768 -6584320 32768 0
32768 -6582272 32768 0
32768 -6580224 32768 0
32768 -6578176 32768 0
32768 -6576128 32768 0
32768 -6574080 32768 0
32768 -6572032 32768 0
32768 -6569984 32768 0
32768 -6567936 32768 0
32768 -6565888 32768 0
32768 -6563840 32768 0
32768 -6561792 32768 0
32768 -6559744 32768 0
32768 -6557696 32768 0
32768 -6555648 32768 0
32768 -6553600 32768 0
32768 -6551552 32768 0
32768 -6549504 32768 0
32768 -6547456 32768 0
32768 -6545408 32768 0
32768 -6543360 32768 0
32768 -6541312 32768 0
32768 -6539264 32768 0
32768 -6537216 32768 0
32768 -6535168 32768 0
32768 -6533120 32768 0
32768 -6531072 32768 0
32768 -6529024 32768 0
32768 -6526976 32768 0
32768 -6524928 32768 0
32768 -6522880 32768 0
32768 -6520832 32768 0
32768 -6518784 32768 0
32768 -6516736 32768 0
32768 -6514688 32768 0
32768 -6512640 32768 0
32768 -6510592 32768 0
32768 -6508544 32768 0
32768 -6506496 32768 0
32768 -6504448 32768 0
32768 -6502400 32768 0
32768 -6500352 32768 0
32768 -6498304 32768 0
32768 -6496256 32768 0
32768 -6494208 32768 0
32768 -6492160 32768 0
32768 -6490112 32768 0
32768 -6488064 32768 0
32768 -6486016 32768 0
32768 -6483968 32768 0
32768 -6481920 32768 0
32768 -6479872 32768 0
32768 -6477824 32768 0
32768 -6475776 32768 0
32768 -6473728 32768 0
32768 -6471680 32768 0
32768 -6469632 32768 0
32768 -6467584 32768 0
32768 -6465536 32768 0
32768 -6463488 32768 0
32768 -6461440 32768 0
32768 -6459392 32768 0
32768 -6457344 32768 0
32768 -6455296 32768 0
32768 -6453248 32768 0
32768 -6451200 32768 0
32768 -6449152 32768 0
32768 -6447104 32768 0
32768 -6445056 32768 0
32768 -6443008 32768 0
32768 -6440960 32768 0
32768 -6438912 32768 0
32768 -6436864 32768 0
32768 -6434816 32768 0
32768 -6432768 32768 0
32768 -6430720 32768 0
32768 -6428672 32768 0
32768 -6426624 32768 0
32768 -6424576 32768 0
32768 -6422528 32768 0
32768 -6420480 32768 0
32768 -6418432 32768 0
32768 -6416384 32768 0
32768 -6414336 32768 0
32768 -6412288 32768 0
32768 -6410240 32768 0
32768 -6408192 32768 0
32768 -6406144 32768 0
32768 -6404096 32768 0
32768 -6402048 32768 0
32768 -6400000 32768 0
32768 -6397952 32768 0
32768 -6395904 32768 0
32768 -6393856 32768 0
32768 -6391808 32768 0
32768 -6389760 32768 0
32768 -6387712 32768 0
32768 -6385664 32768 0
32768 -6383616 32768 0
32768 -6381568 32768 0
32768 -6379520 32768 0
32768 -6377472 32768 0
32768 -6375424 32768 0
32768 -6373376 32768 0
32768 -6371328 32768 0
32768 -6369280 32768 0
32768 -6367232 32768 0
32768 -6365184 32768 0
32768 -6363136 32768 0
32768 -6361088 32768 0
32768 -6359040 32768 0
32768 -6356992 32768 0
32768 -6354944 32768 0
32768 -6352896 32768 0
32768 -6350848 32768 0
32768 -6348800 32768 0
32768 -6346752 32768 0
32768 -6344704 32768 0
32768 -6342656 32768 0
32768 -6340608 32768 0
32768 -6338560 32768 0
32768 -6336512 32768 0
32768 -6334464 32768 0
32768 -6332416 32768 0
32768 -6330368 32768 0
32768 -6328320 32768 0
32768 -6326272 32768 0
32768 -6324224 32768 0
32768 -6322176 32768 0
32768 -6320128 32768 0
32768 -6318080 32768 0
32768 -6316032 32768 0
32768 -6313984 32768 0
32768 -6311936 32768 0
32768 -6309888 32768 0
32768 -6307840 32768 0
32768 -6305792 32768 0
32768 -6303744 32768 0
32768 -6301696 32768 0
32768 -6299648 32768 0
32768 -6297600 32768 0
32768 -6295552 32768 0
32768 -6293504 32768 0
32768 -6291456 32768 0
32768 -6289408 32768 0
32768 -6287360 32768 0
32768 -6285312 32768 0
32768 -6283264 32768 0
32768 -6281216 32768 0
32768 -6279168 32768 0
32768 -6277120 32768 0
32768 -6275072 32768 0
32768 -6273024 32768 0
32768 -6270976 32768 0
32768 -6268928 32768 0
32768 -6266880 32768 0
32768 -6264832 32768 0
32768 -6262784 32768 0
32768 -6260736 32768 0
32768 -6258688 32768 0
32768 -6256640 32768 0
32768 -6254592 32768 0
32768 -6252544 32768 0
32768 -6250496 32768 0
32768 -6248448 32768 0
32768 -6246400 32768 0
32768 -6244352 32768 0
32768 -6242304 32768 0
32768 -6240256 32768 0
32768 -6238208 32768 0
32768 -6236160 32768 0
32768 -6234112 32768 0
32768 -6232064 32768 0
32768 -6230016 32768 0
32768 -6227968 32768 0
32768 -6225920 32768 0
32768 -6223872 32768 0
32768 -6221824 32768 0
32768 -6219776 32768 0
32768 -6217728 32768 0
32768 -6215680 32768 0
32768 -6213632 32768 0
32768 -6211584 32768 0
32768 -6209536 32768 0
32768 -6207488 32768 0
32768 -6205440 32768 0
32768 -6203392 32768 0
32768 -6201344 32768 0
32768 -6199296 32768 0
32768 -6197248 32768 0
32768 -6195200 32768 0
32768 -6193152 32768 0
32768 -6191104 32768 0
32768 -6189056 32768 0
32768 -6187008 32768 0
32768 -6184960 32768 0
32768 -6182912 32768 0
32768 -6180864 32768 0
32768 -6178816 32768 0
32768 -6176768 32768 0
32768 -6174720 32768 0
32768 -6172672 32768 0
32768 -6170624 32768 0
32768 -6168576 32768 0
32768 -6166528 32768 0
32768 -6164480 32768 0
32768 -6162432 32768 0
32768 -6160384 32768 0
32768 -6158336 32768 0
32768 -6156288 32768 0
32768 -6154240 32768 0
32768 -6152192 32768 0
32768 -6150144 32768 0
32768 -6148096 32768 0
32768 -6146048 32768 0
32768 -6144000 32768 0
32768 -6141952 32768 0
32768 -6139904 32768 0
32768 -6137856 32768 0
32768 -6135808 32768 0
32768 -6133760 32768 0
32768 -6131712 32768 0
32768 -6129664 32768 0
32768 -6127616 32768 0
32768 -6125568 32768 0
32768 -6123520 32768 0
32768 -6121472 32768 0
32768 -6119424 32768 0
32768 -6117376 32768 0
32768 -6115328 32768 0
32768 -6113280 32768 0
32768 -6111232 32768 0
32768 -6109184 32768 0
32768 -6107136 32768 0
32768 -6105088 32768 0
32768 -6103040 32768 0
32768 -6100992 32768 0
32768 -6098944 32768 0
32768 -6096896 32768 0
32768 -6094848 32768 0
32768 -6092800 32768 0
32768 -6090752 32768 0
32768 -6088704 32768 0
32768 -6086656 32768 0
32768 -6084608 32768 0
32768 -6082560 32768 0
32768 -6080512 32768 0
32768 -6078464 32768 0
32768 -6076416 32768 0
32768 -6074368 32768 0
32768 -6072320 32768 0
32768 -6070272 32768 0
32768 -6068224 32768 0
32768 -6066176 32768 0
32768 -6064128 32768 0
32768 -6062080 32768 0
32768 -6060032 32768 0
32768 -6057984 32768 0
32768 -6055936 32768 0
32768 -6053888 32768 0
32768 -6051840 32768 0
32768 -6049792 32768 0
32768 -6047744 32768 0
32768 -6045696 32768 0
32768 -6043648 32768 0
32768 -6041600 32768 0
32768 -6039552 32768 0
32768 -6037504 32768 0
32768 -6035456 32768 0
32768 -6033408 32768 0
32768 -6031360 32768 0
32768 -6029312 32768 0
32768 -6027264 32768 0
32768 -6025216 32768 0
32768 -6023168 32768 0
32768 -6021120 32768 0
32768 -6019072 32768 0
32768 -6017024 32768 0
32768 -6014976 32768 0
32768 -6012928 32768 0
32768 -6010880 32768 0
32768 -6008832 32768 0
32768 -6006784 32768 0
32768 -6004736 32768 0
32768 -6002688 32768 0
32768 -6000640 32768 0
32768 -5998592 32768 0
32768 -5996544 32768 0
32768 -5994496 32768 0
32768 -5992448 32768 0
32768 -5990400 32768 0
32768 -5988352 32768 0
32768 -5986304 32768 0
32768 -5984256 32768 0
32768 -5982208 32768 0
32768 -5980160 32768 0
32768 -5978112 32768 0
32768 -5976064 32768 0
32768 -5974016 32768 0
32768 -5971968 32768 0
32768 -5969920 32768 0
32768 -5967872 32768 0
32768 -5965824 32768 0
32768 -5963776 32768 0
32768 -5961728 32768 0
32768 -5959680 32768 0
32768 -5957632 32768 0
32768 -5955584 32768 0
32768 -5953536 32768 0
32768 -5951488 32768 0
32768 -5949440 32768 0
32768 -5947392 32768 0
32768 -5945344 32768 0
32768 -5943296 32768 0
32768 -5941248 32768 0
32768 -5939200 32768 0
32768 -5937152 32768 0
32768 -5935104 32768 0
32768 -5933056 32768 0
32768 -5931008 32768 0
32768 -5928960 32768 0
32768 -5926912 32768 0
32768 -5924864 32768 0
32768 -5922816 32768 0
32768 -5920768 32768 0
32768 -5918720 32768 0
32768 -5916672 32768 0
32768 -5914624 32768 0
32768 -5912576 32768 0
32768 -5910528 32768 0
32768 -5908480 32768 0
32768 -5906432 32768 0
32768 -5904384 32768 0
32768 -5902336 32768 0
32768 -5900288 32768 0
32768 -5898240 32768 0
32768 -5896192 32768 0
32768 -5894144 32768 0
32768 -5892096 32768 0
32768 -5890048 32768 0
32768 -5888000 32768 0
32768 -5885952 32768 0
32768 -5883904 32768 0
32768 -5881856 32768 0
32768 -5879808 32768 0
32768 -5877760 32768 0
32768 -5875712 32768 0
32768 -5873664 32768 0
32768 -5871616 32768 0
32768 -5869568 32768 0
32768 -5867520 32768 0
32768 -5865472 32768 0
32768 -5863424 32768 0
32768 -5861376 32768 0
32768 -5859328 32768 0
32768 -5857280 32768 0
32768 -5855232 32768 0
32768 -5853184 32768 0
32768 -5851136 32768 0
32768 -5849088 32768 0
32768 -5847040 32768 0
32768 -5844992 32768 0
32768 -5842944 32768 0
32768 -5840896 32768 0
32768 -5838848 32768 0
32768 -5836800 32768 0
32768 -5834752 32768 0
32768 -5832704 32768 0
32768 -5830656 32768 0
32768 -5828608 32768 0
32768 -5826560 32768 0
32768 -5824512 32768 0
32768 -5822464 32768 0
32768 -5820416 32768 0
32768 -5818368 32768 0
32768 -5816320 32768 0
32768 -5814272 32768 0
32768 -5812224 32768 0
32768 -5810176 32768 0
32768 -5808128 32768 0
32768 -5806080 32768 0
32768 -5804032 32768 0
32768 -5801984 32768 0
32768 -5799936 32768 0
32768 -5797888 32768 0
32768 -5795840 32768 0
32768 -5793792 32768 0
32768 -5791744 32768 0
32768 -5789696 32768 0
32768 -5787648 32768 0
32768 -5785600 32768 0
32768 -5783552 32768 0
32768 -5781504 32768 0
32768 -5779456 32768 0
32768 -5777408 32768 0
32768 -5775360 32768 0
32768 -5773312 32768 0
32768 -5771264 32768 0
32768 -5769216 32768 0
32768 -5767168 32768 0
32768 -5765120 32768 0
32768 -5763072 32768 0
32768 -5761024 32768 0
32768 -5758976 32768 0
32768 -5756928 32768 0
32768 -5754880 32768 0
32768 -5752832 32768 0
32768 -5750784 32768 0
32768 -5748736 32768 0
32768 -5746688 32768 0
32768 -5744640 32768 0
32768 -5742592 32768 0
32768 -5740544 32768 0
32768 -5738496 32768 0
32768 -5736448 32768 0
32768 -5734400 32768 0
32768 -5732352 32768 0
32768 -5730304 32768 0
32768 -5728256 32768 0
32768 -5726208 32768 0
32768 -5724160 32768 0
32768 -5722112 32768 0
32768 -5720064 32768 0
32768 -5718016 32768 0
32768 -5715968 32768 0
32768 -5713920 32768 0
32768 -5711872 32768 0
32768 -5709824 32768 0
32768 -5707776 32768 0
32768 -5705728 32768 0
32768 -5703680 32768 0
32768 -5701632 32768 0
32768 -5699584 32768 0
32768 -5697536 32768 0
32768 -5695488 32768 0
32768 -5693440 32768 0
32768 -5691392 32768 0
32768 -5689344 32768 0
32768 -5687296 32768 0
32768 -5685248 32768 0
32768 -5683200 32768 0
32768 -5681152 32768 0
32768 -5679104 32768 0
32768 -5677056 32768 0
32768 -5675008 32768 0
32768 -5672960 32768 0
32768 -5670912 32768 0
32768 -5668864 32768 0
32768 -5666816 32768 0
32768 -5664768 32768 0
32768 -5662720 32768 0
32768 -5660672 32768 0
32768 -5658624 32768 0
32768 -5656576 32768 0
32768 -5654528 32768 0
32768 -5652480 32768 0
32768 -5650432 32768 0
32768 -5648384 32768 0
32768 -5646336 32768 0
32768 -5644288 32768 0
32768 -5642240 32768 0
32768 -5640192 32768 0
32768 -5638144 32768 0
32768 -5636096 32768 0
32768 -5634048 32768 0
32768 -5632000 32768 0
32768 -5629952 32768 0
32768 -5627904 32768 0
32768 -5625856 32768 0
32768 -5623808 32768 0
32768 -5621760 32768 0
32768 -5619712 32768 0
32768 -5617664 32768 0
32768 -5615616 32768 0
32768 -5613568 32768 0
32768 -5611520 32768 0
32768 -5609472 32768 0
32768 -5607424 32768 0
32768 -5605376 32768 0
32768 -5603328 32768 0
32768 -5601280 32768 0
32768 -5599232 32768 0
32768 -5597184 32768 0
32768 -5595136 32768 0
32768 -5593088 32768 0
32768 -5591040 32768 0
32768 -5588992 32768 0
32768 -5586944 32768 0
32768 -5584896 32768 0
32768 -5582848 32768 0
32768 -5580800 32768 0
32768 -5578752 32768 0
32768 -5576704 32768 0
32768 -5574656 32768 0
32768 -5572608 32768 0
32768 -5570560 32768 0
32768 -5568512 32768 0
32768 -5566464 32768 0
32768 -5564416 32768 0
32768 -5562368 32768 0
32768 -5560320 32768 0
32768 -5558272 32768 0
32768 -5556224 32768 0
32768 -5554176 32768 0
32768 -5552128 32768 0
32768 -5550080 32768 0
32768 -5548032 32768 0
32768 -5545984 32768 0
32768 -5543936 32768 0
32768 -5541888 32768 0
32768 -5539840 32768 0
32768 -5537792 32768 0
32768 -5535744 32768 0
32768 -5533696 32768 0
32768 -5531648 32768 0
32768 -5529600 32768 0
32768 -5527552 32768 0
32768 -5525504 32768 0
32768 -5523456 32768 0
32768 -5521408 32768 0
32768 -5519360 32768 0
32768 -5517312 32768 0
32768 -5515264 32768 0
32768 -5513216 32768 0
32768 -5511168 32768 0
32768 -5509120 32768 0
32768 -5507072 32768 0
32768 -5505024 32768 0
32768 -5502976 32768 0
32768 -5500928 32768 0
32768 -5498880 32768 0
32768 -5496832 32768 0
32768 -5494784 32768 0
32768 -5492736 32768 0
32768 -5490688 32768 0
32768 -5488640 32768 0
32768 -5486592 32768 0
32768 -5484544 32768 0
32768 -5482496 32768 0
32768 -5480448 32768 0
32768 -5478400 32768 0
32768 -5476352 32768 0
32768 -5474304 32768 0
32768 -5472256 32768 0
32768 -5470208 32768 0
32768 -5468160 32768 0
32768 -5466112 32768 0
32768 -5464064 32768 0
32768 -5462016 32768 0
32768 -5459968 32768 0
32768 -5457920 32768 0
32768 -5455872 32768 0
32768 -5453824 32768 0
32768 -5451776 32768 0
32768 -5449728 32768 0
32768 -5447680 32768 0
32768 -5445632 32768 0
32768 -5443584 32768 0
32768 -5441536 32768 0
32768 -5439488 32768 0
32768 -5437440 32768 0
32768 -5435392 32768 0
32768 -5433344 32768 0
32768 -5431296 32768 0
32768 -5429248 32768 0
32768 -5427200 32768 0
32768 -5425152 32768 0
32768 -5423104 32768 0
32768 -5421056 32768 0
32768 -5419008 32768 0
32768 -5416960 32768 0
32768 -5414912 32768 0
32768 -5412864 32768 0
32768 -5410816 32768 0
32768 -5408768 32768 0
32768 -5406720 32768 0
32768 -5404672 32768 0
32768 -5402624 32768 0
32768 -5400576 32768 0
32768 -5398528 32768 0
32768 -5396480 32768 0
32768 -5394432 32768 0
32768 -5392384 32768 0
32768 -5390336 32768 0
32768 -5388288 32768 0
32768 -5386240 32768 0
32768 -5384192 32768 0
32768 -5382144 32768 0
32768 -5380096 32768 0
32768 -5378048 32768 0
32768 -5376000 32768 0
32768 -5373952 32768 0
32768 -5371904 32768 0
32768 -5369856 32768 0
32768 -5367808 32768 0
32768 -5365760 32768 0
32768 -5363712 32768 0
32768 -5361664 32768 0
32768 -5359616 32768 0
32768 -5357568 32768 0
32768 -5355520 32768 0
32768 -5353472 32768 0
32768 -5351424 32768 0
32768 -5349376 32768 0
32768 -5347328 32768 0
32768 -5345280 32768 0
32768 -5343232 32768 0
32768 -5341184 32768 0
32768 -5339136 32768 0
32768 -5337088 32768 0
32768 -5335040 32768 0
32768 -5332992 32768 0
32768 -5330944 32768 0
32768 -5328896 32768 0
32768 -5326848 32768 0
32768 -5324800 32768 0
32768 -5322752 32768 0
32768 -5320704 32768 0
32768 -5318656 32768 0
32768 -5316608 32768 0
32768 -5314560 32768 0
32768 -5312512 32768 0
32768 -5310464 32768 0
32768 -5308416 32768 0
32768 -5306368 32768 0
32768 -5304320 32768 0
32768 -5302272 32768 0
32768 -5300224 32768 0
32768 -5298176 32768 0
32768 -5296128 32768 0
32768 -5294080 32768 0
32768 -5292032 32768 0
32768 -5289984 32768 0
32768 -5287936 32768 0
32768 -5285888 32768 0
32768 -5283840 32768 0
32768 -5281792 32768 0
32768 -5279744 32768 0
32768 -5277696 32768 0
32768 -5275648 32768 0
32768 -5273600 32768 0
32768 -5271552 32768 0
32768 -5269504 32768 0
32768 -5267456 32768 0
32768 -5265408 32768 0
32768 -5263360 32768 0
32768 -5261312 32768 0
32768 -5259264 32768 0
32768 -5257216 32768 0
32768 -5255168 32768 0
32768 -5253120 32768 0
32768 -5251072 32768 0
32768 -5249024 32768 0
32768 -5246976 32768 0
32768 -5244928 32768 0
32768 -5242880 32768 0
32768 -5240832 32768 0
32768 -5238784 32768 0
32768 -5236736 32768 0
32768 -5234688 32768 0
32768 -5232640 32768 0
32768 -5230592 32768 0
32768 -5228544 32768 0
32768 -5226496 32768 0
32768 -5224448 32768 0
32768 -5222400 32768 0
32768 -5220352 32768 0
32768 -5218304 32768 0
32768 -5216256 32768 0
32768 -5214208 32768 0
32768 -5212160 32768 0
32768 -5210112 32768 0
32768 -5208064 32768 0
32768 -5206016 32768 0
32768 -5203968 32768 0
32768 -5201920 32768 0
32768 -5199872 32768 0
32768 -5197824 32768 0
32768 -5195776 32768 0
32768 -5193728 32768 0
32768 -5191680 32768 0
32768 -5189632 32768 0
32768 -5187584 32768 0
32768 -5185536 32768 0
32768 -5183488 32768 0
32768 -5181440 32768 0
32768 -5179392 32768 0
32768 -5177344 32768 0
32768 -5175296 32768 0
32768 -5173248 32768 0
32768 -5171200 32768 0
32768 -5169152 32768 0
32768 -5167104 32768 0
32768 -5165056 32768 0
32768 -5163008 32768 0
32768 -5160960 32768 0
32768 -5158912 32768 0
32768 -5156864 32768 0
32768 -5154816 32768 0
32768 -5152768 32768 0
32768 -5150720 32768 0
32768 -5148672 32768 0
32768 -5146624 32768 0
32768 -5144576 32768 0
32768 -5142528 32768 0
32768 -5140480 32768 0
32768 -5138432 32768 0
32768 -5136384 32768 0
32768 -5134336 32768 0
32768 -5132288 32768 0
32768 -5130240 32768 0
32768 -5128192 32768 0
32768 -5126144 32768 0
32768 -5124096 32768 0
32768 -5122048 32768 0
32768 -5120000 32768 0
32768 -5117952 32768 0
32768 -5115904 32768 0
32768 -5113856 32768 0
32768 -5111808 32768 0
32768 -5109760 32768 0
32768 -5107712 32768 0
32768 -5105664 32768 0
32768 -5103616 32768 0
32768 -5101568 32768 0
32768 -5099520 32768 0
32768 -5097472 32768 0
32768 -5095424 32768 0
32768 -5093376 32768 0
32768 -5091328 32768 0
32768 -5089280 32768 0
32768 -5087232 32768 0
32768 -5085184 32768 0
32768 -5083136 32768 0
32768 -5081088 32768 0
32768 -5079040 32768 0
32768 -5076992 32768 0
32768 -5074944 32768 0
32768 -5072896 32768 0
32768 -5070848 32768 0
32768 -5068800 32768 0
32768 -5066752 32768 0
32768 -5064704 32768 0
32768 -5062656 32768 0
32768 -5060608 32768 0
32768 -5058560 32768 0
32768 -5056512 32768 0
32768 -5054464 32768 0
32768 -5052416 32768 0
32768 -5050368 32768 0
32768 -5048320 32768 0
32768 -5046272 32768 0
32768 -5044224 32768 0
32768 -5042176 32768 0
32768 -5040128 32768 0
32768 -5038080 32768 0
32768 -5036032 32768 0
32768 -5033984 32768 0
32768 -5031936 32768 0
32768 -5029888 32768 0
32768 -5027840 32768 0
32768 -5025792 32768 0
32768 -5023744 32768 0
32768 -5021696 32768 0
32768 -5019648 32768 0
32768 -5017600 32768 0
32768 -5015552 32768 0
32768 -5013504 32768 0
32768 -5011456 32768 0
32768 -5009408 32768 0
32768 -5007360 32768 0
32768 -5005312 32768 0
32768 -5003264 32768 0
32768 -5001216 32768 0
32768 -4999168 32768 0
32768 -4997120 32768 0
32768 -4995072 32768 0
32768 -4993024 32768 0
32768 -4990976 32768 0
32768 -4988928 32768 0
32768 -4986880 32768 0
32768 -4984832 32768 0
32768 -4982784 32768 0
32768 -4980736 32768 0
32768 -4978688 32768 0
32768 -4976640 32768 0
32768 -4974592 32768 0
32768 -4972544 32768 0
32768 -4970496 32768 0
32768 -4968448 32768 0
32768 -4966400 32768 0
32768 -4964352 32768 0
32768 -4962304 32768 0
32768 -4960256 32768 0
32768 -4958208 32768 0
32768 -4956160 32768 0
32768 -4954112 32768 0
32768 -4952064 32768 0
32768 -4950016 32768 0
32768 -4947968 32768 0
32768 -4945920 32768 0
32768 -4943872 32768 0
32768 -4941824 32768 0
32768 -4939776 32768 0
32768 -4937728 32768 0
32768 -4935680 32768 0
32768 -4933632 32768 0
32768 -4931584 32768 0
32768 -4929536 32768 0
32768 -4927488 32768 0
32768 -4925440 32768 0
32768 -4923392 32768 0
32768 -4921344 32768 0
32768 -4919296 32768 0
32768 -4917248 32768 0
32768 -4915200 32768 0
32768 -4913152 32768 0
32768 -4911104 32768 0
32768 -4909056 32768 0
32768 -4907008 32768 0
32768 -4904960 32768 0
32768 -4902912 32768 0
32768 -4900864 32768 0
32768 -4898816 32768 0
32768 -4896768 32768 0
32768 -4894720 32768 0
32768 -4892672 32768 0
32768 -4890624 32768 0
32768 -4888576 32768 0
32768 -4886528 32768 0
32768 -4884480 32768 0
32768 -4882432 32768 0
32768 -4880384 32768 0
32768 -4878336 32768 0
32768 -4876288 32768 0
32768 -4874240 32768 0
32768 -4872192 32768 0
32768 -4870144 32768 0
32768 -4868096 32768 0
32768 -4866048 32768 0
32768 -4864000 32768 0
32768 -4861952 32768 0
32768 -4859904 32768 0
32768 -4857856 32768 0
32768 -4855808 32768 0
32768 -4853760 32768 0
32768 -4851712 32768 0
32768 -4849664 32768 0
32768 -4847616 32768 0
32768 -4845568 32768 0
32768 -4843520 32768 0
32768 -4841472 32768 0
32768 -4839424 32768 0
32768 -4837376 32768 0
32768 -4835328 32768 0
32768 -4833280 32768 0
32768 -4831232 32768 0
32768 -4829184 32768 0
32768 -4827136 32768 0
32768 -4825088 32768 0
32768 -4823040 32768 0
32768 -4820992 32768 0
32768 -4818944 32768 0
32768 -4816896 32768 0
32768 -4814848 32768 0
32768 -4812800 32768 0
32768 -4810752 32768 0
32768 -4808704 32768 0
32768 -4806656 32768 0
32768 -4804608 32768 0
32768 -4802560 32768 0
32768 -4800512 32768 0
32768 -4798464 32768 0
32768 -4796416 32768 0
32768 -4794368 32768 0
32768 -4792320 32768 0
32768 -4790272 32768 0
32768 -4788224 32768 0
32768 -4786176 32768 0
32768 -4784128 32768 0
32768 -4782080 32768 0
32768 -4780032 32768 0
32768 -4777984 32768 0
32768 -4775936 32768 0
32768 -4773888 32768 0
32768 -4771840 32768 0
32768 -4769792 32768 0
32768 -4767744 32768 0
32768 -4765696 32768 0
32768 -4763648 32768 0
32768 -4761600 32768 0
32768 -4759552 32768 0
32768 -4757504 32768 0
32768 -4755456 32768 0
32768 -4753408 32768 0
32768 -4751360 32768 0
32768 -4749312 32768 0
32768 -4747264 32768 0
32768 -4745216 32768 0
32768 -4743168 32768 0
32768 -4741120 32768 0
32768 -4739072 32768 0
32768 -4737024 32768 0
32768 -4734976 32768 0
32768 -4732928 32768 0
32768 -4730880 32768 0
32768 -4728832 32768 0
32768 -4726784 32768 0
32768 -4724736 32768 0
32768 -4722688 32768 0
32768 -4720640 32768 0
32768 -4718592 32768 0
32768 -4716544 32768 0
32768 -4714496 32768 0
32768 -4712448 32768 0
32768 -4710400 32768 0
32768 -4708352 32768 0
32768 -4706304 32768 0
32768 -4704256 32768 0
32768 -4702208 32768 0
32768 -4700160 32768 0
32768 -4698112 32768 0
32768 -4696064 32768 0
32768 -4694016 32768 0
32768 -4691968 32768 0
32768 -4689920 32768 0
32768 -4687872 32768 0
32768 -4685824 32768 0
32768 -4683776 32768 0
32768 -4681728 32768 0
32768 -4679680 32768 0
32768 -4677632 32768 0
32768 -4675584 32768 0
32768 -4673536 32768 0
32768 -4671488 32768 0
32768 -4669440 32768 0
32768 -4667392 32768 0
32768 -4665344 32768 0
32768 -4663296 32768 0
32768 -4661248 32768 0
32768 -4659200 32768 0
32768 -4657152 32768 0
32768 -4655104 32768 0
32768 -4653056 32768 0
32768 -4651008 32768 0
32768 -4648960 32768 0
32768 -4646912 32768 0
32768 -4644864 32768 0
32768 -4642816 32768 0
32768 -4640768 32768 0
32768 -4638720 32768 0
32768 -4636672 32768 0
32768 -4634624 32768 0
32768 -4632576 32768 0
32768 -4630528 32768 0
32768 -4628480 32768 0
32768 -4626432 32768 0
32768 -4624384 32768 0
32768 -4622336 32768 0
32768 -4620288 32768 0
32768 -4618240 32768 0
32768 -4616192 32768 0
32768 -4614144 32768 0
32768 -4612096 32768 0
32768 -4610048 32768 0
32768 -4608000 32768 0
32768 -4605952 32768 0
32768 -4603904 32768 0
32768 -4601856 32768 0
32768 -4599808 32768 0
32768 -4597760 32768 0
32768 -4595712 32768 0
32768 -4593664 32768 0
32768 -4591616 32768 0
32768 -4589568 32768 0
32768 -4587520 32768 0
32768 -4585472 32768 0
32768 -4583424 32768 0
32768 -4581376 32768 0
32768 -4579328 32768 0
32768 -4577280 32768 0
32768 -4575232 32768 0
32768 -4573184 32768 0
32768 -4571136 32768 0
32768 -4569088 32768 0
32768 -4567040 32768 0
32768 -4564992 32768 0
32768 -4562944 32768 0
32768 -4560896 32768 0
32768 -4558848 32768 0
32768 -4556800 32768 0
32768 -4554752 32768 0
32768 -4552704 32768 0
32768 -4550656 32768 0
32768 -4548608 32768 0
32768 -4546560 32768 0
32768 -4544512 32768 0
32768 -4542464 32768 0
32768 -4540416 32768 0
32768 -4538368 32768 0
32768 -4536320 32768 0
32768 -4534272 32768 0
32768 -4532224 32768 0
32768 -4530176 32768 0
32768 -4528128 32768 0
32768 -4526080 32768 0
32768 -4524032 32768 0
32768 -4521984 32768 0
32768 -4519936 32768 0
32768 -4517888 32768 0
32768 -4515840 32768 0
32768 -4513792 32768 0
32768 -4511744 32768 0
32768 -4509696 32768 0
32768 -4507648 32768 0
32768 -4505600 32768 0
32768 -4503552 32768 0
32768 -4501504 32768 0
32768 -4499456 32768 0
32768 -4497408 32768 0
32768 -4495360 32768 0
32768 -4493312 32768 0
32768 -4491264 32768 0
32768 -4489216 32768 0
32768 -4487168 32768 0
32768 -4485120 32768 0
32768 -4483072 32768 0
32768 -4481024 32768 0
32768 -4478976 32768 0
32768 -4476928 32768 0
32768 -4474880 32768 0
32768 -4472832 32768 0
32768 -4470784 32768 0
32768 -4468736 32768 0
32768 -4466688 32768 0
32768 -4464640 32768 0
32768 -4462592 32768 0
32768 -4460544 32768 0
32768 -4458496 32768 0
32768 -4456448 32768 0
32768 -4454400 32768 0
32768 -4452352 32768 0
32768 -4450304 32768 0
32768 -4448256 32768 0
32768 -4446208 32768 0
32768 -4444160 32768 0
32768 -4442112 32768 0
32768 -4440064 32768 0
32768 -4438016 32768 0
32768 -4435968 32768 0
32768 -4433920 32768 0
32768 -4431872 32768 0
32768 -4429824 32768 0
32768 -4427776 32768 0
32768 -4425728 32768 0
32768 -4423680 32768 0
32768 -4421632 32768 0
32768 -4419584 32768 0
32768 -4417536 32768 0
32768 -4415488 32768 0
32768 -4413440 32768 0
32768 -4411392 32768 0
32768 -4409344 32768 0
32768 -4407296 32768 0
32768 -4405248 32768 0
32768 -4403200 32768 0
32768 -4401152 32768 0
32768 -4399104 32768 0
32768 -4397056 32768 0
32768 -4395008 32768 0
32768 -4392960 32768 0
32768 -4390912 32768 0
32768 -4388864 32768 0
32768 -4386816 32768 0
32768 -4384768 32768 0
32768 -4382720 32768 0
32768 -4380672 32768 0
32768 -4378624 32768 0
32768 -4376576 32768 0
32768 -4374528 32768 0
32768 -4372480 32768 0
32768 -4370432 32768 0
32768 -4368384 32768 0
32768 -4366336 32768 0
32768 -4364288 32768 0
32768 -4362240 32768 0
32768 -4360192 32768 0
32768 -4358144 32768 0
32768 -4356096 32768 0
32768 -4354048 32768 0
32768 -4352000 32768 0
32768 -4349952 32768 0
32768 -4347904 32768 0
32768 -4345856 32768 0
32768 -4343808 32768 0
32768 -4341760 32768 0
32768 -4339712 32768 0
32768 -4337664 32768 0
32768 -4335616 32768 0
32768 -4333568 32768 0
32768 -4331520 32768 0
32768 -4329472 32768 0
32768 -4327424 32768 0
32768 -4325376 32768 0
32768 -4323328 32768 0
32768 -4321280 32768 0
32768 -4319232 32768 0
32768 -4317184 32768 0
32768 -4315136 32768 0
32768 -4313088 32768 0
32768 -4311040 32768 0
32768 -4308992 32768 0
32768 -4306944 32768 0
32768 -4304896 32768 0
32768 -4302848 32768 0
32768 -4300800 32768 0
32768 -4298752 32768 0
32768 -4296704 32768 0
32768 -4294656 32768 0
32768 -4292608 32768 0
32768 -4290560 32768 0
32768 -4288512 32768 0
32768 -4286464 32768 0
32768 -4284416 32768 0
32768 -4282368 32768 0
32768 -4280320 32768 0
32768 -4278272 32768 0
32768 -4276224 32768 0
32768 -4274176 32768 0
32768 -4272128 32768 0
32768 -4270080 32768 0
32768 -4268032 32768 0
32768 -4265984 32768 0
32768 -4263936 32768 0
32768 -4261888 32768 0
32768 -4259840 32768 0
32768 -4257792 32768 0
32768 -4255744 32768 0
32768 -4253696 32768 0
32768 -4251648 32768 0
32768 -4249600 32768 0
32768 -4247552 32768 0
32768 -4245504 32768 0
32768 -4243456 32768 0
32768 -4241408 32768 0
32768 -4239360 32768 0
32768 -4237312 32768 0
32768 -4235264 32768 0
32768 -4233216 32768 0
32768 -4231168 32768 0
32768 -4229120 32768 0
32768 -4227072 32768 0
32768 -4225024 32768 0
32768 -4222976 32768 0
32768 -4220928 32768 0
32768 -4218880 32768 0
32768 -4216832 32768 0
32768 -4214784 32768 0
32768 -4212736 32768 0
32768 -4210688 32768 0
32768 -4208640 32768 0
32768 -4206592 32768 0
32768 -4204544 32768 0
32768 -4202496 32768 0
32768 -4200448 32768 0
32768 -4198400 32768 0
32768 -4196352 32768 0
32768 -4194304 32768 0
32768 -4192256 32768 0
32768 -4190208 32768 0
32768 -4188160 32768 0
32768 -4186112 32768 0
32768 -4184064 32768 0
32768 -4182016 32768 0
32768 -4179968 32768 0
32768 -4177920 32768 0
32768 -4175872 32768 0
32768 -4173824 32768 0
32768 -4171776 32768 0
32768 -4169728 32768 0
32768 -4167680 32768 0
32768 -4165632 32768 0
32768 -4163584 32768 0
32768 -4161536 32768 0
32768 -4159488 32768 0
32768 -4157440 32768 0
32768 -4155392 32768 0
32768 -4153344 32768 0
32768 -4151296 32768 0
32768 -4149248 32768 0
32768 -4147200 32768 0
32768 -4145152 32768 0
32768 -4143104 32768 0
32768 -4141056 32768 0
32768 -4139008 32768 0
32768 -4136960 32768 0
32768 -4134912 32768 0
32768 -4132864 32768 0
32768 -4130816 32768 0
32768 -4128768 32768 0
32768 -4126720 32768 0
32768 -4124672 32768 0
32768 -4122624 32768 0
32768 -4120576 32768 0
32768 -4118528 32768 0
32768 -4116480 32768 0
32768 -4114432 32768 0
32768 -4112384 32768 0
32768 -4110336 32768 0
32768 -4108288 32768 0
32768 -4106240 32768 0
32768 -4104192 32768 0
32768 -4102144 32768 0
32768 -4100096 32768 0
32768 -4098048 32768 0
32768 -4096000 32768 0
32768 -4093952 32768 0
32768 -4091904 32768 0
32768 -4089856 32768 0
32768 -4087808 32768 0
32768 -4085760 32768 0
32768 -4083712 32768 0
32768 -4081664 32768 0
32768 -4079616 32768 0
32768 -4077568 32768 0
32768 -4075520 32768 0
32768 -4073472 32768 0
32768 -4071424 32768 0
32768 -4069376 32768 0
32768 -4067328 32768 0
32768 -4065280 32768 0
32768 -4063232 32768 0
32768 -4061184 32768 0
32768 -4059136 32768 0
32768 -4057088 32768 0
32768 -4055040 32768 0
32768 -4052992 32768 0
32768 -4050944 32768 0
32768 -4048896 32768 0
32768 -4046848 32768 0
32768 -4044800 32768 0
32768 -4042752 32768 0
32768 -4040704 32768 0
32768 -4038656 32768 0
32768 -4036608 32768 0
32768 -4034560 32768 0
32768 -4032512 32768 0
32768 -4030464 32768 0
32768 -4028416 32768 0
32768 -4026368 32768 0
32768 -4024320 32768 0
32768 -4022272 32768 0
32768 -4020224 32768 0
32768 -4018176 32768 0
32768 -4016128 32768 0
32768 -4014080 32768 0
32768 -4012032 32768 0
32768 -4009984 32768 0
32768 -4007936 32768 0
32768 -4005888 32768 0
32768 -4003840 32768 0
32768 -4001792 32768 0
32768 -3999744 32768 0
32768 -3997696 32768 0
32768 -3995648 32768 0
32768 -3993600 32768 0
32768 -3991552 32768 0
32768 -3989504 32768 0
32768 -3987456 32768 0
32768 -3985408 32768 0
32768 -3983360 32768 0
32768 -3981312 32768 0
32768 -3979264 32768 0
32768 -3977216 32768 0
32768 -3975168 32768 0
32768 -3973120 32768 0
32768 -3971072 32768 0
32768 -3969024 32768 0
32768 -3966976 32768 0
32768 -3964928 32768 0
32768 -3962880 32768 0
32768 -3960832 32768 0
32768 -3958784 32768 0
32768 -3956736 32768 0
32768 -3954688 32768 0
32768 -3952640 32768 0
32768 -3950592 32768 0
32768 -3948544 32768 0
32768 -3946496 32768 0
32768 -3944448 32768 0
32768 -3942400 32768 0
32768 -3940352 32768 0
32768 -3938304 32768 0
32768 -3936256 32768 0
32768 -3934208 32768 0
32768 -3932160 32768 0
32768 -3930112 32768 0
32768 -3928064 32768 0
32768 -3926016 32768 0
32768 -3923968 32768 0
32768 -3921920 32768 0
32768 -3919872 32768 0
32768 -3917824 32768 0
32768 -3915776 32768 0
32768 -3913728 32768 0
32768 -3911680 32768 0
32768 -3909632 32768 0
32768 -3907584 32768 0
32768 -3905536 32768 0
32768 -3903488 32768 0
32768 -3901440 32768 0
32768 -3899392 32768 0
32768 -3897344 32768 0
32768 -3895296 32768 0
32768 -3893248 32768 0
32768 -3891200 32768 0
32768 -3889152 32768 0
32768 -3887104 32768 0
32768 -3885056 32768 0
32768 -3883008 32768 0
32768 -3880960 32768 0
32768 -3878912 32768 0
32768 -3876864 32768 0
32768 -3874816 32768 0
32768 -3872768 32768 0
32768 -3870720 32768 0
32768 -3868672 32768 0
32768 -3866624 32768 0
32768 -3864576 32768 0
32768 -3862528 32768 0
32768 -3860480 32768 0
32768 -3858432 32768 0
32768 -3856384 32768 0
32768 -3854336 32768 0
32768 -3852288 32768 0
32768 -3850240 32768 0
32768 -3848192 32768 0
32768 -3846144 32768 0
32768 -3844096 32768 0
32768 -3842048 32768 0
32768 -3840000 32768 0
32768 -3837952 32768 0
32768 -3835904 32768 0
32768 -3833856 32768 0
32768 -3831808 32768 0
32768 -3829760 32768 0
32768 -3827712 32768 0
32768 -3825664 32768 0
32768 -3823616 32768 0
32768 -3821568 32768 0
32768 -3819520 32768 0
32768 -3817472 32768 0
32768 -3815424 32768 0
32768 -3813376 32768 0
32768 -3811328 32768 0
32768 -3809280 32768 0
32768 -3807232 32768 0
32768 -3805184 32768 0
32768 -3803136 32768 0
32768 -3801088 32768 0
32768 -3799040 32768 0
32768 -3796992 32768 0
32768 -3794944 32768 0
32768 -3792896 32768 0
32768 -3790848 32768 0
32768 -3788800 32768 0
32768 -3786752 32768 0
32768 -3784704 32768 0
32768 -3782656 32768 0
32768 -3780608 32768 0
32768 -3778560 32768 0
32768 -3776512 32768 0
32768 -3774464 32768 0
32768 -3772416 32768 0
32768 -3770368 32768 0
32768 -3768320 32768 0
32768 -3766272 32768 0
32768 -3764224 32768 0
32768 -3762176 32768 0
32768 -3760128 32768 0
32768 -3758080 32768 0
32768 -3756032 32768 0
32768 -3753984 32768 0
32768 -3751936 32768 0
32768 -3749888 32768 0
32768 -3747840 32768 0
32768 -3745792 32768 0
32768 -3743744 32768 0
32768 -3741696 32768 0
32768 -3739648 32768 0
32768 -3737600 32768 0
32768 -3735552 32768 0
32768 -3733504 32768 0
32768 -3731456 32768 0
32768 -3729408 32768 0
32768 -3727360 32768 0
32768 -3725312 32768 0
32768 -3723264 32768 0
32768 -3721216 32768 0
32768 -3719168 32768 0
32768 -3717120 32768 0
32768 -3715072 32768 0
32768 -3713024 32768 0
32768 -3710976 32768 0
32768 -3708928 32768 0
32768 -3706880 32768 0
32768 -3704832 32768 0
32768 -3702784 32768 0
32768 -3700736 32768 0
32768 -3698688 32768 0
32768 -3696640 32768 0
32768 -3694592 32768 0
32768 -3692544 32768 0
32768 -3690496 32768 0
32768 -3688448 32768 0
32768 -3686400 32768 0
32768 -3684352 32768 0
32768 -3682304 32768 0
32768 -3680256 32768 0
32768 -3678208 32768 0
32768 -3676160 32768 0
32768 -3674112 32768 0
32768 -3672064 32768 0
32768 -3670016 32768 0
32768 -3667968 32768 0
32768 -3665920 32768 0
32768 -3663872 32768 0
32768 -3661824 32768 0
32768 -3659776 32768 0
32768 -3657728 32768 0
32768 -3655680 32768 0
32768 -3653632 32768 0
32768 -3651584 32768 0
32768 -3649536 32768 0
32768 -3647488 32768 0
32768 -3645440 32768 0
32768 -3643392 32768 0
32768 -3641344 32768 0
32768 -3639296 32768 0
32768 -3637248 32768 0
32768 -3635200 32768 0
32768 -3633152 32768 0
32768 -3631104 32768 0
32768 -3629056 32768 0
32768 -3627008 32768 0
32768 -3624960 32768 0
32768 -3622912 32768 0
32768 -3620864 32768 0
32768 -3618816 32768 0
32768 -3616768 32768 0
32768 -3614720 32768 0
32768 -3612672 32768 0
32768 -3610624 32768 0
32768 -3608576 32768 0
32768 -3606528 32768 0
32768 -3604480 32768 0
32768 -3602432 32768 0
32768 -3600384 32768 0
32768 -3598336 32768 0
32768 -3596288 32768 0
32768 -3594240 32768 0
32768 -3592192 32768 0
32768 -3590144 32768 0
32768 -3588096 32768 0
32768 -3586048 32768 0
32768 -3584000 32768 0
32768 -3581952 32768 0
32768 -3579904 32768 0
32768 -3577856 32768 0
32768 -3575808 32768 0
32768 -3573760 32768 0
32768 -3571712 32768 0
32768 -3569664 32768 0
32768 -3567616 32768 0
32768 -3565568 32768 0
32768 -3563520 32768 0
32768 -3561472 32768 0
32768 -3559424 32768 0
32768 -3557376 32768 0
32768 -3555328 32768 0
32768 -3553280 32768 0
32768 -3551232 32768 0
32768 -3549184 32768 0
32768 -3547136 32768 0
32768 -3545088 32768 0
32768 -3543040 32768 0
32768 -3540992 32768 0
32768 -3538944 32768 0
32768 -3536896 32768 0
32768 -3534848 32768 0
32768 -3532800 32768 0
32768 -3530752 32768 0
32768 -3528704 32768 0
32768 -3526656 32768 0
32768 -3524608 32768 0
32768 -3522560 32768 0
32768 -3520512 32768 0
32768 -3518464 32768 0
32768 -3516416 32768 0
32768 -3514368 32768 0
32768 -3512320 32768 0
32768 -3510272 32768 0
32768 -3508224 32768 0
32768 -3506176 32768 0
32768 -3504128 32768 0
32768 -3502080 32768 0
32768 -3500032 32768 0
32768 -3497984 32768 0
32768 -3495936 32768 0
32768 -3493888 32768 0
32768 -3491840 32768 0
32768 -3489792 32768 0
32768 -3487744 32768 0
32768 -3485696 32768 0
32768 -3483648 32768 0
32768 -3481600 32768 0
32768 -3479552 32768 0
32768 -3477504 32768 0
32768 -3475456 32768 0
32768 -3473408 32768 0
32768 -3471360 32768 0
32768 -3469312 32768 0
32768 -3467264 32768 0
32768 -3465216 32768 0
32768 -3463168 32768 0
32768 -3461120 32768 0
32768 -3459072 32768 0
32768 -3457024 32768 0
32768 -3454976 32768 0
32768 -3452928 32768 0
32768 -3450880 32768 0
32768 -3448832 32768 0
32768 -3446784 32768 0
32768 -3444736 32768 0
32768 -3442688 32768 0
32768 -3440640 32768 0
32768 -3438592 32768 0
32768 -3436544 32768 0
32768 -3434496 32768 0
32768 -3432448 32768 0
32768 -3430400 32768 0
32768 -3428352 32768 0
32768 -3426304 32768 0
32768 -3424256 32768 0
32768 -3422208 32768 0
32768 -3420160 32768 0
32768 -3418112 32768 0
32768 -3416064 32768 0
32768 -3414016 32768 0
32768 -3411968 32768 0
32768 -3409920 32768 0
32768 -3407872 32768 0
32768 -3405824 32768 0
32768 -3403776 32768 0
32768 -3401728 32768 0
32768 -3399680 32768 0
32768 -3397632 32768 0
32768 -3395584 32768 0
32768 -3393536 32768 0
32768 -3391488 32768 0
32768 -3389440 32768 0
32768 -3387392 32768 0
32768 -3385344 32768 0
32768 -3383296 32768 0
32768 -3381248 32768 0
32768 -3379200 32768 0
32768 -3377152 32768 0
32768 -3375104 32768 0
32768 -3373056 32768 0
32768 -3371008 32768 0
32768 -3368960 32768 0
32768 -3366912 32768 0
32768 -3364864 32768 0
32768 -3362816 32768 0
32768 -3360768 32768 0
32768 -3358720 32768 0
32768 -3356672 32768 0
32768 -3354624 32768 0
32768 -3352576 32768 0
32768 -3350528 32768 0
32768 -3348480 32768 0
32768 -3346432 32768 0
32768 -3344384 32768 0
32768 -3342336 32768 0
32768 -3340288 32768 0
32768 -3338240 32768 0
32768 -3336192 32768 0
32768 -3334144 32768 0
32768 -3332096 32768 0
32768 -3330048 32768 0
32768 -3328000 32768 0
32768 -3325952 32768 0
32768 -3323904 32768 0
32768 -3321856 32768 0
32768 -3319808 32768 0
32768 -3317760 32768 0
32768 -3315712 32768 0
32768 -3313664 32768 0
32768 -3311616 32768 0
32768 -3309568 32768 0
32768 -3307520 32768 0
32768 -3305472 32768 0
32768 -3303424 32768 0
32768 -3301376 32768 0
32768 -3299328 32768 0
32768 -3297280 32768 0
32768 -3295232 32768 0
32768 -3293184 32768 0
32768 -3291136 32768 0
32768 -3289088 32768 0
32768 -3287040 32768 0
32768 -3284992 32768 0
32768 -3282944 32768 0
32768 -3280896 32768 0
32768 -3278848 32768 0
32768 -3276800 32768 0
32768 -3274752 32768 0
32768 -3272704 32768 0
32768 -3270656 32768 0
32768 -3268608 32768 0
32768 -3266560 32768 0
32768 -3264512 32768 0
32768 -3262464 32768 0
32768 -3260416 32768 0
32768 -3258368 32768 0
32768 -3256320 32768 0
32768 -3254272 32768 0
32768 -3252224 32768 0
32768 -3250176 32768 0
32768 -3248128 32768 0
32768 -3246080 32768 0
32768 -3244032 32768 0
32768 -3241984 32768 0
32768 -3239936 32768 0
32768 -3237888 32768 0
32768 -3235840 32768 0
32768 -3233792 32768 0
32768 -3231744 32768 0
32768 -3229696 32768 0
32768 -3227648 32768 0
32768 -3225600 32768 0
32768 -3223552 32768 0
32768 -3221504 32768 0
32768 -3219456 32768 0
32768 -3217408 32768 0
32768 -3215360 32768 0
32768 -3213312 32768 0
32768 -3211264 32768 0
32768 -3209216 32768 0
32768 -3207168 32768 0
32768 -3205120 32768 0
32768 -3203072 32768 0
32768 -3201024 32768 0
32768 -3198976 32768 0
32768 -3196928 32768 0
32768 -3194880 32768 0
32768 -3192832 32768 0
32768 -3190784 32768 0
32768 -3188736 32768 0
32768 -3186688 32768 0
32768 -3184640 32768 0
32768 -3182592 32768 0
32768 -3180544 32768 0
32768 -3178496 32768 0
32768 -3176448 32768 0
32768 -3174400 32768 0
32768 -3172352 32768 0
32768 -3170304 32768 0
32768 -3168256 32768 0
32768 -3166208 32768 0
32768 -3164160 32768 0
32768 -3162112 32768 0
32768 -3160064 32768 0
32768 -3158016 32768 0
32768 -3155968 32768 0
32768 -3153920 32768 0
32768 -3151872 32768 0
32768 -3149824 32768 0
32768 -3147776 32768 0
32768 -3145728 32768 0
32768 -3143680 32768 0
32768 -3141632 32768 0
32768 -3139584 32768 0
32768 -3137536 32768 0
32768 -3135488 32768 0
32768 -3133440 32768 0
32768 -3131392 32768 0
32768 -3129344 32768 0
32768 -3127296 32768 0
32768 -3125248 32768 0
32768 -3123200 32768 0
32768 -3121152 32768 0
32768 -3119104 32768 0
32768 -3117056 32768 0
32768 -3115008 32768 0
32768 -3112960 32768 0
32768 -3110912 32768 0
32768 -3108864 32768 0
32768 -3106816 32768 0
32768 -3104768 32768 0
32768 -3102720 32768 0
32768 -3100672 32768 0
32768 -3098624 32768 0
32768 -3096576 32768 0
32768 -3094528 32768 0
32768 -3092480 32768 0
32768 -3090432 32768 0
32768 -3088384 32768 0
32768 -3086336 32768 0
32768 -3084288 32768 0
32768 -3082240 32768 0
32768 -3080192 32768 0
32768 -3078144 32768 0
32768 -3076096 32768 0
32768 -3074048 32768 0
32768 -3072000 32768 0
32768 -3069952 32768 0
32768 -3067904 32768 0
32768 -3065856 32768 0
32768 -3063808 32768 0
32768 -3061760 32768 0
32768 -3059712 32768 0
32768 -3057664 32768 0
32768 -3055616 32768 0
32768 -3053568 32768 0
32768 -3051520 32768 0
32768 -3049472 32768 0
32768 -3047424 32768 0
32768 -3045376 32768 0
32768 -3043328 32768 0
32768 -3041280 32768 0
32768 -3039232 32768 0
32768 -3037184 32768 0
32768 -3035136 32768 0
32768 -3033088 32768 0
32768 -3031040 32768 0
32768 -3028992 32768 0
32768 -3026944 32768 0
32768 -3024896 32768 0
32768 -3022848 32768 0
32768 -3020800 32768 0
32768 -3018752 32768 0
32768 -3016704 32768 0
32768 -3014656 32768 0
32768 -3012608 32768 0
32768 -3010560 32768 0
32768 -3008512 32768 0
32768 -3006464 32768 0
32768 -3004416 32768 0
32768 -3002368 32768 0
32768 -3000320 32768 0
32768 -2998272 32768 0
32768 -2996224 32768 0
32768 -2994176 32768 0
32768 -2992128 32768 0
32768 -2990080 32768 0
32768 -2988032 32768 0
32768 -2985984 32768 0
32768 -2983936 32768 0
32768 -2981888 32768 0
32768 -2979840 32768 0
32768 -2977792 32768 0
32768 -2975744 32768 0
32768 -2973696 32768 0
32768 -2971648 32768 0
32768 -2969600 32768 0
32768 -2967552 32768 0
32768 -2965504 32768 0
32768 -2963456 32768 0
32768 -2961408 32768 0
32768 -2959360 32768 0
32768 -2957312 32768 0
32768 -2955264 32768 0
32768 -2953216 32768 0
32768 -2951168 32768 0
32768 -2949120 32768 0
32768 -2947072 32768 0
32768 -2945024 32768 0
32768 -2942976 32768 0
32768 -2940928 32768 0
32768 -2938880 32768 0
32768 -2936832 32768 0
32768 -2934784 32768 0
32768 -2932736 32768 0
32768 -2930688 32768 0
32768 -2928640 32768 0
32768 -2926592 32768 0
32768 -2924544 32768 0
32768 -2922496 32768 0
32768 -2920448 32768 0
32768 -2918400 32768 0
32768 -2916352 32768 0
32768 -2914304 32768 0
32768 -2912256 32768 0
32768 -2910208 32768 0
32768 -2908160 32768 0
32768 -2906112 32768 0
32768 -2904064 32768 0
32768 -2902016 32768 0
32768 -2899968 32768 0
32768 -2897920 32768 0
32768 -2895872 32768 0
32768 -2893824 32768 0
32768 -2891776 32768 0
32768 -2889728 32768 0
32768 -2887680 32768 0
32768 -2885632 32768 0
32768 -2883584 32768 0
32768 -2881536 32768 0
32768 -2879488 32768 0
32768 -2877440 32768 0
32768 -2875392 32768 0
32768 -2873344 32768 0
32768 -2871296 32768 0
32768 -2869248 32768 0
32768 -2867200 32768 0
32768 -2865152 32768 0
32768 -2863104 32768 0
32768 -2861056 32768 0
32768 -2859008 32768 0
32768 -2856960 32768 0
32768 -2854912 32768 0
32768 -2852864 32768 0
32768 -2850816 32768 0
32768 -2848768 32768 0
32768 -2846720 32768 0
32768 -2844672 32768 0
32768 -2842624 32768 0
32768 -2840576 32768 0
32768 -2838528 32768 0
32768 -2836480 32768 0
32768 -2834432 32768 0
32768 -2832384 32768 0
32768 -2830336 32768 0
32768 -2828288 32768 0
32768 -2826240 32768 0
32768 -2824192 32768 0
32768 -2822144 32768 0
32768 -2820096 32768 0
32768 -2818048 32768 0
32768 -2816000 32768 0
32768 -2813952 32768 0
32768 -2811904 32768 0
32768 -2809856 32768 0
32768 -2807808 32768 0
32768 -2805760 32768 0
32768 -2803712 32768 0
32768 -2801664 32768 0
32768 -2799616 32768 0
32768 -2797568 32768 0
32768 -2795520 32768 0
32768 -2793472 32768 0
32768 -2791424 32768 0
32768 -2789376 32768 0
32768 -2787328 32768 0
32768 -2785280 32768 0
32768 -2783232 32768 0
32768 -2781184 32768 0
32768 -2779136 32768 0
32768 -2777088 32768 0
32768 -2775040 32768 0
32768 -2772992 32768 0
32768 -2770944 32768 0
32768 -2768896 32768 0
32768 -2766848 32768 0
32768 -2764800 32768 0
32768 -2762752 32768 0
32768 -2760704 32768 0
32768 -2758656 32768 0
32768 -2756608 32768 0
32768 -2754560 32768 0
32768 -2752512 32768 0
32768 -2750464 32768 0
32768 -2748416 32768 0
32768 -2746368 32768 0
32768 -2744320 32768 0
32768 -2742272 32768 0
32768 -2740224 32768 0
32768 -2738176 32768 0
32768 -2736128 32768 0
32768 -2734080 32768 0
32768 -2732032 32768 0
32768 -2729984 32768 0
32768 -2727936 32768 0
32768 -2725888 32768 0
32768 -2723840 32768 0
32768 -2721792 32768 0
32768 -2719744 32768 0
32768 -2717696 32768 0
32768 -2715648 32768 0
32768 -2713600 32768 0
32768 -2711552 32768 0
32768 -2709504 32768 0
32768 -2707456 32768 0
32768 -2705408 32768 0
32768 -2703360 32768 0
32768 -2701312 32768 0
32768 -2699264 32768 0
32768 -2697216 32768 0
32768 -2695168 32768 0
32768 -2693120 32768 0
32768 -2691072 32768 0
32768 -2689024 32768 0
32768 -2686976 32768 0
32768 -2684928 32768 0
32768 -2682880 32768 0
32768 -2680832 32768 0
32768 -2678784 32768 0
32768 -2676736 32768 0
32768 -2674688 32768 0
32768 -2672640 32768 0
32768 -2670592 32768 0
32768 -2668544 32768 0
32768 -2666496 32768 0
32768 -2664448 32768 0
32768 -2662400 32768 0
32768 -2660352 32768 0
32768 -2658304 32768 0
32768 -2656256 32768 0
32768 -2654208 32768 0
32768 -2652160 32768 0
32768 -2650112 32768 0
32768 -2648064 32768 0
32768 -2646016 32768 0
32768 -2643968 32768 0
32768 -2641920 32768 0
32768 -2639872 32768 0
32768 -2637824 32768 0
32768 -2635776 32768 0
32768 -2633728 32768 0
32768 -2631680 32768 0
32768 -2629632 32768 0
32768 -2627584 32768 0
32768 -2625536 32768 0
32768 -2623488 32768 0
32768 -2621440 32768 0
32768 -2619392 32768 0
32768 -2617344 32768 0
32768 -2615296 32768 0
32768 -2613248 32768 0
32768 -2611200 32768 0
32768 -2609152 32768 0
32768 -2607104 32768 0
32768 -2605056 32768 0
32768 -2603008 32768 0
32768 -2600960 32768 0
32768 -2598912 32768 0
32768 -2596864 32768 0
32768 -2594816 32768 0
32768 -2592768 32768 0
32768 -2590720 32768 0
32768 -2588672 32768 0
32768 -2586624 32768 0
32768 -2584576 32768 0
32768 -2582528 32768 0
32768 -2580480 32768 0
32768 -2578432 32768 0
32768 -2576384 32768 0
32768 -2574336 32768 0
32768 -2572288 32768 0
32768 -2570240 32768 0
32768 -2568192 32768 0
32768 -2566144 32768 0
32768 -2564096 32768 0
32768 -2562048 32768 0
32768 -2560000 32768 0
32768 -2557952 32768 0
32768 -2555904 32768 0
32768 -2553856 32768 0
32768 -2551808 32768 0
32768 -2549760 32768 0
32768 -2547712 32768 0
32768 -2545664 32768 0
32768 -2543616 32768 0
32768 -2541568 32768 0
32768 -2539520 32768 0
32768 -2537472 32768 0
32768 -2535424 32768 0
32768 -2533376 32768 0
32768 -2531328 32768 0
32768 -2529280 32768 0
32768 -2527232 32768 0
32768 -2525184 32768 0
32768 -2523136 32768 0
32768 -2521088 32768 0
32768 -2519040 32768 0
32768 -2516992 32768 0
32768 -2514944 32768 0
32768 -2512896 32768 0
32768 -2510848 32768 0
32768 -2508800 32768 0
32768 -2506752 32768 0
32768 -2504704 32768 0
32768 -2502656 32768 0
32768 -2500608 32768 0
32768 -2498560 32768 0
32768 -2496512 32768 0
32768 -2494464 32768 0
32768 -2492416 32768 0
32768 -2490368 32768 0
32768 -2488320 32768 0
32768 -2486272 32768 0
32768 -2484224 32768 0
32768 -2482176 32768 0
32768 -2480128 32768 0
32768 -2478080 32768 0
32768 -2476032 32768 0
32768 -2473984 32768 0
32768 -2471936 32768 0
32768 -2469888 32768 0
32768 -2467840 32768 0
32768 -2465792 32768 0
32768 -2463744 32768 0
32768 -2461696 32768 0
32768 -2459648 32768 0
32768 -2457600 32768 0
32768 -2455552 32768 0
32768 -2453504 32768 0
32768 -2451456 32768 0
32768 -2449408 32768 0
32768 -2447360 32768 0
32768 -2445312 32768 0
32768 -2443264 32768 0
32768 -2441216 32768 0
32768 -2439168 32768 0
32768 -2437120 32768 0
32768 -2435072 32768 0
32768 -2433024 32768 0
32768 -2430976 32768 0
32768 -2428928 32768 0
32768 -2426880 32768 0
32768 -2424832 32768 0
32768 -2422784 32768 0
32768 -2420736 32768 0
32768 -2418688 32768 0
32768 -2416640 32768 0
32768 -2414592 32768 0
32768 -2412544 32768 0
32768 -2410496 32768 0
32768 -2408448 32768 0
32768 -2406400 32768 0
32768 -2404352 32768 0
32768 -2402304 32768 0
32768 -2400256 32768 0
32768 -2398208 32768 0
32768 -2396160 32768 0
32768 -2394112 32768 0
32768 -2392064 32768 0
32768 -2390016 32768 0
32768 -2387968 32768 0
32768 -2385920 32768 0
32768 -2383872 32768 0
32768 -2381824 32768 0
32768 -2379776 32768 0
32768 -2377728 32768 0
32768 -2375680 32768 0
32768 -2373632 32768 0
32768 -2371584 32768 0
32768 -2369536 32768 0
32768 -2367488 32768 0
32768 -2365440 32768 0
32768 -2363392 32768 0
32768 -2361344 32768 0
32768 -2359296 32768 0
32768 -2357248 32768 0
32768 -2355200 32768 0
32768 -2353152 32768 0
32768 -2351104 32768 0
32768 -2349056 32768 0
32768 -2347008 32768 0
32768 -2344960 32768 0
32768 -2342912 32768 0
32768 -2340864 32768 0
32768 -2338816 32768 0
32768 -2336768 32768 0
32768 -2334720 32768 0
32768 -2332672 32768 0
32768 -2330624 32768 0
32768 -2328576 32768 0
32768 -2326528 32768 0
32768 -2324480 32768 0
32768 -2322432 32768 0
32768 -2320384 32768 0
32768 -2318336 32768 0
32768 -2316288 32768 0
32768 -2314240 32768 0
32768 -2312192 32768 0
32768 -2310144 32768 0
32768 -2308096 32768 0
32768 -2306048 32768 0
32768 -2304000 32768 0
32768 -2301952 32768 0
32768 -2299904 32768 0
32768 -2297856 32768 0
32768 -2295808 32768 0
32768 -2293760 32768 0
32768 -2291712 32768 0
32768 -2289664 32768 0
32768 -2287616 32768 0
32768 -2285568 32768 0
32768 -2283520 32768 0
32768 -2281472 32768 0
32768 -2279424 32768 0
32768 -2277376 32768 0
32768 -2275328 32768 0
32768 -2273280 32768 0
32768 -2271232 32768 0
32768 -2269184 32768 0
32768 -2267136 32768 0
32768 -2265088 32768 0
32768 -2263040 32768 0
32768 -2260992 32768 0
32768 -2258944 32768 0
32768 -2256896 32768 0
32768 -2254848 32768 0
32768 -2252800 32768 0
32768 -2250752 32768 0
32768 -2248704 32768 0
32768 -2246656 32768 0
32768 -2244608 32768 0
32768 -2242560 32768 0
32768 -2240512 32768 0
32768 -2238464 32768 0
32768 -2236416 32768 0
32768 -2234368 32768 0
32768 -2232320 32768 0
32768 -2230272 32768 0
32768 -2228224 32768 0
32768 -2226176 32768 0
32768 -2224128 32768 0
32768 -2222080 32768 0
32768 -2220032 32768 0
32768 -2217984 32768 0
32768 -2215936 32768 0
32768 -2213888 32768 0
32768 -2211840 32768 0
32768 -2209792 32768 0
32768 -2207744 32768 0
32768 -2205696 32768 0
32768 -2203648 32768 0
32768 -2201600 32768 0
32768 -2199552 32768 0
32768 -2197504 32768 0
32768 -2195456 32768 0
32768 -2193408 32768 0
32768 -2191360 32768 0
32768 -2189312 32768 0
32768 -2187264 32768 0
32768 -2185216 32768 0
32768 -2183168 32768 0
32768 -2181120 32768 0
32768 -2179072 32768 0
32768 -2177024 32768 0
32768 -2174976 32768 0
32768 -2172928 32768 0
32768 -2170880 32768 0
32768 -2168832 32768 0
32768 -2166784 32768 0
32768 -2164736 32768 0
32768 -2162688 32768 0
32768 -2160640 32768 0
32768 -2158592 32768 0
32768 -2156544 32768 0
32768 -2154496 32768 0
32768 -2152448 32768 0
32768 -2150400 32768 0
32768 -2148352 32768 0
32768 -2146304 32768 0
32768 -2144256 32768 0
32768 -2142208 32768 0
32768 -2140160 32768 0
32768 -2138112 32768 0
32768 -2136064 32768 0
32768 -2134016 32768 0
32768 -2131968 32768 0
32768 -2129920 32768 0
32768 -2127872 32768 0
32768 -2125824 32768 0
32768 -2123776 32768 0
32768 -2121728 32768 0
32768 -2119680 32768 0
32768 -2117632 32768 0
32768 -2115584 32768 0
32768 -2113536 32768 0
32768 -2111488 32768 0
32768 -2109440 32768 0
32768 -2107392 32768 0
32768 -2105344 32768 0
32768 -2103296 32768 0
32768 -2101248 32768 0
32768 -2099200 32768 0
32768 -2097152 32768 0
32768 -2095104 32768 0
32768 -2093056 32768 0
32768 -2091008 32768 0
32768 -2088960 32768 0
32768 -2086912 32768 0
32768 -2084864 32768 0
32768 -2082816 32768 0
32768 -2080768 32768 0
32768 -2078720 32768 0
32768 -2076672 32768 0
32768 -2074624 32768 0
32768 -2072576 32768 0
32768 -2070528 32768 0
32768 -2068480 32768 0
32768 -2066432 32768 0
32768 -2064384 32768 0
32768 -2062336 32768 0
32768 -2060288 32768 0
32768 -2058240 32768 0
32768 -2056192 32768 0
32768 -2054144 32768 0
32768 -2052096 32768 0
32768 -2050048 32768 0
32768 -2048000 32768 0
32768 -2045952 32768 0
32768 -2043904 32768 0
32768 -2041856 32768 0
32768 -2039808 32768 0
32768 -2037760 32768 0
32768 -2035712 32768 0
32768 -2033664 32768 0
32768 -2031616 32768 0
32768 -2029568 32768 0
32768 -2027520 32768 0
32768 -2025472 32768 0
32768 -2023424 32768 0
32768 -2021376 32768 0
32768 -2019328 32768 0
32768 -2017280 32768 0
32768 -2015232 32768 0
32768 -2013184 32768 0
32768 -2011136 32768 0
32768 -2009088 32768 0
32768 -2007040 32768 0
32768 -2004992 32768 0
32768 -2002944 32768 0
32768 -2000896 32768 0
32768 -1998848 32768 0
32768 -1996800 32768 0
32768 -1994752 32768 0
32768 -1992704 32768 0
32768 -1990656 32768 0
32768 -1988608 32768 0
32768 -1986560 32768 0
32768 -1984512 32768 0
32768 -1982464 32768 0
32768 -1980416 32768 0
32768 -1978368 32768 0
32768 -1976320 32768 0
32768 -1974272 32768 0
32768 -1972224 32768 0
32768 -1970176 32768 0
32768 -1968128 32768 0
32768 -1966080 32768 0
32768 -1964032 32768 0
32768 -1961984 32768 0
32768 -1959936 32768 0
32768 -1957888 32768 0
32768 -1955840 32768 0
32768 -1953792 32768 0
32768 -1951744 32768 0
32768 -1949696 32768 0
32768 -1947648 32768 0
32768 -1945600 32768 0
32768 -1943552 32768 0
32768 -1941504 32768 0
32768 -1939456 32768 0
32768 -1937408 32768 0
32768 -1935360 32768 0
32768 -1933312 32768 0
32768 -1931264 32768 0
32768 -1929216 32768 0
32768 -1927168 32768 0
32768 -1925120 32768 0
32768 -1923072 32768 0
32768 -1921024 32768 0
32768 -1918976 32768 0
32768 -1916928 32768 0
32768 -1914880 32768 0
32768 -1912832 32768 0
32768 -1910784 32768 0
32768 -1908736 32768 0
32768 -1906688 32768 0
32768 -1904640 32768 0
32768 -1902592 32768 0
32768 -1900544 32768 0
32768 -1898496 32768 0
32768 -1896448 32768 0
32768 -1894400 32768 0
32768 -1892352 32768 0
32768 -1890304 32768 0
32768 -1888256 32768 0
32768 -1886208 32768 0
32768 -1884160 32768 0
32768 -1882112 32768 0
32768 -1880064 32768 0
32768 -1878016 32768 0
32768 -1875968 32768 0
32768 -1873920 32768 0
32768 -1871872 32768 0
32768 -1869824 32768 0
32768 -1867776 32768 0
32768 -1865728 32768 0
32768 -1863680 32768 0
32768 -1861632 32768 0
32768 -1859584 32768 0
32768 -1857536 32768 0
32768 -1855488 32768 0
32768 -1853440 32768 0
32768 -1851392 32768 0
32768 -1849344 32768 0
32768 -1847296 32768 0
32768 -1845248 32768 0
32768 -1843200 32768 0
32768 -1841152 32768 0
32768 -1839104 32768 0
32768 -1837056 32768 0
32768 -1835008 32768 0
32768 -1832960 32768 0
32768 -1830912 32768 0
32768 -1828864 32768 0
32768 -1826816 32768 0
32768 -1824768 32768 0
32768 -1822720 32768 0
32768 -1820672 32768 0
32768 -1818624 32768 0
32768 -1816576 32768 0
32768 -1814528 32768 0
32768 -1812480 32768 0
32768 -1810432 32768 0
32768 -1808384 32768 0
32768 -1806336 32768 0
32768 -1804288 32768 0
32768 -1802240 32768 0
32768 -1800192 32768 0
32768 -1798144 32768 0
32768 -1796096 32768 0
32768 -1794048 32768 0
32768 -1792000 32768 0
32768 -1789952 32768 0
32768 -1787904 32768 0
32768 -1785856 32768 0
32768 -1783808 32768 0
32768 -1781760 32768 0
32768 -1779712 32768 0
32768 -1777664 32768 0
32768 -1775616 32768 0
32768 -1773568 32768 0
32768 -1771520 32768 0
32768 -1769472 32768 0
32768 -1767424 32768 0
32768 -1765376 32768 0
32768 -1763328 32768 0
32768 -1761280 32768 0
32768 -1759232 32768 0
32768 -1757184 32768 0
32768 -1755136 32768 0
32768 -1753088 32768 0
32768 -1751040 32768 0
32768 -1748992 32768 0
32768 -1746944 32768 0
32768 -1744896 32768 0
32768 -1742848 32768 0
32768 -1740800 32768 0
32768 -1738752 32768 0
32768 -1736704 32768 0
32768 -1734656 32768 0
32768 -1732608 32768 0
32768 -1730560 32768 0
32768 -1728512 32768 0
32768 -1726464 32768 0
32768 -1724416 32768 0
32768 -1722368 32768 0
32768 -1720320 32768 0
32768 -1718272 32768 0
32768 -1716224 32768 0
32768 -1714176 32768 0
32768 -1712128 32768 0
32768 -1710080 32768 0
32768 -1708032 32768 0
32768 -1705984 32768 0
32768 -1703936 32768 0
32768 -1701888 32768 0
32768 -1699840 32768 0
32768 -1697792 32768 0
32768 -1695744 32768 0
32768 -1693696 32768 0
32768 -1691648 32768 0
32768 -1689600 32768 0
32768 -1687552 32768 0
32768 -1685504 32768 0
32768 -1683456 32768 0
32768 -1681408 32768 0
32768 -1679360 32768 0
32768 -1677312 32768 0
32768 -1675264 32768 0
32768 -1673216 32768 0
32768 -1671168 32768 0
32768 -1669120 32768 0
32768 -1667072 32768 0
32768 -1665024 32768 0
32768 -1662976 32768 0
32768 -1660928 32768 0
32768 -1658880 32768 0
32768 -1656832 32768 0
32768 -1654784 32768 0
32768 -1652736 32768 0
32768 -1650688 32768 0
32768 -1648640 32768 0
32768 -1646592 32768 0
32768 -1644544 32768 0
32768 -1642496 32768 0
32768 -1640448 32768 0
32768 -1638400 32768 0
32768 -1636352 32768 0
32768 -1634304 32768 0
32768 -1632256 32768 0
32768 -1630208 32768 0
32768 -1628160 32768 0
32768 -1626112 32768 0
32768 -1624064 32768 0
32768 -1622016 32768 0
32768 -1619968 32768 0
32768 -1617920 32768 0
32768 -1615872 32768 0
32768 -1613824 32768 0
32768 -1611776 32768 0
32768 -1609728 32768 0
32768 -1607680 32768 0
32768 -1605632 32768 0
32768 -1603584 32768 0
32768 -1601536 32768 0
32768 -1599488 32768 0
32768 -1597440 32768 0
32768 -1595392 32768 0
32768 -1593344 32768 0
32768 -1591296 32768 0
32768 -1589248 32768 0
32768 -1587200 32768 0
32768 -1585152 32768 0
32768 -1583104 32768 0
32768 -1581056 32768 0
32768 -1579008 32768 0
32768 -1576960 32768 0
32768 -1574912 32768 0
32768 -1572864 32768 0
32768 -1570816 32768 0
32768 -1568768 32768 0
32768 -1566720 32768 0
32768 -1564672 32768 0
32768 -1562624 32768 0
32768 -1560576 32768 0
32768 -1558528 32768 0
32768 -1556480 32768 0
32768 -1554432 32768 0
32768 -1552384 32768 0
32768 -1550336 32768 0
32768 -1548288 32768 0
32768 -1546240 32768 0
32768 -1544192 32768 0
32768 -1542144 32768 0
32768 -1540096 32768 0
32768 -1538048 32768 0
32768 -1536000 32768 0
32768 -1533952 32768 0
32768 -1531904 32768 0
32768 -1529856 32768 0
32768 -1527808 32768 0
32768 -1525760 32768 0
32768 -1523712 32768 0
32768 -1521664 32768 0
32768 -1519616 32768 0
32768 -1517568 32768 0
32768 -1515520 32768 0
32768 -1513472 32768 0
32768 -1511424 32768 0
32768 -1509376 32768 0
32768 -1507328 32768 0
32768 -1505280 32768 0
32768 -1503232 32768 0
32768 -1501184 32768 0
32768 -1499136 32768 0
32768 -1497088 32768 0
32768 -1495040 32768 0
32768 -1492992 32768 0
32768 -1490944 32768 0
32768 -1488896 32768 0
32768 -1486848 32768 0
32768 -1484800 32768 0
32768 -1482752 32768 0
32768 -1480704 32768 0
32768 -1478656 32768 0
32768 -1476608 32768 0
32768 -1474560 32768 0
32768 -1472512 32768 0
32768 -1470464 32768 0
32768 -1468416 32768 0
32768 -1466368 32768 0
32768 -1464320 32768 0
32768 -1462272 32768 0
32768 -1460224 32768 0
32768 -1458176 32768 0
32768 -1456128 32768 0
32768 -1454080 32768 0
32768 -1452032 32768 0
32768 -1449984 32768 0
32768 -1447936 32768 0
32768 -1445888 32768 0
32768 -1443840 32768 0
32768 -1441792 32768 0
32768 -1439744 32768 0
32768 -1437696 32768 0
32768 -1435648 32768 0
32768 -1433600 32768 0
32768 -1431552 32768 0
32768 -1429504 32768 0
32768 -1427456 32768 0
32768 -1425408 32768 0
32768 -1423360 32768 0
32768 -1421312 32768 0
32768 -1419264 32768 0
32768 -1417216 32768 0
32768 -1415168 32768 0
32768 -1413120 32768 0
32768 -1411072 32768 0
32768 -1409024 32768 0
32768 -1406976 32768 0
32768 -1404928 32768 0
32768 -1402880 32768 0
32768 -1400832 32768 0
32768 -1398784 32768 0
32768 -1396736 32768 0
32768 -1394688 32768 0
32768 -1392640 32768 0
32768 -1390592 32768 0
32768 -1388544 32768 0
32768 -1386496 32768 0
32768 -1384448 32768 0
32768 -1382400 32768 0
32768 -1380352 32768 0
32768 -1378304 32768 0
32768 -1376256 32768 0
32768 -1374208 32768 0
32768 -1372160 32768 0
32768 -1370112 32768 0
32768 -1368064 32768 0
32768 -1366016 32768 0
32768 -1363968 32768 0
32768 -1361920 32768 0
32768 -1359872 32768 0
32768 -1357824 32768 0
32768 -1355776 32768 0
32768 -1353728 32768 0
32768 -1351680 32768 0
32768 -1349632 32768 0
32768 -1347584 32768 0
32768 -1345536 32768 0
32768 -1343488 32768 0
32768 -1341440 32768 0
32768 -1339392 32768 0
32768 -1337344 32768 0
32768 -1335296 32768 0
32768 -1333248 32768 0
32768 -1331200 32768 0
32768 -1329152 32768 0
32768 -1327104 32768 0
32768 -1325056 32768 0
32768 -1323008 32768 0
32768 -1320960 32768 0
32768 -1318912 32768 0
32768 -1316864 32768 0
32768 -1314816 32768 0
32768 -1312768 32768 0
32768 -1310720 32768 0
32768 -1308672 32768 0
32768 -1306624 32768 0
32768 -1304576 32768 0
32768 -1302528 32768 0
32768 -1300480 32768 0
32768 -1298432 32768 0
32768 -1296384 32768 0
32768 -1294336 32768 0
32768 -1292288 32768 0
32768 -1290240 32768 0
32768 -1288192 32768 0
32768 -1286144 32768 0
32768 -1284096 32768 0
32768 -1282048 32768 0
32768 -1280000 32768 0
32768 -1277952 32768 0
32768 -1275904 32768 0
32768 -1273856 32768 0
32768 -1271808 32768 0
32768 -1269760 32768 0
32768 -1267712 32768 0
32768 -1265664 32768 0
32768 -1263616 32768 0
32768 -1261568 32768 0
32768 -1259520 32768 0
32768 -1257472 32768 0
32768 -1255424 32768 0
32768 -1253376 32768 0
32768 -1251328 32768 0
32768 -1249280 32768 0
32768 -1247232 32768 0
32768 -1245184 32768 0
32768 -1243136 32768 0
32768 -1241088 32768 0
32768 -1239040 32768 0
32768 -1236992 32768 0
32768 -1234944 32768 0
32768 -1232896 32768 0
32768 -1230848 32768 0
32768 -1228800 32768 0
32768 -1226752 32768 0
32768 -1224704 32768 0
32768 -1222656 32768 0
32768 -1220608 32768 0
32768 -1218560 32768 0
32768 -1216512 32768 0
32768 -1214464 32768 0
32768 -1212416 32768 0
32768 -1210368 32768 0
32768 -1208320 32768 0
32768 -1206272 32768 0
32768 -1204224 32768 0
32768 -1202176 32768 0
32768 -1200128 32768 0
32768 -1198080 32768 0
32768 -1196032 32768 0
32768 -1193984 32768 0
32768 -1191936 32768 0
32768 -1189888 32768 0
32768 -1187840 32768 0
32768 -1185792 32768 0
32768 -1183744 32768 0
32768 -1181696 32768 0
32768 -1179648 32768 0
32768 -1177600 32768 0
32768 -1175552 32768 0
32768 -1173504 32768 0
32768 -1171456 32768 0
32768 -1169408 32768 0
32768 -1167360 32768 0
32768 -1165312 32768 0
32768 -1163264 32768 0
32768 -1161216 32768 0
32768 -1159168 32768 0
32768 -1157120 32768 0
32768 -1155072 32768 0
32768 -1153024 32768 0
32768 -1150976 32768 0
32768 -1148928 32768 0
32768 -1146880 32768 0
32768 -1144832 32768 0
32768 -1142784 32768 0
32768 -1140736 32768 0
32768 -1138688 32768 0
32768 -1136640 32768 0
32768 -1134592 32768 0
32768 -1132544 32768 0
32768 -1130496 32768 0
32768 -1128448 32768 0
32768 -1126400 32768 0
32768 -1124352 32768 0
32768 -1122304 32768 0
32768 -1120256 32768 0
32768 -1118208 32768 0
32768 -1116160 32768 0
32768 -1114112 32768 0
32768 -1112064 32768 0
32768 -1110016 32768 0
32768 -1107968 32768 0
32768 -1105920 32768 0
32768 -1103872 32768 0
32768 -1101824 32768 0
32768 -1099776 32768 0
32768 -1097728 32768 0
32768 -1095680 32768 0
32768 -1093632 32768 0
32768 -1091584 32768 0
32768 -1089536 32768 0
32768 -1087488 32768 0
32768 -1085440 32768 0
32768 -1083392 32768 0
32768 -1081344 32768 0
32768 -1079296 32768 0
32768 -1077248 32768 0
32768 -1075200 32768 0
32768 -1073152 32768 0
32768 -1071104 32768 0
32768 -1069056 32768 0
32768 -1067008 32768 0
32768 -1064960 32768 0
32768 -1062912 32768 0
32768 -1060864 32768 0
32768 -1058816 32768 0
32768 -1056768 32768 0
32768 -1054720 32768 0
32768 -1052672 32768 0
32768 -1050624 32768 0
32768 -1048576 32768 0
32768 -1046528 32768 0
32768 -1044480 32768 0
32768 -1042432 32768 0
32768 -1040384 32768 0
32768 -1038336 32768 0
32768 -1036288 32768 0
32768 -1034240 32768 0
32768 -1032192 32768 0
32768 -1030144 32768 0
32768 -1028096 32768 0
32768 -1026048 32768 0
32768 -1024000 32768 0
32768 -1021952 32768 0
32768 -1019904 32768 0
32768 -1017856 32768 0
32768 -1015808 32768 0
32768 -1013760 32768 0
32768 -1011712 32768 0
32768 -1009664 32768 0
32768 -1007616 32768 0
32768 -1005568 32768 0
32768 -1003520 32768 0
32768 -1001472 32768 0
32768 -999424 32768 0
32768 -997376 32768 0
32768 -995328 32768 0
32768 -993280 32768 0
32768 -991232 32768 0
32768 -989184 32768 0
32768 -987136 32768 0
32768 -985088 32768 0
32768 -983040 32768 0
32768 -980992 32768 0
32768 -978944 32768 0
32768 -976896 32768 0
32768 -974848 32768 0
32768 -972800 32768 0
32768 -970752 32768 0
32768 -968704 32768 0
32768 -966656 32768 0
32768 -964608 32768 0
32768 -962560 32768 0
32768 -960512 32768 0
32768 -958464 32768 0
32768 -956416 32768 0
32768 -954368 32768 0
32768 -952320 32768 0
32768 -950272 32768 0
32768 -948224 32768 0
32768 -946176 32768 0
32768 -944128 32768 0
32768 -942080 32768 0
32768 -940032 32768 0
32768 -937984 32768 0
32768 -935936 32768 0
32768 -933888 32768 0
32768 -931840 32768 0
32768 -929792 32768 0
32768 -927744 32768 0
32768 -925696 32768 0
32768 -923648 32768 0
32768 -921600 32768 0
32768 -919552 32768 0
32768 -917504 32768 0
32768 -915456 32768 0
32768 -913408 32768 0
32768 -911360 32768 0
32768 -909312 32768 0
32768 -907264 32768 0
32768 -905216 32768 0
32768 -903168 32768 0
32768 -901120 32768 0
32768 -899072 32768 0
32768 -897024 32768 0
32768 -894976 32768 0
32768 -892928 32768 0
32768 -890880 32768 0
32768 -888832 32768 0
32768 -886784 32768 0
32768 -884736 32768 0
32768 -882688 32768 0
32768 -880640 32768 0
32768 -878592 32768 0
32768 -876544 32768 0
32768 -874496 32768 0
32768 -872448 32768 0
32768 -870400 32768 0
32768 -868352 32768 0
32768 -866304 32768 0
32768 -864256 32768 0
32768 -862208 32768 0
32768 -860160 32768 0
32768 -858112 32768 0
32768 -856064 32768 0
32768 -854016 32768 0
32768 -851968 32768 0
32768 -849920 32768 0
32768 -847872 32768 0
32768 -845824 32768 0
32768 -843776 32768 0
32768 -841728 32768 0
32768 -839680 32768 0
32768 -837632 32768 0
32768 -835584 32768 0
32768 -833536 32768 0
32768 -831488 32768 0
32768 -829440 32768 0
32768 -827392 32768 0
32768 -825344 32768 0
32768 -823296 32768 0
32768 -821248 32768 0
32768 -819200 32768 0
32768 -817152 32768 0
32768 -815104 32768 0
32768 -813056 32768 0
32768 -811008 32768 0
32768 -808960 32768 0
32768 -806912 32768 0
32768 -804864 32768 0
32768 -802816 32768 0
32768 -800768 32768 0
32768 -798720 32768 0
32768 -796672 32768 0
32768 -794624 32768 0
32768 -792576 32768 0
32768 -790528 32768 0
32768 -788480 32768 0
32768 -786432 32768 0
32768 -784384 32768 0
32768 -782336 32768 0
32768 -780288 32768 0
32768 -778240 32768 0
32768 -776192 32768 0
32768 -774144 32768 0
32768 -772096 32768 0
32768 -770048 32768 0
32768 -768000 32768 0
32768 -765952 32768 0
32768 -763904 32768 0
32768 -761856 32768 0
32768 -759808 32768 0
32768 -757760 32768 0
32768 -755712 32768 0
32768 -753664 32768 0
32768 -751616 32768 0
32768 -749568 32768 0
32768 -747520 32768 0
32768 -745472 32768 0
32768 -743424 32768 0
32768 -741376 32768 0
32768 -739328 32768 0
32768 -737280 32768 0
32768 -735232 32768 0
32768 -733184 32768 0
32768 -731136 32768 0
32768 -729088 32768 0
32768 -727040 32768 0
32768 -724992 32768 0
32768 -722944 32768 0
32768 -720896 32768 0
32768 -718848 32768 0
32768 -716800 32768 0
32768 -714752 32768 0
32768 -712704 32768 0
32768 -710656 32768 0
32768 -708608 32768 0
32768 -706560 32768 0
32768 -704512 32768 0
32768 -702464 32768 0
32768 -700416 32768 0
32768 -698368 32768 0
32768 -696320 32768 0
32768 -694272 32768 0
32768 -692224 32768 0
32768 -690176 32768 0
32768 -688128 32768 0
32768 -686080 32768 0
32768 -684032 32768 0
32768 -681984 32768 0
32768 -679936 32768 0
32768 -677888 32768 0
32768 -675840 32768 0
32768 -673792 32768 0
32768 -671744 32768 0
32768 -669696 32768 0
32768 -667648 32768 0
32768 -665600 32768 0
32768 -663552 32768 0
32768 -661504 32768 0
32768 -659456 32768 0
32768 -657408 32768 0
32768 -655360 32768 0
32768 -653312 32768 0
32768 -651264 32768 0
32768 -649216 32768 0
32768 -647168 32768 0
32768 -645120 32768 0
32768 -643072 32768 0
32768 -641024 32768 0
32768 -638976 32768 0
32768 -636928 32768 0
32768 -634880 32768 0
32768 -632832 32768 0
32768 -630784 32768 0
32768 -628736 32768 0
32768 -626688 32768 0
32768 -624640 32768 0
32768 -622592 32768 0
32768 -620544 32768 0
32768 -618496 32768 0
32768 -616448 32768 0
32768 -614400 32768 0
32768 -612352 32768 0
32768 -610304 32768 0
32768 -608256 32768 0
32768 -606208 32768 0
32768 -604160 32768 0
32768 -602112 32768 0
32768 -600064 32768 0
32768 -598016 32768 0
32768 -595968 32768 0
32768 -593920 32768 0
32768 -591872 32768 0
32768 -589824 32768 0
32768 -587776 32768 0
32768 -585728 32768 0
32768 -583680 32768 0
32768 -581632 32768 0
32768 -579584 32768 0
32768 -577536 32768 0
32768 -575488 32768 0
32768 -573440 32768 0
32768 -571392 32768 0
32768 -569344 32768 0
32768 -567296 32768 0
32768 -565248 32768 0
32768 -563200 32768 0
32768 -561152 32768 0
32768 -559104 32768 0
32768 -557056 32768 0
32768 -555008 32768 0
32768 -552960 32768 0
32768 -550912 32768 0
32768 -548864 32768 0
32768 -546816 32768 0
32768 -544768 32768 0
32768 -542720 32768 0
32768 -540672 32768 0
32768 -538624 32768 0
32768 -536576 32768 0
32768 -534528 32768 0
32768 -532480 32768 0
32768 -530432 32768 0
32768 -528384 32768 0
32768 -526336 32768 0
32768 -524288 32768 0
32768 -522240 32768 0
32768 -520192 32768 0
32768 -518144 32768 0
32768 -516096 32768 0
32768 -514048 32768 0
32768 -512000 32768 0
32768 -509952 32768 0
32768 -507904 32768 0
32768 -505856 32768 0
32768 -503808 32768 0
32768 -501760 32768 0
32768 -499712 32768 0
32768 -497664 32768 0
32768 -495616 32768 0
32768 -493568 32768 0
32768 -491520 32768 0
32768 -489472 32768 0
32768 -487424 32768 0
32768 -485376 32768 0
32768 -483328 32768 0
32768 -481280 32768 0
32768 -479232 32768 0
32768 -477184 32768 0
32768 -475136 32768 0
32768 -473088 32768 0
32768 -471040 32768 0
32768 -468992 32768 0
32768 -466944 32768 0
32768 -464896 32768 0
32768 -462848 32768 0
32768 -460800 32768 0
32768 -458752 32768 0
32768 -456704 32768 0
32768 -454656 32768 0
32768 -452608 32768 0
32768 -450560 32768 0
32768 -448512 32768 0
32768 -446464 32768 0
32768 -444416 32768 0
32768 -442368 32768 0
32768 -440320 32768 0
32768 -438272 32768 0
32768 -436224 32768 0
32768 -434176 32768 0
32768 -432128 32768 0
32768 -430080 32768 0
32768 -428032 32768 0
32768 -425984 32768 0
32768 -423936 32768 0
32768 -421888 32768 0
32768 -419840 32768 0
32768 -417792 32768 0
32768 -415744 32768 0
32768 -413696 32768 0
32768 -411648 32768 0
32768 -409600 32768 0
32768 -407552 32768 0
32768 -405504 32768 0
32768 -403456 32768 0
32768 -401408 32768 0
32768 -399360 32768 0
32768 -397312 32768 0
32768 -395264 32768 0
32768 -393216 32768 0
32768 -391168 32768 0
32768 -389120 32768 0
32768 -387072 32768 0
32768 -385024 32768 0
32768 -382976 32768 0
32768 -380928 32768 0
32768 -378880 32768 0
32768 -376832 32768 0
32768 -374784 32768 0
32768 -372736 32768 0
32768 -370688 32768 0
32768 -368640 32768 0
32768 -366592 32768 0
32768 -364544 32768 0
32768 -362496 32768 0
32768 -360448 32768 0
32768 -358400 32768 0
32768 -356352 32768 0
32768 -354304 32768 0
32768 -352256 32768 0
32768 -350208 32768 0
32768 -348160 32768 0
32768 -346112 32768 0
32768 -344064 32768 0
32768 -342016 32768 0
32768 -339968 32768 0
32768 -337920 32768 0
32768 -335872 32768 0
32768 -333824 32768 0
32768 -331776 32768 0
32768 -329728 32768 0
32768 -327680 32768 0
32768 -325632 32768 0
32768 -323584 32768 0
32768 -321536 32768 0
32768 -319488 32768 0
32768 -317440 32768 0
32768 -315392 32768 0
32768 -313344 32768 0
32768 -311296 32768 0
32768 -309248 32768 0
32768 -307200 32768 0
32768 -305152 32768 0
32768 -303104 32768 0
32768 -301056 32768 0
32768 -299008 32768 0
32768 -296960 32768 0
32768 -294912 32768 0
32768 -292864 32768 0
32768 -290816 32768 0
32768 -288768 32768 0
32768 -286720 32768 0
32768 -284672 32768 0
32768 -282624 32768 0
32768 -280576 32768 0
32768 -278528 32768 0
32768 -276480 32768 0
32768 -274432 32768 0
32768 -272384 32768 0
32768 -270336 32768 0
32768 -268288 32768 0
32768 -266240 32768 0
32768 -264192 32768 0
32768 -262144 32768 0
32768 -260096 32768 0
32768 -258048 32768 0
32768 -256000 32768 0
32768 -253952 32768 0
32768 -251904 32768 0
32768 -249856 32768 0
32768 -247808 32768 0
32768 -245760 32768 0
32768 -243712 32768 0
32768 -241664 32768 0
32768 -239616 32768 0
32768 -237568 32768 0
32768 -235520 32768 0
32768 -233472 32768 0
32768 -231424 32768 0
32768 -229376 32768 0
32768 -227328 32768 0
32768 -225280 32768 0
32768 -223232 32768 0
32768 -221184 32768 0
32768 -219136 32768 0
32768 -217088 32768 0
32768 -215040 32768 0
32768 -212992 32768 0
32768 -210944 32768 0
32768 -208896 32768 0
32768 -206848 32768 0
32768 -204800 32768 0
32768 -202752 32768 0
32768 -200704 32768 0
32768 -198656 32768 0
32768 -196608 32768 0
32768 -194560 32768 0
32768 -192512 32768 0
32768 -190464 32768 0
32768 -188416 32768 0
32768 -186368 32768 0
32768 -184320 32768 0
32768 -182272 32768 0
32768 -180224 32768 0
32768 -178176 32768 0
32768 -176128 32768 0
32768 -174080 32768 0
32768 -172032 32768 0
32768 -169984 32768 0
32768 -167936 32768 0
32768 -165888 32768 0
32768 -163840 32768 0
32768 -161792 32768 0
32768 -159744 32768 0
32768 -157696 32768 0
32768 -155648 32768 0
32768 -153600 32768 0
32768 -151552 32768 0
32768 -149504 32768 0
32768 -147456 32768 0
32768 -145408 32768 0
32768 -143360 32768 0
32768 -141312 32768 0
32768 -139264 32768 0
32768 -137216 32768 0
32768 -135168 32768 0
32768 -133120 32768 0
32768 -131072 32768 0
32768 -129024 32768 0
32768 -126976 32768 0
32768 -124928 32768 0
32768 -122880 32768 0
32768 -120832 32768 0
32768 -118784 32768 0
32768 -116736 32768 0
32768 -114688 32768 0
32768 -112640 32768 0
32768 -110592 32768 0
32768 -108544 32768 0
32768 -106496 32768 0
32768 -104448 32768 0
32768 -102400 32768 0
32768 -100352 32768 0
32768 -98304 32768 0
32768 -96256 32768 0
32768 -94208 32768 0
32768 -92160 32768 0
32768 -90112 32768 0
32768 -88064 32768 0
32768 -86016 32768 0
32768 -83968 32768 0
32768 -81920 32768 0
32768 -79872 32768 0
32768 -77824 32768 0
32768 -75776 32768 0
32768 -73728 32768 0
32768 -71680 32768 0
32768 -69632 32768 0
32768 -67584 32768 0
32768 -65536 32768 0
32768 -63488 32768 0
32768 -61440 32768 0
32768 -59392 32768 0
32768 -57344 32768 0
32768 -55296 32768 0
32768 -53248 32768 0
32768 -51200 32768 0
32768 -49152 32768 0
32768 -47104 32768 0
32768 -45056 32768 0
32768 -43008 32768 0
32768 -40960 32768 0
32768 -38912 32768 0
32768 -36864 32768 0
32768 -34816 32768 0
32768 -32768 32768 0
32768 -30720 32768 0
32768 -28672 32768 0
32768 -26624 32768 0
32768 -24576 32768 0
32768 -22528 32768 0
32768 -20480 32768 0
32768 -18432 32768 0
32768 -16384 32768 0
32768 -14336 32768 0
32768 -12288 32768 0
32768 -10240 32768 0
32768 -8192 32768 0
32768 -6144 32768 0
32768 -4096 32768 0
